column_id	size	score	vertices
0	4	501	1 33 141 186
1	4	501	1 51 346 494
2	4	501	1 62 72 92
3	4	501	1 62 92 323
4	4	501	1 68 186 237
5	4	501	1 68 237 244
6	4	501	1 148 237 387
7	4	501	1 181 237 405
8	4	501	1 186 236 237
9	4	501	1 236 237 387
10	4	501	1 237 244 387
11	4	501	1 237 394 417
12	4	501	1 244 313 431
13	4	501	1 244 323 337
14	4	501	1 244 377 387
15	4	501	1 258 394 431
16	4	501	1 346 377 387
17	4	501	2 7 33 294
18	4	501	2 7 68 94
19	4	501	2 7 94 294
20	4	501	2 7 294 463
21	4	501	2 33 192 294
22	4	501	2 33 192 473
23	4	501	2 33 304 473
24	4	501	2 53 330 332
25	4	501	2 114 166 397
26	4	501	2 114 192 302
27	4	501	2 119 187 362
28	4	501	2 119 187 400
29	4	501	2 122 156 167
30	4	501	2 122 192 294
31	4	501	2 122 369 426
32	4	501	2 156 167 284
33	4	501	2 156 181 473
34	4	501	2 156 291 404
35	4	501	2 181 192 473
36	4	501	2 181 237 467
37	4	501	2 181 304 473
38	4	501	2 187 362 374
39	4	501	2 192 302 428
40	4	501	2 284 369 374
41	4	501	2 291 362 446
42	4	501	2 302 428 463
43	4	501	2 428 446 463
44	4	501	3 10 275 279
45	4	501	3 10 353 453
46	4	501	3 10 385 453
47	4	501	3 29 37 385
48	4	501	3 37 44 497
49	4	501	3 37 166 385
50	4	501	3 37 245 497
51	4	501	3 37 385 453
52	4	501	3 44 89 462
53	4	501	3 69 166 349
54	4	501	3 130 245 497
55	4	501	3 169 342 435
56	4	501	3 225 275 345
57	4	501	3 279 397 472
58	4	501	4 92 101 149
59	4	501	4 92 149 367
60	4	501	4 94 183 385
61	4	501	4 100 346 387
62	4	501	4 101 124 320
63	4	501	4 101 183 320
64	4	501	4 101 183 404
65	4	501	4 149 350 491
66	4	501	4 183 276 320
67	4	501	4 183 320 385
68	4	501	4 183 346 387
69	4	501	4 183 387 404
70	4	501	4 234 320 466
71	4	501	4 242 297 466
72	4	501	4 276 297 300
73	4	501	4 276 367 453
74	4	501	4 320 333 466
75	4	501	5 30 170 410
76	4	501	5 33 172 432
77	4	501	5 33 286 410
78	4	501	5 33 286 432
79	4	501	5 35 77 112
80	4	501	5 35 183 440
81	4	501	5 53 172 440
82	4	501	5 53 183 440
83	4	501	5 53 236 440
84	4	501	5 103 245 288
85	4	501	5 112 341 373
86	4	501	5 112 364 373
87	4	501	5 150 251 286
88	4	501	5 150 364 373
89	4	501	5 150 373 395
90	4	501	5 160 236 440
91	4	501	5 170 286 410
92	4	501	5 172 341 373
93	4	501	5 189 251 341
94	4	501	5 204 222 286
95	4	501	6 16 157 394
96	4	501	6 98 281 380
97	4	501	6 104 192 302
98	4	501	6 104 192 389
99	4	501	6 157 161 314
100	4	501	6 157 310 314
101	4	501	6 190 281 380
102	4	501	6 190 380 398
103	4	501	6 192 314 389
104	4	501	7 50 108 287
105	4	501	7 57 149 240
106	4	501	7 57 216 439
107	4	501	7 57 216 488
108	4	501	7 57 240 329
109	4	501	7 68 94 120
110	4	501	7 83 116 486
111	4	501	7 88 163 298
112	4	501	7 92 149 367
113	4	501	7 94 171 385
114	4	501	7 94 243 385
115	4	501	7 94 294 298
116	4	501	7 106 163 298
117	4	501	7 171 385 440
118	4	501	7 171 440 447
119	4	501	7 197 321 367
120	4	501	7 212 216 486
121	4	501	7 212 463 486
122	4	501	7 232 329 485
123	4	501	7 329 447 485
124	4	501	7 367 439 453
125	4	501	8 65 97 372
126	4	501	9 22 158 212
127	4	501	9 22 353 413
128	4	501	9 45 81 90
129	4	501	9 45 90 134
130	4	501	9 142 353 429
131	4	501	9 269 322 445
132	4	501	10 22 400 479
133	4	501	10 102 400 479
134	4	501	10 128 209 321
135	4	501	10 128 279 321
136	4	501	10 162 169 400
137	4	501	10 233 353 465
138	4	501	11 12 158 212
139	4	501	11 12 412 476
140	4	501	11 38 163 174
141	4	501	11 56 105 138
142	4	501	11 56 138 187
143	4	501	11 84 244 436
144	4	501	11 84 244 447
145	4	501	11 84 412 447
146	4	501	11 104 361 472
147	4	501	11 104 436 459
148	4	501	11 161 253 337
149	4	501	11 163 174 298
150	4	501	11 212 342 371
151	4	501	11 244 253 337
152	4	501	11 244 253 439
153	4	501	11 244 323 337
154	4	501	11 244 323 455
155	4	501	11 253 298 439
156	4	501	11 271 371 411
157	4	501	11 271 412 476
158	4	501	11 342 371 451
159	4	501	11 361 411 472
160	4	501	11 361 412 447
161	4	501	12 53 82 158
162	4	501	12 53 158 319
163	4	501	12 53 319 483
164	4	501	12 57 59 236
165	4	501	12 57 116 234
166	4	501	12 57 149 240
167	4	501	12 59 349 376
168	4	501	12 158 212 325
169	4	501	12 305 376 412
170	4	501	13 75 221 267
171	4	501	13 221 236 264
172	4	501	13 221 264 299
173	4	501	13 221 264 418
174	4	501	13 221 267 299
175	4	501	13 221 267 418
176	4	501	13 267 289 299
177	4	501	15 44 108 176
178	4	501	15 47 296 462
179	4	501	15 77 122 335
180	4	501	15 77 122 439
181	4	501	15 77 249 335
182	4	501	15 77 328 335
183	4	501	15 176 219 349
184	4	501	15 176 253 325
185	4	501	15 185 328 335
186	4	501	15 185 335 343
187	4	501	15 185 335 497
188	4	501	15 185 351 497
189	4	501	15 249 253 343
190	4	501	15 249 253 351
191	4	501	15 249 335 343
192	4	501	16 33 389 464
193	4	501	16 34 86 106
194	4	501	16 34 268 469
195	4	501	16 42 177 454
196	4	501	16 42 316 495
197	4	501	16 47 68 411
198	4	501	16 47 124 239
199	4	501	16 57 116 234
200	4	501	16 57 234 464
201	4	501	16 77 246 469
202	4	501	16 177 188 337
203	4	501	16 177 426 454
204	4	501	16 268 464 469
205	4	501	16 272 447 454
206	4	501	16 272 464 469
207	4	501	16 389 426 454
208	4	501	17 18 248 497
209	4	501	17 20 278 404
210	4	501	17 36 171 304
211	4	501	17 60 86 319
212	4	501	17 130 216 497
213	4	501	17 171 292 449
214	4	501	17 175 219 449
215	4	501	18 31 249 399
216	4	501	18 112 249 464
217	4	501	18 112 289 344
218	4	501	18 206 349 376
219	4	501	18 206 349 495
220	4	501	18 249 281 454
221	4	501	18 258 287 297
222	4	501	18 287 297 495
223	4	501	18 287 344 399
224	4	501	19 29 287 312
225	4	501	19 62 303 369
226	4	501	19 62 303 484
227	4	501	19 62 439 484
228	4	501	19 79 159 437
229	4	501	19 79 464 484
230	4	501	19 98 357 432
231	4	501	19 98 405 432
232	4	501	19 98 406 416
233	4	501	19 123 292 369
234	4	501	19 124 204 497
235	4	501	19 140 248 310
236	4	501	19 145 159 369
237	4	501	19 159 324 432
238	4	501	19 159 369 437
239	4	501	19 161 292 370
240	4	501	19 248 272 324
241	4	501	19 248 287 324
242	4	501	19 248 310 437
243	4	501	19 272 324 370
244	4	501	19 370 406 416
245	4	501	19 406 416 476
246	4	501	20 25 291 423
247	4	501	20 91 244 278
248	4	501	20 91 278 333
249	4	501	20 93 333 346
250	4	501	20 99 157 423
251	4	501	20 141 142 399
252	4	501	20 155 291 372
253	4	501	20 244 278 287
254	4	501	20 244 287 399
255	4	501	20 251 271 278
256	4	501	20 291 372 423
257	4	501	22 62 349 378
258	4	501	22 62 378 479
259	4	501	22 62 400 479
260	4	501	22 105 422 423
261	4	501	22 130 216 400
262	4	501	22 216 353 413
263	4	501	22 349 378 413
264	4	501	23 38 297 302
265	4	501	23 38 297 326
266	4	501	23 63 76 155
267	4	501	23 63 76 458
268	4	501	23 63 155 162
269	4	501	23 63 155 326
270	4	501	23 76 351 458
271	4	501	23 135 160 428
272	4	501	23 160 377 444
273	4	501	23 160 428 444
274	4	501	23 162 310 410
275	4	501	23 297 302 428
276	4	501	23 310 410 459
277	4	501	24 93 365 396
278	4	501	24 180 418 430
279	4	501	24 260 418 430
280	4	501	24 304 393 458
281	4	501	25 33 464 465
282	4	501	25 47 61 462
283	4	501	25 47 129 462
284	4	501	25 47 296 462
285	4	501	25 233 291 465
286	4	501	25 233 409 437
287	4	501	25 406 423 428
288	4	501	25 406 428 446
289	4	501	26 57 75 158
290	4	501	26 57 75 355
291	4	501	26 57 240 263
292	4	501	26 75 139 355
293	4	501	26 75 183 387
294	4	501	26 139 251 355
295	4	501	26 183 387 400
296	4	501	26 219 240 486
297	4	501	26 237 295 312
298	4	501	26 245 253 469
299	4	501	28 71 282 485
300	4	501	28 257 292 311
301	4	501	28 257 292 423
302	4	501	28 257 311 327
303	4	501	28 258 297 450
304	4	501	28 258 327 450
305	4	501	28 282 328 335
306	4	501	28 297 300 326
307	4	501	28 297 326 450
308	4	501	28 297 326 466
309	4	501	28 311 383 416
310	4	501	28 326 466 475
311	4	501	29 186 237 359
312	4	501	29 237 312 359
313	4	501	30 116 260 397
314	4	501	30 124 174 225
315	4	501	30 124 207 225
316	4	501	30 149 322 357
317	4	501	30 193 397 472
318	4	501	30 287 397 472
319	4	501	31 38 140 397
320	4	501	31 38 397 424
321	4	501	31 46 353 435
322	4	501	31 98 353 426
323	4	501	31 140 249 391
324	4	501	31 140 249 426
325	4	501	31 188 208 500
326	4	501	31 208 209 376
327	4	501	31 353 376 435
328	4	501	31 376 423 435
329	4	501	33 48 153 211
330	4	501	33 59 101 261
331	4	501	33 59 137 261
332	4	501	33 59 137 484
333	4	501	33 59 409 484
334	4	501	33 69 172 246
335	4	501	33 79 464 484
336	4	501	33 101 261 465
337	4	501	33 101 389 464
338	4	501	33 101 464 465
339	4	501	33 136 186 465
340	4	501	33 141 186 465
341	4	501	33 141 389 457
342	4	501	33 208 261 473
343	4	501	33 211 409 411
344	4	501	33 315 389 464
345	4	501	34 69 268 469
346	4	501	34 107 134 386
347	4	501	34 109 261 480
348	4	501	34 109 268 332
349	4	501	34 109 268 469
350	4	501	34 159 260 489
351	4	501	34 170 423 489
352	4	501	34 208 409 437
353	4	501	34 268 332 423
354	4	501	34 332 409 423
355	4	501	34 372 423 489
356	4	501	34 372 480 489
357	4	501	35 77 112 448
358	4	501	36 52 126 489
359	4	501	36 52 135 274
360	4	501	36 52 237 295
361	4	501	36 126 153 363
362	4	501	36 126 153 489
363	4	501	36 153 156 337
364	4	501	36 240 329 495
365	4	501	36 286 386 410
366	4	501	37 44 248 497
367	4	501	37 161 217 224
368	4	501	37 263 449 500
369	4	501	37 278 351 497
370	4	501	37 281 449 500
371	4	501	38 139 297 430
372	4	501	38 253 397 424
373	4	501	38 397 424 472
374	4	501	40 41 89 201
375	4	501	40 41 201 485
376	4	501	40 89 274 291
377	4	501	40 102 267 464
378	4	501	40 233 291 391
379	4	501	41 43 152 281
380	4	501	41 66 201 485
381	4	501	41 281 324 485
382	4	501	41 281 324 486
383	4	501	42 50 405 443
384	4	501	42 105 437 495
385	4	501	42 120 368 387
386	4	501	42 160 444 486
387	4	501	42 175 283 326
388	4	501	42 190 268 431
389	4	501	43 106 277 397
390	4	501	43 138 238 351
391	4	501	43 140 434 455
392	4	501	43 277 366 434
393	4	501	43 293 434 455
394	4	501	43 412 476 496
395	4	501	44 108 176 189
396	4	501	44 302 328 329
397	4	501	44 337 437 462
398	4	501	45 49 51 367
399	4	501	45 49 51 443
400	4	501	45 49 228 443
401	4	501	45 49 332 367
402	4	501	45 51 90 162
403	4	501	45 89 206 251
404	4	501	45 90 162 232
405	4	501	45 91 128 272
406	4	501	45 91 383 468
407	4	501	45 99 134 148
408	4	501	45 99 148 367
409	4	501	45 99 148 383
410	4	501	45 232 266 409
411	4	501	45 256 445 482
412	4	501	45 266 332 409
413	4	501	45 366 383 468
414	4	501	46 66 405 485
415	4	501	46 83 116 342
416	4	501	46 83 116 486
417	4	501	46 83 342 435
418	4	501	46 89 162 281
419	4	501	46 104 116 406
420	4	501	46 104 242 459
421	4	501	46 116 170 342
422	4	501	46 162 281 485
423	4	501	46 170 342 445
424	4	501	47 56 76 129
425	4	501	47 61 326 448
426	4	501	47 64 412 448
427	4	501	47 70 103 367
428	4	501	47 76 129 355
429	4	501	47 76 139 355
430	4	501	47 103 109 318
431	4	501	47 103 218 318
432	4	501	47 139 209 462
433	4	501	47 326 412 448
434	4	501	48 79 116 430
435	4	501	48 96 240 430
436	4	501	48 148 240 430
437	4	501	48 150 228 242
438	4	501	48 150 242 479
439	4	501	48 153 157 251
440	4	501	48 153 211 251
441	4	501	48 176 219 486
442	4	501	48 219 240 486
443	4	501	48 242 445 479
444	4	501	49 51 346 443
445	4	501	49 51 367 384
446	4	501	49 57 321 395
447	4	501	49 78 346 443
448	4	501	49 258 429 488
449	4	501	50 56 75 475
450	4	501	50 70 75 139
451	4	501	50 70 75 286
452	4	501	50 75 108 139
453	4	501	50 75 108 183
454	4	501	50 75 108 287
455	4	501	50 75 108 475
456	4	501	50 138 287 489
457	4	501	50 143 285 429
458	4	501	50 261 285 411
459	4	501	50 261 413 475
460	4	501	50 279 321 405
461	4	501	51 367 384 494
462	4	501	52 126 129 285
463	4	501	52 126 129 489
464	4	501	52 130 237 242
465	4	501	52 142 295 301
466	4	501	52 217 237 295
467	4	501	52 237 295 301
468	4	501	52 368 452 477
469	4	501	53 149 239 491
470	4	501	53 158 218 430
471	4	501	53 172 313 315
472	4	501	53 183 422 423
473	4	501	53 297 395 428
474	4	501	53 297 395 483
475	4	501	54 92 367 384
476	4	501	54 126 282 341
477	4	501	54 126 341 489
478	4	501	54 189 251 341
479	4	501	54 367 384 494
480	4	501	54 384 452 494
481	4	501	56 63 98 169
482	4	501	56 76 129 481
483	4	501	56 76 217 481
484	4	501	56 88 201 363
485	4	501	56 98 169 295
486	4	501	56 129 169 295
487	4	501	56 129 169 481
488	4	501	56 138 187 340
489	4	501	56 138 187 441
490	4	501	56 169 180 481
491	4	501	56 169 344 481
492	4	501	56 217 344 481
493	4	501	56 301 344 481
494	4	501	57 132 282 445
495	4	501	57 162 310 481
496	4	501	57 216 371 432
497	4	501	57 236 445 471
498	4	501	57 240 282 310
499	4	501	57 321 395 412
500	4	501	57 395 412 479
501	4	501	59 74 83 221
502	4	501	59 83 136 365
503	4	501	59 83 337 365
504	4	501	59 83 349 376
505	4	501	59 99 297 496
506	4	501	59 101 106 308
507	4	501	59 101 145 238
508	4	501	59 101 238 243
509	4	501	59 101 243 261
510	4	501	59 101 261 480
511	4	501	59 109 243 261
512	4	501	59 109 261 480
513	4	501	59 137 261 313
514	4	501	59 145 238 496
515	4	501	59 337 365 403
516	4	501	60 64 172 313
517	4	501	60 66 95 319
518	4	501	60 66 95 333
519	4	501	60 66 95 446
520	4	501	60 66 187 333
521	4	501	60 66 221 319
522	4	501	60 76 129 369
523	4	501	60 86 106 319
524	4	501	60 86 313 488
525	4	501	60 104 302 313
526	4	501	60 141 185 187
527	4	501	60 185 328 369
528	4	501	60 328 369 418
529	4	501	61 128 298 344
530	4	501	61 260 374 422
531	4	501	62 72 92 149
532	4	501	62 72 92 354
533	4	501	62 72 149 479
534	4	501	62 72 354 362
535	4	501	62 102 400 479
536	4	501	62 163 378 479
537	4	501	62 166 340 484
538	4	501	62 202 318 362
539	4	501	62 318 340 484
540	4	501	63 76 365 458
541	4	501	63 100 148 458
542	4	501	63 123 169 401
543	4	501	63 123 292 401
544	4	501	63 169 401 445
545	4	501	63 292 401 445
546	4	501	63 296 308 467
547	4	501	64 135 412 433
548	4	501	64 181 304 473
549	4	501	64 182 370 482
550	4	501	64 202 296 327
551	4	501	64 202 296 439
552	4	501	64 202 333 448
553	4	501	64 212 303 484
554	4	501	65 88 267 372
555	4	501	65 97 372 489
556	4	501	65 97 455 467
557	4	501	65 167 400 401
558	4	501	65 192 227 305
559	4	501	65 211 324 380
560	4	501	65 263 324 457
561	4	501	65 324 380 457
562	4	501	66 91 221 406
563	4	501	66 91 325 333
564	4	501	66 95 333 401
565	4	501	66 152 405 443
566	4	501	66 180 221 236
567	4	501	66 180 221 485
568	4	501	66 187 232 429
569	4	501	66 201 405 485
570	4	501	66 209 221 319
571	4	501	66 243 296 454
572	4	501	67 82 302 323
573	4	501	68 174 188 237
574	4	501	69 94 268 298
575	4	501	69 94 268 426
576	4	501	69 166 268 469
577	4	501	69 166 349 495
578	4	501	69 172 246 469
579	4	501	70 77 246 455
580	4	501	70 82 94 159
581	4	501	70 139 159 470
582	4	501	70 139 465 470
583	4	501	70 159 189 460
584	4	501	70 221 386 406
585	4	501	71 182 396 496
586	4	501	71 224 282 341
587	4	501	72 92 149 367
588	4	501	72 92 210 367
589	4	501	73 77 122 167
590	4	501	73 77 167 477
591	4	501	73 122 167 299
592	4	501	73 122 347 446
593	4	501	73 122 446 471
594	4	501	73 163 261 393
595	4	501	73 165 167 299
596	4	501	73 165 167 401
597	4	501	73 167 295 312
598	4	501	73 167 299 312
599	4	501	73 167 299 477
600	4	501	73 167 312 401
601	4	501	73 299 343 477
602	4	501	73 406 446 471
603	4	501	73 406 471 476
604	4	501	73 471 476 477
605	4	501	74 292 445 477
606	4	501	75 86 192 294
607	4	501	75 108 183 372
608	4	501	75 122 192 294
609	4	501	75 192 221 305
610	4	501	76 83 219 365
611	4	501	76 157 230 325
612	4	501	76 170 286 355
613	4	501	76 170 334 366
614	4	501	76 170 362 365
615	4	501	76 219 286 338
616	4	501	76 230 338 368
617	4	501	76 334 366 368
618	4	501	76 338 366 368
619	4	501	77 99 157 496
620	4	501	77 110 357 396
621	4	501	77 112 328 448
622	4	501	77 157 310 314
623	4	501	77 157 480 496
624	4	501	77 174 250 335
625	4	501	77 202 256 294
626	4	501	77 202 256 439
627	4	501	77 202 310 494
628	4	501	77 202 328 448
629	4	501	78 95 188 398
630	4	501	78 137 256 313
631	4	501	78 162 387 432
632	4	501	78 163 446 455
633	4	501	78 170 366 436
634	4	501	78 322 351 450
635	4	501	78 322 393 450
636	4	501	78 330 332 351
637	4	501	78 330 351 450
638	4	501	79 116 208 394
639	4	501	79 116 394 430
640	4	501	79 208 394 417
641	4	501	79 230 464 484
642	4	501	79 285 422 437
643	4	501	80 183 320 385
644	4	501	80 183 383 385
645	4	501	81 130 427 497
646	4	501	81 249 281 324
647	4	501	81 253 337 397
648	4	501	81 281 324 462
649	4	501	82 190 277 465
650	4	501	83 91 185 221
651	4	501	83 116 122 342
652	4	501	83 122 156 355
653	4	501	83 190 219 486
654	4	501	83 219 225 483
655	4	501	83 219 349 376
656	4	501	84 86 115 412
657	4	501	84 86 412 447
658	4	501	84 102 399 432
659	4	501	84 115 244 399
660	4	501	84 115 399 412
661	4	501	84 171 412 447
662	4	501	84 201 227 244
663	4	501	84 201 227 485
664	4	501	84 227 244 447
665	4	501	84 227 447 485
666	4	501	84 229 318 436
667	4	501	84 244 345 436
668	4	501	84 244 399 432
669	4	501	84 265 395 412
670	4	501	84 265 436 491
671	4	501	86 88 321 412
672	4	501	86 106 275 300
673	4	501	86 106 319 397
674	4	501	86 115 216 488
675	4	501	86 115 412 433
676	4	501	86 135 412 433
677	4	501	86 202 294 321
678	4	501	86 279 321 397
679	4	501	87 161 372 480
680	4	501	89 119 240 471
681	4	501	89 234 291 465
682	4	501	89 258 297 308
683	4	501	89 258 297 489
684	4	501	90 119 224 229
685	4	501	90 245 340 359
686	4	501	91 141 185 395
687	4	501	91 141 370 395
688	4	501	91 141 395 479
689	4	501	91 185 244 468
690	4	501	91 221 312 406
691	4	501	91 245 272 333
692	4	501	91 245 312 376
693	4	501	91 257 470 480
694	4	501	92 101 149 389
695	4	501	93 132 296 302
696	4	501	93 171 199 447
697	4	501	93 177 296 308
698	4	501	93 199 202 447
699	4	501	93 202 333 448
700	4	501	93 202 441 447
701	4	501	93 202 447 448
702	4	501	93 396 447 448
703	4	501	94 268 295 298
704	4	501	94 342 344 399
705	4	501	95 98 241 427
706	4	501	95 105 266 371
707	4	501	95 127 241 427
708	4	501	95 127 399 430
709	4	501	95 127 427 430
710	4	501	95 188 237 467
711	4	501	95 188 266 371
712	4	501	95 203 213 264
713	4	501	95 213 237 322
714	4	501	95 233 401 468
715	4	501	95 237 300 322
716	4	501	95 246 427 446
717	4	501	95 324 350 430
718	4	501	96 115 403 430
719	4	501	96 126 155 201
720	4	501	96 201 275 485
721	4	501	96 217 240 344
722	4	501	96 285 357 391
723	4	501	96 291 391 417
724	4	501	97 104 287 489
725	4	501	97 116 372 486
726	4	501	97 138 234 287
727	4	501	97 138 287 489
728	4	501	97 160 455 467
729	4	501	97 308 372 486
730	4	501	97 351 357 362
731	4	501	97 351 357 429
732	4	501	98 219 364 380
733	4	501	98 233 353 426
734	4	501	98 295 357 432
735	4	501	99 134 264 457
736	4	501	99 157 297 496
737	4	501	99 394 417 432
738	4	501	100 332 460 494
739	4	501	100 346 454 460
740	4	501	100 346 460 494
741	4	501	101 102 183 464
742	4	501	101 124 239 434
743	4	501	101 145 149 185
744	4	501	101 149 185 244
745	4	501	101 150 243 330
746	4	501	101 150 330 480
747	4	501	101 238 243 330
748	4	501	101 243 250 291
749	4	501	101 243 303 330
750	4	501	102 183 260 399
751	4	501	102 183 399 432
752	4	501	103 234 256 350
753	4	501	104 233 242 459
754	4	501	104 233 242 472
755	4	501	104 242 279 472
756	4	501	104 395 475 479
757	4	501	105 134 307 439
758	4	501	105 162 197 311
759	4	501	105 276 439 453
760	4	501	105 285 422 437
761	4	501	105 285 437 461
762	4	501	105 288 380 384
763	4	501	105 288 380 476
764	4	501	105 303 325 495
765	4	501	106 156 169 472
766	4	501	106 209 229 237
767	4	501	106 229 237 310
768	4	501	106 275 310 468
769	4	501	107 169 189 401
770	4	501	107 189 234 401
771	4	501	107 303 330 399
772	4	501	107 303 353 369
773	4	501	107 303 369 384
774	4	501	107 303 384 430
775	4	501	107 303 399 430
776	4	501	107 303 427 430
777	4	501	107 427 430 453
778	4	501	108 150 395 475
779	4	501	108 183 372 423
780	4	501	108 366 451 481
781	4	501	108 372 423 435
782	4	501	109 152 174 199
783	4	501	109 152 174 443
784	4	501	109 152 219 453
785	4	501	109 152 320 410
786	4	501	109 180 233 296
787	4	501	109 183 320 410
788	4	501	109 207 233 410
789	4	501	109 243 268 460
790	4	501	109 243 296 460
791	4	501	109 261 413 480
792	4	501	109 268 332 460
793	4	501	109 318 330 480
794	4	501	109 330 332 399
795	4	501	110 124 207 329
796	4	501	110 129 462 488
797	4	501	110 150 190 479
798	4	501	110 150 296 396
799	4	501	110 150 296 462
800	4	501	110 190 403 465
801	4	501	110 190 403 479
802	4	501	110 224 315 452
803	4	501	110 329 357 479
804	4	501	110 384 396 452
805	4	501	112 133 328 448
806	4	501	112 145 160 175
807	4	501	112 145 267 468
808	4	501	112 174 296 350
809	4	501	112 227 344 364
810	4	501	112 341 373 462
811	4	501	112 341 401 468
812	4	501	112 364 373 462
813	4	501	114 119 268 289
814	4	501	114 119 276 439
815	4	501	114 152 174 199
816	4	501	114 174 199 364
817	4	501	114 192 263 268
818	4	501	115 152 439 453
819	4	501	115 216 217 413
820	4	501	115 217 278 304
821	4	501	115 244 399 403
822	4	501	115 399 403 430
823	4	501	115 427 430 453
824	4	501	116 186 406 428
825	4	501	116 406 428 446
826	4	501	119 124 250 400
827	4	501	119 124 400 471
828	4	501	119 187 250 400
829	4	501	119 224 229 399
830	4	501	119 240 398 471
831	4	501	119 268 464 469
832	4	501	119 276 439 444
833	4	501	120 142 232 409
834	4	501	120 368 387 435
835	4	501	121 136 361 417
836	4	501	121 142 295 301
837	4	501	121 222 225 246
838	4	501	121 222 301 472
839	4	501	121 225 441 473
840	4	501	121 361 417 472
841	4	501	123 169 401 454
842	4	501	123 346 454 460
843	4	501	124 130 400 461
844	4	501	124 320 400 471
845	4	501	126 153 346 363
846	4	501	126 172 248 341
847	4	501	126 172 315 341
848	4	501	126 224 249 282
849	4	501	126 224 282 341
850	4	501	126 224 315 341
851	4	501	126 240 282 341
852	4	501	126 249 282 363
853	4	501	126 341 372 489
854	4	501	127 172 329 447
855	4	501	127 396 444 448
856	4	501	127 396 447 448
857	4	501	128 221 342 494
858	4	501	128 279 321 397
859	4	501	128 287 298 344
860	4	501	129 211 324 355
861	4	501	129 324 462 488
862	4	501	130 139 242 297
863	4	501	130 216 245 497
864	4	501	130 216 318 400
865	4	501	130 242 262 267
866	4	501	130 315 318 400
867	4	501	132 174 250 335
868	4	501	132 203 262 373
869	4	501	132 282 335 445
870	4	501	134 153 420 439
871	4	501	134 264 420 468
872	4	501	135 140 310 426
873	4	501	136 293 374 455
874	4	501	137 200 313 454
875	4	501	137 309 330 451
876	4	501	138 187 287 441
877	4	501	138 229 237 276
878	4	501	138 234 350 430
879	4	501	138 343 470 477
880	4	501	139 208 209 436
881	4	501	139 370 465 470
882	4	501	140 143 285 391
883	4	501	140 248 310 426
884	4	501	140 278 434 455
885	4	501	141 142 149 389
886	4	501	141 149 190 479
887	4	501	141 149 350 458
888	4	501	141 186 190 465
889	4	501	141 293 409 434
890	4	501	142 143 149 429
891	4	501	142 149 240 389
892	4	501	142 295 301 459
893	4	501	142 338 436 496
894	4	501	143 293 409 454
895	4	501	145 160 477 483
896	4	501	145 250 353 369
897	4	501	145 250 366 369
898	4	501	145 338 393 500
899	4	501	148 166 250 267
900	4	501	148 190 245 473
901	4	501	148 233 237 440
902	4	501	148 250 267 363
903	4	501	150 243 364 373
904	4	501	150 286 296 396
905	4	501	150 337 374 462
906	4	501	150 364 373 462
907	4	501	150 395 475 479
908	4	501	152 172 176 344
909	4	501	152 176 219 344
910	4	501	153 157 447 485
911	4	501	153 163 225 311
912	4	501	153 211 251 356
913	4	501	153 271 347 363
914	4	501	155 164 186 301
915	4	501	155 164 186 326
916	4	501	155 186 216 301
917	4	501	155 186 301 313
918	4	501	155 192 269 473
919	4	501	155 192 291 465
920	4	501	155 289 301 372
921	4	501	155 291 353 465
922	4	501	158 193 411 433
923	4	501	158 218 378 411
924	4	501	158 276 300 454
925	4	501	158 300 322 411
926	4	501	158 322 411 433
927	4	501	159 199 437 461
928	4	501	159 260 281 500
929	4	501	160 236 440 467
930	4	501	160 236 440 477
931	4	501	160 236 445 477
932	4	501	160 329 398 470
933	4	501	160 377 440 444
934	4	501	160 440 455 467
935	4	501	160 440 470 477
936	4	501	160 445 470 477
937	4	501	161 217 224 345
938	4	501	161 222 292 401
939	4	501	161 253 337 397
940	4	501	162 169 472 481
941	4	501	162 197 292 311
942	4	501	162 201 250 400
943	4	501	162 201 400 417
944	4	501	162 310 472 481
945	4	501	163 261 285 422
946	4	501	163 264 285 422
947	4	501	163 301 325 403
948	4	501	163 301 403 479
949	4	501	163 446 455 463
950	4	501	165 167 282 299
951	4	501	165 167 401 437
952	4	501	165 221 319 322
953	4	501	165 275 282 310
954	4	501	165 275 282 322
955	4	501	166 208 268 394
956	4	501	166 219 364 373
957	4	501	167 284 295 312
958	4	501	167 284 312 487
959	4	501	169 271 401 435
960	4	501	169 271 401 445
961	4	501	169 342 344 445
962	4	501	169 342 344 481
963	4	501	170 172 248 436
964	4	501	170 197 293 365
965	4	501	170 199 286 293
966	4	501	170 286 293 410
967	4	501	171 199 307 377
968	4	501	171 199 437 461
969	4	501	171 285 437 461
970	4	501	171 292 307 377
971	4	501	171 412 440 447
972	4	501	172 234 248 341
973	4	501	172 234 315 341
974	4	501	174 181 237 467
975	4	501	174 188 237 467
976	4	501	176 219 344 361
977	4	501	180 279 418 457
978	4	501	180 349 413 487
979	4	501	180 380 389 457
980	4	501	183 246 276 403
981	4	501	183 400 461 488
982	4	501	185 187 335 484
983	4	501	185 187 340 484
984	4	501	185 189 323 497
985	4	501	185 244 287 377
986	4	501	185 244 287 468
987	4	501	185 328 369 448
988	4	501	186 217 237 458
989	4	501	186 217 304 458
990	4	501	186 243 250 369
991	4	501	188 189 467 500
992	4	501	188 237 395 479
993	4	501	188 266 371 462
994	4	501	188 326 371 383
995	4	501	189 216 251 413
996	4	501	189 234 341 401
997	4	501	189 251 341 356
998	4	501	189 272 333 356
999	4	501	190 211 380 398
1000	4	501	192 197 264 356
1001	4	501	192 197 268 424
1002	4	501	192 197 389 454
1003	4	501	192 221 342 424
1004	4	501	192 264 291 356
1005	4	501	193 240 370 472
1006	4	501	193 240 472 495
1007	4	501	193 253 298 470
1008	4	501	193 370 465 470
1009	4	501	197 240 324 389
1010	4	501	197 293 324 365
1011	4	501	199 202 310 494
1012	4	501	199 202 447 494
1013	4	501	201 275 305 418
1014	4	501	201 395 475 479
1015	4	501	202 219 328 333
1016	4	501	202 219 328 373
1017	4	501	202 219 384 494
1018	4	501	202 219 460 494
1019	4	501	202 256 384 426
1020	4	501	202 282 310 494
1021	4	501	202 284 384 452
1022	4	501	202 320 362 476
1023	4	501	202 328 333 448
1024	4	501	202 384 452 494
1025	4	501	203 268 341 451
1026	4	501	206 251 349 413
1027	4	501	208 268 394 424
1028	4	501	209 229 237 312
1029	4	501	209 287 312 356
1030	4	501	209 312 356 372
1031	4	501	209 312 356 380
1032	4	501	210 343 347 424
1033	4	501	210 373 386 431
1034	4	501	211 356 380 411
1035	4	501	211 356 380 464
1036	4	501	211 380 398 411
1037	4	501	212 216 371 486
1038	4	501	212 216 396 416
1039	4	501	212 303 316 495
1040	4	501	212 303 325 495
1041	4	501	216 230 318 484
1042	4	501	216 236 271 353
1043	4	501	216 236 353 413
1044	4	501	216 351 353 497
1045	4	501	216 351 488 497
1046	4	501	216 366 486 497
1047	4	501	217 219 240 344
1048	4	501	217 219 344 364
1049	4	501	217 240 278 344
1050	4	501	219 264 333 364
1051	4	501	219 288 380 384
1052	4	501	219 380 384 483
1053	4	501	221 264 338 418
1054	4	501	221 305 338 418
1055	4	501	221 305 418 471
1056	4	501	222 225 275 345
1057	4	501	222 272 356 435
1058	4	501	224 249 370 399
1059	4	501	225 275 387 473
1060	4	501	226 302 428 463
1061	4	501	227 294 376 378
1062	4	501	227 359 364 376
1063	4	501	227 364 376 378
1064	4	501	227 364 446 447
1065	4	501	228 258 308 371
1066	4	501	228 380 389 476
1067	4	501	229 237 301 310
1068	4	501	230 234 464 484
1069	4	501	230 318 436 484
1070	4	501	232 260 418 430
1071	4	501	232 266 409 463
1072	4	501	232 329 359 418
1073	4	501	232 409 437 451
1074	4	501	233 291 353 465
1075	4	501	234 248 287 401
1076	4	501	234 248 291 401
1077	4	501	234 248 341 401
1078	4	501	234 287 312 401
1079	4	501	236 237 440 467
1080	4	501	236 322 404 445
1081	4	501	236 445 471 477
1082	4	501	237 301 310 479
1083	4	501	237 395 475 479
1084	4	501	238 307 330 351
1085	4	501	238 330 332 351
1086	4	501	238 330 351 429
1087	4	501	238 332 351 458
1088	4	501	238 351 429 458
1089	4	501	240 324 380 389
1090	4	501	241 303 316 427
1091	4	501	242 325 356 380
1092	4	501	242 341 356 451
1093	4	501	243 281 454 460
1094	4	501	243 296 454 460
1095	4	501	243 303 330 495
1096	4	501	244 253 439 481
1097	4	501	244 287 399 468
1098	4	501	245 312 359 376
1099	4	501	246 262 330 446
1100	4	501	248 310 426 437
1101	4	501	248 401 437 461
1102	4	501	249 253 284 369
1103	4	501	249 284 369 374
1104	4	501	249 305 363 426
1105	4	501	249 335 343 428
1106	4	501	249 343 428 461
1107	4	501	249 351 429 458
1108	4	501	253 276 439 453
1109	4	501	256 313 350 491
1110	4	501	258 287 297 489
1111	4	501	258 297 308 450
1112	4	501	258 308 327 450
1113	4	501	258 330 429 450
1114	4	501	260 281 430 500
1115	4	501	261 285 411 422
1116	4	501	261 313 393 458
1117	4	501	261 380 398 411
1118	4	501	262 303 325 353
1119	4	501	262 303 330 332
1120	4	501	262 314 364 373
1121	4	501	262 364 446 447
1122	4	501	267 284 463 487
1123	4	501	267 289 308 372
1124	4	501	268 285 298 461
1125	4	501	268 451 464 469
1126	4	501	271 278 353 435
1127	4	501	271 285 435 461
1128	4	501	271 401 435 461
1129	4	501	272 356 380 464
1130	4	501	275 282 328 418
1131	4	501	275 300 307 326
1132	4	501	275 300 307 399
1133	4	501	275 305 418 468
1134	4	501	275 328 418 467
1135	4	501	276 297 300 326
1136	4	501	276 297 300 454
1137	4	501	276 367 439 453
1138	4	501	278 293 434 455
1139	4	501	278 351 353 497
1140	4	501	281 322 404 433
1141	4	501	281 324 350 430
1142	4	501	281 404 430 500
1143	4	501	282 418 469 494
1144	4	501	284 312 450 487
1145	4	501	291 325 353 356
1146	4	501	291 353 356 417
1147	4	501	292 307 377 445
1148	4	501	299 343 470 477
1149	4	501	301 310 314 459
1150	4	501	301 310 314 472
1151	4	501	301 310 365 403
1152	4	501	301 310 403 479
1153	4	501	301 310 472 481
1154	4	501	303 325 353 356
1155	4	501	303 330 332 399
1156	4	501	307 346 377 445
1157	4	501	308 325 445 471
1158	4	501	312 323 406 423
1159	4	501	318 340 436 484
1160	4	501	319 329 466 470
1161	4	501	320 332 479 485
1162	4	501	321 405 464 466
1163	4	501	324 380 389 457
1164	4	501	325 333 353 356
1165	4	501	325 342 445 471
1166	4	501	328 329 369 418
1167	4	501	330 351 429 450
1168	4	501	332 409 479 485
1169	4	501	340 389 461 476
1170	4	501	341 353 356 411
1171	4	501	341 353 356 417
1172	4	501	344 366 450 481
1173	4	501	351 357 362 432
1174	4	501	353 354 376 459
1175	4	501	356 372 470 480
1176	4	501	359 370 418 453
1177	4	501	403 405 430 500
1178	3	1	1 33 141
1179	3	1	1 33 186
1180	3	1	1 44 108
1181	3	1	1 44 109
1182	3	1	1 44 121
1183	3	1	1 44 329
1184	3	1	1 44 337
1185	3	1	1 51 157
1186	3	1	1 51 346
1187	3	1	1 51 427
1188	3	1	1 51 494
1189	3	1	1 62 72
1190	3	1	1 62 92
1191	3	1	1 62 121
1192	3	1	1 62 297
1193	3	1	1 62 323
1194	3	1	1 62 429
1195	3	1	1 62 431
1196	3	1	1 68 186
1197	3	1	1 68 237
1198	3	1	1 68 244
1199	3	1	1 72 92
1200	3	1	1 72 222
1201	3	1	1 92 323
1202	3	1	1 92 346
1203	3	1	1 108 372
1204	3	1	1 121 222
1205	3	1	1 121 417
1206	3	1	1 121 427
1207	3	1	1 141 186
1208	3	1	1 141 405
1209	3	1	1 148 237
1210	3	1	1 148 387
1211	3	1	1 157 206
1212	3	1	1 157 226
1213	3	1	1 157 297
1214	3	1	1 157 394
1215	3	1	1 181 237
1216	3	1	1 181 249
1217	3	1	1 181 313
1218	3	1	1 181 323
1219	3	1	1 181 405
1220	3	1	1 181 427
1221	3	1	1 186 236
1222	3	1	1 186 237
1223	3	1	1 186 258
1224	3	1	1 186 313
1225	3	1	1 206 431
1226	3	1	1 222 244
1227	3	1	1 226 337
1228	3	1	1 236 237
1229	3	1	1 236 271
1230	3	1	1 236 387
1231	3	1	1 237 244
1232	3	1	1 237 387
1233	3	1	1 237 394
1234	3	1	1 237 405
1235	3	1	1 237 417
1236	3	1	1 244 313
1237	3	1	1 244 323
1238	3	1	1 244 337
1239	3	1	1 244 377
1240	3	1	1 244 387
1241	3	1	1 244 431
1242	3	1	1 244 494
1243	3	1	1 249 374
1244	3	1	1 249 429
1245	3	1	1 256 297
1246	3	1	1 256 313
1247	3	1	1 256 427
1248	3	1	1 258 297
1249	3	1	1 258 323
1250	3	1	1 258 394
1251	3	1	1 258 429
1252	3	1	1 258 431
1253	3	1	1 271 377
1254	3	1	1 271 431
1255	3	1	1 313 431
1256	3	1	1 323 337
1257	3	1	1 329 427
1258	3	1	1 337 374
1259	3	1	1 342 494
1260	3	1	1 346 377
1261	3	1	1 346 387
1262	3	1	1 346 494
1263	3	1	1 377 387
1264	3	1	1 394 417
1265	3	1	1 394 431
1266	3	1	2 7 33
1267	3	1	2 7 68
1268	3	1	2 7 94
1269	3	1	2 7 294
1270	3	1	2 7 463
1271	3	1	2 8 52
1272	3	1	2 8 166
1273	3	1	2 8 181
1274	3	1	2 8 376
1275	3	1	2 8 446
1276	3	1	2 33 192
1277	3	1	2 33 294
1278	3	1	2 33 304
1279	3	1	2 33 307
1280	3	1	2 33 473
1281	3	1	2 37 44
1282	3	1	2 37 166
1283	3	1	2 44 302
1284	3	1	2 44 307
1285	3	1	2 44 376
1286	3	1	2 52 63
1287	3	1	2 52 237
1288	3	1	2 52 362
1289	3	1	2 52 452
1290	3	1	2 53 324
1291	3	1	2 53 330
1292	3	1	2 53 332
1293	3	1	2 53 369
1294	3	1	2 53 428
1295	3	1	2 63 302
1296	3	1	2 63 467
1297	3	1	2 68 94
1298	3	1	2 68 156
1299	3	1	2 68 237
1300	3	1	2 68 304
1301	3	1	2 68 446
1302	3	1	2 94 190
1303	3	1	2 94 294
1304	3	1	2 94 324
1305	3	1	2 94 426
1306	3	1	2 114 119
1307	3	1	2 114 166
1308	3	1	2 114 192
1309	3	1	2 114 302
1310	3	1	2 114 397
1311	3	1	2 119 187
1312	3	1	2 119 207
1313	3	1	2 119 330
1314	3	1	2 119 362
1315	3	1	2 119 400
1316	3	1	2 122 156
1317	3	1	2 122 167
1318	3	1	2 122 192
1319	3	1	2 122 283
1320	3	1	2 122 294
1321	3	1	2 122 369
1322	3	1	2 122 426
1323	3	1	2 122 446
1324	3	1	2 156 167
1325	3	1	2 156 181
1326	3	1	2 156 284
1327	3	1	2 156 291
1328	3	1	2 156 404
1329	3	1	2 156 473
1330	3	1	2 166 291
1331	3	1	2 166 304
1332	3	1	2 166 397
1333	3	1	2 167 207
1334	3	1	2 167 284
1335	3	1	2 167 307
1336	3	1	2 167 332
1337	3	1	2 167 400
1338	3	1	2 167 428
1339	3	1	2 181 192
1340	3	1	2 181 237
1341	3	1	2 181 257
1342	3	1	2 181 304
1343	3	1	2 181 361
1344	3	1	2 181 467
1345	3	1	2 181 473
1346	3	1	2 187 222
1347	3	1	2 187 362
1348	3	1	2 187 374
1349	3	1	2 187 400
1350	3	1	2 190 397
1351	3	1	2 190 403
1352	3	1	2 190 463
1353	3	1	2 190 473
1354	3	1	2 192 291
1355	3	1	2 192 294
1356	3	1	2 192 302
1357	3	1	2 192 428
1358	3	1	2 192 473
1359	3	1	2 222 403
1360	3	1	2 222 452
1361	3	1	2 237 467
1362	3	1	2 283 330
1363	3	1	2 284 369
1364	3	1	2 284 374
1365	3	1	2 284 452
1366	3	1	2 284 463
1367	3	1	2 291 362
1368	3	1	2 291 404
1369	3	1	2 291 446
1370	3	1	2 294 376
1371	3	1	2 294 463
1372	3	1	2 302 404
1373	3	1	2 302 428
1374	3	1	2 302 463
1375	3	1	2 304 428
1376	3	1	2 304 473
1377	3	1	2 307 324
1378	3	1	2 307 330
1379	3	1	2 307 463
1380	3	1	2 324 376
1381	3	1	2 330 332
1382	3	1	2 330 446
1383	3	1	2 332 376
1384	3	1	2 332 452
1385	3	1	2 362 374
1386	3	1	2 362 446
1387	3	1	2 362 467
1388	3	1	2 369 374
1389	3	1	2 369 426
1390	3	1	2 374 376
1391	3	1	2 397 400
1392	3	1	2 400 426
1393	3	1	2 404 426
1394	3	1	2 426 467
1395	3	1	2 428 446
1396	3	1	2 428 463
1397	3	1	2 446 452
1398	3	1	2 446 463
1399	3	1	2 463 467
1400	3	1	3 10 65
1401	3	1	3 10 169
1402	3	1	3 10 275
1403	3	1	3 10 279
1404	3	1	3 10 353
1405	3	1	3 10 385
1406	3	1	3 10 396
1407	3	1	3 10 453
1408	3	1	3 29 37
1409	3	1	3 29 130
1410	3	1	3 29 143
1411	3	1	3 29 385
1412	3	1	3 37 44
1413	3	1	3 37 166
1414	3	1	3 37 245
1415	3	1	3 37 342
1416	3	1	3 37 385
1417	3	1	3 37 453
1418	3	1	3 37 497
1419	3	1	3 44 89
1420	3	1	3 44 328
1421	3	1	3 44 462
1422	3	1	3 44 497
1423	3	1	3 63 92
1424	3	1	3 63 148
1425	3	1	3 63 169
1426	3	1	3 63 497
1427	3	1	3 65 69
1428	3	1	3 65 133
1429	3	1	3 65 305
1430	3	1	3 69 130
1431	3	1	3 69 166
1432	3	1	3 69 185
1433	3	1	3 69 225
1434	3	1	3 69 279
1435	3	1	3 69 349
1436	3	1	3 89 206
1437	3	1	3 89 345
1438	3	1	3 89 435
1439	3	1	3 89 462
1440	3	1	3 92 379
1441	3	1	3 92 385
1442	3	1	3 92 472
1443	3	1	3 130 245
1444	3	1	3 130 379
1445	3	1	3 130 462
1446	3	1	3 130 497
1447	3	1	3 133 328
1448	3	1	3 143 148
1449	3	1	3 143 225
1450	3	1	3 143 349
1451	3	1	3 148 166
1452	3	1	3 148 245
1453	3	1	3 148 435
1454	3	1	3 150 169
1455	3	1	3 150 305
1456	3	1	3 150 396
1457	3	1	3 150 462
1458	3	1	3 166 169
1459	3	1	3 166 349
1460	3	1	3 166 385
1461	3	1	3 166 397
1462	3	1	3 169 342
1463	3	1	3 169 403
1464	3	1	3 169 435
1465	3	1	3 169 472
1466	3	1	3 185 328
1467	3	1	3 185 497
1468	3	1	3 206 349
1469	3	1	3 225 275
1470	3	1	3 225 294
1471	3	1	3 225 345
1472	3	1	3 226 403
1473	3	1	3 245 497
1474	3	1	3 275 279
1475	3	1	3 275 305
1476	3	1	3 275 328
1477	3	1	3 275 345
1478	3	1	3 279 342
1479	3	1	3 279 397
1480	3	1	3 279 472
1481	3	1	3 294 406
1482	3	1	3 294 472
1483	3	1	3 305 416
1484	3	1	3 328 416
1485	3	1	3 342 349
1486	3	1	3 342 435
1487	3	1	3 349 452
1488	3	1	3 353 435
1489	3	1	3 353 453
1490	3	1	3 353 497
1491	3	1	3 385 452
1492	3	1	3 385 453
1493	3	1	3 396 416
1494	3	1	3 396 452
1495	3	1	3 397 472
1496	3	1	3 406 416
1497	3	1	4 5 160
1498	3	1	4 5 183
1499	3	1	4 5 197
1500	3	1	4 5 466
1501	3	1	4 15 343
1502	3	1	4 48 140
1503	3	1	4 48 200
1504	3	1	4 48 242
1505	3	1	4 71 166
1506	3	1	4 71 300
1507	3	1	4 71 310
1508	3	1	4 71 320
1509	3	1	4 71 428
1510	3	1	4 73 343
1511	3	1	4 73 466
1512	3	1	4 92 101
1513	3	1	4 92 149
1514	3	1	4 92 300
1515	3	1	4 92 346
1516	3	1	4 92 367
1517	3	1	4 92 385
1518	3	1	4 92 466
1519	3	1	4 94 183
1520	3	1	4 94 297
1521	3	1	4 94 350
1522	3	1	4 94 385
1523	3	1	4 100 346
1524	3	1	4 100 387
1525	3	1	4 101 124
1526	3	1	4 101 149
1527	3	1	4 101 183
1528	3	1	4 101 320
1529	3	1	4 101 404
1530	3	1	4 123 297
1531	3	1	4 123 346
1532	3	1	4 123 376
1533	3	1	4 124 297
1534	3	1	4 124 320
1535	3	1	4 140 149
1536	3	1	4 140 166
1537	3	1	4 140 285
1538	3	1	4 140 310
1539	3	1	4 149 322
1540	3	1	4 149 350
1541	3	1	4 149 367
1542	3	1	4 149 376
1543	3	1	4 149 387
1544	3	1	4 149 491
1545	3	1	4 160 428
1546	3	1	4 166 367
1547	3	1	4 166 385
1548	3	1	4 183 242
1549	3	1	4 183 276
1550	3	1	4 183 320
1551	3	1	4 183 346
1552	3	1	4 183 385
1553	3	1	4 183 387
1554	3	1	4 183 404
1555	3	1	4 197 367
1556	3	1	4 197 376
1557	3	1	4 200 322
1558	3	1	4 200 366
1559	3	1	4 200 376
1560	3	1	4 234 320
1561	3	1	4 234 350
1562	3	1	4 234 367
1563	3	1	4 234 387
1564	3	1	4 234 466
1565	3	1	4 242 297
1566	3	1	4 242 466
1567	3	1	4 276 283
1568	3	1	4 276 297
1569	3	1	4 276 300
1570	3	1	4 276 320
1571	3	1	4 276 367
1572	3	1	4 276 453
1573	3	1	4 283 350
1574	3	1	4 283 366
1575	3	1	4 285 297
1576	3	1	4 297 300
1577	3	1	4 297 428
1578	3	1	4 297 466
1579	3	1	4 300 322
1580	3	1	4 320 333
1581	3	1	4 320 385
1582	3	1	4 320 466
1583	3	1	4 320 491
1584	3	1	4 322 404
1585	3	1	4 333 346
1586	3	1	4 333 466
1587	3	1	4 343 428
1588	3	1	4 346 387
1589	3	1	4 350 491
1590	3	1	4 367 453
1591	3	1	4 385 453
1592	3	1	4 387 404
1593	3	1	4 404 409
1594	3	1	5 6 103
1595	3	1	5 6 222
1596	3	1	5 6 236
1597	3	1	5 6 368
1598	3	1	5 6 389
1599	3	1	5 6 416
1600	3	1	5 30 170
1601	3	1	5 30 287
1602	3	1	5 30 410
1603	3	1	5 33 172
1604	3	1	5 33 211
1605	3	1	5 33 261
1606	3	1	5 33 286
1607	3	1	5 33 389
1608	3	1	5 33 410
1609	3	1	5 33 432
1610	3	1	5 33 466
1611	3	1	5 34 170
1612	3	1	5 34 261
1613	3	1	5 34 440
1614	3	1	5 35 77
1615	3	1	5 35 103
1616	3	1	5 35 112
1617	3	1	5 35 183
1618	3	1	5 35 251
1619	3	1	5 35 440
1620	3	1	5 53 172
1621	3	1	5 53 183
1622	3	1	5 53 236
1623	3	1	5 53 269
1624	3	1	5 53 330
1625	3	1	5 53 395
1626	3	1	5 53 440
1627	3	1	5 77 99
1628	3	1	5 77 112
1629	3	1	5 77 238
1630	3	1	5 78 90
1631	3	1	5 78 170
1632	3	1	5 78 330
1633	3	1	5 78 432
1634	3	1	5 90 222
1635	3	1	5 90 245
1636	3	1	5 90 261
1637	3	1	5 90 278
1638	3	1	5 90 391
1639	3	1	5 90 440
1640	3	1	5 99 103
1641	3	1	5 99 364
1642	3	1	5 99 432
1643	3	1	5 103 160
1644	3	1	5 103 172
1645	3	1	5 103 204
1646	3	1	5 103 245
1647	3	1	5 103 288
1648	3	1	5 103 395
1649	3	1	5 103 410
1650	3	1	5 112 160
1651	3	1	5 112 337
1652	3	1	5 112 341
1653	3	1	5 112 364
1654	3	1	5 112 373
1655	3	1	5 112 466
1656	3	1	5 142 150
1657	3	1	5 142 245
1658	3	1	5 142 389
1659	3	1	5 142 405
1660	3	1	5 150 251
1661	3	1	5 150 286
1662	3	1	5 150 330
1663	3	1	5 150 337
1664	3	1	5 150 364
1665	3	1	5 150 373
1666	3	1	5 150 395
1667	3	1	5 156 170
1668	3	1	5 156 337
1669	3	1	5 156 364
1670	3	1	5 160 222
1671	3	1	5 160 236
1672	3	1	5 160 391
1673	3	1	5 160 440
1674	3	1	5 170 172
1675	3	1	5 170 197
1676	3	1	5 170 286
1677	3	1	5 170 395
1678	3	1	5 170 410
1679	3	1	5 172 341
1680	3	1	5 172 373
1681	3	1	5 172 432
1682	3	1	5 172 440
1683	3	1	5 183 410
1684	3	1	5 183 432
1685	3	1	5 183 440
1686	3	1	5 189 251
1687	3	1	5 189 341
1688	3	1	5 197 389
1689	3	1	5 204 222
1690	3	1	5 204 286
1691	3	1	5 204 337
1692	3	1	5 211 251
1693	3	1	5 211 275
1694	3	1	5 222 275
1695	3	1	5 222 286
1696	3	1	5 236 440
1697	3	1	5 238 330
1698	3	1	5 238 416
1699	3	1	5 238 440
1700	3	1	5 245 288
1701	3	1	5 251 278
1702	3	1	5 251 286
1703	3	1	5 251 341
1704	3	1	5 269 288
1705	3	1	5 269 410
1706	3	1	5 275 466
1707	3	1	5 278 287
1708	3	1	5 278 288
1709	3	1	5 286 410
1710	3	1	5 286 432
1711	3	1	5 287 337
1712	3	1	5 288 440
1713	3	1	5 341 373
1714	3	1	5 364 373
1715	3	1	5 368 391
1716	3	1	5 373 395
1717	3	1	5 373 405
1718	3	1	5 391 416
1719	3	1	5 405 410
1720	3	1	5 405 432
1721	3	1	5 405 466
1722	3	1	6 13 136
1723	3	1	6 13 236
1724	3	1	6 16 124
1725	3	1	6 16 157
1726	3	1	6 16 177
1727	3	1	6 16 389
1728	3	1	6 16 394
1729	3	1	6 26 253
1730	3	1	6 26 355
1731	3	1	6 26 500
1732	3	1	6 40 201
1733	3	1	6 40 376
1734	3	1	6 79 103
1735	3	1	6 79 110
1736	3	1	6 79 394
1737	3	1	6 87 161
1738	3	1	6 87 416
1739	3	1	6 98 104
1740	3	1	6 98 136
1741	3	1	6 98 157
1742	3	1	6 98 202
1743	3	1	6 98 281
1744	3	1	6 98 380
1745	3	1	6 98 416
1746	3	1	6 103 177
1747	3	1	6 103 367
1748	3	1	6 104 192
1749	3	1	6 104 302
1750	3	1	6 104 389
1751	3	1	6 110 124
1752	3	1	6 110 190
1753	3	1	6 110 222
1754	3	1	6 110 315
1755	3	1	6 110 335
1756	3	1	6 115 217
1757	3	1	6 115 319
1758	3	1	6 124 176
1759	3	1	6 136 362
1760	3	1	6 157 161
1761	3	1	6 157 310
1762	3	1	6 157 314
1763	3	1	6 157 394
1764	3	1	6 157 398
1765	3	1	6 161 217
1766	3	1	6 161 222
1767	3	1	6 161 253
1768	3	1	6 161 314
1769	3	1	6 176 253
1770	3	1	6 176 335
1771	3	1	6 176 394
1772	3	1	6 177 308
1773	3	1	6 177 362
1774	3	1	6 190 281
1775	3	1	6 190 380
1776	3	1	6 190 398
1777	3	1	6 190 416
1778	3	1	6 192 217
1779	3	1	6 192 302
1780	3	1	6 192 314
1781	3	1	6 192 389
1782	3	1	6 202 310
1783	3	1	6 202 362
1784	3	1	6 202 448
1785	3	1	6 202 500
1786	3	1	6 222 448
1787	3	1	6 236 355
1788	3	1	6 281 380
1789	3	1	6 281 500
1790	3	1	6 302 500
1791	3	1	6 308 314
1792	3	1	6 308 319
1793	3	1	6 308 416
1794	3	1	6 310 314
1795	3	1	6 310 315
1796	3	1	6 314 335
1797	3	1	6 314 389
1798	3	1	6 315 389
1799	3	1	6 315 398
1800	3	1	6 319 367
1801	3	1	6 319 394
1802	3	1	6 355 367
1803	3	1	6 355 389
1804	3	1	6 380 389
1805	3	1	6 380 398
1806	3	1	7 9 197
1807	3	1	7 9 212
1808	3	1	7 9 221
1809	3	1	7 9 298
1810	3	1	7 20 33
1811	3	1	7 20 57
1812	3	1	7 20 193
1813	3	1	7 20 287
1814	3	1	7 20 346
1815	3	1	7 33 246
1816	3	1	7 33 294
1817	3	1	7 33 457
1818	3	1	7 38 57
1819	3	1	7 38 163
1820	3	1	7 38 453
1821	3	1	7 38 457
1822	3	1	7 50 56
1823	3	1	7 50 108
1824	3	1	7 50 287
1825	3	1	7 50 321
1826	3	1	7 56 88
1827	3	1	7 57 116
1828	3	1	7 57 149
1829	3	1	7 57 216
1830	3	1	7 57 240
1831	3	1	7 57 321
1832	3	1	7 57 329
1833	3	1	7 57 439
1834	3	1	7 57 488
1835	3	1	7 68 94
1836	3	1	7 68 120
1837	3	1	7 68 163
1838	3	1	7 68 197
1839	3	1	7 68 212
1840	3	1	7 71 108
1841	3	1	7 71 298
1842	3	1	7 71 485
1843	3	1	7 83 116
1844	3	1	7 83 193
1845	3	1	7 83 221
1846	3	1	7 83 346
1847	3	1	7 83 457
1848	3	1	7 83 486
1849	3	1	7 88 163
1850	3	1	7 88 298
1851	3	1	7 88 321
1852	3	1	7 88 440
1853	3	1	7 92 149
1854	3	1	7 92 232
1855	3	1	7 92 346
1856	3	1	7 92 367
1857	3	1	7 92 385
1858	3	1	7 94 120
1859	3	1	7 94 171
1860	3	1	7 94 243
1861	3	1	7 94 294
1862	3	1	7 94 298
1863	3	1	7 94 385
1864	3	1	7 106 108
1865	3	1	7 106 163
1866	3	1	7 106 246
1867	3	1	7 106 298
1868	3	1	7 108 116
1869	3	1	7 108 149
1870	3	1	7 108 197
1871	3	1	7 108 287
1872	3	1	7 116 394
1873	3	1	7 116 486
1874	3	1	7 120 232
1875	3	1	7 149 240
1876	3	1	7 149 246
1877	3	1	7 149 367
1878	3	1	7 163 245
1879	3	1	7 163 298
1880	3	1	7 163 346
1881	3	1	7 163 378
1882	3	1	7 163 463
1883	3	1	7 163 485
1884	3	1	7 171 367
1885	3	1	7 171 385
1886	3	1	7 171 440
1887	3	1	7 171 447
1888	3	1	7 193 212
1889	3	1	7 193 240
1890	3	1	7 193 243
1891	3	1	7 193 298
1892	3	1	7 193 453
1893	3	1	7 197 240
1894	3	1	7 197 321
1895	3	1	7 197 367
1896	3	1	7 212 216
1897	3	1	7 212 346
1898	3	1	7 212 463
1899	3	1	7 212 486
1900	3	1	7 213 232
1901	3	1	7 213 240
1902	3	1	7 213 298
1903	3	1	7 216 245
1904	3	1	7 216 439
1905	3	1	7 216 486
1906	3	1	7 216 488
1907	3	1	7 221 485
1908	3	1	7 232 329
1909	3	1	7 232 440
1910	3	1	7 232 463
1911	3	1	7 232 485
1912	3	1	7 240 329
1913	3	1	7 240 440
1914	3	1	7 240 486
1915	3	1	7 243 385
1916	3	1	7 246 287
1917	3	1	7 246 485
1918	3	1	7 246 486
1919	3	1	7 287 298
1920	3	1	7 287 329
1921	3	1	7 294 298
1922	3	1	7 294 321
1923	3	1	7 294 378
1924	3	1	7 294 394
1925	3	1	7 294 463
1926	3	1	7 298 439
1927	3	1	7 298 488
1928	3	1	7 321 367
1929	3	1	7 329 447
1930	3	1	7 329 485
1931	3	1	7 335 447
1932	3	1	7 335 463
1933	3	1	7 367 439
1934	3	1	7 367 453
1935	3	1	7 378 439
1936	3	1	7 385 440
1937	3	1	7 385 453
1938	3	1	7 439 453
1939	3	1	7 440 447
1940	3	1	7 440 488
1941	3	1	7 447 485
1942	3	1	7 453 486
1943	3	1	7 463 486
1944	3	1	8 15 185
1945	3	1	8 15 439
1946	3	1	8 28 233
1947	3	1	8 28 282
1948	3	1	8 35 371
1949	3	1	8 35 440
1950	3	1	8 35 448
1951	3	1	8 35 454
1952	3	1	8 48 185
1953	3	1	8 50 143
1954	3	1	8 50 185
1955	3	1	8 52 97
1956	3	1	8 54 97
1957	3	1	8 54 193
1958	3	1	8 54 225
1959	3	1	8 54 282
1960	3	1	8 54 440
1961	3	1	8 61 128
1962	3	1	8 61 260
1963	3	1	8 61 372
1964	3	1	8 61 448
1965	3	1	8 65 97
1966	3	1	8 65 310
1967	3	1	8 65 372
1968	3	1	8 74 181
1969	3	1	8 74 233
1970	3	1	8 97 128
1971	3	1	8 97 234
1972	3	1	8 97 309
1973	3	1	8 97 372
1974	3	1	8 128 313
1975	3	1	8 143 181
1976	3	1	8 143 225
1977	3	1	8 143 440
1978	3	1	8 143 454
1979	3	1	8 155 313
1980	3	1	8 155 372
1981	3	1	8 155 440
1982	3	1	8 161 372
1983	3	1	8 166 394
1984	3	1	8 181 185
1985	3	1	8 181 313
1986	3	1	8 181 371
1987	3	1	8 185 310
1988	3	1	8 185 448
1989	3	1	8 193 309
1990	3	1	8 225 233
1991	3	1	8 225 246
1992	3	1	8 225 312
1993	3	1	8 229 309
1994	3	1	8 229 310
1995	3	1	8 229 312
1996	3	1	8 229 399
1997	3	1	8 233 440
1998	3	1	8 234 312
1999	3	1	8 234 439
2000	3	1	8 236 440
2001	3	1	8 246 371
2002	3	1	8 246 372
2003	3	1	8 246 446
2004	3	1	8 260 399
2005	3	1	8 282 310
2006	3	1	8 282 376
2007	3	1	8 312 372
2008	3	1	8 312 376
2009	3	1	8 313 454
2010	3	1	8 394 424
2011	3	1	8 399 448
2012	3	1	8 440 446
2013	3	1	9 22 158
2014	3	1	9 22 197
2015	3	1	9 22 212
2016	3	1	9 22 353
2017	3	1	9 22 413
2018	3	1	9 22 423
2019	3	1	9 45 81
2020	3	1	9 45 90
2021	3	1	9 45 134
2022	3	1	9 45 181
2023	3	1	9 45 445
2024	3	1	9 69 231
2025	3	1	9 69 269
2026	3	1	9 69 298
2027	3	1	9 81 90
2028	3	1	9 81 197
2029	3	1	9 81 231
2030	3	1	9 81 263
2031	3	1	9 81 322
2032	3	1	9 90 134
2033	3	1	9 134 284
2034	3	1	9 134 494
2035	3	1	9 139 297
2036	3	1	9 142 295
2037	3	1	9 142 353
2038	3	1	9 142 429
2039	3	1	9 158 212
2040	3	1	9 158 322
2041	3	1	9 158 494
2042	3	1	9 181 221
2043	3	1	9 197 305
2044	3	1	9 221 267
2045	3	1	9 221 305
2046	3	1	9 221 322
2047	3	1	9 221 494
2048	3	1	9 231 445
2049	3	1	9 263 269
2050	3	1	9 263 500
2051	3	1	9 267 284
2052	3	1	9 269 322
2053	3	1	9 269 445
2054	3	1	9 284 295
2055	3	1	9 284 305
2056	3	1	9 284 322
2057	3	1	9 284 344
2058	3	1	9 284 429
2059	3	1	9 295 298
2060	3	1	9 297 364
2061	3	1	9 298 344
2062	3	1	9 322 445
2063	3	1	9 344 364
2064	3	1	9 344 445
2065	3	1	9 353 413
2066	3	1	9 353 429
2067	3	1	9 353 500
2068	3	1	9 413 494
2069	3	1	10 22 73
2070	3	1	10 22 161
2071	3	1	10 22 353
2072	3	1	10 22 400
2073	3	1	10 22 479
2074	3	1	10 60 258
2075	3	1	10 60 453
2076	3	1	10 60 476
2077	3	1	10 65 400
2078	3	1	10 65 455
2079	3	1	10 73 75
2080	3	1	10 73 128
2081	3	1	10 73 295
2082	3	1	10 73 476
2083	3	1	10 87 161
2084	3	1	10 87 277
2085	3	1	10 87 385
2086	3	1	10 102 228
2087	3	1	10 102 400
2088	3	1	10 102 455
2089	3	1	10 102 479
2090	3	1	10 112 384
2091	3	1	10 128 209
2092	3	1	10 128 241
2093	3	1	10 128 258
2094	3	1	10 128 279
2095	3	1	10 128 321
2096	3	1	10 161 321
2097	3	1	10 162 169
2098	3	1	10 162 281
2099	3	1	10 162 400
2100	3	1	10 169 295
2101	3	1	10 169 400
2102	3	1	10 209 321
2103	3	1	10 228 258
2104	3	1	10 228 476
2105	3	1	10 233 353
2106	3	1	10 233 465
2107	3	1	10 234 248
2108	3	1	10 234 258
2109	3	1	10 234 411
2110	3	1	10 234 455
2111	3	1	10 234 465
2112	3	1	10 241 400
2113	3	1	10 268 295
2114	3	1	10 268 455
2115	3	1	10 275 279
2116	3	1	10 276 453
2117	3	1	10 277 284
2118	3	1	10 277 396
2119	3	1	10 277 465
2120	3	1	10 279 321
2121	3	1	10 281 396
2122	3	1	10 281 476
2123	3	1	10 284 295
2124	3	1	10 284 321
2125	3	1	10 284 384
2126	3	1	10 321 396
2127	3	1	10 353 411
2128	3	1	10 353 453
2129	3	1	10 353 465
2130	3	1	10 384 396
2131	3	1	10 385 453
2132	3	1	10 400 479
2133	3	1	11 12 158
2134	3	1	11 12 187
2135	3	1	11 12 212
2136	3	1	11 12 412
2137	3	1	11 12 476
2138	3	1	11 38 100
2139	3	1	11 38 163
2140	3	1	11 38 174
2141	3	1	11 38 253
2142	3	1	11 38 302
2143	3	1	11 38 431
2144	3	1	11 38 472
2145	3	1	11 56 105
2146	3	1	11 56 138
2147	3	1	11 56 174
2148	3	1	11 56 187
2149	3	1	11 56 244
2150	3	1	11 56 475
2151	3	1	11 62 163
2152	3	1	11 62 323
2153	3	1	11 62 371
2154	3	1	11 62 431
2155	3	1	11 62 439
2156	3	1	11 84 174
2157	3	1	11 84 244
2158	3	1	11 84 412
2159	3	1	11 84 436
2160	3	1	11 84 447
2161	3	1	11 84 472
2162	3	1	11 100 138
2163	3	1	11 104 302
2164	3	1	11 104 361
2165	3	1	11 104 436
2166	3	1	11 104 459
2167	3	1	11 104 464
2168	3	1	11 104 472
2169	3	1	11 104 475
2170	3	1	11 105 138
2171	3	1	11 105 161
2172	3	1	11 105 371
2173	3	1	11 105 439
2174	3	1	11 105 476
2175	3	1	11 138 187
2176	3	1	11 138 412
2177	3	1	11 158 161
2178	3	1	11 158 212
2179	3	1	11 158 411
2180	3	1	11 161 253
2181	3	1	11 161 329
2182	3	1	11 161 337
2183	3	1	11 161 431
2184	3	1	11 163 174
2185	3	1	11 163 298
2186	3	1	11 163 455
2187	3	1	11 174 296
2188	3	1	11 174 298
2189	3	1	11 187 253
2190	3	1	11 187 379
2191	3	1	11 187 455
2192	3	1	11 212 244
2193	3	1	11 212 342
2194	3	1	11 212 371
2195	3	1	11 212 416
2196	3	1	11 244 253
2197	3	1	11 244 323
2198	3	1	11 244 337
2199	3	1	11 244 431
2200	3	1	11 244 436
2201	3	1	11 244 439
2202	3	1	11 244 447
2203	3	1	11 244 455
2204	3	1	11 253 298
2205	3	1	11 253 337
2206	3	1	11 253 439
2207	3	1	11 271 371
2208	3	1	11 271 411
2209	3	1	11 271 412
2210	3	1	11 271 431
2211	3	1	11 271 476
2212	3	1	11 282 436
2213	3	1	11 296 302
2214	3	1	11 296 342
2215	3	1	11 296 411
2216	3	1	11 296 439
2217	3	1	11 296 462
2218	3	1	11 298 302
2219	3	1	11 298 439
2220	3	1	11 302 323
2221	3	1	11 302 329
2222	3	1	11 302 451
2223	3	1	11 323 337
2224	3	1	11 323 455
2225	3	1	11 329 379
2226	3	1	11 329 447
2227	3	1	11 337 462
2228	3	1	11 342 371
2229	3	1	11 342 451
2230	3	1	11 342 459
2231	3	1	11 361 411
2232	3	1	11 361 412
2233	3	1	11 361 447
2234	3	1	11 361 451
2235	3	1	11 361 472
2236	3	1	11 371 411
2237	3	1	11 371 451
2238	3	1	11 371 455
2239	3	1	11 371 462
2240	3	1	11 411 472
2241	3	1	11 412 447
2242	3	1	11 412 476
2243	3	1	11 416 475
2244	3	1	11 416 476
2245	3	1	11 431 462
2246	3	1	11 436 459
2247	3	1	11 451 464
2248	3	1	11 459 462
2249	3	1	11 462 476
2250	3	1	12 23 63
2251	3	1	12 23 377
2252	3	1	12 29 443
2253	3	1	12 29 483
2254	3	1	12 52 63
2255	3	1	12 52 285
2256	3	1	12 53 82
2257	3	1	12 53 149
2258	3	1	12 53 158
2259	3	1	12 53 236
2260	3	1	12 53 319
2261	3	1	12 53 443
2262	3	1	12 53 483
2263	3	1	12 57 59
2264	3	1	12 57 116
2265	3	1	12 57 149
2266	3	1	12 57 158
2267	3	1	12 57 234
2268	3	1	12 57 236
2269	3	1	12 57 240
2270	3	1	12 57 412
2271	3	1	12 59 187
2272	3	1	12 59 236
2273	3	1	12 59 349
2274	3	1	12 59 376
2275	3	1	12 63 240
2276	3	1	12 63 258
2277	3	1	12 63 412
2278	3	1	12 68 212
2279	3	1	12 68 476
2280	3	1	12 82 158
2281	3	1	12 82 187
2282	3	1	12 82 356
2283	3	1	12 82 376
2284	3	1	12 116 187
2285	3	1	12 116 234
2286	3	1	12 149 240
2287	3	1	12 149 376
2288	3	1	12 149 476
2289	3	1	12 150 305
2290	3	1	12 158 212
2291	3	1	12 158 319
2292	3	1	12 158 325
2293	3	1	12 158 343
2294	3	1	12 177 443
2295	3	1	12 180 236
2296	3	1	12 180 343
2297	3	1	12 180 349
2298	3	1	12 212 325
2299	3	1	12 212 376
2300	3	1	12 212 404
2301	3	1	12 234 258
2302	3	1	12 236 307
2303	3	1	12 236 404
2304	3	1	12 258 376
2305	3	1	12 305 376
2306	3	1	12 305 412
2307	3	1	12 307 377
2308	3	1	12 319 483
2309	3	1	12 325 356
2310	3	1	12 343 483
2311	3	1	12 349 376
2312	3	1	12 356 417
2313	3	1	12 376 412
2314	3	1	12 377 404
2315	3	1	12 404 412
2316	3	1	12 412 476
2317	3	1	13 46 299
2318	3	1	13 46 435
2319	3	1	13 47 226
2320	3	1	13 47 366
2321	3	1	13 63 169
2322	3	1	13 63 418
2323	3	1	13 71 169
2324	3	1	13 71 282
2325	3	1	13 71 300
2326	3	1	13 75 183
2327	3	1	13 75 221
2328	3	1	13 75 267
2329	3	1	13 75 475
2330	3	1	13 119 289
2331	3	1	13 126 282
2332	3	1	13 126 435
2333	3	1	13 126 475
2334	3	1	13 136 264
2335	3	1	13 136 417
2336	3	1	13 136 455
2337	3	1	13 169 435
2338	3	1	13 183 383
2339	3	1	13 183 422
2340	3	1	13 200 347
2341	3	1	13 200 366
2342	3	1	13 200 475
2343	3	1	13 204 267
2344	3	1	13 204 455
2345	3	1	13 221 226
2346	3	1	13 221 236
2347	3	1	13 221 264
2348	3	1	13 221 267
2349	3	1	13 221 299
2350	3	1	13 221 418
2351	3	1	13 236 237
2352	3	1	13 236 264
2353	3	1	13 236 266
2354	3	1	13 237 299
2355	3	1	13 237 300
2356	3	1	13 237 417
2357	3	1	13 237 475
2358	3	1	13 264 299
2359	3	1	13 264 418
2360	3	1	13 264 422
2361	3	1	13 267 289
2362	3	1	13 267 299
2363	3	1	13 267 347
2364	3	1	13 267 418
2365	3	1	13 282 299
2366	3	1	13 282 383
2367	3	1	13 282 418
2368	3	1	13 289 299
2369	3	1	13 289 383
2370	3	1	13 366 383
2371	3	1	13 418 453
2372	3	1	15 22 40
2373	3	1	15 22 158
2374	3	1	15 22 349
2375	3	1	15 44 86
2376	3	1	15 44 108
2377	3	1	15 44 176
2378	3	1	15 44 243
2379	3	1	15 44 328
2380	3	1	15 44 439
2381	3	1	15 44 462
2382	3	1	15 44 497
2383	3	1	15 45 328
2384	3	1	15 47 296
2385	3	1	15 47 462
2386	3	1	15 47 497
2387	3	1	15 69 185
2388	3	1	15 69 249
2389	3	1	15 69 349
2390	3	1	15 77 122
2391	3	1	15 77 249
2392	3	1	15 77 328
2393	3	1	15 77 335
2394	3	1	15 77 439
2395	3	1	15 77 455
2396	3	1	15 77 496
2397	3	1	15 86 447
2398	3	1	15 108 176
2399	3	1	15 122 335
2400	3	1	15 122 439
2401	3	1	15 158 219
2402	3	1	15 158 325
2403	3	1	15 158 343
2404	3	1	15 176 219
2405	3	1	15 176 253
2406	3	1	15 176 296
2407	3	1	15 176 325
2408	3	1	15 176 335
2409	3	1	15 176 349
2410	3	1	15 185 221
2411	3	1	15 185 243
2412	3	1	15 185 328
2413	3	1	15 185 335
2414	3	1	15 185 343
2415	3	1	15 185 351
2416	3	1	15 185 497
2417	3	1	15 219 328
2418	3	1	15 219 349
2419	3	1	15 219 483
2420	3	1	15 243 296
2421	3	1	15 249 253
2422	3	1	15 249 335
2423	3	1	15 249 343
2424	3	1	15 249 351
2425	3	1	15 253 325
2426	3	1	15 253 343
2427	3	1	15 253 351
2428	3	1	15 253 439
2429	3	1	15 296 439
2430	3	1	15 296 462
2431	3	1	15 325 463
2432	3	1	15 328 335
2433	3	1	15 335 343
2434	3	1	15 335 447
2435	3	1	15 335 463
2436	3	1	15 335 497
2437	3	1	15 343 483
2438	3	1	15 349 455
2439	3	1	15 351 462
2440	3	1	15 351 497
2441	3	1	15 455 463
2442	3	1	16 23 38
2443	3	1	16 23 44
2444	3	1	16 23 394
2445	3	1	16 23 410
2446	3	1	16 33 246
2447	3	1	16 33 389
2448	3	1	16 33 410
2449	3	1	16 33 411
2450	3	1	16 33 464
2451	3	1	16 34 86
2452	3	1	16 34 92
2453	3	1	16 34 106
2454	3	1	16 34 268
2455	3	1	16 34 305
2456	3	1	16 34 396
2457	3	1	16 34 469
2458	3	1	16 38 57
2459	3	1	16 38 124
2460	3	1	16 42 177
2461	3	1	16 42 185
2462	3	1	16 42 268
2463	3	1	16 42 316
2464	3	1	16 42 454
2465	3	1	16 42 495
2466	3	1	16 44 86
2467	3	1	16 44 243
2468	3	1	16 44 337
2469	3	1	16 47 68
2470	3	1	16 47 124
2471	3	1	16 47 239
2472	3	1	16 47 411
2473	3	1	16 57 116
2474	3	1	16 57 234
2475	3	1	16 57 464
2476	3	1	16 68 188
2477	3	1	16 68 411
2478	3	1	16 68 469
2479	3	1	16 77 157
2480	3	1	16 77 246
2481	3	1	16 77 396
2482	3	1	16 77 469
2483	3	1	16 86 106
2484	3	1	16 86 234
2485	3	1	16 86 374
2486	3	1	16 86 426
2487	3	1	16 86 447
2488	3	1	16 92 389
2489	3	1	16 106 246
2490	3	1	16 116 234
2491	3	1	16 116 322
2492	3	1	16 116 394
2493	3	1	16 124 239
2494	3	1	16 124 268
2495	3	1	16 157 394
2496	3	1	16 157 447
2497	3	1	16 177 188
2498	3	1	16 177 322
2499	3	1	16 177 337
2500	3	1	16 177 426
2501	3	1	16 177 454
2502	3	1	16 185 243
2503	3	1	16 188 234
2504	3	1	16 188 337
2505	3	1	16 234 411
2506	3	1	16 234 464
2507	3	1	16 239 410
2508	3	1	16 239 426
2509	3	1	16 243 268
2510	3	1	16 243 454
2511	3	1	16 243 495
2512	3	1	16 246 426
2513	3	1	16 246 469
2514	3	1	16 268 394
2515	3	1	16 268 410
2516	3	1	16 268 426
2517	3	1	16 268 464
2518	3	1	16 268 469
2519	3	1	16 272 311
2520	3	1	16 272 447
2521	3	1	16 272 454
2522	3	1	16 272 464
2523	3	1	16 272 469
2524	3	1	16 305 337
2525	3	1	16 305 426
2526	3	1	16 316 411
2527	3	1	16 316 495
2528	3	1	16 322 411
2529	3	1	16 322 447
2530	3	1	16 337 374
2531	3	1	16 337 396
2532	3	1	16 374 483
2533	3	1	16 389 426
2534	3	1	16 389 454
2535	3	1	16 389 464
2536	3	1	16 396 447
2537	3	1	16 396 483
2538	3	1	16 410 447
2539	3	1	16 426 454
2540	3	1	16 447 454
2541	3	1	16 447 495
2542	3	1	16 464 469
2543	3	1	17 18 50
2544	3	1	17 18 171
2545	3	1	17 18 248
2546	3	1	17 18 497
2547	3	1	17 20 278
2548	3	1	17 20 284
2549	3	1	17 20 404
2550	3	1	17 36 171
2551	3	1	17 36 304
2552	3	1	17 36 406
2553	3	1	17 60 86
2554	3	1	17 60 319
2555	3	1	17 60 328
2556	3	1	17 60 364
2557	3	1	17 86 216
2558	3	1	17 86 319
2559	3	1	17 123 292
2560	3	1	17 123 319
2561	3	1	17 123 406
2562	3	1	17 127 471
2563	3	1	17 130 175
2564	3	1	17 130 197
2565	3	1	17 130 216
2566	3	1	17 130 497
2567	3	1	17 148 197
2568	3	1	17 148 233
2569	3	1	17 171 292
2570	3	1	17 171 304
2571	3	1	17 171 449
2572	3	1	17 175 219
2573	3	1	17 175 449
2574	3	1	17 177 278
2575	3	1	17 197 292
2576	3	1	17 197 424
2577	3	1	17 216 497
2578	3	1	17 219 328
2579	3	1	17 219 364
2580	3	1	17 219 449
2581	3	1	17 219 471
2582	3	1	17 224 471
2583	3	1	17 233 409
2584	3	1	17 248 409
2585	3	1	17 248 497
2586	3	1	17 278 304
2587	3	1	17 278 404
2588	3	1	17 278 497
2589	3	1	17 284 424
2590	3	1	17 284 463
2591	3	1	17 292 409
2592	3	1	17 292 449
2593	3	1	17 304 424
2594	3	1	17 328 409
2595	3	1	17 364 409
2596	3	1	17 404 409
2597	3	1	17 406 424
2598	3	1	17 406 471
2599	3	1	17 409 463
2600	3	1	17 449 497
2601	3	1	18 31 193
2602	3	1	18 31 249
2603	3	1	18 31 376
2604	3	1	18 31 399
2605	3	1	18 41 171
2606	3	1	18 41 201
2607	3	1	18 41 258
2608	3	1	18 41 281
2609	3	1	18 41 344
2610	3	1	18 49 193
2611	3	1	18 49 257
2612	3	1	18 49 258
2613	3	1	18 49 384
2614	3	1	18 50 286
2615	3	1	18 50 287
2616	3	1	18 68 434
2617	3	1	18 93 171
2618	3	1	18 93 287
2619	3	1	18 93 365
2620	3	1	18 93 455
2621	3	1	18 112 249
2622	3	1	18 112 257
2623	3	1	18 112 289
2624	3	1	18 112 344
2625	3	1	18 112 384
2626	3	1	18 112 464
2627	3	1	18 135 201
2628	3	1	18 171 377
2629	3	1	18 171 464
2630	3	1	18 193 248
2631	3	1	18 193 354
2632	3	1	18 193 495
2633	3	1	18 206 213
2634	3	1	18 206 248
2635	3	1	18 206 289
2636	3	1	18 206 349
2637	3	1	18 206 376
2638	3	1	18 206 495
2639	3	1	18 213 380
2640	3	1	18 248 287
2641	3	1	18 248 497
2642	3	1	18 249 281
2643	3	1	18 249 282
2644	3	1	18 249 399
2645	3	1	18 249 454
2646	3	1	18 249 464
2647	3	1	18 257 365
2648	3	1	18 257 377
2649	3	1	18 257 454
2650	3	1	18 258 287
2651	3	1	18 258 297
2652	3	1	18 258 376
2653	3	1	18 281 366
2654	3	1	18 281 380
2655	3	1	18 281 454
2656	3	1	18 282 376
2657	3	1	18 282 410
2658	3	1	18 286 355
2659	3	1	18 286 410
2660	3	1	18 286 434
2661	3	1	18 286 495
2662	3	1	18 287 297
2663	3	1	18 287 344
2664	3	1	18 287 377
2665	3	1	18 287 399
2666	3	1	18 287 495
2667	3	1	18 289 344
2668	3	1	18 289 372
2669	3	1	18 295 497
2670	3	1	18 297 454
2671	3	1	18 297 464
2672	3	1	18 297 495
2673	3	1	18 344 366
2674	3	1	18 344 399
2675	3	1	18 349 376
2676	3	1	18 349 410
2677	3	1	18 349 455
2678	3	1	18 349 495
2679	3	1	18 354 376
2680	3	1	18 354 384
2681	3	1	18 355 372
2682	3	1	18 366 434
2683	3	1	18 366 497
2684	3	1	18 380 384
2685	3	1	18 380 464
2686	3	1	18 384 434
2687	3	1	18 399 497
2688	3	1	18 434 455
2689	3	1	18 455 467
2690	3	1	18 467 495
2691	3	1	19 23 310
2692	3	1	19 23 439
2693	3	1	19 25 90
2694	3	1	19 25 406
2695	3	1	19 25 437
2696	3	1	19 25 464
2697	3	1	19 29 62
2698	3	1	19 29 161
2699	3	1	19 29 186
2700	3	1	19 29 204
2701	3	1	19 29 287
2702	3	1	19 29 312
2703	3	1	19 29 448
2704	3	1	19 62 303
2705	3	1	19 62 369
2706	3	1	19 62 439
2707	3	1	19 62 484
2708	3	1	19 77 79
2709	3	1	19 77 310
2710	3	1	19 77 357
2711	3	1	19 77 439
2712	3	1	19 77 448
2713	3	1	19 79 159
2714	3	1	19 79 437
2715	3	1	19 79 464
2716	3	1	19 79 484
2717	3	1	19 90 310
2718	3	1	19 90 325
2719	3	1	19 90 412
2720	3	1	19 90 486
2721	3	1	19 98 357
2722	3	1	19 98 405
2723	3	1	19 98 406
2724	3	1	19 98 416
2725	3	1	19 98 432
2726	3	1	19 123 292
2727	3	1	19 123 369
2728	3	1	19 123 398
2729	3	1	19 123 406
2730	3	1	19 123 439
2731	3	1	19 124 204
2732	3	1	19 124 434
2733	3	1	19 124 497
2734	3	1	19 140 248
2735	3	1	19 140 303
2736	3	1	19 140 310
2737	3	1	19 140 434
2738	3	1	19 145 159
2739	3	1	19 145 369
2740	3	1	19 145 434
2741	3	1	19 159 324
2742	3	1	19 159 369
2743	3	1	19 159 432
2744	3	1	19 159 437
2745	3	1	19 161 292
2746	3	1	19 161 299
2747	3	1	19 161 303
2748	3	1	19 161 370
2749	3	1	19 186 369
2750	3	1	19 186 406
2751	3	1	19 204 324
2752	3	1	19 204 325
2753	3	1	19 204 437
2754	3	1	19 204 464
2755	3	1	19 204 476
2756	3	1	19 204 497
2757	3	1	19 248 272
2758	3	1	19 248 287
2759	3	1	19 248 299
2760	3	1	19 248 310
2761	3	1	19 248 324
2762	3	1	19 248 357
2763	3	1	19 248 437
2764	3	1	19 248 497
2765	3	1	19 272 309
2766	3	1	19 272 324
2767	3	1	19 272 370
2768	3	1	19 272 434
2769	3	1	19 272 464
2770	3	1	19 287 312
2771	3	1	19 287 324
2772	3	1	19 292 325
2773	3	1	19 292 369
2774	3	1	19 292 370
2775	3	1	19 292 484
2776	3	1	19 299 312
2777	3	1	19 299 325
2778	3	1	19 299 343
2779	3	1	19 303 325
2780	3	1	19 303 369
2781	3	1	19 303 405
2782	3	1	19 303 484
2783	3	1	19 310 365
2784	3	1	19 310 437
2785	3	1	19 312 406
2786	3	1	19 324 365
2787	3	1	19 324 370
2788	3	1	19 324 432
2789	3	1	19 324 486
2790	3	1	19 343 416
2791	3	1	19 343 448
2792	3	1	19 357 432
2793	3	1	19 357 464
2794	3	1	19 365 412
2795	3	1	19 369 437
2796	3	1	19 369 448
2797	3	1	19 370 406
2798	3	1	19 370 416
2799	3	1	19 383 416
2800	3	1	19 383 439
2801	3	1	19 398 434
2802	3	1	19 405 432
2803	3	1	19 405 464
2804	3	1	19 406 416
2805	3	1	19 406 476
2806	3	1	19 412 448
2807	3	1	19 412 476
2808	3	1	19 416 434
2809	3	1	19 416 476
2810	3	1	19 437 439
2811	3	1	19 439 484
2812	3	1	19 464 484
2813	3	1	19 486 497
2814	3	1	20 22 35
2815	3	1	20 22 207
2816	3	1	20 22 423
2817	3	1	20 25 33
2818	3	1	20 25 43
2819	3	1	20 25 207
2820	3	1	20 25 291
2821	3	1	20 25 423
2822	3	1	20 33 141
2823	3	1	20 35 251
2824	3	1	20 35 333
2825	3	1	20 43 226
2826	3	1	20 57 263
2827	3	1	20 57 333
2828	3	1	20 57 458
2829	3	1	20 91 141
2830	3	1	20 91 244
2831	3	1	20 91 278
2832	3	1	20 91 333
2833	3	1	20 93 251
2834	3	1	20 93 287
2835	3	1	20 93 333
2836	3	1	20 93 346
2837	3	1	20 93 365
2838	3	1	20 99 157
2839	3	1	20 99 256
2840	3	1	20 99 423
2841	3	1	20 100 346
2842	3	1	20 100 458
2843	3	1	20 100 477
2844	3	1	20 141 142
2845	3	1	20 141 230
2846	3	1	20 141 399
2847	3	1	20 141 458
2848	3	1	20 142 226
2849	3	1	20 142 372
2850	3	1	20 142 399
2851	3	1	20 155 291
2852	3	1	20 155 372
2853	3	1	20 157 204
2854	3	1	20 157 226
2855	3	1	20 157 230
2856	3	1	20 157 251
2857	3	1	20 157 263
2858	3	1	20 157 423
2859	3	1	20 193 226
2860	3	1	20 193 309
2861	3	1	20 204 267
2862	3	1	20 204 477
2863	3	1	20 207 263
2864	3	1	20 207 267
2865	3	1	20 207 287
2866	3	1	20 226 477
2867	3	1	20 230 287
2868	3	1	20 244 278
2869	3	1	20 244 287
2870	3	1	20 244 399
2871	3	1	20 250 267
2872	3	1	20 250 278
2873	3	1	20 250 291
2874	3	1	20 250 309
2875	3	1	20 250 365
2876	3	1	20 251 271
2877	3	1	20 251 278
2878	3	1	20 256 333
2879	3	1	20 267 284
2880	3	1	20 267 372
2881	3	1	20 271 278
2882	3	1	20 271 284
2883	3	1	20 271 291
2884	3	1	20 271 458
2885	3	1	20 278 287
2886	3	1	20 278 333
2887	3	1	20 278 404
2888	3	1	20 278 423
2889	3	1	20 284 365
2890	3	1	20 284 399
2891	3	1	20 287 399
2892	3	1	20 287 458
2893	3	1	20 291 372
2894	3	1	20 291 399
2895	3	1	20 291 404
2896	3	1	20 291 423
2897	3	1	20 309 458
2898	3	1	20 333 346
2899	3	1	20 365 458
2900	3	1	20 372 423
2901	3	1	20 372 458
2902	3	1	20 404 475
2903	3	1	22 26 158
2904	3	1	22 26 197
2905	3	1	22 26 312
2906	3	1	22 26 400
2907	3	1	22 35 380
2908	3	1	22 35 440
2909	3	1	22 40 105
2910	3	1	22 62 349
2911	3	1	22 62 378
2912	3	1	22 62 400
2913	3	1	22 62 479
2914	3	1	22 64 212
2915	3	1	22 64 378
2916	3	1	22 73 312
2917	3	1	22 73 347
2918	3	1	22 73 413
2919	3	1	22 105 161
2920	3	1	22 105 197
2921	3	1	22 105 380
2922	3	1	22 105 422
2923	3	1	22 105 423
2924	3	1	22 130 197
2925	3	1	22 130 216
2926	3	1	22 130 400
2927	3	1	22 137 161
2928	3	1	22 137 423
2929	3	1	22 158 161
2930	3	1	22 158 212
2931	3	1	22 158 378
2932	3	1	22 161 373
2933	3	1	22 212 216
2934	3	1	22 216 353
2935	3	1	22 216 400
2936	3	1	22 216 413
2937	3	1	22 312 380
2938	3	1	22 312 423
2939	3	1	22 349 378
2940	3	1	22 349 413
2941	3	1	22 353 413
2942	3	1	22 377 440
2943	3	1	22 378 413
2944	3	1	22 378 479
2945	3	1	22 380 400
2946	3	1	22 400 479
2947	3	1	22 422 423
2948	3	1	22 440 467
2949	3	1	23 38 112
2950	3	1	23 38 297
2951	3	1	23 38 302
2952	3	1	23 38 326
2953	3	1	23 44 135
2954	3	1	23 44 176
2955	3	1	23 44 302
2956	3	1	23 44 439
2957	3	1	23 63 76
2958	3	1	23 63 155
2959	3	1	23 63 162
2960	3	1	23 63 302
2961	3	1	23 63 326
2962	3	1	23 63 458
2963	3	1	23 76 155
2964	3	1	23 76 351
2965	3	1	23 76 458
2966	3	1	23 112 160
2967	3	1	23 112 227
2968	3	1	23 122 155
2969	3	1	23 122 297
2970	3	1	23 122 310
2971	3	1	23 122 439
2972	3	1	23 134 218
2973	3	1	23 134 302
2974	3	1	23 134 439
2975	3	1	23 135 160
2976	3	1	23 135 218
2977	3	1	23 135 310
2978	3	1	23 135 428
2979	3	1	23 155 162
2980	3	1	23 155 291
2981	3	1	23 155 326
2982	3	1	23 155 444
2983	3	1	23 160 377
2984	3	1	23 160 428
2985	3	1	23 160 444
2986	3	1	23 160 455
2987	3	1	23 160 477
2988	3	1	23 162 176
2989	3	1	23 162 218
2990	3	1	23 162 310
2991	3	1	23 162 377
2992	3	1	23 162 410
2993	3	1	23 165 291
2994	3	1	23 165 310
2995	3	1	23 165 455
2996	3	1	23 176 394
2997	3	1	23 176 477
2998	3	1	23 218 351
2999	3	1	23 227 455
3000	3	1	23 291 439
3001	3	1	23 297 302
3002	3	1	23 297 326
3003	3	1	23 297 428
3004	3	1	23 302 428
3005	3	1	23 302 500
3006	3	1	23 310 410
3007	3	1	23 310 459
3008	3	1	23 327 427
3009	3	1	23 351 458
3010	3	1	23 377 444
3011	3	1	23 410 427
3012	3	1	23 410 459
3013	3	1	23 428 444
3014	3	1	23 428 461
3015	3	1	23 439 444
3016	3	1	24 28 130
3017	3	1	24 28 230
3018	3	1	24 28 485
3019	3	1	24 30 177
3020	3	1	24 30 180
3021	3	1	24 30 260
3022	3	1	24 30 365
3023	3	1	24 47 54
3024	3	1	24 47 61
3025	3	1	24 54 94
3026	3	1	24 54 359
3027	3	1	24 54 489
3028	3	1	24 61 230
3029	3	1	24 61 260
3030	3	1	24 61 359
3031	3	1	24 61 393
3032	3	1	24 61 396
3033	3	1	24 93 177
3034	3	1	24 93 304
3035	3	1	24 93 365
3036	3	1	24 93 396
3037	3	1	24 94 288
3038	3	1	24 104 130
3039	3	1	24 104 361
3040	3	1	24 104 489
3041	3	1	24 130 458
3042	3	1	24 177 188
3043	3	1	24 177 230
3044	3	1	24 180 418
3045	3	1	24 180 430
3046	3	1	24 180 485
3047	3	1	24 188 371
3048	3	1	24 223 246
3049	3	1	24 223 288
3050	3	1	24 223 361
3051	3	1	24 230 371
3052	3	1	24 246 330
3053	3	1	24 246 371
3054	3	1	24 246 485
3055	3	1	24 260 418
3056	3	1	24 260 430
3057	3	1	24 260 489
3058	3	1	24 275 310
3059	3	1	24 275 418
3060	3	1	24 275 434
3061	3	1	24 275 485
3062	3	1	24 288 291
3063	3	1	24 288 418
3064	3	1	24 291 356
3065	3	1	24 291 401
3066	3	1	24 304 393
3067	3	1	24 304 434
3068	3	1	24 304 458
3069	3	1	24 310 365
3070	3	1	24 330 351
3071	3	1	24 351 430
3072	3	1	24 351 458
3073	3	1	24 356 393
3074	3	1	24 356 418
3075	3	1	24 359 418
3076	3	1	24 365 396
3077	3	1	24 365 458
3078	3	1	24 365 485
3079	3	1	24 393 458
3080	3	1	24 418 430
3081	3	1	24 418 482
3082	3	1	24 458 482
3083	3	1	25 30 176
3084	3	1	25 30 207
3085	3	1	25 30 409
3086	3	1	25 33 172
3087	3	1	25 33 409
3088	3	1	25 33 464
3089	3	1	25 33 465
3090	3	1	25 43 106
3091	3	1	25 43 212
3092	3	1	25 43 400
3093	3	1	25 43 437
3094	3	1	25 47 54
3095	3	1	25 47 61
3096	3	1	25 47 129
3097	3	1	25 47 296
3098	3	1	25 47 428
3099	3	1	25 47 462
3100	3	1	25 50 431
3101	3	1	25 50 500
3102	3	1	25 54 207
3103	3	1	25 54 400
3104	3	1	25 54 440
3105	3	1	25 61 176
3106	3	1	25 61 222
3107	3	1	25 61 396
3108	3	1	25 61 406
3109	3	1	25 61 462
3110	3	1	25 72 222
3111	3	1	25 72 361
3112	3	1	25 90 222
3113	3	1	25 90 440
3114	3	1	25 106 129
3115	3	1	25 106 468
3116	3	1	25 129 172
3117	3	1	25 129 396
3118	3	1	25 129 462
3119	3	1	25 129 481
3120	3	1	25 132 296
3121	3	1	25 132 423
3122	3	1	25 132 500
3123	3	1	25 172 176
3124	3	1	25 172 440
3125	3	1	25 176 296
3126	3	1	25 176 361
3127	3	1	25 207 233
3128	3	1	25 207 314
3129	3	1	25 212 291
3130	3	1	25 212 396
3131	3	1	25 212 406
3132	3	1	25 233 291
3133	3	1	25 233 296
3134	3	1	25 233 409
3135	3	1	25 233 437
3136	3	1	25 233 440
3137	3	1	25 233 459
3138	3	1	25 233 465
3139	3	1	25 233 468
3140	3	1	25 236 440
3141	3	1	25 258 431
3142	3	1	25 291 423
3143	3	1	25 291 446
3144	3	1	25 291 465
3145	3	1	25 296 396
3146	3	1	25 296 462
3147	3	1	25 314 459
3148	3	1	25 396 440
3149	3	1	25 406 423
3150	3	1	25 406 428
3151	3	1	25 406 446
3152	3	1	25 409 423
3153	3	1	25 409 437
3154	3	1	25 418 440
3155	3	1	25 418 468
3156	3	1	25 423 428
3157	3	1	25 428 446
3158	3	1	25 431 462
3159	3	1	25 437 462
3160	3	1	25 440 446
3161	3	1	25 459 462
3162	3	1	25 464 465
3163	3	1	26 57 75
3164	3	1	26 57 158
3165	3	1	26 57 240
3166	3	1	26 57 263
3167	3	1	26 57 355
3168	3	1	26 75 139
3169	3	1	26 75 158
3170	3	1	26 75 183
3171	3	1	26 75 355
3172	3	1	26 75 387
3173	3	1	26 139 251
3174	3	1	26 139 297
3175	3	1	26 139 355
3176	3	1	26 139 462
3177	3	1	26 139 469
3178	3	1	26 140 397
3179	3	1	26 140 455
3180	3	1	26 158 219
3181	3	1	26 158 300
3182	3	1	26 183 387
3183	3	1	26 183 400
3184	3	1	26 197 240
3185	3	1	26 197 469
3186	3	1	26 219 240
3187	3	1	26 219 397
3188	3	1	26 219 483
3189	3	1	26 219 486
3190	3	1	26 237 295
3191	3	1	26 237 300
3192	3	1	26 237 312
3193	3	1	26 237 387
3194	3	1	26 240 263
3195	3	1	26 240 266
3196	3	1	26 240 486
3197	3	1	26 240 495
3198	3	1	26 245 253
3199	3	1	26 245 312
3200	3	1	26 245 469
3201	3	1	26 245 497
3202	3	1	26 245 500
3203	3	1	26 251 266
3204	3	1	26 251 300
3205	3	1	26 251 355
3206	3	1	26 253 369
3207	3	1	26 253 397
3208	3	1	26 253 469
3209	3	1	26 253 495
3210	3	1	26 263 369
3211	3	1	26 263 500
3212	3	1	26 266 462
3213	3	1	26 295 312
3214	3	1	26 295 393
3215	3	1	26 295 497
3216	3	1	26 297 300
3217	3	1	26 297 428
3218	3	1	26 297 483
3219	3	1	26 297 495
3220	3	1	26 300 393
3221	3	1	26 355 483
3222	3	1	26 369 455
3223	3	1	26 379 469
3224	3	1	26 387 400
3225	3	1	26 393 500
3226	3	1	26 397 400
3227	3	1	26 486 497
3228	3	1	28 31 230
3229	3	1	28 31 333
3230	3	1	28 31 378
3231	3	1	28 31 383
3232	3	1	28 31 423
3233	3	1	28 63 96
3234	3	1	28 63 120
3235	3	1	28 63 258
3236	3	1	28 63 292
3237	3	1	28 63 326
3238	3	1	28 67 82
3239	3	1	28 71 282
3240	3	1	28 71 298
3241	3	1	28 71 300
3242	3	1	28 71 327
3243	3	1	28 71 386
3244	3	1	28 71 389
3245	3	1	28 71 485
3246	3	1	28 75 292
3247	3	1	28 75 355
3248	3	1	28 75 427
3249	3	1	28 75 475
3250	3	1	28 82 282
3251	3	1	28 82 300
3252	3	1	28 82 386
3253	3	1	28 82 389
3254	3	1	28 82 465
3255	3	1	28 90 232
3256	3	1	28 90 261
3257	3	1	28 90 300
3258	3	1	28 96 344
3259	3	1	28 96 378
3260	3	1	28 96 485
3261	3	1	28 120 172
3262	3	1	28 120 232
3263	3	1	28 130 297
3264	3	1	28 130 350
3265	3	1	28 130 427
3266	3	1	28 172 344
3267	3	1	28 172 355
3268	3	1	28 172 378
3269	3	1	28 230 261
3270	3	1	28 232 297
3271	3	1	28 232 355
3272	3	1	28 232 485
3273	3	1	28 233 326
3274	3	1	28 233 386
3275	3	1	28 233 465
3276	3	1	28 253 298
3277	3	1	28 253 311
3278	3	1	28 253 350
3279	3	1	28 257 292
3280	3	1	28 257 311
3281	3	1	28 257 327
3282	3	1	28 257 423
3283	3	1	28 257 465
3284	3	1	28 257 485
3285	3	1	28 258 297
3286	3	1	28 258 327
3287	3	1	28 258 378
3288	3	1	28 258 450
3289	3	1	28 258 485
3290	3	1	28 261 297
3291	3	1	28 261 328
3292	3	1	28 261 465
3293	3	1	28 261 475
3294	3	1	28 282 328
3295	3	1	28 282 335
3296	3	1	28 282 383
3297	3	1	28 282 450
3298	3	1	28 282 485
3299	3	1	28 292 311
3300	3	1	28 292 423
3301	3	1	28 297 300
3302	3	1	28 297 326
3303	3	1	28 297 450
3304	3	1	28 297 466
3305	3	1	28 298 344
3306	3	1	28 300 311
3307	3	1	28 300 326
3308	3	1	28 300 335
3309	3	1	28 311 327
3310	3	1	28 311 383
3311	3	1	28 311 416
3312	3	1	28 311 466
3313	3	1	28 326 383
3314	3	1	28 326 450
3315	3	1	28 326 466
3316	3	1	28 326 475
3317	3	1	28 327 427
3318	3	1	28 327 450
3319	3	1	28 327 475
3320	3	1	28 328 333
3321	3	1	28 328 335
3322	3	1	28 328 416
3323	3	1	28 333 386
3324	3	1	28 333 389
3325	3	1	28 333 466
3326	3	1	28 335 344
3327	3	1	28 335 475
3328	3	1	28 344 350
3329	3	1	28 344 450
3330	3	1	28 355 367
3331	3	1	28 355 389
3332	3	1	28 378 389
3333	3	1	28 378 427
3334	3	1	28 383 416
3335	3	1	28 383 465
3336	3	1	28 386 423
3337	3	1	28 416 475
3338	3	1	28 423 466
3339	3	1	28 466 475
3340	3	1	29 37 161
3341	3	1	29 37 278
3342	3	1	29 37 281
3343	3	1	29 37 385
3344	3	1	29 37 469
3345	3	1	29 62 318
3346	3	1	29 62 429
3347	3	1	29 66 221
3348	3	1	29 66 429
3349	3	1	29 66 443
3350	3	1	29 66 454
3351	3	1	29 97 153
3352	3	1	29 97 287
3353	3	1	29 97 359
3354	3	1	29 97 429
3355	3	1	29 97 483
3356	3	1	29 107 130
3357	3	1	29 107 204
3358	3	1	29 109 318
3359	3	1	29 109 443
3360	3	1	29 109 469
3361	3	1	29 130 237
3362	3	1	29 130 287
3363	3	1	29 130 318
3364	3	1	29 143 429
3365	3	1	29 143 454
3366	3	1	29 153 312
3367	3	1	29 153 347
3368	3	1	29 161 274
3369	3	1	29 186 237
3370	3	1	29 186 313
3371	3	1	29 186 359
3372	3	1	29 192 221
3373	3	1	29 192 347
3374	3	1	29 192 454
3375	3	1	29 204 281
3376	3	1	29 221 312
3377	3	1	29 221 448
3378	3	1	29 237 312
3379	3	1	29 237 359
3380	3	1	29 256 313
3381	3	1	29 274 287
3382	3	1	29 274 393
3383	3	1	29 278 287
3384	3	1	29 278 313
3385	3	1	29 278 422
3386	3	1	29 281 312
3387	3	1	29 281 422
3388	3	1	29 281 454
3389	3	1	29 287 312
3390	3	1	29 287 495
3391	3	1	29 312 359
3392	3	1	29 313 393
3393	3	1	29 313 454
3394	3	1	29 318 495
3395	3	1	29 347 429
3396	3	1	29 347 443
3397	3	1	29 359 422
3398	3	1	29 385 429
3399	3	1	29 429 444
3400	3	1	29 444 448
3401	3	1	30 41 59
3402	3	1	30 41 124
3403	3	1	30 41 177
3404	3	1	30 59 260
3405	3	1	30 59 365
3406	3	1	30 59 409
3407	3	1	30 82 302
3408	3	1	30 82 452
3409	3	1	30 116 170
3410	3	1	30 116 260
3411	3	1	30 116 322
3412	3	1	30 116 397
3413	3	1	30 116 491
3414	3	1	30 124 174
3415	3	1	30 124 176
3416	3	1	30 124 180
3417	3	1	30 124 193
3418	3	1	30 124 207
3419	3	1	30 124 225
3420	3	1	30 124 320
3421	3	1	30 149 322
3422	3	1	30 149 357
3423	3	1	30 149 410
3424	3	1	30 149 491
3425	3	1	30 170 355
3426	3	1	30 170 365
3427	3	1	30 170 410
3428	3	1	30 174 225
3429	3	1	30 174 397
3430	3	1	30 176 384
3431	3	1	30 176 477
3432	3	1	30 177 193
3433	3	1	30 177 322
3434	3	1	30 193 227
3435	3	1	30 193 397
3436	3	1	30 193 472
3437	3	1	30 207 225
3438	3	1	30 207 287
3439	3	1	30 207 355
3440	3	1	30 207 410
3441	3	1	30 225 311
3442	3	1	30 225 441
3443	3	1	30 227 346
3444	3	1	30 260 397
3445	3	1	30 260 399
3446	3	1	30 260 410
3447	3	1	30 287 397
3448	3	1	30 287 399
3449	3	1	30 287 441
3450	3	1	30 287 472
3451	3	1	30 302 346
3452	3	1	30 311 472
3453	3	1	30 320 385
3454	3	1	30 320 410
3455	3	1	30 320 472
3456	3	1	30 320 491
3457	3	1	30 322 357
3458	3	1	30 355 385
3459	3	1	30 365 397
3460	3	1	30 365 491
3461	3	1	30 384 441
3462	3	1	30 384 452
3463	3	1	30 385 452
3464	3	1	30 397 472
3465	3	1	30 399 491
3466	3	1	30 441 491
3467	3	1	30 452 477
3468	3	1	31 38 140
3469	3	1	31 38 397
3470	3	1	31 38 424
3471	3	1	31 38 430
3472	3	1	31 46 209
3473	3	1	31 46 242
3474	3	1	31 46 353
3475	3	1	31 46 435
3476	3	1	31 94 324
3477	3	1	31 94 399
3478	3	1	31 94 426
3479	3	1	31 94 500
3480	3	1	31 98 156
3481	3	1	31 98 209
3482	3	1	31 98 353
3483	3	1	31 98 426
3484	3	1	31 140 249
3485	3	1	31 140 391
3486	3	1	31 140 397
3487	3	1	31 140 426
3488	3	1	31 156 423
3489	3	1	31 164 186
3490	3	1	31 164 193
3491	3	1	31 186 424
3492	3	1	31 188 208
3493	3	1	31 188 383
3494	3	1	31 188 395
3495	3	1	31 188 500
3496	3	1	31 193 397
3497	3	1	31 193 433
3498	3	1	31 208 209
3499	3	1	31 208 376
3500	3	1	31 208 409
3501	3	1	31 208 424
3502	3	1	31 208 500
3503	3	1	31 209 376
3504	3	1	31 218 378
3505	3	1	31 218 423
3506	3	1	31 218 430
3507	3	1	31 246 426
3508	3	1	31 249 324
3509	3	1	31 249 391
3510	3	1	31 249 399
3511	3	1	31 249 426
3512	3	1	31 249 433
3513	3	1	31 324 376
3514	3	1	31 324 430
3515	3	1	31 333 353
3516	3	1	31 353 376
3517	3	1	31 353 426
3518	3	1	31 353 433
3519	3	1	31 353 435
3520	3	1	31 353 500
3521	3	1	31 376 378
3522	3	1	31 376 423
3523	3	1	31 376 435
3524	3	1	31 378 395
3525	3	1	31 391 424
3526	3	1	31 397 424
3527	3	1	31 399 430
3528	3	1	31 409 423
3529	3	1	31 423 435
3530	3	1	31 430 500
3531	3	1	33 48 79
3532	3	1	33 48 153
3533	3	1	33 48 211
3534	3	1	33 48 228
3535	3	1	33 59 101
3536	3	1	33 59 136
3537	3	1	33 59 137
3538	3	1	33 59 260
3539	3	1	33 59 261
3540	3	1	33 59 409
3541	3	1	33 59 484
3542	3	1	33 69 172
3543	3	1	33 69 246
3544	3	1	33 76 80
3545	3	1	33 76 153
3546	3	1	33 76 286
3547	3	1	33 79 208
3548	3	1	33 79 457
3549	3	1	33 79 464
3550	3	1	33 79 484
3551	3	1	33 80 318
3552	3	1	33 80 457
3553	3	1	33 101 261
3554	3	1	33 101 389
3555	3	1	33 101 464
3556	3	1	33 101 465
3557	3	1	33 136 153
3558	3	1	33 136 172
3559	3	1	33 136 186
3560	3	1	33 136 228
3561	3	1	33 136 276
3562	3	1	33 136 465
3563	3	1	33 137 261
3564	3	1	33 137 484
3565	3	1	33 141 153
3566	3	1	33 141 186
3567	3	1	33 141 389
3568	3	1	33 141 409
3569	3	1	33 141 457
3570	3	1	33 141 465
3571	3	1	33 153 211
3572	3	1	33 153 489
3573	3	1	33 172 208
3574	3	1	33 172 246
3575	3	1	33 172 315
3576	3	1	33 172 432
3577	3	1	33 186 211
3578	3	1	33 186 294
3579	3	1	33 186 304
3580	3	1	33 186 465
3581	3	1	33 192 294
3582	3	1	33 192 389
3583	3	1	33 192 465
3584	3	1	33 192 473
3585	3	1	33 208 261
3586	3	1	33 208 409
3587	3	1	33 208 410
3588	3	1	33 208 473
3589	3	1	33 211 246
3590	3	1	33 211 409
3591	3	1	33 211 411
3592	3	1	33 211 464
3593	3	1	33 228 389
3594	3	1	33 228 473
3595	3	1	33 246 276
3596	3	1	33 260 318
3597	3	1	33 260 319
3598	3	1	33 260 410
3599	3	1	33 260 465
3600	3	1	33 260 489
3601	3	1	33 261 411
3602	3	1	33 261 465
3603	3	1	33 261 473
3604	3	1	33 286 410
3605	3	1	33 286 432
3606	3	1	33 286 457
3607	3	1	33 304 473
3608	3	1	33 315 318
3609	3	1	33 315 389
3610	3	1	33 315 464
3611	3	1	33 318 484
3612	3	1	33 319 466
3613	3	1	33 327 353
3614	3	1	33 353 411
3615	3	1	33 353 465
3616	3	1	33 389 457
3617	3	1	33 389 464
3618	3	1	33 409 411
3619	3	1	33 409 432
3620	3	1	33 409 484
3621	3	1	33 411 457
3622	3	1	33 457 466
3623	3	1	33 464 465
3624	3	1	33 464 466
3625	3	1	33 464 484
3626	3	1	33 464 489
3627	3	1	34 49 51
3628	3	1	34 49 122
3629	3	1	34 49 321
3630	3	1	34 49 332
3631	3	1	34 49 469
3632	3	1	34 63 92
3633	3	1	34 63 120
3634	3	1	34 63 123
3635	3	1	34 63 365
3636	3	1	34 63 445
3637	3	1	34 69 107
3638	3	1	34 69 123
3639	3	1	34 69 170
3640	3	1	34 69 268
3641	3	1	34 69 469
3642	3	1	34 73 122
3643	3	1	34 73 261
3644	3	1	34 73 354
3645	3	1	34 86 106
3646	3	1	34 86 321
3647	3	1	34 86 372
3648	3	1	34 92 134
3649	3	1	34 92 354
3650	3	1	34 106 123
3651	3	1	34 106 208
3652	3	1	34 107 134
3653	3	1	34 107 386
3654	3	1	34 109 261
3655	3	1	34 109 268
3656	3	1	34 109 332
3657	3	1	34 109 469
3658	3	1	34 109 480
3659	3	1	34 120 134
3660	3	1	34 120 409
3661	3	1	34 122 423
3662	3	1	34 123 452
3663	3	1	34 123 480
3664	3	1	34 133 141
3665	3	1	34 133 372
3666	3	1	34 133 437
3667	3	1	34 134 261
3668	3	1	34 134 386
3669	3	1	34 141 170
3670	3	1	34 141 227
3671	3	1	34 141 386
3672	3	1	34 141 409
3673	3	1	34 159 260
3674	3	1	34 159 437
3675	3	1	34 159 489
3676	3	1	34 170 321
3677	3	1	34 170 365
3678	3	1	34 170 366
3679	3	1	34 170 423
3680	3	1	34 170 445
3681	3	1	34 170 489
3682	3	1	34 208 261
3683	3	1	34 208 268
3684	3	1	34 208 409
3685	3	1	34 208 437
3686	3	1	34 227 305
3687	3	1	34 227 437
3688	3	1	34 260 386
3689	3	1	34 260 489
3690	3	1	34 261 480
3691	3	1	34 268 332
3692	3	1	34 268 423
3693	3	1	34 268 469
3694	3	1	34 321 396
3695	3	1	34 332 409
3696	3	1	34 332 423
3697	3	1	34 332 452
3698	3	1	34 354 489
3699	3	1	34 365 396
3700	3	1	34 372 423
3701	3	1	34 372 480
3702	3	1	34 372 489
3703	3	1	34 386 423
3704	3	1	34 396 440
3705	3	1	34 396 452
3706	3	1	34 409 423
3707	3	1	34 409 437
3708	3	1	34 423 489
3709	3	1	34 480 489
3710	3	1	35 41 132
3711	3	1	35 41 251
3712	3	1	35 41 258
3713	3	1	35 77 112
3714	3	1	35 77 380
3715	3	1	35 77 448
3716	3	1	35 112 175
3717	3	1	35 112 448
3718	3	1	35 132 380
3719	3	1	35 183 383
3720	3	1	35 183 440
3721	3	1	35 251 356
3722	3	1	35 258 371
3723	3	1	35 258 398
3724	3	1	35 258 448
3725	3	1	35 333 356
3726	3	1	35 333 448
3727	3	1	35 333 487
3728	3	1	35 356 380
3729	3	1	35 356 453
3730	3	1	35 371 383
3731	3	1	35 380 398
3732	3	1	35 453 454
3733	3	1	36 52 126
3734	3	1	36 52 135
3735	3	1	36 52 237
3736	3	1	36 52 274
3737	3	1	36 52 295
3738	3	1	36 52 489
3739	3	1	36 126 153
3740	3	1	36 126 240
3741	3	1	36 126 363
3742	3	1	36 126 406
3743	3	1	36 126 489
3744	3	1	36 135 274
3745	3	1	36 135 314
3746	3	1	36 135 337
3747	3	1	36 153 156
3748	3	1	36 153 314
3749	3	1	36 153 337
3750	3	1	36 153 363
3751	3	1	36 153 489
3752	3	1	36 156 337
3753	3	1	36 171 199
3754	3	1	36 171 304
3755	3	1	36 171 337
3756	3	1	36 171 367
3757	3	1	36 199 202
3758	3	1	36 199 286
3759	3	1	36 202 333
3760	3	1	36 223 361
3761	3	1	36 223 410
3762	3	1	36 223 413
3763	3	1	36 237 295
3764	3	1	36 240 263
3765	3	1	36 240 329
3766	3	1	36 240 495
3767	3	1	36 263 274
3768	3	1	36 281 334
3769	3	1	36 281 413
3770	3	1	36 286 314
3771	3	1	36 286 386
3772	3	1	36 286 410
3773	3	1	36 286 495
3774	3	1	36 314 413
3775	3	1	36 329 379
3776	3	1	36 329 495
3777	3	1	36 333 379
3778	3	1	36 333 386
3779	3	1	36 334 367
3780	3	1	36 334 379
3781	3	1	36 334 445
3782	3	1	36 337 413
3783	3	1	36 363 410
3784	3	1	36 367 495
3785	3	1	36 379 410
3786	3	1	36 386 406
3787	3	1	36 386 410
3788	3	1	36 386 413
3789	3	1	37 44 224
3790	3	1	37 44 248
3791	3	1	37 44 497
3792	3	1	37 49 228
3793	3	1	37 49 469
3794	3	1	37 93 342
3795	3	1	37 105 161
3796	3	1	37 105 351
3797	3	1	37 105 453
3798	3	1	37 161 217
3799	3	1	37 161 224
3800	3	1	37 161 354
3801	3	1	37 166 250
3802	3	1	37 166 385
3803	3	1	37 166 469
3804	3	1	37 217 224
3805	3	1	37 217 278
3806	3	1	37 223 248
3807	3	1	37 223 250
3808	3	1	37 223 289
3809	3	1	37 223 500
3810	3	1	37 224 277
3811	3	1	37 224 341
3812	3	1	37 228 269
3813	3	1	37 245 469
3814	3	1	37 245 497
3815	3	1	37 245 500
3816	3	1	37 248 341
3817	3	1	37 248 497
3818	3	1	37 250 278
3819	3	1	37 250 342
3820	3	1	37 263 269
3821	3	1	37 263 277
3822	3	1	37 263 449
3823	3	1	37 263 500
3824	3	1	37 269 322
3825	3	1	37 277 289
3826	3	1	37 278 351
3827	3	1	37 278 387
3828	3	1	37 278 497
3829	3	1	37 281 322
3830	3	1	37 281 449
3831	3	1	37 281 500
3832	3	1	37 286 338
3833	3	1	37 289 385
3834	3	1	37 322 351
3835	3	1	37 338 500
3836	3	1	37 342 459
3837	3	1	37 351 497
3838	3	1	37 354 453
3839	3	1	37 354 459
3840	3	1	37 385 453
3841	3	1	37 449 469
3842	3	1	37 449 497
3843	3	1	37 449 500
3844	3	1	38 55 124
3845	3	1	38 60 258
3846	3	1	38 60 302
3847	3	1	38 60 453
3848	3	1	38 78 163
3849	3	1	38 103 424
3850	3	1	38 110 124
3851	3	1	38 110 258
3852	3	1	38 112 145
3853	3	1	38 112 174
3854	3	1	38 112 401
3855	3	1	38 112 482
3856	3	1	38 124 174
3857	3	1	38 124 297
3858	3	1	38 139 297
3859	3	1	38 139 370
3860	3	1	38 139 430
3861	3	1	38 140 238
3862	3	1	38 140 397
3863	3	1	38 145 238
3864	3	1	38 145 453
3865	3	1	38 145 457
3866	3	1	38 163 174
3867	3	1	38 163 264
3868	3	1	38 174 345
3869	3	1	38 174 397
3870	3	1	38 238 345
3871	3	1	38 253 397
3872	3	1	38 253 424
3873	3	1	38 253 453
3874	3	1	38 253 482
3875	3	1	38 258 297
3876	3	1	38 258 431
3877	3	1	38 262 326
3878	3	1	38 264 457
3879	3	1	38 297 302
3880	3	1	38 297 326
3881	3	1	38 297 430
3882	3	1	38 302 482
3883	3	1	38 326 424
3884	3	1	38 370 406
3885	3	1	38 370 453
3886	3	1	38 370 472
3887	3	1	38 370 482
3888	3	1	38 397 424
3889	3	1	38 397 472
3890	3	1	38 406 424
3891	3	1	38 424 472
3892	3	1	38 430 453
3893	3	1	40 41 43
3894	3	1	40 41 89
3895	3	1	40 41 201
3896	3	1	40 41 391
3897	3	1	40 41 485
3898	3	1	40 43 95
3899	3	1	40 43 268
3900	3	1	40 43 476
3901	3	1	40 89 201
3902	3	1	40 89 274
3903	3	1	40 89 291
3904	3	1	40 93 95
3905	3	1	40 93 304
3906	3	1	40 95 105
3907	3	1	40 95 233
3908	3	1	40 95 446
3909	3	1	40 102 105
3910	3	1	40 102 267
3911	3	1	40 102 432
3912	3	1	40 102 446
3913	3	1	40 102 464
3914	3	1	40 105 218
3915	3	1	40 105 476
3916	3	1	40 105 485
3917	3	1	40 170 376
3918	3	1	40 201 485
3919	3	1	40 208 268
3920	3	1	40 208 274
3921	3	1	40 208 376
3922	3	1	40 218 268
3923	3	1	40 233 291
3924	3	1	40 233 391
3925	3	1	40 267 464
3926	3	1	40 268 391
3927	3	1	40 268 464
3928	3	1	40 268 485
3929	3	1	40 274 291
3930	3	1	40 274 432
3931	3	1	40 274 485
3932	3	1	40 278 304
3933	3	1	40 278 446
3934	3	1	40 291 391
3935	3	1	40 291 446
3936	3	1	40 406 446
3937	3	1	40 406 476
3938	3	1	41 43 152
3939	3	1	41 43 281
3940	3	1	41 53 239
3941	3	1	41 53 264
3942	3	1	41 53 324
3943	3	1	41 54 251
3944	3	1	41 59 171
3945	3	1	41 66 152
3946	3	1	41 66 201
3947	3	1	41 66 239
3948	3	1	41 66 485
3949	3	1	41 89 107
3950	3	1	41 89 120
3951	3	1	41 89 201
3952	3	1	41 89 251
3953	3	1	41 89 258
3954	3	1	41 89 281
3955	3	1	41 107 134
3956	3	1	41 107 324
3957	3	1	41 114 152
3958	3	1	41 114 177
3959	3	1	41 114 342
3960	3	1	41 120 134
3961	3	1	41 120 239
3962	3	1	41 124 171
3963	3	1	41 124 239
3964	3	1	41 124 251
3965	3	1	41 132 470
3966	3	1	41 134 201
3967	3	1	41 134 264
3968	3	1	41 152 281
3969	3	1	41 152 344
3970	3	1	41 155 201
3971	3	1	41 155 470
3972	3	1	41 201 485
3973	3	1	41 251 413
3974	3	1	41 258 485
3975	3	1	41 281 324
3976	3	1	41 281 404
3977	3	1	41 281 413
3978	3	1	41 281 485
3979	3	1	41 281 486
3980	3	1	41 288 342
3981	3	1	41 324 485
3982	3	1	41 324 486
3983	3	1	41 342 344
3984	3	1	41 342 404
3985	3	1	41 344 470
3986	3	1	41 374 470
3987	3	1	41 413 470
3988	3	1	42 50 185
3989	3	1	42 50 353
3990	3	1	42 50 405
3991	3	1	42 50 431
3992	3	1	42 50 443
3993	3	1	42 50 491
3994	3	1	42 54 251
3995	3	1	42 54 326
3996	3	1	42 54 405
3997	3	1	42 54 491
3998	3	1	42 59 136
3999	3	1	42 59 171
4000	3	1	42 59 297
4001	3	1	42 59 376
4002	3	1	42 81 301
4003	3	1	42 81 332
4004	3	1	42 105 185
4005	3	1	42 105 294
4006	3	1	42 105 437
4007	3	1	42 105 443
4008	3	1	42 105 495
4009	3	1	42 120 166
4010	3	1	42 120 301
4011	3	1	42 120 368
4012	3	1	42 120 387
4013	3	1	42 133 283
4014	3	1	42 133 376
4015	3	1	42 133 437
4016	3	1	42 136 175
4017	3	1	42 160 175
4018	3	1	42 160 444
4019	3	1	42 160 486
4020	3	1	42 166 268
4021	3	1	42 166 385
4022	3	1	42 166 412
4023	3	1	42 166 495
4024	3	1	42 171 385
4025	3	1	42 171 412
4026	3	1	42 171 437
4027	3	1	42 171 443
4028	3	1	42 175 283
4029	3	1	42 175 326
4030	3	1	42 175 368
4031	3	1	42 175 437
4032	3	1	42 177 443
4033	3	1	42 177 454
4034	3	1	42 185 486
4035	3	1	42 190 251
4036	3	1	42 190 268
4037	3	1	42 190 431
4038	3	1	42 190 486
4039	3	1	42 240 486
4040	3	1	42 240 495
4041	3	1	42 241 316
4042	3	1	42 241 326
4043	3	1	42 241 368
4044	3	1	42 268 332
4045	3	1	42 268 431
4046	3	1	42 283 316
4047	3	1	42 283 326
4048	3	1	42 294 376
4049	3	1	42 294 387
4050	3	1	42 297 326
4051	3	1	42 297 368
4052	3	1	42 297 454
4053	3	1	42 297 495
4054	3	1	42 316 495
4055	3	1	42 326 332
4056	3	1	42 326 412
4057	3	1	42 332 376
4058	3	1	42 353 376
4059	3	1	42 368 387
4060	3	1	42 376 412
4061	3	1	42 376 444
4062	3	1	42 405 443
4063	3	1	42 437 495
4064	3	1	42 444 486
4065	3	1	42 486 491
4066	3	1	43 75 221
4067	3	1	43 84 412
4068	3	1	43 95 98
4069	3	1	43 95 127
4070	3	1	43 95 203
4071	3	1	43 98 281
4072	3	1	43 98 364
4073	3	1	43 103 127
4074	3	1	43 103 437
4075	3	1	43 106 226
4076	3	1	43 106 277
4077	3	1	43 106 397
4078	3	1	43 106 482
4079	3	1	43 127 302
4080	3	1	43 138 238
4081	3	1	43 138 351
4082	3	1	43 138 412
4083	3	1	43 138 437
4084	3	1	43 138 482
4085	3	1	43 140 150
4086	3	1	43 140 238
4087	3	1	43 140 397
4088	3	1	43 140 434
4089	3	1	43 140 455
4090	3	1	43 150 364
4091	3	1	43 152 281
4092	3	1	43 152 293
4093	3	1	43 180 221
4094	3	1	43 180 455
4095	3	1	43 203 268
4096	3	1	43 212 351
4097	3	1	43 212 473
4098	3	1	43 221 226
4099	3	1	43 226 302
4100	3	1	43 226 473
4101	3	1	43 238 351
4102	3	1	43 238 400
4103	3	1	43 238 496
4104	3	1	43 268 455
4105	3	1	43 277 366
4106	3	1	43 277 397
4107	3	1	43 277 434
4108	3	1	43 281 366
4109	3	1	43 281 476
4110	3	1	43 281 482
4111	3	1	43 293 434
4112	3	1	43 293 437
4113	3	1	43 293 455
4114	3	1	43 297 302
4115	3	1	43 297 364
4116	3	1	43 297 483
4117	3	1	43 297 496
4118	3	1	43 302 482
4119	3	1	43 364 482
4120	3	1	43 366 434
4121	3	1	43 397 400
4122	3	1	43 397 476
4123	3	1	43 412 476
4124	3	1	43 412 496
4125	3	1	43 434 455
4126	3	1	43 473 476
4127	3	1	43 476 496
4128	3	1	44 46 89
4129	3	1	44 46 135
4130	3	1	44 46 170
4131	3	1	44 46 328
4132	3	1	44 46 439
4133	3	1	44 46 457
4134	3	1	44 73 251
4135	3	1	44 73 337
4136	3	1	44 80 121
4137	3	1	44 80 424
4138	3	1	44 80 457
4139	3	1	44 86 135
4140	3	1	44 89 251
4141	3	1	44 89 462
4142	3	1	44 89 489
4143	3	1	44 108 176
4144	3	1	44 108 189
4145	3	1	44 108 365
4146	3	1	44 109 243
4147	3	1	44 109 399
4148	3	1	44 135 314
4149	3	1	44 135 337
4150	3	1	44 170 248
4151	3	1	44 170 329
4152	3	1	44 170 365
4153	3	1	44 170 376
4154	3	1	44 170 489
4155	3	1	44 176 189
4156	3	1	44 189 251
4157	3	1	44 189 439
4158	3	1	44 189 497
4159	3	1	44 224 329
4160	3	1	44 224 399
4161	3	1	44 224 457
4162	3	1	44 248 437
4163	3	1	44 248 491
4164	3	1	44 248 497
4165	3	1	44 302 328
4166	3	1	44 302 329
4167	3	1	44 307 329
4168	3	1	44 307 365
4169	3	1	44 307 399
4170	3	1	44 307 439
4171	3	1	44 314 457
4172	3	1	44 328 329
4173	3	1	44 337 365
4174	3	1	44 337 437
4175	3	1	44 337 462
4176	3	1	44 365 491
4177	3	1	44 376 386
4178	3	1	44 386 457
4179	3	1	44 399 491
4180	3	1	44 399 497
4181	3	1	44 424 489
4182	3	1	44 437 439
4183	3	1	44 437 462
4184	3	1	45 49 51
4185	3	1	45 49 228
4186	3	1	45 49 323
4187	3	1	45 49 332
4188	3	1	45 49 367
4189	3	1	45 49 443
4190	3	1	45 49 468
4191	3	1	45 51 90
4192	3	1	45 51 162
4193	3	1	45 51 367
4194	3	1	45 51 443
4195	3	1	45 51 482
4196	3	1	45 54 97
4197	3	1	45 54 251
4198	3	1	45 54 367
4199	3	1	45 54 475
4200	3	1	45 80 383
4201	3	1	45 81 90
4202	3	1	45 81 128
4203	3	1	45 81 332
4204	3	1	45 81 468
4205	3	1	45 84 99
4206	3	1	45 84 165
4207	3	1	45 84 409
4208	3	1	45 84 450
4209	3	1	45 88 165
4210	3	1	45 88 328
4211	3	1	45 89 162
4212	3	1	45 89 181
4213	3	1	45 89 206
4214	3	1	45 89 251
4215	3	1	45 89 291
4216	3	1	45 90 134
4217	3	1	45 90 152
4218	3	1	45 90 162
4219	3	1	45 90 165
4220	3	1	45 90 232
4221	3	1	45 91 128
4222	3	1	45 91 162
4223	3	1	45 91 272
4224	3	1	45 91 383
4225	3	1	45 91 406
4226	3	1	45 91 468
4227	3	1	45 97 128
4228	3	1	45 97 357
4229	3	1	45 99 134
4230	3	1	45 99 148
4231	3	1	45 99 232
4232	3	1	45 99 256
4233	3	1	45 99 367
4234	3	1	45 99 383
4235	3	1	45 128 129
4236	3	1	45 128 272
4237	3	1	45 129 332
4238	3	1	45 134 148
4239	3	1	45 134 468
4240	3	1	45 148 250
4241	3	1	45 148 367
4242	3	1	45 148 383
4243	3	1	45 148 482
4244	3	1	45 149 251
4245	3	1	45 149 357
4246	3	1	45 149 367
4247	3	1	45 152 443
4248	3	1	45 152 468
4249	3	1	45 162 232
4250	3	1	45 162 250
4251	3	1	45 162 311
4252	3	1	45 162 450
4253	3	1	45 165 291
4254	3	1	45 165 366
4255	3	1	45 165 482
4256	3	1	45 181 228
4257	3	1	45 181 323
4258	3	1	45 181 477
4259	3	1	45 206 251
4260	3	1	45 228 232
4261	3	1	45 228 443
4262	3	1	45 232 266
4263	3	1	45 232 409
4264	3	1	45 250 291
4265	3	1	45 250 366
4266	3	1	45 251 266
4267	3	1	45 256 445
4268	3	1	45 256 482
4269	3	1	45 266 332
4270	3	1	45 266 409
4271	3	1	45 272 311
4272	3	1	45 291 443
4273	3	1	45 311 323
4274	3	1	45 311 383
4275	3	1	45 323 406
4276	3	1	45 328 409
4277	3	1	45 332 367
4278	3	1	45 332 409
4279	3	1	45 366 383
4280	3	1	45 366 450
4281	3	1	45 366 468
4282	3	1	45 383 468
4283	3	1	45 409 482
4284	3	1	45 443 477
4285	3	1	45 445 477
4286	3	1	45 445 482
4287	3	1	45 468 475
4288	3	1	46 59 83
4289	3	1	46 59 162
4290	3	1	46 61 405
4291	3	1	46 61 406
4292	3	1	46 66 206
4293	3	1	46 66 209
4294	3	1	46 66 405
4295	3	1	46 66 406
4296	3	1	46 66 485
4297	3	1	46 83 116
4298	3	1	46 83 342
4299	3	1	46 83 435
4300	3	1	46 83 457
4301	3	1	46 83 483
4302	3	1	46 83 486
4303	3	1	46 89 107
4304	3	1	46 89 162
4305	3	1	46 89 206
4306	3	1	46 89 281
4307	3	1	46 89 435
4308	3	1	46 104 116
4309	3	1	46 104 242
4310	3	1	46 104 406
4311	3	1	46 104 459
4312	3	1	46 107 202
4313	3	1	46 107 353
4314	3	1	46 116 170
4315	3	1	46 116 295
4316	3	1	46 116 342
4317	3	1	46 116 406
4318	3	1	46 116 486
4319	3	1	46 132 445
4320	3	1	46 135 310
4321	3	1	46 138 206
4322	3	1	46 138 477
4323	3	1	46 149 357
4324	3	1	46 162 281
4325	3	1	46 162 310
4326	3	1	46 162 400
4327	3	1	46 162 485
4328	3	1	46 170 342
4329	3	1	46 170 445
4330	3	1	46 202 310
4331	3	1	46 202 328
4332	3	1	46 202 439
4333	3	1	46 242 341
4334	3	1	46 242 445
4335	3	1	46 242 459
4336	3	1	46 281 328
4337	3	1	46 281 485
4338	3	1	46 281 486
4339	3	1	46 295 357
4340	3	1	46 295 459
4341	3	1	46 299 459
4342	3	1	46 299 477
4343	3	1	46 310 459
4344	3	1	46 341 353
4345	3	1	46 341 457
4346	3	1	46 342 357
4347	3	1	46 342 435
4348	3	1	46 342 445
4349	3	1	46 342 459
4350	3	1	46 353 435
4351	3	1	46 353 459
4352	3	1	46 353 477
4353	3	1	46 405 485
4354	3	1	46 445 477
4355	3	1	46 477 483
4356	3	1	46 477 485
4357	3	1	47 54 140
4358	3	1	47 54 326
4359	3	1	47 54 367
4360	3	1	47 56 76
4361	3	1	47 56 129
4362	3	1	47 56 209
4363	3	1	47 56 441
4364	3	1	47 61 326
4365	3	1	47 61 411
4366	3	1	47 61 443
4367	3	1	47 61 448
4368	3	1	47 61 462
4369	3	1	47 64 70
4370	3	1	47 64 248
4371	3	1	47 64 269
4372	3	1	47 64 296
4373	3	1	47 64 412
4374	3	1	47 64 448
4375	3	1	47 66 209
4376	3	1	47 66 239
4377	3	1	47 66 296
4378	3	1	47 66 443
4379	3	1	47 68 411
4380	3	1	47 68 476
4381	3	1	47 70 103
4382	3	1	47 70 139
4383	3	1	47 70 326
4384	3	1	47 70 366
4385	3	1	47 70 367
4386	3	1	47 76 129
4387	3	1	47 76 139
4388	3	1	47 76 140
4389	3	1	47 76 355
4390	3	1	47 76 366
4391	3	1	47 103 109
4392	3	1	47 103 218
4393	3	1	47 103 309
4394	3	1	47 103 318
4395	3	1	47 103 367
4396	3	1	47 109 296
4397	3	1	47 109 318
4398	3	1	47 109 443
4399	3	1	47 124 218
4400	3	1	47 124 239
4401	3	1	47 124 250
4402	3	1	47 124 497
4403	3	1	47 129 355
4404	3	1	47 129 462
4405	3	1	47 139 209
4406	3	1	47 139 218
4407	3	1	47 139 355
4408	3	1	47 139 441
4409	3	1	47 139 448
4410	3	1	47 139 462
4411	3	1	47 140 175
4412	3	1	47 140 248
4413	3	1	47 175 326
4414	3	1	47 209 293
4415	3	1	47 209 367
4416	3	1	47 209 462
4417	3	1	47 218 318
4418	3	1	47 218 411
4419	3	1	47 226 403
4420	3	1	47 226 428
4421	3	1	47 239 269
4422	3	1	47 248 497
4423	3	1	47 250 309
4424	3	1	47 250 366
4425	3	1	47 250 428
4426	3	1	47 296 367
4427	3	1	47 296 411
4428	3	1	47 296 462
4429	3	1	47 309 443
4430	3	1	47 326 412
4431	3	1	47 326 448
4432	3	1	47 355 364
4433	3	1	47 355 367
4434	3	1	47 364 462
4435	3	1	47 366 462
4436	3	1	47 366 497
4437	3	1	47 412 448
4438	3	1	47 412 476
4439	3	1	47 462 476
4440	3	1	48 79 116
4441	3	1	48 79 150
4442	3	1	48 79 430
4443	3	1	48 96 240
4444	3	1	48 96 430
4445	3	1	48 106 148
4446	3	1	48 106 433
4447	3	1	48 112 145
4448	3	1	48 116 430
4449	3	1	48 116 486
4450	3	1	48 132 445
4451	3	1	48 140 150
4452	3	1	48 140 157
4453	3	1	48 140 171
4454	3	1	48 140 303
4455	3	1	48 140 434
4456	3	1	48 145 185
4457	3	1	48 145 211
4458	3	1	48 145 434
4459	3	1	48 145 496
4460	3	1	48 148 240
4461	3	1	48 148 430
4462	3	1	48 148 435
4463	3	1	48 150 228
4464	3	1	48 150 242
4465	3	1	48 150 251
4466	3	1	48 150 479
4467	3	1	48 153 157
4468	3	1	48 153 200
4469	3	1	48 153 211
4470	3	1	48 153 231
4471	3	1	48 153 251
4472	3	1	48 157 251
4473	3	1	48 157 445
4474	3	1	48 157 496
4475	3	1	48 171 292
4476	3	1	48 176 219
4477	3	1	48 176 486
4478	3	1	48 185 486
4479	3	1	48 200 434
4480	3	1	48 211 251
4481	3	1	48 211 321
4482	3	1	48 219 240
4483	3	1	48 219 264
4484	3	1	48 219 460
4485	3	1	48 219 486
4486	3	1	48 228 232
4487	3	1	48 228 242
4488	3	1	48 231 232
4489	3	1	48 231 240
4490	3	1	48 231 321
4491	3	1	48 231 445
4492	3	1	48 232 430
4493	3	1	48 240 430
4494	3	1	48 240 486
4495	3	1	48 242 445
4496	3	1	48 242 479
4497	3	1	48 292 433
4498	3	1	48 292 445
4499	3	1	48 303 430
4500	3	1	48 321 430
4501	3	1	48 430 479
4502	3	1	48 434 445
4503	3	1	48 445 479
4504	3	1	49 51 157
4505	3	1	49 51 243
4506	3	1	49 51 346
4507	3	1	49 51 367
4508	3	1	49 51 384
4509	3	1	49 51 443
4510	3	1	49 57 321
4511	3	1	49 57 395
4512	3	1	49 57 488
4513	3	1	49 71 468
4514	3	1	49 78 332
4515	3	1	49 78 346
4516	3	1	49 78 443
4517	3	1	49 83 122
4518	3	1	49 83 193
4519	3	1	49 83 346
4520	3	1	49 122 335
4521	3	1	49 122 395
4522	3	1	49 157 204
4523	3	1	49 193 243
4524	3	1	49 193 265
4525	3	1	49 193 416
4526	3	1	49 193 466
4527	3	1	49 193 468
4528	3	1	49 204 231
4529	3	1	49 204 243
4530	3	1	49 204 323
4531	3	1	49 228 242
4532	3	1	49 228 258
4533	3	1	49 228 443
4534	3	1	49 231 257
4535	3	1	49 231 321
4536	3	1	49 242 257
4537	3	1	49 242 420
4538	3	1	49 242 466
4539	3	1	49 258 323
4540	3	1	49 258 429
4541	3	1	49 258 488
4542	3	1	49 265 332
4543	3	1	49 265 395
4544	3	1	49 265 420
4545	3	1	49 321 367
4546	3	1	49 321 395
4547	3	1	49 321 466
4548	3	1	49 332 367
4549	3	1	49 346 443
4550	3	1	49 346 468
4551	3	1	49 367 384
4552	3	1	49 395 469
4553	3	1	49 395 487
4554	3	1	49 420 468
4555	3	1	49 429 488
4556	3	1	49 461 469
4557	3	1	49 461 488
4558	3	1	49 468 469
4559	3	1	50 55 321
4560	3	1	50 56 75
4561	3	1	50 56 99
4562	3	1	50 56 138
4563	3	1	50 56 429
4564	3	1	50 56 475
4565	3	1	50 62 261
4566	3	1	50 62 264
4567	3	1	50 62 286
4568	3	1	50 62 429
4569	3	1	50 62 431
4570	3	1	50 67 108
4571	3	1	50 70 75
4572	3	1	50 70 139
4573	3	1	50 70 143
4574	3	1	50 70 286
4575	3	1	50 75 108
4576	3	1	50 75 139
4577	3	1	50 75 183
4578	3	1	50 75 286
4579	3	1	50 75 287
4580	3	1	50 75 475
4581	3	1	50 99 264
4582	3	1	50 99 383
4583	3	1	50 99 411
4584	3	1	50 99 500
4585	3	1	50 108 139
4586	3	1	50 108 183
4587	3	1	50 108 231
4588	3	1	50 108 287
4589	3	1	50 108 475
4590	3	1	50 138 287
4591	3	1	50 138 489
4592	3	1	50 139 370
4593	3	1	50 143 266
4594	3	1	50 143 285
4595	3	1	50 143 429
4596	3	1	50 183 353
4597	3	1	50 183 383
4598	3	1	50 185 287
4599	3	1	50 231 321
4600	3	1	50 231 431
4601	3	1	50 253 405
4602	3	1	50 261 285
4603	3	1	50 261 411
4604	3	1	50 261 413
4605	3	1	50 261 475
4606	3	1	50 264 285
4607	3	1	50 264 333
4608	3	1	50 264 443
4609	3	1	50 279 321
4610	3	1	50 279 405
4611	3	1	50 285 411
4612	3	1	50 285 429
4613	3	1	50 287 489
4614	3	1	50 321 405
4615	3	1	50 321 475
4616	3	1	50 333 353
4617	3	1	50 333 431
4618	3	1	50 353 411
4619	3	1	50 353 413
4620	3	1	50 353 429
4621	3	1	50 353 500
4622	3	1	50 373 405
4623	3	1	50 373 431
4624	3	1	50 373 491
4625	3	1	50 383 413
4626	3	1	50 405 443
4627	3	1	50 405 500
4628	3	1	50 413 475
4629	3	1	50 475 491
4630	3	1	51 56 384
4631	3	1	51 67 157
4632	3	1	51 67 224
4633	3	1	51 70 326
4634	3	1	51 70 367
4635	3	1	51 70 484
4636	3	1	51 90 162
4637	3	1	51 90 223
4638	3	1	51 90 224
4639	3	1	51 90 325
4640	3	1	51 104 274
4641	3	1	51 104 326
4642	3	1	51 140 157
4643	3	1	51 140 248
4644	3	1	51 140 285
4645	3	1	51 157 314
4646	3	1	51 157 325
4647	3	1	51 162 176
4648	3	1	51 176 325
4649	3	1	51 176 384
4650	3	1	51 223 248
4651	3	1	51 223 413
4652	3	1	51 224 457
4653	3	1	51 224 484
4654	3	1	51 243 274
4655	3	1	51 243 326
4656	3	1	51 275 326
4657	3	1	51 314 413
4658	3	1	51 314 457
4659	3	1	51 314 484
4660	3	1	51 319 367
4661	3	1	51 325 326
4662	3	1	51 346 443
4663	3	1	51 346 494
4664	3	1	51 355 367
4665	3	1	51 367 384
4666	3	1	51 367 494
4667	3	1	51 384 494
4668	3	1	51 413 494
4669	3	1	51 482 484
4670	3	1	52 63 80
4671	3	1	52 63 98
4672	3	1	52 63 123
4673	3	1	52 63 418
4674	3	1	52 64 75
4675	3	1	52 64 98
4676	3	1	52 64 135
4677	3	1	52 67 126
4678	3	1	52 67 409
4679	3	1	52 75 387
4680	3	1	52 75 477
4681	3	1	52 80 217
4682	3	1	52 97 345
4683	3	1	52 97 362
4684	3	1	52 97 489
4685	3	1	52 98 295
4686	3	1	52 123 274
4687	3	1	52 123 452
4688	3	1	52 126 129
4689	3	1	52 126 197
4690	3	1	52 126 285
4691	3	1	52 126 489
4692	3	1	52 129 285
4693	3	1	52 129 295
4694	3	1	52 129 462
4695	3	1	52 129 489
4696	3	1	52 130 135
4697	3	1	52 130 197
4698	3	1	52 130 237
4699	3	1	52 130 242
4700	3	1	52 130 362
4701	3	1	52 130 461
4702	3	1	52 130 462
4703	3	1	52 135 274
4704	3	1	52 135 418
4705	3	1	52 142 295
4706	3	1	52 142 301
4707	3	1	52 142 409
4708	3	1	52 142 418
4709	3	1	52 197 274
4710	3	1	52 217 237
4711	3	1	52 217 295
4712	3	1	52 217 345
4713	3	1	52 217 409
4714	3	1	52 237 242
4715	3	1	52 237 295
4716	3	1	52 237 300
4717	3	1	52 237 301
4718	3	1	52 237 387
4719	3	1	52 242 452
4720	3	1	52 285 368
4721	3	1	52 285 461
4722	3	1	52 295 301
4723	3	1	52 295 368
4724	3	1	52 301 423
4725	3	1	52 368 387
4726	3	1	52 368 452
4727	3	1	52 368 477
4728	3	1	52 387 489
4729	3	1	52 409 423
4730	3	1	52 423 489
4731	3	1	52 452 477
4732	3	1	53 70 82
4733	3	1	53 82 158
4734	3	1	53 96 274
4735	3	1	53 96 319
4736	3	1	53 96 430
4737	3	1	53 149 239
4738	3	1	53 149 491
4739	3	1	53 158 218
4740	3	1	53 158 319
4741	3	1	53 158 430
4742	3	1	53 172 313
4743	3	1	53 172 315
4744	3	1	53 172 329
4745	3	1	53 172 332
4746	3	1	53 172 440
4747	3	1	53 172 445
4748	3	1	53 174 315
4749	3	1	53 174 345
4750	3	1	53 174 443
4751	3	1	53 183 422
4752	3	1	53 183 423
4753	3	1	53 183 440
4754	3	1	53 183 445
4755	3	1	53 218 423
4756	3	1	53 218 430
4757	3	1	53 227 369
4758	3	1	53 236 264
4759	3	1	53 236 440
4760	3	1	53 236 445
4761	3	1	53 239 269
4762	3	1	53 239 491
4763	3	1	53 264 315
4764	3	1	53 264 333
4765	3	1	53 264 422
4766	3	1	53 264 443
4767	3	1	53 269 274
4768	3	1	53 269 315
4769	3	1	53 269 445
4770	3	1	53 274 428
4771	3	1	53 274 440
4772	3	1	53 293 324
4773	3	1	53 293 440
4774	3	1	53 297 395
4775	3	1	53 297 428
4776	3	1	53 297 430
4777	3	1	53 297 483
4778	3	1	53 313 315
4779	3	1	53 313 491
4780	3	1	53 315 324
4781	3	1	53 319 329
4782	3	1	53 319 483
4783	3	1	53 324 345
4784	3	1	53 324 430
4785	3	1	53 329 369
4786	3	1	53 330 332
4787	3	1	53 330 354
4788	3	1	53 332 423
4789	3	1	53 333 345
4790	3	1	53 354 395
4791	3	1	53 395 428
4792	3	1	53 395 483
4793	3	1	53 422 423
4794	3	1	53 423 428
4795	3	1	53 423 435
4796	3	1	54 78 94
4797	3	1	54 78 97
4798	3	1	54 78 225
4799	3	1	54 78 449
4800	3	1	54 92 262
4801	3	1	54 92 367
4802	3	1	54 92 384
4803	3	1	54 94 267
4804	3	1	54 97 359
4805	3	1	54 97 489
4806	3	1	54 102 140
4807	3	1	54 102 267
4808	3	1	54 102 400
4809	3	1	54 126 282
4810	3	1	54 126 341
4811	3	1	54 126 435
4812	3	1	54 126 475
4813	3	1	54 126 489
4814	3	1	54 140 489
4815	3	1	54 182 405
4816	3	1	54 182 417
4817	3	1	54 182 449
4818	3	1	54 182 475
4819	3	1	54 182 494
4820	3	1	54 189 251
4821	3	1	54 189 341
4822	3	1	54 189 452
4823	3	1	54 199 341
4824	3	1	54 199 494
4825	3	1	54 200 475
4826	3	1	54 207 225
4827	3	1	54 207 267
4828	3	1	54 251 341
4829	3	1	54 262 267
4830	3	1	54 262 326
4831	3	1	54 262 373
4832	3	1	54 282 341
4833	3	1	54 282 494
4834	3	1	54 326 359
4835	3	1	54 326 475
4836	3	1	54 341 373
4837	3	1	54 341 417
4838	3	1	54 341 489
4839	3	1	54 367 373
4840	3	1	54 367 384
4841	3	1	54 367 494
4842	3	1	54 373 405
4843	3	1	54 373 491
4844	3	1	54 384 452
4845	3	1	54 384 494
4846	3	1	54 400 417
4847	3	1	54 400 494
4848	3	1	54 452 494
4849	3	1	54 475 491
4850	3	1	55 82 190
4851	3	1	55 82 321
4852	3	1	55 83 190
4853	3	1	55 83 193
4854	3	1	55 83 230
4855	3	1	55 83 342
4856	3	1	55 124 193
4857	3	1	55 124 461
4858	3	1	55 124 467
4859	3	1	55 148 190
4860	3	1	55 148 230
4861	3	1	55 148 237
4862	3	1	55 148 437
4863	3	1	55 162 169
4864	3	1	55 162 311
4865	3	1	55 164 193
4866	3	1	55 169 342
4867	3	1	55 190 479
4868	3	1	55 193 460
4869	3	1	55 237 467
4870	3	1	55 237 479
4871	3	1	55 342 459
4872	3	1	55 378 479
4873	3	1	55 437 461
4874	3	1	55 446 447
4875	3	1	55 447 480
4876	3	1	55 460 461
4877	3	1	56 63 76
4878	3	1	56 63 88
4879	3	1	56 63 98
4880	3	1	56 63 169
4881	3	1	56 75 315
4882	3	1	56 75 340
4883	3	1	56 75 475
4884	3	1	56 76 129
4885	3	1	56 76 217
4886	3	1	56 76 236
4887	3	1	56 76 362
4888	3	1	56 76 481
4889	3	1	56 88 138
4890	3	1	56 88 201
4891	3	1	56 88 295
4892	3	1	56 88 363
4893	3	1	56 98 169
4894	3	1	56 98 209
4895	3	1	56 98 295
4896	3	1	56 99 209
4897	3	1	56 99 297
4898	3	1	56 99 441
4899	3	1	56 105 138
4900	3	1	56 105 384
4901	3	1	56 105 429
4902	3	1	56 129 169
4903	3	1	56 129 174
4904	3	1	56 129 295
4905	3	1	56 129 396
4906	3	1	56 129 481
4907	3	1	56 138 187
4908	3	1	56 138 340
4909	3	1	56 138 441
4910	3	1	56 169 180
4911	3	1	56 169 295
4912	3	1	56 169 344
4913	3	1	56 169 441
4914	3	1	56 169 481
4915	3	1	56 174 315
4916	3	1	56 180 236
4917	3	1	56 180 315
4918	3	1	56 180 481
4919	3	1	56 187 340
4920	3	1	56 187 362
4921	3	1	56 187 429
4922	3	1	56 187 441
4923	3	1	56 201 209
4924	3	1	56 201 244
4925	3	1	56 201 363
4926	3	1	56 201 475
4927	3	1	56 209 481
4928	3	1	56 217 295
4929	3	1	56 217 297
4930	3	1	56 217 344
4931	3	1	56 217 481
4932	3	1	56 236 384
4933	3	1	56 244 362
4934	3	1	56 244 377
4935	3	1	56 244 384
4936	3	1	56 244 481
4937	3	1	56 291 362
4938	3	1	56 295 301
4939	3	1	56 301 344
4940	3	1	56 301 481
4941	3	1	56 340 396
4942	3	1	56 344 481
4943	3	1	56 347 363
4944	3	1	56 347 429
4945	3	1	56 362 396
4946	3	1	56 384 396
4947	3	1	56 384 441
4948	3	1	57 59 162
4949	3	1	57 59 236
4950	3	1	57 59 282
4951	3	1	57 59 313
4952	3	1	57 59 333
4953	3	1	57 66 69
4954	3	1	57 66 236
4955	3	1	57 66 282
4956	3	1	57 66 296
4957	3	1	57 66 333
4958	3	1	57 66 432
4959	3	1	57 66 488
4960	3	1	57 69 107
4961	3	1	57 69 123
4962	3	1	57 75 158
4963	3	1	57 75 329
4964	3	1	57 75 355
4965	3	1	57 75 488
4966	3	1	57 107 234
4967	3	1	57 107 282
4968	3	1	57 107 386
4969	3	1	57 116 234
4970	3	1	57 116 395
4971	3	1	57 123 439
4972	3	1	57 123 441
4973	3	1	57 123 479
4974	3	1	57 132 282
4975	3	1	57 132 296
4976	3	1	57 132 355
4977	3	1	57 132 445
4978	3	1	57 149 240
4979	3	1	57 149 296
4980	3	1	57 149 371
4981	3	1	57 149 458
4982	3	1	57 149 479
4983	3	1	57 153 363
4984	3	1	57 153 439
4985	3	1	57 162 310
4986	3	1	57 162 432
4987	3	1	57 162 481
4988	3	1	57 216 236
4989	3	1	57 216 282
4990	3	1	57 216 359
4991	3	1	57 216 371
4992	3	1	57 216 432
4993	3	1	57 216 439
4994	3	1	57 216 488
4995	3	1	57 234 439
4996	3	1	57 234 464
4997	3	1	57 234 488
4998	3	1	57 236 355
4999	3	1	57 236 445
5000	3	1	57 236 471
5001	3	1	57 240 263
5002	3	1	57 240 282
5003	3	1	57 240 310
5004	3	1	57 240 313
5005	3	1	57 240 329
5006	3	1	57 240 471
5007	3	1	57 263 371
5008	3	1	57 282 310
5009	3	1	57 282 363
5010	3	1	57 282 445
5011	3	1	57 296 439
5012	3	1	57 310 479
5013	3	1	57 310 481
5014	3	1	57 313 458
5015	3	1	57 313 488
5016	3	1	57 321 395
5017	3	1	57 321 412
5018	3	1	57 321 464
5019	3	1	57 329 359
5020	3	1	57 329 479
5021	3	1	57 333 386
5022	3	1	57 355 458
5023	3	1	57 359 422
5024	3	1	57 363 479
5025	3	1	57 371 422
5026	3	1	57 371 432
5027	3	1	57 395 412
5028	3	1	57 395 479
5029	3	1	57 395 481
5030	3	1	57 412 479
5031	3	1	57 432 458
5032	3	1	57 439 481
5033	3	1	57 445 471
5034	3	1	57 445 479
5035	3	1	59 74 83
5036	3	1	59 74 221
5037	3	1	59 74 314
5038	3	1	59 74 480
5039	3	1	59 83 101
5040	3	1	59 83 136
5041	3	1	59 83 221
5042	3	1	59 83 313
5043	3	1	59 83 337
5044	3	1	59 83 349
5045	3	1	59 83 365
5046	3	1	59 83 376
5047	3	1	59 99 243
5048	3	1	59 99 297
5049	3	1	59 99 394
5050	3	1	59 99 433
5051	3	1	59 99 496
5052	3	1	59 101 106
5053	3	1	59 101 145
5054	3	1	59 101 238
5055	3	1	59 101 243
5056	3	1	59 101 261
5057	3	1	59 101 308
5058	3	1	59 101 446
5059	3	1	59 101 480
5060	3	1	59 106 308
5061	3	1	59 106 433
5062	3	1	59 109 187
5063	3	1	59 109 243
5064	3	1	59 109 261
5065	3	1	59 109 480
5066	3	1	59 136 140
5067	3	1	59 136 365
5068	3	1	59 137 236
5069	3	1	59 137 261
5070	3	1	59 137 313
5071	3	1	59 137 484
5072	3	1	59 140 171
5073	3	1	59 140 238
5074	3	1	59 140 308
5075	3	1	59 145 238
5076	3	1	59 145 496
5077	3	1	59 162 337
5078	3	1	59 171 337
5079	3	1	59 187 265
5080	3	1	59 187 333
5081	3	1	59 187 394
5082	3	1	59 187 484
5083	3	1	59 221 236
5084	3	1	59 236 496
5085	3	1	59 238 243
5086	3	1	59 238 284
5087	3	1	59 238 496
5088	3	1	59 243 261
5089	3	1	59 261 297
5090	3	1	59 261 313
5091	3	1	59 261 433
5092	3	1	59 261 480
5093	3	1	59 282 376
5094	3	1	59 284 365
5095	3	1	59 297 308
5096	3	1	59 297 496
5097	3	1	59 308 314
5098	3	1	59 314 484
5099	3	1	59 337 365
5100	3	1	59 337 403
5101	3	1	59 349 376
5102	3	1	59 365 403
5103	3	1	59 376 480
5104	3	1	59 409 484
5105	3	1	59 480 496
5106	3	1	60 64 70
5107	3	1	60 64 172
5108	3	1	60 64 313
5109	3	1	60 64 333
5110	3	1	60 66 95
5111	3	1	60 66 187
5112	3	1	60 66 221
5113	3	1	60 66 319
5114	3	1	60 66 333
5115	3	1	60 66 369
5116	3	1	60 66 446
5117	3	1	60 66 488
5118	3	1	60 70 106
5119	3	1	60 70 159
5120	3	1	60 70 221
5121	3	1	60 76 92
5122	3	1	60 76 129
5123	3	1	60 76 369
5124	3	1	60 86 106
5125	3	1	60 86 313
5126	3	1	60 86 319
5127	3	1	60 86 487
5128	3	1	60 86 488
5129	3	1	60 92 210
5130	3	1	60 95 261
5131	3	1	60 95 319
5132	3	1	60 95 333
5133	3	1	60 95 446
5134	3	1	60 104 302
5135	3	1	60 104 307
5136	3	1	60 104 313
5137	3	1	60 104 464
5138	3	1	60 106 129
5139	3	1	60 106 319
5140	3	1	60 121 210
5141	3	1	60 121 464
5142	3	1	60 121 488
5143	3	1	60 129 172
5144	3	1	60 129 261
5145	3	1	60 129 369
5146	3	1	60 129 488
5147	3	1	60 141 185
5148	3	1	60 141 187
5149	3	1	60 141 488
5150	3	1	60 158 319
5151	3	1	60 158 343
5152	3	1	60 158 487
5153	3	1	60 159 369
5154	3	1	60 167 307
5155	3	1	60 167 487
5156	3	1	60 172 313
5157	3	1	60 172 453
5158	3	1	60 185 187
5159	3	1	60 185 221
5160	3	1	60 185 328
5161	3	1	60 185 343
5162	3	1	60 185 369
5163	3	1	60 187 333
5164	3	1	60 210 313
5165	3	1	60 210 343
5166	3	1	60 221 319
5167	3	1	60 221 418
5168	3	1	60 258 450
5169	3	1	60 258 488
5170	3	1	60 261 313
5171	3	1	60 261 328
5172	3	1	60 261 422
5173	3	1	60 302 313
5174	3	1	60 302 328
5175	3	1	60 313 488
5176	3	1	60 328 333
5177	3	1	60 328 369
5178	3	1	60 328 418
5179	3	1	60 333 364
5180	3	1	60 333 487
5181	3	1	60 364 446
5182	3	1	60 369 418
5183	3	1	60 418 453
5184	3	1	60 418 487
5185	3	1	60 450 487
5186	3	1	60 476 487
5187	3	1	60 476 488
5188	3	1	61 101 308
5189	3	1	61 101 462
5190	3	1	61 128 241
5191	3	1	61 128 298
5192	3	1	61 128 344
5193	3	1	61 167 307
5194	3	1	61 167 332
5195	3	1	61 167 462
5196	3	1	61 171 230
5197	3	1	61 171 307
5198	3	1	61 171 443
5199	3	1	61 176 344
5200	3	1	61 222 260
5201	3	1	61 222 448
5202	3	1	61 241 326
5203	3	1	61 249 265
5204	3	1	61 249 374
5205	3	1	61 260 326
5206	3	1	61 260 374
5207	3	1	61 260 406
5208	3	1	61 260 422
5209	3	1	61 265 332
5210	3	1	61 265 471
5211	3	1	61 265 495
5212	3	1	61 266 332
5213	3	1	61 266 462
5214	3	1	61 298 344
5215	3	1	61 298 359
5216	3	1	61 298 372
5217	3	1	61 307 326
5218	3	1	61 307 455
5219	3	1	61 308 359
5220	3	1	61 308 372
5221	3	1	61 308 374
5222	3	1	61 308 471
5223	3	1	61 326 332
5224	3	1	61 326 359
5225	3	1	61 326 448
5226	3	1	61 333 393
5227	3	1	61 333 448
5228	3	1	61 333 462
5229	3	1	61 359 406
5230	3	1	61 359 422
5231	3	1	61 359 455
5232	3	1	61 374 422
5233	3	1	61 374 455
5234	3	1	61 374 462
5235	3	1	61 396 448
5236	3	1	61 405 443
5237	3	1	61 406 471
5238	3	1	61 411 422
5239	3	1	62 72 92
5240	3	1	62 72 149
5241	3	1	62 72 354
5242	3	1	62 72 362
5243	3	1	62 72 433
5244	3	1	62 72 479
5245	3	1	62 89 297
5246	3	1	62 89 354
5247	3	1	62 89 465
5248	3	1	62 92 149
5249	3	1	62 92 165
5250	3	1	62 92 202
5251	3	1	62 92 264
5252	3	1	62 92 323
5253	3	1	62 92 351
5254	3	1	62 92 354
5255	3	1	62 94 268
5256	3	1	62 94 297
5257	3	1	62 102 260
5258	3	1	62 102 286
5259	3	1	62 102 400
5260	3	1	62 102 479
5261	3	1	62 121 428
5262	3	1	62 149 371
5263	3	1	62 149 429
5264	3	1	62 149 479
5265	3	1	62 163 261
5266	3	1	62 163 264
5267	3	1	62 163 311
5268	3	1	62 163 378
5269	3	1	62 163 479
5270	3	1	62 165 275
5271	3	1	62 165 340
5272	3	1	62 166 268
5273	3	1	62 166 340
5274	3	1	62 166 349
5275	3	1	62 166 484
5276	3	1	62 202 318
5277	3	1	62 202 362
5278	3	1	62 202 439
5279	3	1	62 218 268
5280	3	1	62 218 318
5281	3	1	62 218 351
5282	3	1	62 218 378
5283	3	1	62 260 318
5284	3	1	62 260 378
5285	3	1	62 260 429
5286	3	1	62 260 465
5287	3	1	62 261 297
5288	3	1	62 261 433
5289	3	1	62 261 465
5290	3	1	62 264 362
5291	3	1	62 268 303
5292	3	1	62 268 431
5293	3	1	62 268 433
5294	3	1	62 275 429
5295	3	1	62 297 428
5296	3	1	62 303 362
5297	3	1	62 303 369
5298	3	1	62 303 428
5299	3	1	62 303 484
5300	3	1	62 311 323
5301	3	1	62 311 371
5302	3	1	62 318 323
5303	3	1	62 318 340
5304	3	1	62 318 362
5305	3	1	62 318 400
5306	3	1	62 318 484
5307	3	1	62 323 369
5308	3	1	62 340 484
5309	3	1	62 349 378
5310	3	1	62 349 429
5311	3	1	62 351 362
5312	3	1	62 351 429
5313	3	1	62 354 362
5314	3	1	62 354 429
5315	3	1	62 354 484
5316	3	1	62 378 439
5317	3	1	62 378 479
5318	3	1	62 400 479
5319	3	1	62 439 484
5320	3	1	63 76 80
5321	3	1	63 76 92
5322	3	1	63 76 153
5323	3	1	63 76 155
5324	3	1	63 76 365
5325	3	1	63 76 458
5326	3	1	63 80 240
5327	3	1	63 80 288
5328	3	1	63 87 292
5329	3	1	63 87 412
5330	3	1	63 88 100
5331	3	1	63 88 359
5332	3	1	63 88 412
5333	3	1	63 92 98
5334	3	1	63 96 155
5335	3	1	63 96 240
5336	3	1	63 98 169
5337	3	1	63 98 229
5338	3	1	63 100 148
5339	3	1	63 100 458
5340	3	1	63 120 153
5341	3	1	63 120 182
5342	3	1	63 120 302
5343	3	1	63 123 169
5344	3	1	63 123 292
5345	3	1	63 123 401
5346	3	1	63 148 240
5347	3	1	63 148 412
5348	3	1	63 148 458
5349	3	1	63 153 193
5350	3	1	63 155 162
5351	3	1	63 155 326
5352	3	1	63 162 169
5353	3	1	63 162 182
5354	3	1	63 162 292
5355	3	1	63 169 240
5356	3	1	63 169 359
5357	3	1	63 169 401
5358	3	1	63 169 445
5359	3	1	63 169 458
5360	3	1	63 193 240
5361	3	1	63 193 445
5362	3	1	63 229 464
5363	3	1	63 240 451
5364	3	1	63 258 308
5365	3	1	63 288 296
5366	3	1	63 288 418
5367	3	1	63 292 296
5368	3	1	63 292 401
5369	3	1	63 292 445
5370	3	1	63 296 302
5371	3	1	63 296 308
5372	3	1	63 296 467
5373	3	1	63 302 451
5374	3	1	63 308 359
5375	3	1	63 308 445
5376	3	1	63 308 467
5377	3	1	63 326 359
5378	3	1	63 326 412
5379	3	1	63 359 418
5380	3	1	63 365 412
5381	3	1	63 365 458
5382	3	1	63 401 445
5383	3	1	63 401 467
5384	3	1	63 418 467
5385	3	1	63 434 445
5386	3	1	63 451 464
5387	3	1	64 70 75
5388	3	1	64 70 246
5389	3	1	64 70 378
5390	3	1	64 70 484
5391	3	1	64 75 372
5392	3	1	64 98 202
5393	3	1	64 101 202
5394	3	1	64 101 303
5395	3	1	64 101 480
5396	3	1	64 135 222
5397	3	1	64 135 303
5398	3	1	64 135 412
5399	3	1	64 135 433
5400	3	1	64 172 246
5401	3	1	64 172 248
5402	3	1	64 172 313
5403	3	1	64 172 378
5404	3	1	64 181 304
5405	3	1	64 181 313
5406	3	1	64 181 371
5407	3	1	64 181 412
5408	3	1	64 181 473
5409	3	1	64 182 212
5410	3	1	64 182 269
5411	3	1	64 182 370
5412	3	1	64 182 372
5413	3	1	64 182 482
5414	3	1	64 202 296
5415	3	1	64 202 324
5416	3	1	64 202 327
5417	3	1	64 202 333
5418	3	1	64 202 439
5419	3	1	64 202 448
5420	3	1	64 212 303
5421	3	1	64 212 371
5422	3	1	64 212 448
5423	3	1	64 212 473
5424	3	1	64 212 484
5425	3	1	64 222 246
5426	3	1	64 222 248
5427	3	1	64 222 448
5428	3	1	64 224 370
5429	3	1	64 224 484
5430	3	1	64 246 371
5431	3	1	64 246 372
5432	3	1	64 248 324
5433	3	1	64 248 480
5434	3	1	64 248 483
5435	3	1	64 269 473
5436	3	1	64 278 304
5437	3	1	64 278 313
5438	3	1	64 278 333
5439	3	1	64 296 327
5440	3	1	64 296 433
5441	3	1	64 296 439
5442	3	1	64 296 473
5443	3	1	64 303 484
5444	3	1	64 304 473
5445	3	1	64 304 480
5446	3	1	64 324 370
5447	3	1	64 333 448
5448	3	1	64 370 378
5449	3	1	64 370 482
5450	3	1	64 372 480
5451	3	1	64 378 439
5452	3	1	64 397 439
5453	3	1	64 412 433
5454	3	1	64 412 448
5455	3	1	64 439 484
5456	3	1	64 482 484
5457	3	1	65 69 401
5458	3	1	65 88 100
5459	3	1	65 88 267
5460	3	1	65 88 372
5461	3	1	65 97 167
5462	3	1	65 97 372
5463	3	1	65 97 455
5464	3	1	65 97 467
5465	3	1	65 97 489
5466	3	1	65 100 167
5467	3	1	65 100 171
5468	3	1	65 127 329
5469	3	1	65 127 467
5470	3	1	65 133 167
5471	3	1	65 133 238
5472	3	1	65 133 372
5473	3	1	65 167 400
5474	3	1	65 167 401
5475	3	1	65 174 467
5476	3	1	65 192 227
5477	3	1	65 192 263
5478	3	1	65 192 305
5479	3	1	65 211 305
5480	3	1	65 211 324
5481	3	1	65 211 380
5482	3	1	65 211 409
5483	3	1	65 227 305
5484	3	1	65 227 378
5485	3	1	65 227 401
5486	3	1	65 227 455
5487	3	1	65 238 263
5488	3	1	65 238 400
5489	3	1	65 238 489
5490	3	1	65 263 324
5491	3	1	65 263 457
5492	3	1	65 267 372
5493	3	1	65 310 378
5494	3	1	65 323 455
5495	3	1	65 324 380
5496	3	1	65 324 457
5497	3	1	65 372 457
5498	3	1	65 372 489
5499	3	1	65 380 400
5500	3	1	65 380 457
5501	3	1	65 380 489
5502	3	1	65 400 401
5503	3	1	65 401 467
5504	3	1	65 455 467
5505	3	1	65 457 467
5506	3	1	66 69 180
5507	3	1	66 69 239
5508	3	1	66 69 401
5509	3	1	66 69 482
5510	3	1	66 87 333
5511	3	1	66 91 221
5512	3	1	66 91 325
5513	3	1	66 91 333
5514	3	1	66 91 406
5515	3	1	66 95 319
5516	3	1	66 95 333
5517	3	1	66 95 398
5518	3	1	66 95 401
5519	3	1	66 95 446
5520	3	1	66 112 133
5521	3	1	66 112 296
5522	3	1	66 112 401
5523	3	1	66 112 482
5524	3	1	66 133 398
5525	3	1	66 152 282
5526	3	1	66 152 398
5527	3	1	66 152 405
5528	3	1	66 152 443
5529	3	1	66 152 454
5530	3	1	66 180 221
5531	3	1	66 180 236
5532	3	1	66 180 296
5533	3	1	66 180 485
5534	3	1	66 182 405
5535	3	1	66 182 482
5536	3	1	66 187 232
5537	3	1	66 187 316
5538	3	1	66 187 333
5539	3	1	66 187 429
5540	3	1	66 201 209
5541	3	1	66 201 333
5542	3	1	66 201 405
5543	3	1	66 201 485
5544	3	1	66 206 333
5545	3	1	66 206 369
5546	3	1	66 209 221
5547	3	1	66 209 319
5548	3	1	66 209 432
5549	3	1	66 211 239
5550	3	1	66 211 387
5551	3	1	66 211 398
5552	3	1	66 221 236
5553	3	1	66 221 319
5554	3	1	66 221 406
5555	3	1	66 221 485
5556	3	1	66 232 429
5557	3	1	66 232 485
5558	3	1	66 236 387
5559	3	1	66 239 429
5560	3	1	66 243 296
5561	3	1	66 243 369
5562	3	1	66 243 454
5563	3	1	66 282 485
5564	3	1	66 296 429
5565	3	1	66 296 454
5566	3	1	66 316 319
5567	3	1	66 319 429
5568	3	1	66 325 333
5569	3	1	66 325 354
5570	3	1	66 325 488
5571	3	1	66 333 345
5572	3	1	66 333 401
5573	3	1	66 354 405
5574	3	1	66 354 429
5575	3	1	66 369 482
5576	3	1	66 387 432
5577	3	1	66 401 454
5578	3	1	66 405 432
5579	3	1	66 405 443
5580	3	1	66 405 485
5581	3	1	66 406 446
5582	3	1	66 429 488
5583	3	1	67 82 108
5584	3	1	67 82 302
5585	3	1	67 82 323
5586	3	1	67 82 400
5587	3	1	67 86 447
5588	3	1	67 93 302
5589	3	1	67 93 400
5590	3	1	67 93 447
5591	3	1	67 108 207
5592	3	1	67 108 409
5593	3	1	67 108 481
5594	3	1	67 126 224
5595	3	1	67 148 267
5596	3	1	67 148 437
5597	3	1	67 148 481
5598	3	1	67 157 394
5599	3	1	67 157 447
5600	3	1	67 164 302
5601	3	1	67 207 267
5602	3	1	67 224 471
5603	3	1	67 228 437
5604	3	1	67 228 471
5605	3	1	67 267 299
5606	3	1	67 267 464
5607	3	1	67 299 302
5608	3	1	67 302 323
5609	3	1	67 400 471
5610	3	1	67 409 437
5611	3	1	68 69 94
5612	3	1	68 69 156
5613	3	1	68 69 469
5614	3	1	68 81 94
5615	3	1	68 81 197
5616	3	1	68 81 263
5617	3	1	68 87 413
5618	3	1	68 87 469
5619	3	1	68 94 120
5620	3	1	68 94 411
5621	3	1	68 94 413
5622	3	1	68 99 411
5623	3	1	68 104 373
5624	3	1	68 120 435
5625	3	1	68 163 174
5626	3	1	68 163 373
5627	3	1	68 163 446
5628	3	1	68 174 188
5629	3	1	68 174 237
5630	3	1	68 174 434
5631	3	1	68 176 203
5632	3	1	68 186 237
5633	3	1	68 186 304
5634	3	1	68 188 237
5635	3	1	68 188 308
5636	3	1	68 197 203
5637	3	1	68 197 434
5638	3	1	68 197 469
5639	3	1	68 203 303
5640	3	1	68 203 373
5641	3	1	68 212 244
5642	3	1	68 212 303
5643	3	1	68 230 373
5644	3	1	68 237 244
5645	3	1	68 263 466
5646	3	1	68 303 469
5647	3	1	68 304 308
5648	3	1	68 304 434
5649	3	1	68 413 434
5650	3	1	69 82 94
5651	3	1	69 82 376
5652	3	1	69 94 268
5653	3	1	69 94 298
5654	3	1	69 94 312
5655	3	1	69 94 426
5656	3	1	69 107 130
5657	3	1	69 107 231
5658	3	1	69 107 401
5659	3	1	69 123 376
5660	3	1	69 123 401
5661	3	1	69 130 156
5662	3	1	69 156 170
5663	3	1	69 156 298
5664	3	1	69 166 268
5665	3	1	69 166 349
5666	3	1	69 166 469
5667	3	1	69 166 495
5668	3	1	69 170 172
5669	3	1	69 170 376
5670	3	1	69 170 468
5671	3	1	69 172 246
5672	3	1	69 172 469
5673	3	1	69 180 279
5674	3	1	69 180 349
5675	3	1	69 180 428
5676	3	1	69 185 468
5677	3	1	69 193 298
5678	3	1	69 193 468
5679	3	1	69 193 495
5680	3	1	69 225 246
5681	3	1	69 225 312
5682	3	1	69 239 269
5683	3	1	69 239 426
5684	3	1	69 246 279
5685	3	1	69 246 426
5686	3	1	69 246 469
5687	3	1	69 249 278
5688	3	1	69 249 426
5689	3	1	69 249 428
5690	3	1	69 264 468
5691	3	1	69 268 298
5692	3	1	69 268 426
5693	3	1	69 268 469
5694	3	1	69 279 312
5695	3	1	69 312 376
5696	3	1	69 312 401
5697	3	1	69 349 376
5698	3	1	69 349 495
5699	3	1	69 401 468
5700	3	1	69 468 469
5701	3	1	70 75 139
5702	3	1	70 75 221
5703	3	1	70 75 286
5704	3	1	70 75 459
5705	3	1	70 77 246
5706	3	1	70 77 357
5707	3	1	70 77 455
5708	3	1	70 82 87
5709	3	1	70 82 94
5710	3	1	70 82 159
5711	3	1	70 82 386
5712	3	1	70 82 465
5713	3	1	70 94 159
5714	3	1	70 94 455
5715	3	1	70 103 367
5716	3	1	70 103 386
5717	3	1	70 106 163
5718	3	1	70 106 246
5719	3	1	70 106 308
5720	3	1	70 106 347
5721	3	1	70 116 366
5722	3	1	70 116 406
5723	3	1	70 139 159
5724	3	1	70 139 164
5725	3	1	70 139 308
5726	3	1	70 139 465
5727	3	1	70 139 470
5728	3	1	70 143 189
5729	3	1	70 143 326
5730	3	1	70 153 163
5731	3	1	70 153 347
5732	3	1	70 159 189
5733	3	1	70 159 347
5734	3	1	70 159 367
5735	3	1	70 159 460
5736	3	1	70 159 470
5737	3	1	70 163 301
5738	3	1	70 163 378
5739	3	1	70 163 455
5740	3	1	70 164 189
5741	3	1	70 164 301
5742	3	1	70 164 326
5743	3	1	70 189 460
5744	3	1	70 221 326
5745	3	1	70 221 386
5746	3	1	70 221 406
5747	3	1	70 246 455
5748	3	1	70 286 386
5749	3	1	70 301 459
5750	3	1	70 357 470
5751	3	1	70 366 465
5752	3	1	70 386 406
5753	3	1	70 459 484
5754	3	1	70 465 470
5755	3	1	71 93 300
5756	3	1	71 93 304
5757	3	1	71 93 396
5758	3	1	71 108 481
5759	3	1	71 142 143
5760	3	1	71 142 166
5761	3	1	71 142 277
5762	3	1	71 142 389
5763	3	1	71 142 496
5764	3	1	71 143 454
5765	3	1	71 156 169
5766	3	1	71 156 298
5767	3	1	71 166 169
5768	3	1	71 166 304
5769	3	1	71 169 454
5770	3	1	71 169 481
5771	3	1	71 182 298
5772	3	1	71 182 300
5773	3	1	71 182 310
5774	3	1	71 182 396
5775	3	1	71 182 496
5776	3	1	71 224 229
5777	3	1	71 224 277
5778	3	1	71 224 282
5779	3	1	71 224 341
5780	3	1	71 224 428
5781	3	1	71 224 452
5782	3	1	71 229 310
5783	3	1	71 277 396
5784	3	1	71 282 310
5785	3	1	71 282 341
5786	3	1	71 282 485
5787	3	1	71 298 368
5788	3	1	71 300 393
5789	3	1	71 300 454
5790	3	1	71 304 393
5791	3	1	71 304 428
5792	3	1	71 310 468
5793	3	1	71 310 481
5794	3	1	71 320 485
5795	3	1	71 327 396
5796	3	1	71 341 468
5797	3	1	71 368 452
5798	3	1	71 389 454
5799	3	1	71 393 481
5800	3	1	71 393 500
5801	3	1	71 396 452
5802	3	1	71 396 496
5803	3	1	71 432 496
5804	3	1	71 452 500
5805	3	1	71 468 485
5806	3	1	72 80 133
5807	3	1	72 80 159
5808	3	1	72 80 288
5809	3	1	72 92 134
5810	3	1	72 92 149
5811	3	1	72 92 210
5812	3	1	72 92 354
5813	3	1	72 92 367
5814	3	1	72 119 134
5815	3	1	72 119 362
5816	3	1	72 133 362
5817	3	1	72 149 367
5818	3	1	72 149 479
5819	3	1	72 155 210
5820	3	1	72 155 248
5821	3	1	72 159 362
5822	3	1	72 159 367
5823	3	1	72 159 460
5824	3	1	72 159 489
5825	3	1	72 170 248
5826	3	1	72 170 362
5827	3	1	72 170 395
5828	3	1	72 170 411
5829	3	1	72 170 489
5830	3	1	72 210 222
5831	3	1	72 210 362
5832	3	1	72 210 367
5833	3	1	72 210 395
5834	3	1	72 210 433
5835	3	1	72 222 248
5836	3	1	72 248 310
5837	3	1	72 288 362
5838	3	1	72 310 479
5839	3	1	72 316 319
5840	3	1	72 316 411
5841	3	1	72 319 367
5842	3	1	72 325 354
5843	3	1	72 354 362
5844	3	1	72 354 395
5845	3	1	72 354 489
5846	3	1	72 361 411
5847	3	1	72 395 479
5848	3	1	72 404 433
5849	3	1	72 411 433
5850	3	1	73 75 122
5851	3	1	73 75 354
5852	3	1	73 75 477
5853	3	1	73 75 488
5854	3	1	73 77 122
5855	3	1	73 77 157
5856	3	1	73 77 167
5857	3	1	73 77 238
5858	3	1	73 77 477
5859	3	1	73 122 167
5860	3	1	73 122 223
5861	3	1	73 122 299
5862	3	1	73 122 347
5863	3	1	73 122 446
5864	3	1	73 122 471
5865	3	1	73 128 164
5866	3	1	73 128 238
5867	3	1	73 128 354
5868	3	1	73 136 417
5869	3	1	73 136 471
5870	3	1	73 136 488
5871	3	1	73 157 251
5872	3	1	73 157 394
5873	3	1	73 163 245
5874	3	1	73 163 261
5875	3	1	73 163 393
5876	3	1	73 163 446
5877	3	1	73 165 167
5878	3	1	73 165 299
5879	3	1	73 165 337
5880	3	1	73 165 401
5881	3	1	73 165 417
5882	3	1	73 165 482
5883	3	1	73 165 488
5884	3	1	73 167 295
5885	3	1	73 167 299
5886	3	1	73 167 312
5887	3	1	73 167 401
5888	3	1	73 167 477
5889	3	1	73 223 413
5890	3	1	73 223 431
5891	3	1	73 223 476
5892	3	1	73 223 500
5893	3	1	73 245 312
5894	3	1	73 245 500
5895	3	1	73 251 343
5896	3	1	73 251 413
5897	3	1	73 251 488
5898	3	1	73 261 316
5899	3	1	73 261 393
5900	3	1	73 261 413
5901	3	1	73 295 312
5902	3	1	73 295 393
5903	3	1	73 299 312
5904	3	1	73 299 343
5905	3	1	73 299 477
5906	3	1	73 312 401
5907	3	1	73 312 406
5908	3	1	73 337 413
5909	3	1	73 343 347
5910	3	1	73 343 354
5911	3	1	73 343 431
5912	3	1	73 343 477
5913	3	1	73 347 446
5914	3	1	73 393 476
5915	3	1	73 393 500
5916	3	1	73 394 417
5917	3	1	73 394 431
5918	3	1	73 406 446
5919	3	1	73 406 471
5920	3	1	73 406 476
5921	3	1	73 417 466
5922	3	1	73 446 471
5923	3	1	73 471 476
5924	3	1	73 471 477
5925	3	1	73 476 477
5926	3	1	73 476 488
5927	3	1	74 80 385
5928	3	1	74 80 405
5929	3	1	74 83 122
5930	3	1	74 83 221
5931	3	1	74 122 233
5932	3	1	74 122 385
5933	3	1	74 181 221
5934	3	1	74 181 314
5935	3	1	74 181 405
5936	3	1	74 181 477
5937	3	1	74 212 218
5938	3	1	74 212 291
5939	3	1	74 213 461
5940	3	1	74 218 258
5941	3	1	74 233 291
5942	3	1	74 233 472
5943	3	1	74 258 373
5944	3	1	74 289 329
5945	3	1	74 289 373
5946	3	1	74 289 385
5947	3	1	74 291 373
5948	3	1	74 292 445
5949	3	1	74 292 477
5950	3	1	74 295 373
5951	3	1	74 314 373
5952	3	1	74 314 472
5953	3	1	74 373 405
5954	3	1	74 405 480
5955	3	1	74 428 461
5956	3	1	74 445 477
5957	3	1	74 477 480
5958	3	1	75 86 192
5959	3	1	75 86 294
5960	3	1	75 86 372
5961	3	1	75 86 488
5962	3	1	75 89 354
5963	3	1	75 108 139
5964	3	1	75 108 183
5965	3	1	75 108 287
5966	3	1	75 108 372
5967	3	1	75 108 475
5968	3	1	75 122 192
5969	3	1	75 122 294
5970	3	1	75 122 355
5971	3	1	75 139 329
5972	3	1	75 139 354
5973	3	1	75 139 355
5974	3	1	75 139 449
5975	3	1	75 158 286
5976	3	1	75 158 292
5977	3	1	75 158 294
5978	3	1	75 183 372
5979	3	1	75 183 387
5980	3	1	75 183 488
5981	3	1	75 188 292
5982	3	1	75 192 221
5983	3	1	75 192 294
5984	3	1	75 192 305
5985	3	1	75 192 314
5986	3	1	75 199 286
5987	3	1	75 221 267
5988	3	1	75 221 305
5989	3	1	75 267 314
5990	3	1	75 267 372
5991	3	1	75 267 387
5992	3	1	75 286 314
5993	3	1	75 286 355
5994	3	1	75 287 329
5995	3	1	75 287 459
5996	3	1	75 292 449
5997	3	1	75 292 477
5998	3	1	75 294 387
5999	3	1	75 305 340
6000	3	1	75 305 355
6001	3	1	75 305 488
6002	3	1	75 314 459
6003	3	1	75 315 318
6004	3	1	75 318 340
6005	3	1	75 329 427
6006	3	1	75 354 459
6007	3	1	75 355 372
6008	3	1	75 387 475
6009	3	1	75 427 488
6010	3	1	76 80 163
6011	3	1	76 80 217
6012	3	1	76 83 219
6013	3	1	76 83 230
6014	3	1	76 83 355
6015	3	1	76 83 365
6016	3	1	76 92 351
6017	3	1	76 128 129
6018	3	1	76 129 355
6019	3	1	76 129 369
6020	3	1	76 129 481
6021	3	1	76 139 217
6022	3	1	76 139 355
6023	3	1	76 140 157
6024	3	1	76 153 157
6025	3	1	76 153 163
6026	3	1	76 153 351
6027	3	1	76 155 163
6028	3	1	76 157 230
6029	3	1	76 157 325
6030	3	1	76 163 325
6031	3	1	76 170 286
6032	3	1	76 170 334
6033	3	1	76 170 355
6034	3	1	76 170 362
6035	3	1	76 170 365
6036	3	1	76 170 366
6037	3	1	76 217 219
6038	3	1	76 217 458
6039	3	1	76 217 481
6040	3	1	76 219 223
6041	3	1	76 219 286
6042	3	1	76 219 338
6043	3	1	76 219 365
6044	3	1	76 230 325
6045	3	1	76 230 338
6046	3	1	76 230 368
6047	3	1	76 236 355
6048	3	1	76 243 334
6049	3	1	76 243 369
6050	3	1	76 265 355
6051	3	1	76 286 338
6052	3	1	76 286 355
6053	3	1	76 286 481
6054	3	1	76 334 366
6055	3	1	76 334 368
6056	3	1	76 338 366
6057	3	1	76 338 368
6058	3	1	76 351 362
6059	3	1	76 351 458
6060	3	1	76 355 458
6061	3	1	76 362 365
6062	3	1	76 365 458
6063	3	1	76 366 368
6064	3	1	76 366 369
6065	3	1	76 366 481
6066	3	1	77 79 110
6067	3	1	77 96 155
6068	3	1	77 96 202
6069	3	1	77 96 357
6070	3	1	77 99 157
6071	3	1	77 99 256
6072	3	1	77 99 496
6073	3	1	77 107 110
6074	3	1	77 107 202
6075	3	1	77 107 231
6076	3	1	77 110 167
6077	3	1	77 110 260
6078	3	1	77 110 335
6079	3	1	77 110 357
6080	3	1	77 110 396
6081	3	1	77 112 174
6082	3	1	77 112 249
6083	3	1	77 112 289
6084	3	1	77 112 328
6085	3	1	77 112 448
6086	3	1	77 122 155
6087	3	1	77 122 167
6088	3	1	77 122 294
6089	3	1	77 122 310
6090	3	1	77 122 335
6091	3	1	77 122 439
6092	3	1	77 155 289
6093	3	1	77 157 310
6094	3	1	77 157 314
6095	3	1	77 157 328
6096	3	1	77 157 480
6097	3	1	77 157 496
6098	3	1	77 167 314
6099	3	1	77 167 477
6100	3	1	77 174 250
6101	3	1	77 174 256
6102	3	1	77 174 298
6103	3	1	77 174 335
6104	3	1	77 174 345
6105	3	1	77 174 443
6106	3	1	77 193 298
6107	3	1	77 193 314
6108	3	1	77 202 256
6109	3	1	77 202 294
6110	3	1	77 202 310
6111	3	1	77 202 327
6112	3	1	77 202 328
6113	3	1	77 202 439
6114	3	1	77 202 448
6115	3	1	77 202 494
6116	3	1	77 218 357
6117	3	1	77 218 469
6118	3	1	77 231 439
6119	3	1	77 238 289
6120	3	1	77 238 294
6121	3	1	77 238 345
6122	3	1	77 238 496
6123	3	1	77 242 380
6124	3	1	77 246 455
6125	3	1	77 246 469
6126	3	1	77 249 335
6127	3	1	77 249 461
6128	3	1	77 250 335
6129	3	1	77 250 496
6130	3	1	77 256 294
6131	3	1	77 256 396
6132	3	1	77 256 439
6133	3	1	77 260 328
6134	3	1	77 289 310
6135	3	1	77 294 298
6136	3	1	77 298 439
6137	3	1	77 298 461
6138	3	1	77 310 314
6139	3	1	77 310 494
6140	3	1	77 314 335
6141	3	1	77 327 396
6142	3	1	77 328 335
6143	3	1	77 328 448
6144	3	1	77 357 396
6145	3	1	77 357 461
6146	3	1	77 396 448
6147	3	1	77 396 496
6148	3	1	77 443 477
6149	3	1	77 461 469
6150	3	1	77 469 494
6151	3	1	77 477 480
6152	3	1	77 480 496
6153	3	1	78 88 95
6154	3	1	78 88 163
6155	3	1	78 88 230
6156	3	1	78 90 162
6157	3	1	78 90 210
6158	3	1	78 90 223
6159	3	1	78 94 120
6160	3	1	78 94 455
6161	3	1	78 95 188
6162	3	1	78 95 322
6163	3	1	78 95 398
6164	3	1	78 95 446
6165	3	1	78 97 351
6166	3	1	78 97 455
6167	3	1	78 120 226
6168	3	1	78 120 313
6169	3	1	78 120 322
6170	3	1	78 120 330
6171	3	1	78 120 387
6172	3	1	78 129 137
6173	3	1	78 129 332
6174	3	1	78 129 449
6175	3	1	78 137 256
6176	3	1	78 137 313
6177	3	1	78 137 330
6178	3	1	78 137 459
6179	3	1	78 162 218
6180	3	1	78 162 281
6181	3	1	78 162 387
6182	3	1	78 162 432
6183	3	1	78 162 450
6184	3	1	78 163 225
6185	3	1	78 163 346
6186	3	1	78 163 393
6187	3	1	78 163 398
6188	3	1	78 163 446
6189	3	1	78 163 455
6190	3	1	78 170 366
6191	3	1	78 170 387
6192	3	1	78 170 436
6193	3	1	78 188 208
6194	3	1	78 188 398
6195	3	1	78 208 256
6196	3	1	78 208 436
6197	3	1	78 210 313
6198	3	1	78 210 398
6199	3	1	78 218 351
6200	3	1	78 225 387
6201	3	1	78 230 398
6202	3	1	78 230 436
6203	3	1	78 256 313
6204	3	1	78 260 281
6205	3	1	78 260 374
6206	3	1	78 281 322
6207	3	1	78 281 366
6208	3	1	78 281 449
6209	3	1	78 313 393
6210	3	1	78 322 351
6211	3	1	78 322 393
6212	3	1	78 322 450
6213	3	1	78 330 332
6214	3	1	78 330 351
6215	3	1	78 330 446
6216	3	1	78 330 450
6217	3	1	78 332 351
6218	3	1	78 346 387
6219	3	1	78 346 443
6220	3	1	78 346 450
6221	3	1	78 351 398
6222	3	1	78 351 432
6223	3	1	78 351 450
6224	3	1	78 366 434
6225	3	1	78 366 436
6226	3	1	78 366 450
6227	3	1	78 374 455
6228	3	1	78 387 432
6229	3	1	78 393 450
6230	3	1	78 398 434
6231	3	1	78 434 455
6232	3	1	78 436 446
6233	3	1	78 436 459
6234	3	1	78 446 455
6235	3	1	79 84 229
6236	3	1	79 84 334
6237	3	1	79 84 472
6238	3	1	79 84 491
6239	3	1	79 103 417
6240	3	1	79 103 437
6241	3	1	79 110 129
6242	3	1	79 110 150
6243	3	1	79 110 207
6244	3	1	79 116 208
6245	3	1	79 116 229
6246	3	1	79 116 393
6247	3	1	79 116 394
6248	3	1	79 116 430
6249	3	1	79 116 446
6250	3	1	79 116 491
6251	3	1	79 129 285
6252	3	1	79 149 491
6253	3	1	79 150 159
6254	3	1	79 150 394
6255	3	1	79 150 491
6256	3	1	79 152 393
6257	3	1	79 159 437
6258	3	1	79 159 470
6259	3	1	79 207 285
6260	3	1	79 208 394
6261	3	1	79 208 417
6262	3	1	79 208 437
6263	3	1	79 229 323
6264	3	1	79 229 464
6265	3	1	79 229 482
6266	3	1	79 230 464
6267	3	1	79 230 484
6268	3	1	79 285 394
6269	3	1	79 285 422
6270	3	1	79 285 437
6271	3	1	79 341 417
6272	3	1	79 341 457
6273	3	1	79 341 484
6274	3	1	79 394 417
6275	3	1	79 394 430
6276	3	1	79 417 472
6277	3	1	79 422 437
6278	3	1	79 430 484
6279	3	1	79 464 484
6280	3	1	79 482 484
6281	3	1	80 163 305
6282	3	1	80 163 446
6283	3	1	80 175 449
6284	3	1	80 183 320
6285	3	1	80 183 383
6286	3	1	80 183 385
6287	3	1	80 183 444
6288	3	1	80 200 312
6289	3	1	80 200 330
6290	3	1	80 200 454
6291	3	1	80 217 226
6292	3	1	80 217 239
6293	3	1	80 217 240
6294	3	1	80 226 312
6295	3	1	80 239 471
6296	3	1	80 240 471
6297	3	1	80 241 305
6298	3	1	80 253 288
6299	3	1	80 253 405
6300	3	1	80 253 424
6301	3	1	80 305 312
6302	3	1	80 305 471
6303	3	1	80 318 330
6304	3	1	80 320 385
6305	3	1	80 320 471
6306	3	1	80 330 446
6307	3	1	80 383 385
6308	3	1	80 385 446
6309	3	1	80 446 471
6310	3	1	81 93 132
6311	3	1	81 93 301
6312	3	1	81 93 334
6313	3	1	81 93 397
6314	3	1	81 93 441
6315	3	1	81 93 448
6316	3	1	81 93 455
6317	3	1	81 93 462
6318	3	1	81 94 324
6319	3	1	81 94 455
6320	3	1	81 100 130
6321	3	1	81 100 332
6322	3	1	81 110 132
6323	3	1	81 110 322
6324	3	1	81 110 329
6325	3	1	81 110 462
6326	3	1	81 114 263
6327	3	1	81 114 276
6328	3	1	81 114 329
6329	3	1	81 114 397
6330	3	1	81 128 164
6331	3	1	81 128 231
6332	3	1	81 128 313
6333	3	1	81 128 397
6334	3	1	81 128 398
6335	3	1	81 130 197
6336	3	1	81 130 262
6337	3	1	81 130 427
6338	3	1	81 130 441
6339	3	1	81 130 455
6340	3	1	81 130 462
6341	3	1	81 130 497
6342	3	1	81 132 217
6343	3	1	81 132 262
6344	3	1	81 164 253
6345	3	1	81 164 301
6346	3	1	81 197 324
6347	3	1	81 211 322
6348	3	1	81 211 324
6349	3	1	81 211 332
6350	3	1	81 211 398
6351	3	1	81 211 448
6352	3	1	81 217 397
6353	3	1	81 217 455
6354	3	1	81 217 468
6355	3	1	81 231 301
6356	3	1	81 249 253
6357	3	1	81 249 281
6358	3	1	81 249 324
6359	3	1	81 249 398
6360	3	1	81 253 276
6361	3	1	81 253 332
6362	3	1	81 253 337
6363	3	1	81 253 397
6364	3	1	81 262 324
6365	3	1	81 262 332
6366	3	1	81 263 324
6367	3	1	81 276 472
6368	3	1	81 276 497
6369	3	1	81 281 322
6370	3	1	81 281 324
6371	3	1	81 281 334
6372	3	1	81 281 462
6373	3	1	81 281 468
6374	3	1	81 301 313
6375	3	1	81 301 468
6376	3	1	81 301 472
6377	3	1	81 322 427
6378	3	1	81 324 462
6379	3	1	81 329 398
6380	3	1	81 329 427
6381	3	1	81 334 349
6382	3	1	81 334 401
6383	3	1	81 337 397
6384	3	1	81 337 462
6385	3	1	81 349 455
6386	3	1	81 397 472
6387	3	1	81 401 468
6388	3	1	81 427 448
6389	3	1	81 427 451
6390	3	1	81 427 497
6391	3	1	81 441 451
6392	3	1	82 87 277
6393	3	1	82 87 452
6394	3	1	82 94 159
6395	3	1	82 94 190
6396	3	1	82 133 356
6397	3	1	82 133 376
6398	3	1	82 133 398
6399	3	1	82 142 226
6400	3	1	82 142 277
6401	3	1	82 142 281
6402	3	1	82 142 389
6403	3	1	82 158 300
6404	3	1	82 159 281
6405	3	1	82 159 356
6406	3	1	82 187 226
6407	3	1	82 187 400
6408	3	1	82 190 277
6409	3	1	82 190 281
6410	3	1	82 190 386
6411	3	1	82 190 398
6412	3	1	82 190 465
6413	3	1	82 226 302
6414	3	1	82 277 465
6415	3	1	82 281 300
6416	3	1	82 281 323
6417	3	1	82 281 452
6418	3	1	82 282 363
6419	3	1	82 282 376
6420	3	1	82 300 398
6421	3	1	82 302 323
6422	3	1	82 323 389
6423	3	1	82 376 386
6424	3	1	83 86 91
6425	3	1	83 86 300
6426	3	1	83 86 313
6427	3	1	83 86 346
6428	3	1	83 86 412
6429	3	1	83 86 435
6430	3	1	83 91 185
6431	3	1	83 91 221
6432	3	1	83 91 376
6433	3	1	83 95 101
6434	3	1	83 95 127
6435	3	1	83 95 300
6436	3	1	83 101 116
6437	3	1	83 101 185
6438	3	1	83 101 239
6439	3	1	83 116 122
6440	3	1	83 116 136
6441	3	1	83 116 229
6442	3	1	83 116 342
6443	3	1	83 116 486
6444	3	1	83 122 156
6445	3	1	83 122 230
6446	3	1	83 122 283
6447	3	1	83 122 342
6448	3	1	83 122 355
6449	3	1	83 123 346
6450	3	1	83 123 376
6451	3	1	83 123 483
6452	3	1	83 127 172
6453	3	1	83 127 337
6454	3	1	83 136 172
6455	3	1	83 136 365
6456	3	1	83 142 143
6457	3	1	83 142 412
6458	3	1	83 143 225
6459	3	1	83 143 326
6460	3	1	83 143 349
6461	3	1	83 143 365
6462	3	1	83 152 172
6463	3	1	83 152 219
6464	3	1	83 152 283
6465	3	1	83 156 318
6466	3	1	83 156 337
6467	3	1	83 156 355
6468	3	1	83 172 313
6469	3	1	83 172 355
6470	3	1	83 185 221
6471	3	1	83 185 365
6472	3	1	83 185 486
6473	3	1	83 190 219
6474	3	1	83 190 486
6475	3	1	83 219 225
6476	3	1	83 219 326
6477	3	1	83 219 349
6478	3	1	83 219 365
6479	3	1	83 219 376
6480	3	1	83 219 483
6481	3	1	83 219 486
6482	3	1	83 221 326
6483	3	1	83 221 342
6484	3	1	83 225 318
6485	3	1	83 225 483
6486	3	1	83 229 318
6487	3	1	83 230 318
6488	3	1	83 283 326
6489	3	1	83 300 326
6490	3	1	83 326 412
6491	3	1	83 337 365
6492	3	1	83 342 349
6493	3	1	83 342 435
6494	3	1	83 349 376
6495	3	1	83 355 483
6496	3	1	83 365 412
6497	3	1	83 376 412
6498	3	1	83 376 435
6499	3	1	84 86 115
6500	3	1	84 86 372
6501	3	1	84 86 412
6502	3	1	84 86 447
6503	3	1	84 99 227
6504	3	1	84 99 233
6505	3	1	84 99 432
6506	3	1	84 102 365
6507	3	1	84 102 399
6508	3	1	84 102 432
6509	3	1	84 102 447
6510	3	1	84 115 244
6511	3	1	84 115 399
6512	3	1	84 115 412
6513	3	1	84 143 334
6514	3	1	84 143 365
6515	3	1	84 143 409
6516	3	1	84 143 436
6517	3	1	84 143 450
6518	3	1	84 143 466
6519	3	1	84 165 174
6520	3	1	84 166 385
6521	3	1	84 166 412
6522	3	1	84 171 345
6523	3	1	84 171 385
6524	3	1	84 171 412
6525	3	1	84 171 447
6526	3	1	84 174 265
6527	3	1	84 174 345
6528	3	1	84 201 227
6529	3	1	84 201 244
6530	3	1	84 201 395
6531	3	1	84 201 466
6532	3	1	84 201 485
6533	3	1	84 227 244
6534	3	1	84 227 318
6535	3	1	84 227 447
6536	3	1	84 227 485
6537	3	1	84 229 318
6538	3	1	84 229 399
6539	3	1	84 229 436
6540	3	1	84 233 409
6541	3	1	84 233 472
6542	3	1	84 240 472
6543	3	1	84 244 345
6544	3	1	84 244 399
6545	3	1	84 244 432
6546	3	1	84 244 436
6547	3	1	84 244 447
6548	3	1	84 265 395
6549	3	1	84 265 412
6550	3	1	84 265 436
6551	3	1	84 265 491
6552	3	1	84 288 447
6553	3	1	84 318 436
6554	3	1	84 334 372
6555	3	1	84 345 436
6556	3	1	84 365 412
6557	3	1	84 365 485
6558	3	1	84 365 491
6559	3	1	84 395 412
6560	3	1	84 399 412
6561	3	1	84 399 432
6562	3	1	84 399 491
6563	3	1	84 409 432
6564	3	1	84 409 485
6565	3	1	84 412 447
6566	3	1	84 436 491
6567	3	1	84 447 485
6568	3	1	86 88 321
6569	3	1	86 88 338
6570	3	1	86 88 372
6571	3	1	86 88 412
6572	3	1	86 91 275
6573	3	1	86 91 321
6574	3	1	86 91 383
6575	3	1	86 106 275
6576	3	1	86 106 300
6577	3	1	86 106 319
6578	3	1	86 106 397
6579	3	1	86 106 433
6580	3	1	86 114 192
6581	3	1	86 114 346
6582	3	1	86 114 397
6583	3	1	86 114 431
6584	3	1	86 115 216
6585	3	1	86 115 319
6586	3	1	86 115 412
6587	3	1	86 115 433
6588	3	1	86 115 488
6589	3	1	86 135 232
6590	3	1	86 135 279
6591	3	1	86 135 294
6592	3	1	86 135 319
6593	3	1	86 135 383
6594	3	1	86 135 412
6595	3	1	86 135 426
6596	3	1	86 135 433
6597	3	1	86 182 300
6598	3	1	86 182 372
6599	3	1	86 192 232
6600	3	1	86 192 294
6601	3	1	86 202 232
6602	3	1	86 202 294
6603	3	1	86 202 321
6604	3	1	86 202 426
6605	3	1	86 202 447
6606	3	1	86 216 431
6607	3	1	86 216 487
6608	3	1	86 216 488
6609	3	1	86 232 451
6610	3	1	86 234 401
6611	3	1	86 234 488
6612	3	1	86 275 279
6613	3	1	86 275 300
6614	3	1	86 275 372
6615	3	1	86 275 467
6616	3	1	86 279 321
6617	3	1	86 279 374
6618	3	1	86 279 397
6619	3	1	86 294 313
6620	3	1	86 294 321
6621	3	1	86 294 378
6622	3	1	86 300 431
6623	3	1	86 300 487
6624	3	1	86 313 431
6625	3	1	86 313 488
6626	3	1	86 319 397
6627	3	1	86 321 397
6628	3	1	86 321 412
6629	3	1	86 321 451
6630	3	1	86 338 368
6631	3	1	86 368 378
6632	3	1	86 368 426
6633	3	1	86 368 435
6634	3	1	86 372 435
6635	3	1	86 374 401
6636	3	1	86 374 487
6637	3	1	86 401 435
6638	3	1	86 401 467
6639	3	1	86 412 433
6640	3	1	86 412 447
6641	3	1	86 426 451
6642	3	1	86 426 467
6643	3	1	86 431 435
6644	3	1	86 435 451
6645	3	1	86 467 487
6646	3	1	87 130 175
6647	3	1	87 130 318
6648	3	1	87 161 292
6649	3	1	87 161 372
6650	3	1	87 161 410
6651	3	1	87 161 480
6652	3	1	87 171 292
6653	3	1	87 171 385
6654	3	1	87 171 412
6655	3	1	87 175 372
6656	3	1	87 175 450
6657	3	1	87 208 404
6658	3	1	87 208 410
6659	3	1	87 208 424
6660	3	1	87 210 424
6661	3	1	87 277 416
6662	3	1	87 318 333
6663	3	1	87 318 480
6664	3	1	87 372 480
6665	3	1	87 385 452
6666	3	1	87 404 412
6667	3	1	87 413 416
6668	3	1	87 413 480
6669	3	1	87 450 481
6670	3	1	88 93 95
6671	3	1	88 100 138
6672	3	1	88 100 440
6673	3	1	88 104 440
6674	3	1	88 122 230
6675	3	1	88 138 412
6676	3	1	88 141 230
6677	3	1	88 163 298
6678	3	1	88 163 325
6679	3	1	88 163 422
6680	3	1	88 175 372
6681	3	1	88 201 363
6682	3	1	88 207 267
6683	3	1	88 207 321
6684	3	1	88 230 325
6685	3	1	88 230 338
6686	3	1	88 267 363
6687	3	1	88 267 372
6688	3	1	88 295 298
6689	3	1	88 298 359
6690	3	1	88 298 372
6691	3	1	88 321 412
6692	3	1	88 338 500
6693	3	1	88 341 372
6694	3	1	88 349 500
6695	3	1	88 359 422
6696	3	1	88 412 440
6697	3	1	89 107 234
6698	3	1	89 107 394
6699	3	1	89 119 140
6700	3	1	89 119 240
6701	3	1	89 119 271
6702	3	1	89 119 289
6703	3	1	89 119 345
6704	3	1	89 119 471
6705	3	1	89 120 167
6706	3	1	89 120 234
6707	3	1	89 120 435
6708	3	1	89 140 308
6709	3	1	89 140 434
6710	3	1	89 140 489
6711	3	1	89 162 201
6712	3	1	89 162 281
6713	3	1	89 162 289
6714	3	1	89 167 462
6715	3	1	89 167 487
6716	3	1	89 201 466
6717	3	1	89 206 251
6718	3	1	89 206 289
6719	3	1	89 210 274
6720	3	1	89 234 258
6721	3	1	89 234 291
6722	3	1	89 234 463
6723	3	1	89 234 465
6724	3	1	89 234 466
6725	3	1	89 240 354
6726	3	1	89 240 471
6727	3	1	89 251 271
6728	3	1	89 251 345
6729	3	1	89 258 297
6730	3	1	89 258 308
6731	3	1	89 258 394
6732	3	1	89 258 489
6733	3	1	89 271 291
6734	3	1	89 271 435
6735	3	1	89 274 291
6736	3	1	89 281 462
6737	3	1	89 281 471
6738	3	1	89 281 500
6739	3	1	89 289 308
6740	3	1	89 289 394
6741	3	1	89 289 466
6742	3	1	89 289 487
6743	3	1	89 289 489
6744	3	1	89 291 423
6745	3	1	89 291 465
6746	3	1	89 297 308
6747	3	1	89 297 466
6748	3	1	89 297 489
6749	3	1	89 308 471
6750	3	1	89 354 489
6751	3	1	89 423 435
6752	3	1	89 423 463
6753	3	1	89 423 466
6754	3	1	89 423 489
6755	3	1	89 463 487
6756	3	1	89 465 487
6757	3	1	90 119 134
6758	3	1	90 119 224
6759	3	1	90 119 229
6760	3	1	90 119 240
6761	3	1	90 119 245
6762	3	1	90 134 201
6763	3	1	90 134 261
6764	3	1	90 134 264
6765	3	1	90 134 340
6766	3	1	90 138 210
6767	3	1	90 138 229
6768	3	1	90 138 234
6769	3	1	90 138 340
6770	3	1	90 138 412
6771	3	1	90 162 201
6772	3	1	90 162 232
6773	3	1	90 162 310
6774	3	1	90 165 310
6775	3	1	90 165 340
6776	3	1	90 210 222
6777	3	1	90 222 435
6778	3	1	90 223 232
6779	3	1	90 223 340
6780	3	1	90 224 229
6781	3	1	90 229 310
6782	3	1	90 232 359
6783	3	1	90 232 440
6784	3	1	90 234 264
6785	3	1	90 234 391
6786	3	1	90 240 278
6787	3	1	90 240 310
6788	3	1	90 240 440
6789	3	1	90 240 486
6790	3	1	90 245 340
6791	3	1	90 245 359
6792	3	1	90 261 480
6793	3	1	90 264 310
6794	3	1	90 278 435
6795	3	1	90 300 325
6796	3	1	90 310 391
6797	3	1	90 340 359
6798	3	1	90 371 486
6799	3	1	90 412 440
6800	3	1	90 412 496
6801	3	1	90 480 496
6802	3	1	90 486 491
6803	3	1	91 120 153
6804	3	1	91 120 166
6805	3	1	91 120 238
6806	3	1	91 126 128
6807	3	1	91 126 153
6808	3	1	91 126 406
6809	3	1	91 128 221
6810	3	1	91 128 238
6811	3	1	91 128 272
6812	3	1	91 128 321
6813	3	1	91 141 153
6814	3	1	91 141 185
6815	3	1	91 141 370
6816	3	1	91 141 395
6817	3	1	91 141 479
6818	3	1	91 153 312
6819	3	1	91 166 272
6820	3	1	91 166 480
6821	3	1	91 185 221
6822	3	1	91 185 244
6823	3	1	91 185 395
6824	3	1	91 185 468
6825	3	1	91 221 312
6826	3	1	91 221 406
6827	3	1	91 238 307
6828	3	1	91 238 470
6829	3	1	91 244 278
6830	3	1	91 244 312
6831	3	1	91 244 362
6832	3	1	91 244 468
6833	3	1	91 245 272
6834	3	1	91 245 312
6835	3	1	91 245 333
6836	3	1	91 245 376
6837	3	1	91 257 278
6838	3	1	91 257 470
6839	3	1	91 257 480
6840	3	1	91 272 275
6841	3	1	91 272 333
6842	3	1	91 272 370
6843	3	1	91 275 307
6844	3	1	91 275 466
6845	3	1	91 275 468
6846	3	1	91 278 307
6847	3	1	91 278 333
6848	3	1	91 307 383
6849	3	1	91 307 441
6850	3	1	91 312 376
6851	3	1	91 312 406
6852	3	1	91 321 395
6853	3	1	91 321 466
6854	3	1	91 325 333
6855	3	1	91 333 466
6856	3	1	91 370 395
6857	3	1	91 370 406
6858	3	1	91 370 470
6859	3	1	91 376 480
6860	3	1	91 383 468
6861	3	1	91 395 479
6862	3	1	91 441 491
6863	3	1	91 466 470
6864	3	1	91 470 480
6865	3	1	92 98 202
6866	3	1	92 101 149
6867	3	1	92 101 202
6868	3	1	92 101 389
6869	3	1	92 115 379
6870	3	1	92 134 161
6871	3	1	92 134 264
6872	3	1	92 149 231
6873	3	1	92 149 367
6874	3	1	92 149 389
6875	3	1	92 161 354
6876	3	1	92 202 232
6877	3	1	92 202 293
6878	3	1	92 202 384
6879	3	1	92 202 391
6880	3	1	92 210 367
6881	3	1	92 231 232
6882	3	1	92 232 266
6883	3	1	92 232 472
6884	3	1	92 262 346
6885	3	1	92 262 379
6886	3	1	92 264 367
6887	3	1	92 264 385
6888	3	1	92 323 389
6889	3	1	92 354 384
6890	3	1	92 367 384
6891	3	1	93 95 132
6892	3	1	93 95 300
6893	3	1	93 95 333
6894	3	1	93 96 202
6895	3	1	93 132 296
6896	3	1	93 132 302
6897	3	1	93 133 448
6898	3	1	93 134 302
6899	3	1	93 134 308
6900	3	1	93 134 462
6901	3	1	93 140 171
6902	3	1	93 140 308
6903	3	1	93 140 397
6904	3	1	93 140 455
6905	3	1	93 171 199
6906	3	1	93 171 304
6907	3	1	93 171 447
6908	3	1	93 177 296
6909	3	1	93 177 308
6910	3	1	93 181 304
6911	3	1	93 181 334
6912	3	1	93 199 202
6913	3	1	93 199 447
6914	3	1	93 202 296
6915	3	1	93 202 333
6916	3	1	93 202 441
6917	3	1	93 202 447
6918	3	1	93 202 448
6919	3	1	93 243 296
6920	3	1	93 243 334
6921	3	1	93 251 300
6922	3	1	93 287 397
6923	3	1	93 287 441
6924	3	1	93 296 302
6925	3	1	93 296 308
6926	3	1	93 296 342
6927	3	1	93 296 396
6928	3	1	93 296 429
6929	3	1	93 296 462
6930	3	1	93 300 334
6931	3	1	93 301 365
6932	3	1	93 301 447
6933	3	1	93 302 346
6934	3	1	93 304 308
6935	3	1	93 333 346
6936	3	1	93 333 448
6937	3	1	93 333 462
6938	3	1	93 342 435
6939	3	1	93 365 396
6940	3	1	93 365 397
6941	3	1	93 396 447
6942	3	1	93 396 448
6943	3	1	93 397 400
6944	3	1	93 435 441
6945	3	1	93 441 447
6946	3	1	93 447 448
6947	3	1	94 120 150
6948	3	1	94 148 190
6949	3	1	94 148 267
6950	3	1	94 148 413
6951	3	1	94 150 159
6952	3	1	94 150 190
6953	3	1	94 150 243
6954	3	1	94 150 295
6955	3	1	94 150 480
6956	3	1	94 159 324
6957	3	1	94 159 342
6958	3	1	94 159 500
6959	3	1	94 171 350
6960	3	1	94 171 385
6961	3	1	94 171 487
6962	3	1	94 183 385
6963	3	1	94 183 399
6964	3	1	94 190 268
6965	3	1	94 243 268
6966	3	1	94 243 385
6967	3	1	94 267 487
6968	3	1	94 268 295
6969	3	1	94 268 298
6970	3	1	94 268 426
6971	3	1	94 268 455
6972	3	1	94 288 342
6973	3	1	94 294 298
6974	3	1	94 295 298
6975	3	1	94 295 312
6976	3	1	94 298 344
6977	3	1	94 312 487
6978	3	1	94 315 324
6979	3	1	94 324 350
6980	3	1	94 342 344
6981	3	1	94 342 399
6982	3	1	94 344 350
6983	3	1	94 344 399
6984	3	1	94 350 413
6985	3	1	94 413 480
6986	3	1	94 413 487
6987	3	1	95 98 233
6988	3	1	95 98 241
6989	3	1	95 98 416
6990	3	1	95 98 427
6991	3	1	95 101 188
6992	3	1	95 101 261
6993	3	1	95 101 446
6994	3	1	95 105 266
6995	3	1	95 105 371
6996	3	1	95 105 433
6997	3	1	95 105 466
6998	3	1	95 127 213
6999	3	1	95 127 241
7000	3	1	95 127 399
7001	3	1	95 127 416
7002	3	1	95 127 427
7003	3	1	95 127 430
7004	3	1	95 127 467
7005	3	1	95 132 203
7006	3	1	95 132 466
7007	3	1	95 188 237
7008	3	1	95 188 266
7009	3	1	95 188 371
7010	3	1	95 188 398
7011	3	1	95 188 467
7012	3	1	95 203 213
7013	3	1	95 203 264
7014	3	1	95 213 224
7015	3	1	95 213 237
7016	3	1	95 213 264
7017	3	1	95 213 322
7018	3	1	95 222 246
7019	3	1	95 222 401
7020	3	1	95 224 241
7021	3	1	95 224 350
7022	3	1	95 224 399
7023	3	1	95 233 237
7024	3	1	95 233 401
7025	3	1	95 233 430
7026	3	1	95 233 468
7027	3	1	95 237 300
7028	3	1	95 237 312
7029	3	1	95 237 322
7030	3	1	95 237 467
7031	3	1	95 241 324
7032	3	1	95 241 427
7033	3	1	95 241 433
7034	3	1	95 241 460
7035	3	1	95 246 371
7036	3	1	95 246 427
7037	3	1	95 246 446
7038	3	1	95 261 398
7039	3	1	95 261 399
7040	3	1	95 261 433
7041	3	1	95 264 333
7042	3	1	95 264 468
7043	3	1	95 266 371
7044	3	1	95 300 322
7045	3	1	95 300 324
7046	3	1	95 300 398
7047	3	1	95 300 399
7048	3	1	95 312 401
7049	3	1	95 319 322
7050	3	1	95 319 466
7051	3	1	95 322 371
7052	3	1	95 322 427
7053	3	1	95 322 433
7054	3	1	95 324 350
7055	3	1	95 324 430
7056	3	1	95 333 401
7057	3	1	95 333 466
7058	3	1	95 350 401
7059	3	1	95 350 430
7060	3	1	95 399 430
7061	3	1	95 399 468
7062	3	1	95 401 467
7063	3	1	95 401 468
7064	3	1	95 427 430
7065	3	1	95 427 446
7066	3	1	95 433 468
7067	3	1	95 460 468
7068	3	1	96 108 207
7069	3	1	96 115 155
7070	3	1	96 115 217
7071	3	1	96 115 319
7072	3	1	96 115 357
7073	3	1	96 115 371
7074	3	1	96 115 403
7075	3	1	96 115 430
7076	3	1	96 126 155
7077	3	1	96 126 201
7078	3	1	96 126 240
7079	3	1	96 126 285
7080	3	1	96 155 163
7081	3	1	96 155 201
7082	3	1	96 155 291
7083	3	1	96 163 285
7084	3	1	96 163 378
7085	3	1	96 163 403
7086	3	1	96 163 485
7087	3	1	96 201 275
7088	3	1	96 201 417
7089	3	1	96 201 485
7090	3	1	96 202 391
7091	3	1	96 202 452
7092	3	1	96 207 285
7093	3	1	96 217 240
7094	3	1	96 217 344
7095	3	1	96 217 378
7096	3	1	96 240 344
7097	3	1	96 240 430
7098	3	1	96 240 452
7099	3	1	96 240 472
7100	3	1	96 274 291
7101	3	1	96 274 485
7102	3	1	96 275 322
7103	3	1	96 275 485
7104	3	1	96 285 357
7105	3	1	96 285 391
7106	3	1	96 286 452
7107	3	1	96 291 378
7108	3	1	96 291 391
7109	3	1	96 291 417
7110	3	1	96 319 322
7111	3	1	96 322 357
7112	3	1	96 322 371
7113	3	1	96 357 391
7114	3	1	96 391 417
7115	3	1	96 403 430
7116	3	1	96 403 487
7117	3	1	96 417 472
7118	3	1	96 430 484
7119	3	1	97 104 116
7120	3	1	97 104 279
7121	3	1	97 104 287
7122	3	1	97 104 489
7123	3	1	97 110 167
7124	3	1	97 110 335
7125	3	1	97 110 357
7126	3	1	97 116 234
7127	3	1	97 116 372
7128	3	1	97 116 486
7129	3	1	97 128 279
7130	3	1	97 128 287
7131	3	1	97 138 234
7132	3	1	97 138 287
7133	3	1	97 138 351
7134	3	1	97 138 489
7135	3	1	97 153 271
7136	3	1	97 153 351
7137	3	1	97 153 489
7138	3	1	97 160 455
7139	3	1	97 160 467
7140	3	1	97 160 483
7141	3	1	97 160 486
7142	3	1	97 167 483
7143	3	1	97 234 287
7144	3	1	97 234 455
7145	3	1	97 271 467
7146	3	1	97 287 489
7147	3	1	97 308 325
7148	3	1	97 308 359
7149	3	1	97 308 372
7150	3	1	97 308 467
7151	3	1	97 308 486
7152	3	1	97 351 357
7153	3	1	97 351 362
7154	3	1	97 351 429
7155	3	1	97 357 362
7156	3	1	97 357 429
7157	3	1	97 357 489
7158	3	1	97 359 455
7159	3	1	97 362 467
7160	3	1	97 372 486
7161	3	1	97 372 489
7162	3	1	97 455 467
7163	3	1	98 102 260
7164	3	1	98 102 432
7165	3	1	98 104 233
7166	3	1	98 104 406
7167	3	1	98 156 169
7168	3	1	98 156 318
7169	3	1	98 156 364
7170	3	1	98 157 206
7171	3	1	98 169 295
7172	3	1	98 202 219
7173	3	1	98 202 282
7174	3	1	98 202 318
7175	3	1	98 202 426
7176	3	1	98 202 432
7177	3	1	98 207 233
7178	3	1	98 209 229
7179	3	1	98 209 380
7180	3	1	98 209 432
7181	3	1	98 211 380
7182	3	1	98 219 260
7183	3	1	98 219 364
7184	3	1	98 219 380
7185	3	1	98 229 318
7186	3	1	98 233 353
7187	3	1	98 233 380
7188	3	1	98 233 426
7189	3	1	98 241 427
7190	3	1	98 260 281
7191	3	1	98 260 318
7192	3	1	98 260 406
7193	3	1	98 281 380
7194	3	1	98 282 469
7195	3	1	98 295 357
7196	3	1	98 295 432
7197	3	1	98 353 426
7198	3	1	98 353 469
7199	3	1	98 357 432
7200	3	1	98 364 380
7201	3	1	98 405 432
7202	3	1	98 406 416
7203	3	1	98 432 469
7204	3	1	99 103 232
7205	3	1	99 103 256
7206	3	1	99 103 367
7207	3	1	99 103 417
7208	3	1	99 103 488
7209	3	1	99 121 209
7210	3	1	99 121 417
7211	3	1	99 121 423
7212	3	1	99 121 441
7213	3	1	99 121 488
7214	3	1	99 121 496
7215	3	1	99 121 500
7216	3	1	99 123 297
7217	3	1	99 123 417
7218	3	1	99 123 441
7219	3	1	99 134 148
7220	3	1	99 134 264
7221	3	1	99 134 302
7222	3	1	99 134 457
7223	3	1	99 148 233
7224	3	1	99 148 367
7225	3	1	99 148 383
7226	3	1	99 157 297
7227	3	1	99 157 325
7228	3	1	99 157 394
7229	3	1	99 157 423
7230	3	1	99 157 496
7231	3	1	99 164 302
7232	3	1	99 182 364
7233	3	1	99 182 417
7234	3	1	99 182 441
7235	3	1	99 182 457
7236	3	1	99 182 496
7237	3	1	99 209 367
7238	3	1	99 209 432
7239	3	1	99 223 232
7240	3	1	99 223 500
7241	3	1	99 227 364
7242	3	1	99 227 496
7243	3	1	99 232 297
7244	3	1	99 243 268
7245	3	1	99 243 364
7246	3	1	99 243 383
7247	3	1	99 256 297
7248	3	1	99 257 423
7249	3	1	99 264 364
7250	3	1	99 264 367
7251	3	1	99 264 394
7252	3	1	99 264 457
7253	3	1	99 268 394
7254	3	1	99 268 423
7255	3	1	99 268 433
7256	3	1	99 297 302
7257	3	1	99 297 364
7258	3	1	99 297 496
7259	3	1	99 302 383
7260	3	1	99 302 500
7261	3	1	99 324 367
7262	3	1	99 324 432
7263	3	1	99 324 457
7264	3	1	99 324 488
7265	3	1	99 325 488
7266	3	1	99 394 417
7267	3	1	99 394 432
7268	3	1	99 400 417
7269	3	1	99 400 488
7270	3	1	99 411 423
7271	3	1	99 411 433
7272	3	1	99 411 457
7273	3	1	99 417 432
7274	3	1	99 432 496
7275	3	1	100 119 289
7276	3	1	100 119 384
7277	3	1	100 119 469
7278	3	1	100 119 477
7279	3	1	100 130 458
7280	3	1	100 138 241
7281	3	1	100 138 477
7282	3	1	100 148 218
7283	3	1	100 148 387
7284	3	1	100 148 440
7285	3	1	100 148 458
7286	3	1	100 167 332
7287	3	1	100 167 477
7288	3	1	100 171 440
7289	3	1	100 203 209
7290	3	1	100 203 477
7291	3	1	100 208 209
7292	3	1	100 208 384
7293	3	1	100 209 356
7294	3	1	100 218 469
7295	3	1	100 241 460
7296	3	1	100 332 458
7297	3	1	100 332 460
7298	3	1	100 332 494
7299	3	1	100 346 387
7300	3	1	100 346 454
7301	3	1	100 346 460
7302	3	1	100 346 494
7303	3	1	100 356 384
7304	3	1	100 384 396
7305	3	1	100 384 426
7306	3	1	100 384 494
7307	3	1	100 396 440
7308	3	1	100 426 440
7309	3	1	100 426 454
7310	3	1	100 440 477
7311	3	1	100 454 460
7312	3	1	100 460 494
7313	3	1	100 469 494
7314	3	1	101 102 114
7315	3	1	101 102 183
7316	3	1	101 102 188
7317	3	1	101 102 446
7318	3	1	101 102 464
7319	3	1	101 106 308
7320	3	1	101 114 244
7321	3	1	101 116 238
7322	3	1	101 116 446
7323	3	1	101 124 239
7324	3	1	101 124 250
7325	3	1	101 124 320
7326	3	1	101 124 434
7327	3	1	101 145 149
7328	3	1	101 145 159
7329	3	1	101 145 185
7330	3	1	101 145 238
7331	3	1	101 145 250
7332	3	1	101 145 320
7333	3	1	101 145 434
7334	3	1	101 149 185
7335	3	1	101 149 239
7336	3	1	101 149 244
7337	3	1	101 149 308
7338	3	1	101 149 357
7339	3	1	101 149 389
7340	3	1	101 150 159
7341	3	1	101 150 243
7342	3	1	101 150 330
7343	3	1	101 150 462
7344	3	1	101 150 480
7345	3	1	101 159 356
7346	3	1	101 183 320
7347	3	1	101 183 404
7348	3	1	101 183 423
7349	3	1	101 183 464
7350	3	1	101 185 243
7351	3	1	101 185 244
7352	3	1	101 185 423
7353	3	1	101 188 308
7354	3	1	101 188 462
7355	3	1	101 201 244
7356	3	1	101 201 250
7357	3	1	101 202 320
7358	3	1	101 202 494
7359	3	1	101 238 243
7360	3	1	101 238 330
7361	3	1	101 238 404
7362	3	1	101 239 434
7363	3	1	101 243 250
7364	3	1	101 243 261
7365	3	1	101 243 291
7366	3	1	101 243 303
7367	3	1	101 243 330
7368	3	1	101 244 465
7369	3	1	101 244 494
7370	3	1	101 250 291
7371	3	1	101 261 465
7372	3	1	101 261 480
7373	3	1	101 291 356
7374	3	1	101 291 404
7375	3	1	101 291 423
7376	3	1	101 291 446
7377	3	1	101 291 465
7378	3	1	101 303 330
7379	3	1	101 303 356
7380	3	1	101 303 494
7381	3	1	101 308 320
7382	3	1	101 320 465
7383	3	1	101 330 446
7384	3	1	101 330 480
7385	3	1	101 356 464
7386	3	1	101 356 480
7387	3	1	101 357 464
7388	3	1	101 389 446
7389	3	1	101 389 464
7390	3	1	101 389 494
7391	3	1	101 462 494
7392	3	1	101 464 465
7393	3	1	102 105 294
7394	3	1	102 140 175
7395	3	1	102 140 455
7396	3	1	102 175 228
7397	3	1	102 175 447
7398	3	1	102 183 260
7399	3	1	102 183 399
7400	3	1	102 183 400
7401	3	1	102 183 432
7402	3	1	102 183 464
7403	3	1	102 188 292
7404	3	1	102 188 479
7405	3	1	102 188 500
7406	3	1	102 216 301
7407	3	1	102 216 400
7408	3	1	102 216 432
7409	3	1	102 216 446
7410	3	1	102 228 269
7411	3	1	102 260 399
7412	3	1	102 260 500
7413	3	1	102 267 464
7414	3	1	102 269 464
7415	3	1	102 269 479
7416	3	1	102 286 432
7417	3	1	102 292 399
7418	3	1	102 301 365
7419	3	1	102 301 447
7420	3	1	102 301 464
7421	3	1	102 301 479
7422	3	1	102 399 432
7423	3	1	102 400 479
7424	3	1	102 446 447
7425	3	1	102 446 455
7426	3	1	103 109 127
7427	3	1	103 109 318
7428	3	1	103 109 410
7429	3	1	103 127 172
7430	3	1	103 172 234
7431	3	1	103 172 436
7432	3	1	103 177 245
7433	3	1	103 204 437
7434	3	1	103 218 318
7435	3	1	103 218 437
7436	3	1	103 232 359
7437	3	1	103 232 437
7438	3	1	103 234 256
7439	3	1	103 234 350
7440	3	1	103 234 367
7441	3	1	103 234 488
7442	3	1	103 245 288
7443	3	1	103 245 359
7444	3	1	103 245 386
7445	3	1	103 245 436
7446	3	1	103 256 350
7447	3	1	103 256 395
7448	3	1	103 318 350
7449	3	1	103 318 386
7450	3	1	103 318 436
7451	3	1	103 367 437
7452	3	1	103 386 410
7453	3	1	103 424 436
7454	3	1	104 112 373
7455	3	1	104 112 464
7456	3	1	104 116 395
7457	3	1	104 116 406
7458	3	1	104 119 305
7459	3	1	104 119 459
7460	3	1	104 119 464
7461	3	1	104 130 242
7462	3	1	104 130 287
7463	3	1	104 192 225
7464	3	1	104 192 242
7465	3	1	104 192 302
7466	3	1	104 192 305
7467	3	1	104 192 389
7468	3	1	104 193 354
7469	3	1	104 193 472
7470	3	1	104 225 233
7471	3	1	104 225 464
7472	3	1	104 233 242
7473	3	1	104 233 326
7474	3	1	104 233 440
7475	3	1	104 233 459
7476	3	1	104 233 472
7477	3	1	104 233 489
7478	3	1	104 242 279
7479	3	1	104 242 459
7480	3	1	104 242 472
7481	3	1	104 242 479
7482	3	1	104 274 287
7483	3	1	104 274 440
7484	3	1	104 274 479
7485	3	1	104 279 307
7486	3	1	104 279 395
7487	3	1	104 279 472
7488	3	1	104 287 459
7489	3	1	104 287 472
7490	3	1	104 287 489
7491	3	1	104 302 313
7492	3	1	104 302 479
7493	3	1	104 307 326
7494	3	1	104 307 459
7495	3	1	104 326 475
7496	3	1	104 334 475
7497	3	1	104 354 395
7498	3	1	104 354 403
7499	3	1	104 354 459
7500	3	1	104 354 489
7501	3	1	104 361 472
7502	3	1	104 373 395
7503	3	1	104 373 459
7504	3	1	104 389 464
7505	3	1	104 395 475
7506	3	1	104 395 479
7507	3	1	104 403 479
7508	3	1	104 436 459
7509	3	1	104 464 489
7510	3	1	104 475 479
7511	3	1	105 134 161
7512	3	1	105 134 218
7513	3	1	105 134 307
7514	3	1	105 134 439
7515	3	1	105 138 276
7516	3	1	105 138 287
7517	3	1	105 138 351
7518	3	1	105 138 437
7519	3	1	105 161 303
7520	3	1	105 161 485
7521	3	1	105 162 197
7522	3	1	105 162 218
7523	3	1	105 162 311
7524	3	1	105 162 485
7525	3	1	105 185 287
7526	3	1	105 185 351
7527	3	1	105 185 423
7528	3	1	105 186 294
7529	3	1	105 197 311
7530	3	1	105 218 266
7531	3	1	105 218 351
7532	3	1	105 218 423
7533	3	1	105 218 437
7534	3	1	105 257 311
7535	3	1	105 257 423
7536	3	1	105 257 485
7537	3	1	105 266 294
7538	3	1	105 266 371
7539	3	1	105 276 303
7540	3	1	105 276 439
7541	3	1	105 276 453
7542	3	1	105 285 422
7543	3	1	105 285 429
7544	3	1	105 285 437
7545	3	1	105 285 461
7546	3	1	105 287 495
7547	3	1	105 288 380
7548	3	1	105 288 384
7549	3	1	105 288 476
7550	3	1	105 294 325
7551	3	1	105 303 325
7552	3	1	105 303 384
7553	3	1	105 303 495
7554	3	1	105 307 311
7555	3	1	105 307 351
7556	3	1	105 307 439
7557	3	1	105 311 371
7558	3	1	105 311 380
7559	3	1	105 311 466
7560	3	1	105 325 380
7561	3	1	105 325 495
7562	3	1	105 351 429
7563	3	1	105 371 422
7564	3	1	105 371 443
7565	3	1	105 380 384
7566	3	1	105 380 429
7567	3	1	105 380 476
7568	3	1	105 422 423
7569	3	1	105 422 437
7570	3	1	105 423 466
7571	3	1	105 423 476
7572	3	1	105 433 437
7573	3	1	105 437 439
7574	3	1	105 437 461
7575	3	1	105 437 495
7576	3	1	105 439 453
7577	3	1	105 461 476
7578	3	1	106 108 123
7579	3	1	106 123 169
7580	3	1	106 123 274
7581	3	1	106 123 319
7582	3	1	106 128 129
7583	3	1	106 128 209
7584	3	1	106 128 298
7585	3	1	106 128 397
7586	3	1	106 129 169
7587	3	1	106 148 237
7588	3	1	106 148 482
7589	3	1	106 156 169
7590	3	1	106 156 298
7591	3	1	106 156 472
7592	3	1	106 163 298
7593	3	1	106 169 472
7594	3	1	106 208 209
7595	3	1	106 208 274
7596	3	1	106 209 229
7597	3	1	106 209 237
7598	3	1	106 209 319
7599	3	1	106 229 237
7600	3	1	106 229 310
7601	3	1	106 229 482
7602	3	1	106 237 300
7603	3	1	106 237 310
7604	3	1	106 246 274
7605	3	1	106 249 319
7606	3	1	106 249 433
7607	3	1	106 275 300
7608	3	1	106 275 310
7609	3	1	106 275 468
7610	3	1	106 277 397
7611	3	1	106 308 319
7612	3	1	106 308 468
7613	3	1	106 310 468
7614	3	1	106 310 472
7615	3	1	106 319 397
7616	3	1	106 347 397
7617	3	1	106 397 472
7618	3	1	106 433 468
7619	3	1	107 110 233
7620	3	1	107 110 315
7621	3	1	107 110 330
7622	3	1	107 110 384
7623	3	1	107 126 282
7624	3	1	107 126 315
7625	3	1	107 126 369
7626	3	1	107 130 315
7627	3	1	107 130 427
7628	3	1	107 134 200
7629	3	1	107 134 386
7630	3	1	107 169 189
7631	3	1	107 169 394
7632	3	1	107 169 401
7633	3	1	107 189 234
7634	3	1	107 189 401
7635	3	1	107 189 453
7636	3	1	107 200 324
7637	3	1	107 200 330
7638	3	1	107 200 476
7639	3	1	107 202 282
7640	3	1	107 202 324
7641	3	1	107 202 384
7642	3	1	107 202 476
7643	3	1	107 204 231
7644	3	1	107 204 324
7645	3	1	107 204 476
7646	3	1	107 228 386
7647	3	1	107 228 476
7648	3	1	107 233 353
7649	3	1	107 233 386
7650	3	1	107 233 401
7651	3	1	107 233 430
7652	3	1	107 234 315
7653	3	1	107 234 401
7654	3	1	107 234 430
7655	3	1	107 234 449
7656	3	1	107 277 315
7657	3	1	107 277 430
7658	3	1	107 282 430
7659	3	1	107 303 330
7660	3	1	107 303 353
7661	3	1	107 303 369
7662	3	1	107 303 384
7663	3	1	107 303 399
7664	3	1	107 303 427
7665	3	1	107 303 430
7666	3	1	107 315 324
7667	3	1	107 315 453
7668	3	1	107 324 430
7669	3	1	107 330 399
7670	3	1	107 353 369
7671	3	1	107 353 453
7672	3	1	107 369 384
7673	3	1	107 384 386
7674	3	1	107 384 430
7675	3	1	107 386 394
7676	3	1	107 394 430
7677	3	1	107 399 430
7678	3	1	107 427 430
7679	3	1	107 427 453
7680	3	1	107 430 453
7681	3	1	108 114 287
7682	3	1	108 114 384
7683	3	1	108 116 366
7684	3	1	108 116 372
7685	3	1	108 116 395
7686	3	1	108 123 460
7687	3	1	108 123 475
7688	3	1	108 132 423
7689	3	1	108 132 470
7690	3	1	108 137 423
7691	3	1	108 137 451
7692	3	1	108 139 435
7693	3	1	108 139 469
7694	3	1	108 139 470
7695	3	1	108 149 175
7696	3	1	108 149 231
7697	3	1	108 150 395
7698	3	1	108 150 475
7699	3	1	108 175 372
7700	3	1	108 175 384
7701	3	1	108 176 189
7702	3	1	108 176 384
7703	3	1	108 176 470
7704	3	1	108 183 372
7705	3	1	108 183 384
7706	3	1	108 183 423
7707	3	1	108 189 460
7708	3	1	108 189 469
7709	3	1	108 197 365
7710	3	1	108 197 469
7711	3	1	108 207 287
7712	3	1	108 287 481
7713	3	1	108 366 451
7714	3	1	108 366 481
7715	3	1	108 372 423
7716	3	1	108 372 435
7717	3	1	108 372 470
7718	3	1	108 395 469
7719	3	1	108 395 475
7720	3	1	108 395 481
7721	3	1	108 409 423
7722	3	1	108 409 451
7723	3	1	108 423 435
7724	3	1	108 435 451
7725	3	1	108 451 469
7726	3	1	108 451 481
7727	3	1	109 127 207
7728	3	1	109 127 399
7729	3	1	109 127 447
7730	3	1	109 128 183
7731	3	1	109 152 174
7732	3	1	109 152 199
7733	3	1	109 152 219
7734	3	1	109 152 320
7735	3	1	109 152 410
7736	3	1	109 152 443
7737	3	1	109 152 453
7738	3	1	109 152 468
7739	3	1	109 165 174
7740	3	1	109 165 243
7741	3	1	109 165 319
7742	3	1	109 174 188
7743	3	1	109 174 199
7744	3	1	109 174 296
7745	3	1	109 174 443
7746	3	1	109 180 233
7747	3	1	109 180 296
7748	3	1	109 180 332
7749	3	1	109 180 413
7750	3	1	109 183 320
7751	3	1	109 183 399
7752	3	1	109 183 410
7753	3	1	109 187 188
7754	3	1	109 199 447
7755	3	1	109 207 233
7756	3	1	109 207 410
7757	3	1	109 216 318
7758	3	1	109 216 332
7759	3	1	109 216 413
7760	3	1	109 219 373
7761	3	1	109 219 453
7762	3	1	109 219 460
7763	3	1	109 233 296
7764	3	1	109 233 410
7765	3	1	109 233 468
7766	3	1	109 243 261
7767	3	1	109 243 268
7768	3	1	109 243 296
7769	3	1	109 243 330
7770	3	1	109 243 373
7771	3	1	109 243 460
7772	3	1	109 261 399
7773	3	1	109 261 413
7774	3	1	109 261 458
7775	3	1	109 261 480
7776	3	1	109 268 332
7777	3	1	109 268 410
7778	3	1	109 268 460
7779	3	1	109 268 469
7780	3	1	109 296 460
7781	3	1	109 318 330
7782	3	1	109 318 480
7783	3	1	109 319 373
7784	3	1	109 320 332
7785	3	1	109 320 410
7786	3	1	109 330 332
7787	3	1	109 330 399
7788	3	1	109 330 480
7789	3	1	109 332 399
7790	3	1	109 332 453
7791	3	1	109 332 458
7792	3	1	109 332 460
7793	3	1	109 373 399
7794	3	1	109 399 468
7795	3	1	109 410 447
7796	3	1	109 413 480
7797	3	1	109 447 458
7798	3	1	109 447 480
7799	3	1	109 460 468
7800	3	1	109 468 469
7801	3	1	110 124 207
7802	3	1	110 124 329
7803	3	1	110 129 190
7804	3	1	110 129 396
7805	3	1	110 129 404
7806	3	1	110 129 462
7807	3	1	110 129 488
7808	3	1	110 132 296
7809	3	1	110 132 335
7810	3	1	110 132 436
7811	3	1	110 150 190
7812	3	1	110 150 296
7813	3	1	110 150 330
7814	3	1	110 150 396
7815	3	1	110 150 462
7816	3	1	110 150 479
7817	3	1	110 156 167
7818	3	1	110 156 354
7819	3	1	110 156 404
7820	3	1	110 167 207
7821	3	1	110 167 315
7822	3	1	110 167 462
7823	3	1	110 190 403
7824	3	1	110 190 436
7825	3	1	110 190 465
7826	3	1	110 190 479
7827	3	1	110 199 377
7828	3	1	110 207 233
7829	3	1	110 207 329
7830	3	1	110 207 354
7831	3	1	110 222 260
7832	3	1	110 222 403
7833	3	1	110 222 435
7834	3	1	110 222 452
7835	3	1	110 222 488
7836	3	1	110 224 315
7837	3	1	110 224 329
7838	3	1	110 224 452
7839	3	1	110 233 296
7840	3	1	110 233 465
7841	3	1	110 240 329
7842	3	1	110 240 354
7843	3	1	110 240 452
7844	3	1	110 258 330
7845	3	1	110 258 357
7846	3	1	110 258 488
7847	3	1	110 260 465
7848	3	1	110 296 377
7849	3	1	110 296 396
7850	3	1	110 296 462
7851	3	1	110 315 452
7852	3	1	110 322 357
7853	3	1	110 322 404
7854	3	1	110 322 465
7855	3	1	110 329 357
7856	3	1	110 329 404
7857	3	1	110 329 479
7858	3	1	110 330 354
7859	3	1	110 354 384
7860	3	1	110 354 403
7861	3	1	110 357 396
7862	3	1	110 357 432
7863	3	1	110 357 479
7864	3	1	110 377 404
7865	3	1	110 377 436
7866	3	1	110 383 404
7867	3	1	110 383 436
7868	3	1	110 383 465
7869	3	1	110 384 396
7870	3	1	110 384 452
7871	3	1	110 396 452
7872	3	1	110 403 465
7873	3	1	110 403 479
7874	3	1	110 404 412
7875	3	1	110 412 479
7876	3	1	110 462 488
7877	3	1	112 115 373
7878	3	1	112 115 379
7879	3	1	112 115 413
7880	3	1	112 133 328
7881	3	1	112 133 448
7882	3	1	112 136 175
7883	3	1	112 136 296
7884	3	1	112 136 328
7885	3	1	112 145 160
7886	3	1	112 145 175
7887	3	1	112 145 267
7888	3	1	112 145 468
7889	3	1	112 160 175
7890	3	1	112 160 296
7891	3	1	112 160 464
7892	3	1	112 174 296
7893	3	1	112 174 350
7894	3	1	112 174 364
7895	3	1	112 175 384
7896	3	1	112 227 344
7897	3	1	112 227 364
7898	3	1	112 227 401
7899	3	1	112 249 426
7900	3	1	112 249 464
7901	3	1	112 257 373
7902	3	1	112 257 482
7903	3	1	112 267 289
7904	3	1	112 267 464
7905	3	1	112 267 468
7906	3	1	112 289 344
7907	3	1	112 289 373
7908	3	1	112 289 466
7909	3	1	112 296 350
7910	3	1	112 296 462
7911	3	1	112 328 373
7912	3	1	112 328 448
7913	3	1	112 337 404
7914	3	1	112 337 413
7915	3	1	112 337 462
7916	3	1	112 341 373
7917	3	1	112 341 379
7918	3	1	112 341 401
7919	3	1	112 341 462
7920	3	1	112 341 468
7921	3	1	112 344 350
7922	3	1	112 344 364
7923	3	1	112 350 401
7924	3	1	112 350 413
7925	3	1	112 364 373
7926	3	1	112 364 462
7927	3	1	112 364 468
7928	3	1	112 364 482
7929	3	1	112 373 462
7930	3	1	112 379 448
7931	3	1	112 384 426
7932	3	1	112 401 404
7933	3	1	112 401 468
7934	3	1	112 404 426
7935	3	1	112 426 466
7936	3	1	112 464 466
7937	3	1	114 119 268
7938	3	1	114 119 276
7939	3	1	114 119 289
7940	3	1	114 119 345
7941	3	1	114 119 384
7942	3	1	114 119 439
7943	3	1	114 136 244
7944	3	1	114 136 276
7945	3	1	114 136 296
7946	3	1	114 136 397
7947	3	1	114 152 174
7948	3	1	114 152 199
7949	3	1	114 152 439
7950	3	1	114 166 268
7951	3	1	114 166 296
7952	3	1	114 166 364
7953	3	1	114 166 397
7954	3	1	114 174 199
7955	3	1	114 174 296
7956	3	1	114 174 345
7957	3	1	114 174 364
7958	3	1	114 174 397
7959	3	1	114 177 296
7960	3	1	114 192 263
7961	3	1	114 192 268
7962	3	1	114 192 302
7963	3	1	114 192 342
7964	3	1	114 199 364
7965	3	1	114 244 287
7966	3	1	114 244 345
7967	3	1	114 244 384
7968	3	1	114 244 431
7969	3	1	114 244 439
7970	3	1	114 263 268
7971	3	1	114 263 384
7972	3	1	114 268 287
7973	3	1	114 268 289
7974	3	1	114 268 346
7975	3	1	114 268 431
7976	3	1	114 276 430
7977	3	1	114 276 439
7978	3	1	114 287 329
7979	3	1	114 287 397
7980	3	1	114 287 489
7981	3	1	114 289 299
7982	3	1	114 289 329
7983	3	1	114 289 489
7984	3	1	114 296 302
7985	3	1	114 296 342
7986	3	1	114 296 439
7987	3	1	114 299 302
7988	3	1	114 302 329
7989	3	1	114 302 346
7990	3	1	114 364 430
7991	3	1	114 384 430
7992	3	1	114 397 439
7993	3	1	114 397 476
7994	3	1	114 416 476
7995	3	1	114 416 489
7996	3	1	115 152 199
7997	3	1	115 152 304
7998	3	1	115 152 439
7999	3	1	115 152 453
8000	3	1	115 155 162
8001	3	1	115 155 216
8002	3	1	115 155 379
8003	3	1	115 187 379
8004	3	1	115 187 441
8005	3	1	115 216 217
8006	3	1	115 216 359
8007	3	1	115 216 371
8008	3	1	115 216 413
8009	3	1	115 216 430
8010	3	1	115 216 439
8011	3	1	115 216 488
8012	3	1	115 217 278
8013	3	1	115 217 304
8014	3	1	115 217 413
8015	3	1	115 223 357
8016	3	1	115 223 413
8017	3	1	115 225 430
8018	3	1	115 225 441
8019	3	1	115 242 244
8020	3	1	115 244 278
8021	3	1	115 244 399
8022	3	1	115 244 403
8023	3	1	115 244 433
8024	3	1	115 244 439
8025	3	1	115 278 304
8026	3	1	115 319 373
8027	3	1	115 357 379
8028	3	1	115 359 453
8029	3	1	115 373 399
8030	3	1	115 379 430
8031	3	1	115 399 403
8032	3	1	115 399 412
8033	3	1	115 399 430
8034	3	1	115 403 430
8035	3	1	115 412 433
8036	3	1	115 427 430
8037	3	1	115 427 453
8038	3	1	115 427 488
8039	3	1	115 430 453
8040	3	1	115 439 453
8041	3	1	116 122 342
8042	3	1	116 122 395
8043	3	1	116 122 446
8044	3	1	116 133 238
8045	3	1	116 133 372
8046	3	1	116 136 186
8047	3	1	116 136 397
8048	3	1	116 170 229
8049	3	1	116 170 342
8050	3	1	116 170 366
8051	3	1	116 170 395
8052	3	1	116 182 372
8053	3	1	116 186 406
8054	3	1	116 186 428
8055	3	1	116 187 222
8056	3	1	116 187 394
8057	3	1	116 208 394
8058	3	1	116 222 260
8059	3	1	116 222 401
8060	3	1	116 234 342
8061	3	1	116 234 401
8062	3	1	116 234 430
8063	3	1	116 257 260
8064	3	1	116 257 486
8065	3	1	116 260 397
8066	3	1	116 260 406
8067	3	1	116 260 430
8068	3	1	116 295 393
8069	3	1	116 322 372
8070	3	1	116 322 393
8071	3	1	116 366 486
8072	3	1	116 372 486
8073	3	1	116 394 430
8074	3	1	116 395 428
8075	3	1	116 406 428
8076	3	1	116 406 446
8077	3	1	116 428 446
8078	3	1	116 486 491
8079	3	1	119 124 207
8080	3	1	119 124 250
8081	3	1	119 124 268
8082	3	1	119 124 400
8083	3	1	119 124 471
8084	3	1	119 134 175
8085	3	1	119 134 439
8086	3	1	119 140 175
8087	3	1	119 140 238
8088	3	1	119 164 175
8089	3	1	119 164 229
8090	3	1	119 164 345
8091	3	1	119 175 384
8092	3	1	119 187 250
8093	3	1	119 187 362
8094	3	1	119 187 400
8095	3	1	119 187 444
8096	3	1	119 207 355
8097	3	1	119 224 229
8098	3	1	119 224 345
8099	3	1	119 224 362
8100	3	1	119 224 399
8101	3	1	119 224 471
8102	3	1	119 229 276
8103	3	1	119 229 399
8104	3	1	119 229 464
8105	3	1	119 229 482
8106	3	1	119 238 289
8107	3	1	119 238 292
8108	3	1	119 238 330
8109	3	1	119 238 345
8110	3	1	119 238 400
8111	3	1	119 240 398
8112	3	1	119 240 471
8113	3	1	119 245 292
8114	3	1	119 245 469
8115	3	1	119 250 400
8116	3	1	119 268 289
8117	3	1	119 268 464
8118	3	1	119 268 469
8119	3	1	119 271 444
8120	3	1	119 276 439
8121	3	1	119 276 444
8122	3	1	119 292 399
8123	3	1	119 292 477
8124	3	1	119 305 355
8125	3	1	119 305 471
8126	3	1	119 330 399
8127	3	1	119 345 464
8128	3	1	119 384 459
8129	3	1	119 398 471
8130	3	1	119 400 471
8131	3	1	119 439 444
8132	3	1	119 464 469
8133	3	1	119 464 477
8134	3	1	119 469 471
8135	3	1	119 471 477
8136	3	1	120 134 153
8137	3	1	120 134 161
8138	3	1	120 134 166
8139	3	1	120 134 302
8140	3	1	120 142 150
8141	3	1	120 142 166
8142	3	1	120 142 226
8143	3	1	120 142 232
8144	3	1	120 142 301
8145	3	1	120 142 409
8146	3	1	120 150 330
8147	3	1	120 161 330
8148	3	1	120 161 410
8149	3	1	120 167 368
8150	3	1	120 172 234
8151	3	1	120 172 313
8152	3	1	120 182 417
8153	3	1	120 199 279
8154	3	1	120 226 302
8155	3	1	120 232 409
8156	3	1	120 234 387
8157	3	1	120 238 330
8158	3	1	120 239 410
8159	3	1	120 279 301
8160	3	1	120 301 313
8161	3	1	120 301 330
8162	3	1	120 302 313
8163	3	1	120 368 387
8164	3	1	120 368 417
8165	3	1	120 368 435
8166	3	1	120 369 417
8167	3	1	120 387 435
8168	3	1	120 409 417
8169	3	1	121 136 361
8170	3	1	121 136 417
8171	3	1	121 136 488
8172	3	1	121 142 295
8173	3	1	121 142 301
8174	3	1	121 142 496
8175	3	1	121 199 496
8176	3	1	121 210 222
8177	3	1	121 210 265
8178	3	1	121 210 298
8179	3	1	121 222 225
8180	3	1	121 222 246
8181	3	1	121 222 301
8182	3	1	121 222 472
8183	3	1	121 222 488
8184	3	1	121 225 246
8185	3	1	121 225 295
8186	3	1	121 225 441
8187	3	1	121 225 464
8188	3	1	121 225 473
8189	3	1	121 231 301
8190	3	1	121 246 427
8191	3	1	121 246 469
8192	3	1	121 263 466
8193	3	1	121 263 500
8194	3	1	121 265 361
8195	3	1	121 265 410
8196	3	1	121 267 464
8197	3	1	121 295 298
8198	3	1	121 295 301
8199	3	1	121 298 488
8200	3	1	121 301 423
8201	3	1	121 301 464
8202	3	1	121 301 472
8203	3	1	121 361 417
8204	3	1	121 361 472
8205	3	1	121 410 427
8206	3	1	121 417 466
8207	3	1	121 417 472
8208	3	1	121 423 428
8209	3	1	121 423 466
8210	3	1	121 427 488
8211	3	1	121 441 473
8212	3	1	121 464 466
8213	3	1	121 464 469
8214	3	1	121 464 477
8215	3	1	121 469 472
8216	3	1	122 155 189
8217	3	1	122 155 192
8218	3	1	122 156 167
8219	3	1	122 156 355
8220	3	1	122 156 423
8221	3	1	122 161 274
8222	3	1	122 161 297
8223	3	1	122 161 299
8224	3	1	122 167 299
8225	3	1	122 189 439
8226	3	1	122 192 294
8227	3	1	122 192 342
8228	3	1	122 192 347
8229	3	1	122 192 454
8230	3	1	122 203 274
8231	3	1	122 203 310
8232	3	1	122 223 283
8233	3	1	122 230 274
8234	3	1	122 230 319
8235	3	1	122 230 371
8236	3	1	122 233 294
8237	3	1	122 233 426
8238	3	1	122 283 350
8239	3	1	122 283 395
8240	3	1	122 297 395
8241	3	1	122 297 454
8242	3	1	122 299 335
8243	3	1	122 299 395
8244	3	1	122 299 423
8245	3	1	122 310 426
8246	3	1	122 342 371
8247	3	1	122 342 471
8248	3	1	122 347 426
8249	3	1	122 347 446
8250	3	1	122 355 385
8251	3	1	122 369 426
8252	3	1	122 385 423
8253	3	1	122 385 446
8254	3	1	122 426 454
8255	3	1	122 426 471
8256	3	1	122 446 471
8257	3	1	123 169 401
8258	3	1	123 169 441
8259	3	1	123 169 454
8260	3	1	123 274 479
8261	3	1	123 292 307
8262	3	1	123 292 369
8263	3	1	123 292 401
8264	3	1	123 297 454
8265	3	1	123 297 483
8266	3	1	123 307 346
8267	3	1	123 307 439
8268	3	1	123 307 441
8269	3	1	123 319 483
8270	3	1	123 346 454
8271	3	1	123 346 460
8272	3	1	123 369 417
8273	3	1	123 376 480
8274	3	1	123 401 454
8275	3	1	123 417 439
8276	3	1	123 417 480
8277	3	1	123 439 452
8278	3	1	123 454 460
8279	3	1	123 475 479
8280	3	1	124 130 267
8281	3	1	124 130 297
8282	3	1	124 130 400
8283	3	1	124 130 461
8284	3	1	124 130 497
8285	3	1	124 143 225
8286	3	1	124 143 440
8287	3	1	124 158 193
8288	3	1	124 158 218
8289	3	1	124 158 219
8290	3	1	124 171 347
8291	3	1	124 171 440
8292	3	1	124 171 461
8293	3	1	124 174 225
8294	3	1	124 174 232
8295	3	1	124 174 250
8296	3	1	124 174 434
8297	3	1	124 174 467
8298	3	1	124 176 219
8299	3	1	124 204 267
8300	3	1	124 204 329
8301	3	1	124 204 497
8302	3	1	124 207 225
8303	3	1	124 207 267
8304	3	1	124 207 329
8305	3	1	124 218 268
8306	3	1	124 218 372
8307	3	1	124 219 225
8308	3	1	124 219 471
8309	3	1	124 232 297
8310	3	1	124 232 329
8311	3	1	124 232 440
8312	3	1	124 232 497
8313	3	1	124 239 434
8314	3	1	124 239 471
8315	3	1	124 250 267
8316	3	1	124 250 400
8317	3	1	124 267 284
8318	3	1	124 267 347
8319	3	1	124 267 372
8320	3	1	124 268 461
8321	3	1	124 284 461
8322	3	1	124 320 400
8323	3	1	124 320 471
8324	3	1	124 400 461
8325	3	1	124 400 471
8326	3	1	124 440 467
8327	3	1	126 128 129
8328	3	1	126 128 240
8329	3	1	126 129 137
8330	3	1	126 129 172
8331	3	1	126 129 282
8332	3	1	126 129 285
8333	3	1	126 129 369
8334	3	1	126 129 489
8335	3	1	126 137 161
8336	3	1	126 153 346
8337	3	1	126 153 363
8338	3	1	126 153 489
8339	3	1	126 155 192
8340	3	1	126 155 201
8341	3	1	126 155 248
8342	3	1	126 155 372
8343	3	1	126 161 224
8344	3	1	126 161 372
8345	3	1	126 172 208
8346	3	1	126 172 248
8347	3	1	126 172 315
8348	3	1	126 172 341
8349	3	1	126 192 197
8350	3	1	126 192 288
8351	3	1	126 197 201
8352	3	1	126 197 240
8353	3	1	126 201 363
8354	3	1	126 201 475
8355	3	1	126 208 500
8356	3	1	126 224 249
8357	3	1	126 224 282
8358	3	1	126 224 315
8359	3	1	126 224 341
8360	3	1	126 224 475
8361	3	1	126 240 282
8362	3	1	126 240 341
8363	3	1	126 248 341
8364	3	1	126 249 282
8365	3	1	126 249 343
8366	3	1	126 249 363
8367	3	1	126 249 369
8368	3	1	126 282 341
8369	3	1	126 282 363
8370	3	1	126 285 435
8371	3	1	126 288 346
8372	3	1	126 288 475
8373	3	1	126 315 341
8374	3	1	126 341 343
8375	3	1	126 341 372
8376	3	1	126 341 489
8377	3	1	126 346 363
8378	3	1	126 369 372
8379	3	1	126 372 435
8380	3	1	126 372 489
8381	3	1	126 467 500
8382	3	1	127 153 314
8383	3	1	127 153 337
8384	3	1	127 153 447
8385	3	1	127 161 314
8386	3	1	127 161 329
8387	3	1	127 161 337
8388	3	1	127 172 315
8389	3	1	127 172 329
8390	3	1	127 172 447
8391	3	1	127 207 314
8392	3	1	127 207 329
8393	3	1	127 223 357
8394	3	1	127 223 444
8395	3	1	127 228 471
8396	3	1	127 241 427
8397	3	1	127 244 337
8398	3	1	127 244 399
8399	3	1	127 244 447
8400	3	1	127 262 314
8401	3	1	127 262 422
8402	3	1	127 262 447
8403	3	1	127 295 357
8404	3	1	127 295 444
8405	3	1	127 302 329
8406	3	1	127 314 467
8407	3	1	127 315 444
8408	3	1	127 329 357
8409	3	1	127 329 427
8410	3	1	127 329 447
8411	3	1	127 337 396
8412	3	1	127 337 430
8413	3	1	127 357 391
8414	3	1	127 357 396
8415	3	1	127 391 416
8416	3	1	127 396 416
8417	3	1	127 396 444
8418	3	1	127 396 447
8419	3	1	127 396 448
8420	3	1	127 396 467
8421	3	1	127 399 430
8422	3	1	127 399 448
8423	3	1	127 427 430
8424	3	1	127 427 448
8425	3	1	127 444 448
8426	3	1	127 447 448
8427	3	1	128 129 164
8428	3	1	128 129 287
8429	3	1	128 164 327
8430	3	1	128 183 423
8431	3	1	128 209 221
8432	3	1	128 209 287
8433	3	1	128 209 304
8434	3	1	128 209 321
8435	3	1	128 210 298
8436	3	1	128 210 313
8437	3	1	128 210 398
8438	3	1	128 210 485
8439	3	1	128 221 342
8440	3	1	128 221 485
8441	3	1	128 221 494
8442	3	1	128 231 240
8443	3	1	128 231 321
8444	3	1	128 240 313
8445	3	1	128 240 344
8446	3	1	128 240 354
8447	3	1	128 240 389
8448	3	1	128 240 398
8449	3	1	128 258 287
8450	3	1	128 258 304
8451	3	1	128 258 327
8452	3	1	128 258 398
8453	3	1	128 258 485
8454	3	1	128 272 298
8455	3	1	128 279 321
8456	3	1	128 279 342
8457	3	1	128 279 397
8458	3	1	128 279 398
8459	3	1	128 287 298
8460	3	1	128 287 344
8461	3	1	128 287 397
8462	3	1	128 287 494
8463	3	1	128 298 344
8464	3	1	128 298 354
8465	3	1	128 321 397
8466	3	1	128 342 344
8467	3	1	128 342 494
8468	3	1	128 354 494
8469	3	1	128 389 494
8470	3	1	129 137 261
8471	3	1	129 137 396
8472	3	1	129 164 282
8473	3	1	129 169 295
8474	3	1	129 169 481
8475	3	1	129 169 488
8476	3	1	129 172 332
8477	3	1	129 172 355
8478	3	1	129 190 211
8479	3	1	129 190 416
8480	3	1	129 211 324
8481	3	1	129 211 332
8482	3	1	129 211 355
8483	3	1	129 261 285
8484	3	1	129 261 481
8485	3	1	129 287 324
8486	3	1	129 287 337
8487	3	1	129 287 481
8488	3	1	129 287 489
8489	3	1	129 295 370
8490	3	1	129 324 355
8491	3	1	129 324 370
8492	3	1	129 324 462
8493	3	1	129 324 488
8494	3	1	129 332 370
8495	3	1	129 332 481
8496	3	1	129 337 370
8497	3	1	129 337 396
8498	3	1	129 337 404
8499	3	1	129 337 462
8500	3	1	129 349 489
8501	3	1	129 355 404
8502	3	1	129 370 416
8503	3	1	129 396 416
8504	3	1	129 405 481
8505	3	1	129 416 489
8506	3	1	129 462 488
8507	3	1	130 135 175
8508	3	1	130 135 441
8509	3	1	130 139 242
8510	3	1	130 139 297
8511	3	1	130 139 441
8512	3	1	130 139 462
8513	3	1	130 145 175
8514	3	1	130 145 267
8515	3	1	130 145 315
8516	3	1	130 156 318
8517	3	1	130 157 175
8518	3	1	130 157 297
8519	3	1	130 216 245
8520	3	1	130 216 318
8521	3	1	130 216 400
8522	3	1	130 216 431
8523	3	1	130 216 497
8524	3	1	130 237 242
8525	3	1	130 237 458
8526	3	1	130 242 262
8527	3	1	130 242 267
8528	3	1	130 242 297
8529	3	1	130 245 497
8530	3	1	130 262 267
8531	3	1	130 262 379
8532	3	1	130 266 462
8533	3	1	130 267 431
8534	3	1	130 287 297
8535	3	1	130 287 441
8536	3	1	130 287 458
8537	3	1	130 315 318
8538	3	1	130 315 400
8539	3	1	130 318 323
8540	3	1	130 318 350
8541	3	1	130 318 362
8542	3	1	130 318 400
8543	3	1	130 323 455
8544	3	1	130 323 497
8545	3	1	130 350 458
8546	3	1	130 379 458
8547	3	1	130 400 427
8548	3	1	130 400 461
8549	3	1	130 427 497
8550	3	1	130 431 462
8551	3	1	132 161 217
8552	3	1	132 161 370
8553	3	1	132 161 373
8554	3	1	132 174 245
8555	3	1	132 174 250
8556	3	1	132 174 296
8557	3	1	132 174 335
8558	3	1	132 203 262
8559	3	1	132 203 373
8560	3	1	132 203 489
8561	3	1	132 217 282
8562	3	1	132 223 250
8563	3	1	132 223 500
8564	3	1	132 245 436
8565	3	1	132 245 489
8566	3	1	132 245 500
8567	3	1	132 250 335
8568	3	1	132 262 373
8569	3	1	132 275 282
8570	3	1	132 275 302
8571	3	1	132 275 466
8572	3	1	132 277 466
8573	3	1	132 282 335
8574	3	1	132 282 436
8575	3	1	132 282 445
8576	3	1	132 296 302
8577	3	1	132 296 470
8578	3	1	132 302 500
8579	3	1	132 335 445
8580	3	1	132 355 373
8581	3	1	132 370 470
8582	3	1	132 380 489
8583	3	1	132 423 466
8584	3	1	132 423 489
8585	3	1	132 445 470
8586	3	1	132 466 470
8587	3	1	132 470 500
8588	3	1	133 161 328
8589	3	1	133 161 372
8590	3	1	133 167 437
8591	3	1	133 286 338
8592	3	1	133 286 398
8593	3	1	133 328 356
8594	3	1	133 328 448
8595	3	1	133 356 372
8596	3	1	133 359 376
8597	3	1	133 362 391
8598	3	1	133 376 459
8599	3	1	134 148 166
8600	3	1	134 148 218
8601	3	1	134 153 200
8602	3	1	134 153 420
8603	3	1	134 153 439
8604	3	1	134 166 308
8605	3	1	134 166 340
8606	3	1	134 200 218
8607	3	1	134 200 462
8608	3	1	134 201 275
8609	3	1	134 264 420
8610	3	1	134 264 457
8611	3	1	134 264 468
8612	3	1	134 275 302
8613	3	1	134 275 307
8614	3	1	134 275 468
8615	3	1	134 284 420
8616	3	1	134 307 439
8617	3	1	134 308 468
8618	3	1	134 340 386
8619	3	1	134 340 462
8620	3	1	134 386 457
8621	3	1	134 420 439
8622	3	1	134 420 468
8623	3	1	134 462 494
8624	3	1	135 140 175
8625	3	1	135 140 238
8626	3	1	135 140 303
8627	3	1	135 140 310
8628	3	1	135 140 418
8629	3	1	135 140 426
8630	3	1	135 160 175
8631	3	1	135 160 222
8632	3	1	135 160 428
8633	3	1	135 161 222
8634	3	1	135 161 274
8635	3	1	135 161 303
8636	3	1	135 161 314
8637	3	1	135 161 337
8638	3	1	135 183 383
8639	3	1	135 201 418
8640	3	1	135 201 466
8641	3	1	135 218 222
8642	3	1	135 218 279
8643	3	1	135 232 337
8644	3	1	135 232 418
8645	3	1	135 238 294
8646	3	1	135 261 274
8647	3	1	135 261 433
8648	3	1	135 274 428
8649	3	1	135 279 418
8650	3	1	135 279 420
8651	3	1	135 294 420
8652	3	1	135 294 441
8653	3	1	135 303 428
8654	3	1	135 310 314
8655	3	1	135 310 426
8656	3	1	135 314 364
8657	3	1	135 314 420
8658	3	1	135 319 466
8659	3	1	135 412 433
8660	3	1	135 426 466
8661	3	1	136 139 159
8662	3	1	136 139 218
8663	3	1	136 139 465
8664	3	1	136 140 175
8665	3	1	136 140 397
8666	3	1	136 140 455
8667	3	1	136 153 356
8668	3	1	136 159 216
8669	3	1	136 159 356
8670	3	1	136 159 362
8671	3	1	136 175 228
8672	3	1	136 175 361
8673	3	1	136 186 216
8674	3	1	136 186 465
8675	3	1	136 216 488
8676	3	1	136 218 452
8677	3	1	136 228 269
8678	3	1	136 228 471
8679	3	1	136 244 269
8680	3	1	136 244 362
8681	3	1	136 244 455
8682	3	1	136 244 465
8683	3	1	136 264 356
8684	3	1	136 264 362
8685	3	1	136 276 328
8686	3	1	136 293 365
8687	3	1	136 293 374
8688	3	1	136 293 455
8689	3	1	136 293 471
8690	3	1	136 296 417
8691	3	1	136 321 397
8692	3	1	136 328 356
8693	3	1	136 356 417
8694	3	1	136 361 417
8695	3	1	136 362 365
8696	3	1	136 362 374
8697	3	1	136 365 397
8698	3	1	136 374 455
8699	3	1	137 143 167
8700	3	1	137 143 451
8701	3	1	137 143 454
8702	3	1	137 157 161
8703	3	1	137 157 423
8704	3	1	137 157 424
8705	3	1	137 157 451
8706	3	1	137 161 217
8707	3	1	137 161 292
8708	3	1	137 161 330
8709	3	1	137 167 217
8710	3	1	137 167 368
8711	3	1	137 193 309
8712	3	1	137 200 313
8713	3	1	137 200 330
8714	3	1	137 200 396
8715	3	1	137 200 454
8716	3	1	137 217 219
8717	3	1	137 217 278
8718	3	1	137 219 385
8719	3	1	137 229 309
8720	3	1	137 256 313
8721	3	1	137 256 396
8722	3	1	137 261 313
8723	3	1	137 261 424
8724	3	1	137 278 313
8725	3	1	137 278 423
8726	3	1	137 292 423
8727	3	1	137 292 484
8728	3	1	137 309 330
8729	3	1	137 309 451
8730	3	1	137 313 454
8731	3	1	137 330 451
8732	3	1	137 368 441
8733	3	1	137 385 423
8734	3	1	137 441 451
8735	3	1	137 459 484
8736	3	1	138 187 287
8737	3	1	138 187 340
8738	3	1	138 187 441
8739	3	1	138 210 343
8740	3	1	138 229 237
8741	3	1	138 229 276
8742	3	1	138 229 482
8743	3	1	138 234 287
8744	3	1	138 234 350
8745	3	1	138 234 430
8746	3	1	138 237 276
8747	3	1	138 238 350
8748	3	1	138 238 351
8749	3	1	138 238 470
8750	3	1	138 238 489
8751	3	1	138 241 340
8752	3	1	138 241 489
8753	3	1	138 276 430
8754	3	1	138 287 441
8755	3	1	138 287 489
8756	3	1	138 340 482
8757	3	1	138 343 470
8758	3	1	138 343 477
8759	3	1	138 350 430
8760	3	1	138 351 430
8761	3	1	138 437 441
8762	3	1	138 437 477
8763	3	1	138 452 477
8764	3	1	138 452 482
8765	3	1	138 470 477
8766	3	1	139 159 470
8767	3	1	139 208 209
8768	3	1	139 208 436
8769	3	1	139 209 436
8770	3	1	139 209 462
8771	3	1	139 210 217
8772	3	1	139 217 297
8773	3	1	139 217 480
8774	3	1	139 218 430
8775	3	1	139 218 469
8776	3	1	139 242 297
8777	3	1	139 251 355
8778	3	1	139 297 308
8779	3	1	139 297 430
8780	3	1	139 308 320
8781	3	1	139 320 465
8782	3	1	139 329 470
8783	3	1	139 355 430
8784	3	1	139 370 465
8785	3	1	139 370 470
8786	3	1	139 434 470
8787	3	1	139 435 441
8788	3	1	139 448 465
8789	3	1	139 449 469
8790	3	1	139 465 470
8791	3	1	139 470 480
8792	3	1	140 143 149
8793	3	1	140 143 285
8794	3	1	140 143 391
8795	3	1	140 149 175
8796	3	1	140 149 308
8797	3	1	140 157 175
8798	3	1	140 157 310
8799	3	1	140 166 308
8800	3	1	140 166 397
8801	3	1	140 166 418
8802	3	1	140 171 285
8803	3	1	140 238 489
8804	3	1	140 248 310
8805	3	1	140 248 426
8806	3	1	140 249 278
8807	3	1	140 249 391
8808	3	1	140 249 418
8809	3	1	140 249 426
8810	3	1	140 278 434
8811	3	1	140 278 455
8812	3	1	140 285 391
8813	3	1	140 310 391
8814	3	1	140 310 426
8815	3	1	140 391 455
8816	3	1	140 434 455
8817	3	1	141 142 149
8818	3	1	141 142 281
8819	3	1	141 142 389
8820	3	1	141 142 399
8821	3	1	141 142 405
8822	3	1	141 142 409
8823	3	1	141 149 185
8824	3	1	141 149 190
8825	3	1	141 149 350
8826	3	1	141 149 389
8827	3	1	141 149 458
8828	3	1	141 149 479
8829	3	1	141 153 428
8830	3	1	141 170 293
8831	3	1	141 170 395
8832	3	1	141 185 187
8833	3	1	141 185 395
8834	3	1	141 185 409
8835	3	1	141 186 190
8836	3	1	141 186 326
8837	3	1	141 186 428
8838	3	1	141 186 458
8839	3	1	141 186 465
8840	3	1	141 190 281
8841	3	1	141 190 386
8842	3	1	141 190 463
8843	3	1	141 190 465
8844	3	1	141 190 479
8845	3	1	141 227 344
8846	3	1	141 227 368
8847	3	1	141 230 368
8848	3	1	141 281 350
8849	3	1	141 281 449
8850	3	1	141 293 409
8851	3	1	141 293 434
8852	3	1	141 344 350
8853	3	1	141 344 399
8854	3	1	141 350 458
8855	3	1	141 370 395
8856	3	1	141 370 399
8857	3	1	141 370 409
8858	3	1	141 370 465
8859	3	1	141 386 457
8860	3	1	141 389 457
8861	3	1	141 395 428
8862	3	1	141 395 479
8863	3	1	141 409 434
8864	3	1	141 409 463
8865	3	1	141 409 479
8866	3	1	141 428 463
8867	3	1	141 457 458
8868	3	1	141 458 463
8869	3	1	142 143 149
8870	3	1	142 143 241
8871	3	1	142 143 409
8872	3	1	142 143 429
8873	3	1	142 143 436
8874	3	1	142 149 240
8875	3	1	142 149 389
8876	3	1	142 149 429
8877	3	1	142 149 491
8878	3	1	142 150 295
8879	3	1	142 150 332
8880	3	1	142 150 491
8881	3	1	142 166 412
8882	3	1	142 166 418
8883	3	1	142 176 384
8884	3	1	142 232 295
8885	3	1	142 232 409
8886	3	1	142 232 418
8887	3	1	142 232 429
8888	3	1	142 240 338
8889	3	1	142 240 389
8890	3	1	142 241 433
8891	3	1	142 245 436
8892	3	1	142 258 429
8893	3	1	142 258 491
8894	3	1	142 277 418
8895	3	1	142 281 433
8896	3	1	142 295 301
8897	3	1	142 295 459
8898	3	1	142 301 372
8899	3	1	142 301 389
8900	3	1	142 301 459
8901	3	1	142 332 399
8902	3	1	142 332 409
8903	3	1	142 332 453
8904	3	1	142 338 405
8905	3	1	142 338 418
8906	3	1	142 338 436
8907	3	1	142 338 496
8908	3	1	142 353 429
8909	3	1	142 353 433
8910	3	1	142 353 453
8911	3	1	142 353 459
8912	3	1	142 384 424
8913	3	1	142 384 459
8914	3	1	142 399 412
8915	3	1	142 399 491
8916	3	1	142 412 433
8917	3	1	142 412 496
8918	3	1	142 418 453
8919	3	1	142 418 491
8920	3	1	142 424 436
8921	3	1	142 433 491
8922	3	1	142 436 459
8923	3	1	142 436 491
8924	3	1	142 436 496
8925	3	1	143 148 387
8926	3	1	143 148 440
8927	3	1	143 149 199
8928	3	1	143 149 387
8929	3	1	143 149 429
8930	3	1	143 149 479
8931	3	1	143 177 454
8932	3	1	143 181 334
8933	3	1	143 181 479
8934	3	1	143 199 293
8935	3	1	143 199 377
8936	3	1	143 225 387
8937	3	1	143 225 451
8938	3	1	143 241 326
8939	3	1	143 241 340
8940	3	1	143 243 326
8941	3	1	143 243 334
8942	3	1	143 243 454
8943	3	1	143 266 334
8944	3	1	143 266 409
8945	3	1	143 285 391
8946	3	1	143 285 429
8947	3	1	143 293 365
8948	3	1	143 293 380
8949	3	1	143 293 409
8950	3	1	143 293 440
8951	3	1	143 293 454
8952	3	1	143 326 450
8953	3	1	143 326 466
8954	3	1	143 334 349
8955	3	1	143 334 377
8956	3	1	143 334 380
8957	3	1	143 340 436
8958	3	1	143 349 429
8959	3	1	143 349 436
8960	3	1	143 377 387
8961	3	1	143 377 436
8962	3	1	143 377 440
8963	3	1	143 377 451
8964	3	1	143 380 429
8965	3	1	143 409 451
8966	3	1	143 409 454
8967	3	1	143 409 479
8968	3	1	143 429 450
8969	3	1	145 149 175
8970	3	1	145 149 185
8971	3	1	145 149 410
8972	3	1	145 158 160
8973	3	1	145 158 288
8974	3	1	145 159 369
8975	3	1	145 159 500
8976	3	1	145 160 175
8977	3	1	145 160 477
8978	3	1	145 160 483
8979	3	1	145 185 369
8980	3	1	145 185 468
8981	3	1	145 211 250
8982	3	1	145 211 471
8983	3	1	145 238 386
8984	3	1	145 238 496
8985	3	1	145 250 267
8986	3	1	145 250 353
8987	3	1	145 250 366
8988	3	1	145 250 369
8989	3	1	145 250 496
8990	3	1	145 267 468
8991	3	1	145 288 338
8992	3	1	145 315 434
8993	3	1	145 315 453
8994	3	1	145 320 410
8995	3	1	145 320 471
8996	3	1	145 320 485
8997	3	1	145 338 366
8998	3	1	145 338 393
8999	3	1	145 338 410
9000	3	1	145 338 496
9001	3	1	145 338 500
9002	3	1	145 353 369
9003	3	1	145 353 453
9004	3	1	145 353 477
9005	3	1	145 353 500
9006	3	1	145 366 369
9007	3	1	145 366 434
9008	3	1	145 366 468
9009	3	1	145 386 410
9010	3	1	145 386 457
9011	3	1	145 386 477
9012	3	1	145 393 500
9013	3	1	145 468 485
9014	3	1	145 471 477
9015	3	1	145 477 483
9016	3	1	145 477 485
9017	3	1	148 166 250
9018	3	1	148 166 267
9019	3	1	148 166 367
9020	3	1	148 166 412
9021	3	1	148 190 245
9022	3	1	148 190 473
9023	3	1	148 197 240
9024	3	1	148 197 367
9025	3	1	148 218 430
9026	3	1	148 218 437
9027	3	1	148 221 267
9028	3	1	148 230 240
9029	3	1	148 233 237
9030	3	1	148 233 430
9031	3	1	148 233 437
9032	3	1	148 233 440
9033	3	1	148 237 387
9034	3	1	148 237 440
9035	3	1	148 237 458
9036	3	1	148 238 440
9037	3	1	148 238 458
9038	3	1	148 240 430
9039	3	1	148 240 440
9040	3	1	148 245 473
9041	3	1	148 250 267
9042	3	1	148 250 363
9043	3	1	148 267 363
9044	3	1	148 267 387
9045	3	1	148 367 437
9046	3	1	148 367 481
9047	3	1	148 383 413
9048	3	1	148 383 473
9049	3	1	148 387 435
9050	3	1	148 387 473
9051	3	1	148 412 440
9052	3	1	148 458 482
9053	3	1	149 175 219
9054	3	1	149 175 322
9055	3	1	149 185 244
9056	3	1	149 185 448
9057	3	1	149 190 219
9058	3	1	149 190 251
9059	3	1	149 190 416
9060	3	1	149 190 479
9061	3	1	149 219 240
9062	3	1	149 219 308
9063	3	1	149 219 376
9064	3	1	149 231 240
9065	3	1	149 231 308
9066	3	1	149 231 458
9067	3	1	149 239 371
9068	3	1	149 239 410
9069	3	1	149 239 429
9070	3	1	149 239 491
9071	3	1	149 240 389
9072	3	1	149 244 312
9073	3	1	149 244 322
9074	3	1	149 244 387
9075	3	1	149 246 371
9076	3	1	149 251 322
9077	3	1	149 296 308
9078	3	1	149 296 350
9079	3	1	149 296 367
9080	3	1	149 296 429
9081	3	1	149 308 371
9082	3	1	149 308 416
9083	3	1	149 312 376
9084	3	1	149 322 357
9085	3	1	149 322 371
9086	3	1	149 350 458
9087	3	1	149 350 491
9088	3	1	149 357 376
9089	3	1	149 357 429
9090	3	1	149 357 479
9091	3	1	149 376 458
9092	3	1	149 389 476
9093	3	1	149 416 476
9094	3	1	149 429 458
9095	3	1	149 458 476
9096	3	1	150 169 295
9097	3	1	150 169 394
9098	3	1	150 190 251
9099	3	1	150 190 479
9100	3	1	150 228 242
9101	3	1	150 228 491
9102	3	1	150 242 479
9103	3	1	150 243 296
9104	3	1	150 243 330
9105	3	1	150 243 364
9106	3	1	150 243 373
9107	3	1	150 251 286
9108	3	1	150 256 395
9109	3	1	150 256 396
9110	3	1	150 256 491
9111	3	1	150 286 296
9112	3	1	150 286 396
9113	3	1	150 295 296
9114	3	1	150 295 373
9115	3	1	150 295 374
9116	3	1	150 296 396
9117	3	1	150 296 462
9118	3	1	150 305 337
9119	3	1	150 330 332
9120	3	1	150 330 480
9121	3	1	150 332 479
9122	3	1	150 337 374
9123	3	1	150 337 396
9124	3	1	150 337 462
9125	3	1	150 364 373
9126	3	1	150 364 396
9127	3	1	150 364 462
9128	3	1	150 364 475
9129	3	1	150 373 395
9130	3	1	150 373 462
9131	3	1	150 373 491
9132	3	1	150 374 462
9133	3	1	150 394 475
9134	3	1	150 395 475
9135	3	1	150 395 479
9136	3	1	150 475 479
9137	3	1	150 475 491
9138	3	1	152 172 176
9139	3	1	152 172 344
9140	3	1	152 172 453
9141	3	1	152 174 199
9142	3	1	152 174 443
9143	3	1	152 174 467
9144	3	1	152 176 219
9145	3	1	152 176 344
9146	3	1	152 199 293
9147	3	1	152 199 393
9148	3	1	152 219 344
9149	3	1	152 219 453
9150	3	1	152 281 454
9151	3	1	152 281 468
9152	3	1	152 281 500
9153	3	1	152 282 410
9154	3	1	152 293 410
9155	3	1	152 293 454
9156	3	1	152 304 393
9157	3	1	152 304 443
9158	3	1	152 320 410
9159	3	1	152 393 500
9160	3	1	152 405 410
9161	3	1	152 405 443
9162	3	1	152 405 500
9163	3	1	152 439 453
9164	3	1	152 453 454
9165	3	1	152 467 500
9166	3	1	153 156 337
9167	3	1	153 157 251
9168	3	1	153 157 314
9169	3	1	153 157 447
9170	3	1	153 157 485
9171	3	1	153 163 225
9172	3	1	153 163 311
9173	3	1	153 163 314
9174	3	1	153 163 346
9175	3	1	153 163 485
9176	3	1	153 165 337
9177	3	1	153 165 489
9178	3	1	153 193 314
9179	3	1	153 200 312
9180	3	1	153 200 347
9181	3	1	153 200 476
9182	3	1	153 211 251
9183	3	1	153 211 356
9184	3	1	153 225 311
9185	3	1	153 225 312
9186	3	1	153 225 476
9187	3	1	153 231 439
9188	3	1	153 251 271
9189	3	1	153 251 356
9190	3	1	153 271 347
9191	3	1	153 271 363
9192	3	1	153 271 476
9193	3	1	153 311 323
9194	3	1	153 312 323
9195	3	1	153 312 356
9196	3	1	153 314 420
9197	3	1	153 323 337
9198	3	1	153 346 363
9199	3	1	153 347 351
9200	3	1	153 347 363
9201	3	1	153 356 384
9202	3	1	153 384 428
9203	3	1	153 420 439
9204	3	1	153 447 485
9205	3	1	153 476 477
9206	3	1	153 477 485
9207	3	1	155 162 201
9208	3	1	155 162 289
9209	3	1	155 162 311
9210	3	1	155 163 301
9211	3	1	155 163 311
9212	3	1	155 163 398
9213	3	1	155 164 186
9214	3	1	155 164 189
9215	3	1	155 164 301
9216	3	1	155 164 326
9217	3	1	155 164 473
9218	3	1	155 186 216
9219	3	1	155 186 301
9220	3	1	155 186 313
9221	3	1	155 186 326
9222	3	1	155 186 465
9223	3	1	155 189 216
9224	3	1	155 192 269
9225	3	1	155 192 291
9226	3	1	155 192 465
9227	3	1	155 192 473
9228	3	1	155 210 313
9229	3	1	155 210 398
9230	3	1	155 210 444
9231	3	1	155 216 301
9232	3	1	155 216 353
9233	3	1	155 216 416
9234	3	1	155 248 291
9235	3	1	155 248 440
9236	3	1	155 262 326
9237	3	1	155 262 353
9238	3	1	155 262 379
9239	3	1	155 269 473
9240	3	1	155 289 301
9241	3	1	155 289 326
9242	3	1	155 289 353
9243	3	1	155 289 372
9244	3	1	155 291 353
9245	3	1	155 291 372
9246	3	1	155 291 465
9247	3	1	155 301 313
9248	3	1	155 301 372
9249	3	1	155 311 416
9250	3	1	155 353 465
9251	3	1	155 372 444
9252	3	1	155 372 470
9253	3	1	155 398 470
9254	3	1	155 440 444
9255	3	1	155 440 470
9256	3	1	155 465 470
9257	3	1	156 167 217
9258	3	1	156 167 284
9259	3	1	156 169 472
9260	3	1	156 170 321
9261	3	1	156 170 355
9262	3	1	156 170 423
9263	3	1	156 181 473
9264	3	1	156 217 364
9265	3	1	156 284 305
9266	3	1	156 284 321
9267	3	1	156 291 404
9268	3	1	156 291 423
9269	3	1	156 298 354
9270	3	1	156 301 321
9271	3	1	156 301 423
9272	3	1	156 301 472
9273	3	1	156 305 337
9274	3	1	156 305 355
9275	3	1	156 337 404
9276	3	1	156 354 453
9277	3	1	156 355 364
9278	3	1	156 355 404
9279	3	1	157 161 297
9280	3	1	157 161 314
9281	3	1	157 161 328
9282	3	1	157 161 480
9283	3	1	157 161 485
9284	3	1	157 175 447
9285	3	1	157 203 204
9286	3	1	157 203 310
9287	3	1	157 203 451
9288	3	1	157 204 325
9289	3	1	157 206 230
9290	3	1	157 206 251
9291	3	1	157 230 325
9292	3	1	157 230 398
9293	3	1	157 297 496
9294	3	1	157 310 314
9295	3	1	157 325 445
9296	3	1	157 394 424
9297	3	1	157 447 480
9298	3	1	157 447 485
9299	3	1	157 480 496
9300	3	1	158 161 292
9301	3	1	158 161 480
9302	3	1	158 193 212
9303	3	1	158 193 411
9304	3	1	158 193 433
9305	3	1	158 212 218
9306	3	1	158 212 286
9307	3	1	158 212 325
9308	3	1	158 212 448
9309	3	1	158 218 378
9310	3	1	158 218 411
9311	3	1	158 218 430
9312	3	1	158 218 437
9313	3	1	158 219 286
9314	3	1	158 219 288
9315	3	1	158 219 494
9316	3	1	158 276 300
9317	3	1	158 276 430
9318	3	1	158 276 454
9319	3	1	158 292 325
9320	3	1	158 292 433
9321	3	1	158 294 325
9322	3	1	158 294 378
9323	3	1	158 300 322
9324	3	1	158 300 325
9325	3	1	158 300 411
9326	3	1	158 300 454
9327	3	1	158 300 487
9328	3	1	158 319 322
9329	3	1	158 319 437
9330	3	1	158 322 411
9331	3	1	158 322 433
9332	3	1	158 343 424
9333	3	1	158 343 448
9334	3	1	158 378 411
9335	3	1	158 411 433
9336	3	1	158 433 437
9337	3	1	159 189 216
9338	3	1	159 189 356
9339	3	1	159 189 460
9340	3	1	159 189 500
9341	3	1	159 199 437
9342	3	1	159 199 461
9343	3	1	159 216 432
9344	3	1	159 224 362
9345	3	1	159 260 281
9346	3	1	159 260 489
9347	3	1	159 260 500
9348	3	1	159 278 367
9349	3	1	159 281 324
9350	3	1	159 281 460
9351	3	1	159 281 500
9352	3	1	159 324 367
9353	3	1	159 324 432
9354	3	1	159 342 432
9355	3	1	159 342 481
9356	3	1	159 356 470
9357	3	1	159 362 432
9358	3	1	159 367 437
9359	3	1	159 367 481
9360	3	1	159 369 437
9361	3	1	159 437 461
9362	3	1	159 460 461
9363	3	1	159 470 500
9364	3	1	160 221 236
9365	3	1	160 221 406
9366	3	1	160 236 440
9367	3	1	160 236 445
9368	3	1	160 236 467
9369	3	1	160 236 477
9370	3	1	160 295 296
9371	3	1	160 295 444
9372	3	1	160 296 377
9373	3	1	160 296 467
9374	3	1	160 296 470
9375	3	1	160 329 398
9376	3	1	160 329 470
9377	3	1	160 347 445
9378	3	1	160 377 440
9379	3	1	160 377 444
9380	3	1	160 377 445
9381	3	1	160 391 455
9382	3	1	160 398 470
9383	3	1	160 406 428
9384	3	1	160 428 444
9385	3	1	160 440 444
9386	3	1	160 440 455
9387	3	1	160 440 467
9388	3	1	160 440 470
9389	3	1	160 440 477
9390	3	1	160 444 486
9391	3	1	160 445 470
9392	3	1	160 445 477
9393	3	1	160 455 467
9394	3	1	160 464 477
9395	3	1	160 470 477
9396	3	1	160 477 483
9397	3	1	161 217 224
9398	3	1	161 217 297
9399	3	1	161 217 328
9400	3	1	161 217 345
9401	3	1	161 217 397
9402	3	1	161 217 480
9403	3	1	161 222 292
9404	3	1	161 222 345
9405	3	1	161 222 401
9406	3	1	161 224 329
9407	3	1	161 224 345
9408	3	1	161 224 370
9409	3	1	161 227 401
9410	3	1	161 227 485
9411	3	1	161 253 337
9412	3	1	161 253 397
9413	3	1	161 253 482
9414	3	1	161 274 485
9415	3	1	161 292 370
9416	3	1	161 292 401
9417	3	1	161 303 330
9418	3	1	161 314 321
9419	3	1	161 314 366
9420	3	1	161 314 373
9421	3	1	161 321 330
9422	3	1	161 321 397
9423	3	1	161 328 329
9424	3	1	161 328 373
9425	3	1	161 329 485
9426	3	1	161 330 354
9427	3	1	161 330 480
9428	3	1	161 337 370
9429	3	1	161 337 397
9430	3	1	161 345 410
9431	3	1	161 370 482
9432	3	1	161 372 480
9433	3	1	161 373 431
9434	3	1	162 169 400
9435	3	1	162 169 472
9436	3	1	162 169 481
9437	3	1	162 176 387
9438	3	1	162 176 485
9439	3	1	162 182 250
9440	3	1	162 182 310
9441	3	1	162 182 364
9442	3	1	162 182 417
9443	3	1	162 197 201
9444	3	1	162 197 292
9445	3	1	162 197 311
9446	3	1	162 201 250
9447	3	1	162 201 400
9448	3	1	162 201 417
9449	3	1	162 201 485
9450	3	1	162 218 318
9451	3	1	162 218 452
9452	3	1	162 232 337
9453	3	1	162 232 472
9454	3	1	162 232 485
9455	3	1	162 250 400
9456	3	1	162 281 452
9457	3	1	162 281 485
9458	3	1	162 289 310
9459	3	1	162 292 311
9460	3	1	162 292 377
9461	3	1	162 310 410
9462	3	1	162 310 472
9463	3	1	162 310 481
9464	3	1	162 311 472
9465	3	1	162 318 400
9466	3	1	162 377 387
9467	3	1	162 387 400
9468	3	1	162 387 432
9469	3	1	162 400 417
9470	3	1	162 417 432
9471	3	1	162 417 472
9472	3	1	162 450 481
9473	3	1	162 472 481
9474	3	1	163 172 315
9475	3	1	163 172 373
9476	3	1	163 172 378
9477	3	1	163 172 403
9478	3	1	163 174 225
9479	3	1	163 174 245
9480	3	1	163 174 298
9481	3	1	163 174 315
9482	3	1	163 174 463
9483	3	1	163 225 311
9484	3	1	163 261 285
9485	3	1	163 261 393
9486	3	1	163 261 398
9487	3	1	163 261 422
9488	3	1	163 264 285
9489	3	1	163 264 315
9490	3	1	163 264 422
9491	3	1	163 285 298
9492	3	1	163 285 422
9493	3	1	163 301 314
9494	3	1	163 301 325
9495	3	1	163 301 403
9496	3	1	163 301 479
9497	3	1	163 305 393
9498	3	1	163 314 373
9499	3	1	163 315 398
9500	3	1	163 325 403
9501	3	1	163 325 463
9502	3	1	163 346 377
9503	3	1	163 378 479
9504	3	1	163 396 398
9505	3	1	163 403 479
9506	3	1	163 446 455
9507	3	1	163 446 463
9508	3	1	163 455 463
9509	3	1	163 479 485
9510	3	1	164 175 326
9511	3	1	164 185 189
9512	3	1	164 186 301
9513	3	1	164 186 326
9514	3	1	164 193 253
9515	3	1	164 193 314
9516	3	1	164 229 301
9517	3	1	164 229 363
9518	3	1	164 229 473
9519	3	1	164 253 284
9520	3	1	164 260 326
9521	3	1	164 266 302
9522	3	1	164 282 338
9523	3	1	164 282 363
9524	3	1	164 296 302
9525	3	1	164 296 327
9526	3	1	164 296 473
9527	3	1	164 301 314
9528	3	1	164 387 473
9529	3	1	165 167 269
9530	3	1	165 167 282
9531	3	1	165 167 299
9532	3	1	165 167 366
9533	3	1	165 167 401
9534	3	1	165 167 437
9535	3	1	165 185 221
9536	3	1	165 185 243
9537	3	1	165 185 310
9538	3	1	165 185 340
9539	3	1	165 221 299
9540	3	1	165 221 319
9541	3	1	165 221 322
9542	3	1	165 243 291
9543	3	1	165 243 454
9544	3	1	165 253 276
9545	3	1	165 253 337
9546	3	1	165 253 482
9547	3	1	165 269 322
9548	3	1	165 269 454
9549	3	1	165 275 282
9550	3	1	165 275 310
9551	3	1	165 275 322
9552	3	1	165 276 283
9553	3	1	165 276 454
9554	3	1	165 282 299
9555	3	1	165 282 310
9556	3	1	165 282 322
9557	3	1	165 283 366
9558	3	1	165 291 401
9559	3	1	165 291 417
9560	3	1	165 310 437
9561	3	1	165 313 454
9562	3	1	165 313 488
9563	3	1	165 319 322
9564	3	1	165 319 437
9565	3	1	165 322 340
9566	3	1	165 337 437
9567	3	1	165 340 417
9568	3	1	165 340 482
9569	3	1	165 401 437
9570	3	1	165 401 454
9571	3	1	166 169 394
9572	3	1	166 208 268
9573	3	1	166 208 272
9574	3	1	166 208 364
9575	3	1	166 208 367
9576	3	1	166 208 394
9577	3	1	166 208 418
9578	3	1	166 219 308
9579	3	1	166 219 349
9580	3	1	166 219 364
9581	3	1	166 219 373
9582	3	1	166 219 385
9583	3	1	166 219 397
9584	3	1	166 250 267
9585	3	1	166 250 291
9586	3	1	166 250 397
9587	3	1	166 250 495
9588	3	1	166 267 308
9589	3	1	166 267 418
9590	3	1	166 268 394
9591	3	1	166 268 469
9592	3	1	166 272 340
9593	3	1	166 272 469
9594	3	1	166 291 373
9595	3	1	166 292 296
9596	3	1	166 292 484
9597	3	1	166 296 308
9598	3	1	166 296 367
9599	3	1	166 304 308
9600	3	1	166 304 480
9601	3	1	166 340 364
9602	3	1	166 340 484
9603	3	1	166 349 495
9604	3	1	166 364 373
9605	3	1	166 367 373
9606	3	1	166 367 495
9607	3	1	166 418 469
9608	3	1	166 469 484
9609	3	1	167 186 217
9610	3	1	167 186 428
9611	3	1	167 186 477
9612	3	1	167 207 288
9613	3	1	167 207 314
9614	3	1	167 217 282
9615	3	1	167 217 295
9616	3	1	167 228 269
9617	3	1	167 228 437
9618	3	1	167 269 288
9619	3	1	167 269 315
9620	3	1	167 282 299
9621	3	1	167 284 295
9622	3	1	167 284 312
9623	3	1	167 284 487
9624	3	1	167 295 312
9625	3	1	167 295 368
9626	3	1	167 295 437
9627	3	1	167 299 312
9628	3	1	167 299 477
9629	3	1	167 307 366
9630	3	1	167 312 401
9631	3	1	167 312 487
9632	3	1	167 314 366
9633	3	1	167 315 400
9634	3	1	167 366 368
9635	3	1	167 366 462
9636	3	1	167 368 477
9637	3	1	167 400 401
9638	3	1	167 401 437
9639	3	1	167 437 462
9640	3	1	167 437 477
9641	3	1	167 477 483
9642	3	1	169 180 481
9643	3	1	169 189 401
9644	3	1	169 213 240
9645	3	1	169 240 329
9646	3	1	169 240 344
9647	3	1	169 240 472
9648	3	1	169 271 295
9649	3	1	169 271 401
9650	3	1	169 271 435
9651	3	1	169 271 445
9652	3	1	169 271 458
9653	3	1	169 295 312
9654	3	1	169 312 359
9655	3	1	169 312 372
9656	3	1	169 312 401
9657	3	1	169 329 359
9658	3	1	169 342 344
9659	3	1	169 342 359
9660	3	1	169 342 424
9661	3	1	169 342 435
9662	3	1	169 342 445
9663	3	1	169 342 481
9664	3	1	169 344 445
9665	3	1	169 344 481
9666	3	1	169 372 435
9667	3	1	169 372 458
9668	3	1	169 394 424
9669	3	1	169 400 401
9670	3	1	169 400 488
9671	3	1	169 401 435
9672	3	1	169 401 445
9673	3	1	169 401 454
9674	3	1	169 424 472
9675	3	1	169 435 441
9676	3	1	169 472 481
9677	3	1	170 172 248
9678	3	1	170 172 329
9679	3	1	170 172 355
9680	3	1	170 172 436
9681	3	1	170 172 445
9682	3	1	170 197 293
9683	3	1	170 197 321
9684	3	1	170 197 365
9685	3	1	170 197 376
9686	3	1	170 199 286
9687	3	1	170 199 293
9688	3	1	170 199 494
9689	3	1	170 229 309
9690	3	1	170 229 436
9691	3	1	170 241 445
9692	3	1	170 241 489
9693	3	1	170 248 423
9694	3	1	170 248 436
9695	3	1	170 286 293
9696	3	1	170 286 355
9697	3	1	170 286 410
9698	3	1	170 286 423
9699	3	1	170 293 365
9700	3	1	170 293 410
9701	3	1	170 321 387
9702	3	1	170 321 395
9703	3	1	170 329 418
9704	3	1	170 334 366
9705	3	1	170 334 445
9706	3	1	170 342 445
9707	3	1	170 342 494
9708	3	1	170 362 365
9709	3	1	170 366 436
9710	3	1	170 366 468
9711	3	1	170 376 423
9712	3	1	170 387 489
9713	3	1	170 411 423
9714	3	1	170 418 468
9715	3	1	170 418 494
9716	3	1	170 423 489
9717	3	1	171 182 230
9718	3	1	171 182 347
9719	3	1	171 182 385
9720	3	1	171 182 417
9721	3	1	171 182 449
9722	3	1	171 199 307
9723	3	1	171 199 377
9724	3	1	171 199 385
9725	3	1	171 199 437
9726	3	1	171 199 447
9727	3	1	171 199 461
9728	3	1	171 230 325
9729	3	1	171 230 464
9730	3	1	171 285 437
9731	3	1	171 285 461
9732	3	1	171 292 307
9733	3	1	171 292 325
9734	3	1	171 292 377
9735	3	1	171 292 449
9736	3	1	171 304 428
9737	3	1	171 304 443
9738	3	1	171 304 473
9739	3	1	171 307 377
9740	3	1	171 325 337
9741	3	1	171 337 437
9742	3	1	171 345 347
9743	3	1	171 345 464
9744	3	1	171 347 443
9745	3	1	171 367 437
9746	3	1	171 377 440
9747	3	1	171 385 440
9748	3	1	171 389 461
9749	3	1	171 389 464
9750	3	1	171 412 440
9751	3	1	171 412 447
9752	3	1	171 428 461
9753	3	1	171 437 461
9754	3	1	171 440 447
9755	3	1	172 176 344
9756	3	1	172 188 208
9757	3	1	172 188 234
9758	3	1	172 206 248
9759	3	1	172 208 436
9760	3	1	172 234 248
9761	3	1	172 234 315
9762	3	1	172 234 341
9763	3	1	172 246 403
9764	3	1	172 246 469
9765	3	1	172 248 341
9766	3	1	172 248 436
9767	3	1	172 248 440
9768	3	1	172 313 315
9769	3	1	172 315 341
9770	3	1	172 315 453
9771	3	1	172 329 447
9772	3	1	172 332 453
9773	3	1	172 341 373
9774	3	1	172 344 445
9775	3	1	172 344 469
9776	3	1	172 355 373
9777	3	1	172 432 469
9778	3	1	172 440 447
9779	3	1	174 181 237
9780	3	1	174 181 245
9781	3	1	174 181 467
9782	3	1	174 188 237
9783	3	1	174 188 345
9784	3	1	174 188 467
9785	3	1	174 199 250
9786	3	1	174 199 364
9787	3	1	174 225 345
9788	3	1	174 232 418
9789	3	1	174 232 463
9790	3	1	174 237 467
9791	3	1	174 250 335
9792	3	1	174 250 397
9793	3	1	174 256 350
9794	3	1	174 296 350
9795	3	1	174 296 467
9796	3	1	174 298 368
9797	3	1	174 298 467
9798	3	1	174 315 434
9799	3	1	174 335 463
9800	3	1	174 418 467
9801	3	1	174 463 467
9802	3	1	175 219 326
9803	3	1	175 219 361
9804	3	1	175 219 384
9805	3	1	175 219 449
9806	3	1	175 228 437
9807	3	1	175 234 449
9808	3	1	175 283 326
9809	3	1	175 322 370
9810	3	1	175 322 372
9811	3	1	175 322 447
9812	3	1	175 322 450
9813	3	1	175 326 450
9814	3	1	175 346 450
9815	3	1	175 361 372
9816	3	1	175 361 447
9817	3	1	176 203 477
9818	3	1	176 219 344
9819	3	1	176 219 349
9820	3	1	176 219 361
9821	3	1	176 219 384
9822	3	1	176 219 486
9823	3	1	176 253 325
9824	3	1	176 253 470
9825	3	1	176 296 470
9826	3	1	176 300 325
9827	3	1	176 300 335
9828	3	1	176 335 344
9829	3	1	176 335 387
9830	3	1	176 344 361
9831	3	1	176 344 470
9832	3	1	176 470 477
9833	3	1	176 477 485
9834	3	1	177 188 308
9835	3	1	177 188 337
9836	3	1	177 245 308
9837	3	1	177 296 308
9838	3	1	177 296 454
9839	3	1	177 426 454
9840	3	1	180 221 236
9841	3	1	180 221 299
9842	3	1	180 221 418
9843	3	1	180 221 485
9844	3	1	180 233 296
9845	3	1	180 233 380
9846	3	1	180 233 430
9847	3	1	180 236 413
9848	3	1	180 262 332
9849	3	1	180 279 332
9850	3	1	180 279 418
9851	3	1	180 279 457
9852	3	1	180 296 308
9853	3	1	180 299 343
9854	3	1	180 315 389
9855	3	1	180 332 481
9856	3	1	180 332 485
9857	3	1	180 343 428
9858	3	1	180 349 413
9859	3	1	180 349 455
9860	3	1	180 349 487
9861	3	1	180 349 500
9862	3	1	180 380 389
9863	3	1	180 380 457
9864	3	1	180 380 481
9865	3	1	180 389 457
9866	3	1	180 413 487
9867	3	1	180 418 430
9868	3	1	180 418 457
9869	3	1	180 418 487
9870	3	1	180 430 500
9871	3	1	181 185 221
9872	3	1	181 185 237
9873	3	1	181 185 323
9874	3	1	181 185 334
9875	3	1	181 185 343
9876	3	1	181 192 221
9877	3	1	181 192 277
9878	3	1	181 192 314
9879	3	1	181 192 473
9880	3	1	181 203 477
9881	3	1	181 203 495
9882	3	1	181 228 371
9883	3	1	181 228 437
9884	3	1	181 228 473
9885	3	1	181 237 405
9886	3	1	181 237 467
9887	3	1	181 237 479
9888	3	1	181 245 420
9889	3	1	181 245 473
9890	3	1	181 249 343
9891	3	1	181 249 371
9892	3	1	181 249 464
9893	3	1	181 249 473
9894	3	1	181 277 334
9895	3	1	181 304 473
9896	3	1	181 313 477
9897	3	1	181 313 488
9898	3	1	181 314 420
9899	3	1	181 314 459
9900	3	1	181 314 467
9901	3	1	181 343 477
9902	3	1	181 361 412
9903	3	1	181 405 464
9904	3	1	181 412 479
9905	3	1	181 427 437
9906	3	1	181 427 488
9907	3	1	181 437 477
9908	3	1	181 437 495
9909	3	1	181 459 473
9910	3	1	181 459 495
9911	3	1	181 464 477
9912	3	1	181 467 495
9913	3	1	181 477 479
9914	3	1	182 212 396
9915	3	1	182 212 495
9916	3	1	182 230 261
9917	3	1	182 250 335
9918	3	1	182 250 495
9919	3	1	182 250 496
9920	3	1	182 261 399
9921	3	1	182 261 475
9922	3	1	182 269 335
9923	3	1	182 276 300
9924	3	1	182 298 372
9925	3	1	182 300 335
9926	3	1	182 300 399
9927	3	1	182 310 494
9928	3	1	182 335 475
9929	3	1	182 347 399
9930	3	1	182 362 385
9931	3	1	182 362 396
9932	3	1	182 362 405
9933	3	1	182 362 457
9934	3	1	182 364 372
9935	3	1	182 364 396
9936	3	1	182 364 462
9937	3	1	182 364 475
9938	3	1	182 364 482
9939	3	1	182 370 399
9940	3	1	182 370 482
9941	3	1	182 372 457
9942	3	1	182 396 496
9943	3	1	182 462 494
9944	3	1	183 242 445
9945	3	1	183 246 276
9946	3	1	183 246 372
9947	3	1	183 246 400
9948	3	1	183 246 403
9949	3	1	183 260 399
9950	3	1	183 260 410
9951	3	1	183 260 422
9952	3	1	183 276 320
9953	3	1	183 276 403
9954	3	1	183 276 444
9955	3	1	183 320 385
9956	3	1	183 320 400
9957	3	1	183 320 410
9958	3	1	183 323 423
9959	3	1	183 346 387
9960	3	1	183 346 445
9961	3	1	183 361 372
9962	3	1	183 372 423
9963	3	1	183 372 444
9964	3	1	183 383 385
9965	3	1	183 383 404
9966	3	1	183 385 423
9967	3	1	183 385 440
9968	3	1	183 387 400
9969	3	1	183 387 404
9970	3	1	183 387 432
9971	3	1	183 399 403
9972	3	1	183 399 432
9973	3	1	183 400 461
9974	3	1	183 400 488
9975	3	1	183 403 461
9976	3	1	183 404 445
9977	3	1	183 422 423
9978	3	1	183 440 444
9979	3	1	183 440 488
9980	3	1	183 461 488
9981	3	1	185 187 287
9982	3	1	185 187 335
9983	3	1	185 187 340
9984	3	1	185 187 423
9985	3	1	185 187 484
9986	3	1	185 189 323
9987	3	1	185 189 448
9988	3	1	185 189 497
9989	3	1	185 207 287
9990	3	1	185 207 340
9991	3	1	185 221 448
9992	3	1	185 237 244
9993	3	1	185 237 310
9994	3	1	185 237 395
9995	3	1	185 243 334
9996	3	1	185 243 369
9997	3	1	185 244 287
9998	3	1	185 244 323
9999	3	1	185 244 335
10000	3	1	185 244 377
10001	3	1	185 244 468
10002	3	1	185 287 377
10003	3	1	185 287 468
10004	3	1	185 310 365
10005	3	1	185 310 468
10006	3	1	185 323 369
10007	3	1	185 323 423
10008	3	1	185 323 497
10009	3	1	185 328 335
10010	3	1	185 328 369
10011	3	1	185 328 409
10012	3	1	185 328 448
10013	3	1	185 334 335
10014	3	1	185 334 377
10015	3	1	185 335 343
10016	3	1	185 335 484
10017	3	1	185 335 497
10018	3	1	185 340 395
10019	3	1	185 340 484
10020	3	1	185 343 448
10021	3	1	185 351 395
10022	3	1	185 351 497
10023	3	1	185 369 448
10024	3	1	185 409 423
10025	3	1	185 409 484
10026	3	1	185 486 497
10027	3	1	186 190 211
10028	3	1	186 190 465
10029	3	1	186 190 477
10030	3	1	186 211 250
10031	3	1	186 211 275
10032	3	1	186 216 217
10033	3	1	186 216 236
10034	3	1	186 216 301
10035	3	1	186 216 359
10036	3	1	186 216 428
10037	3	1	186 217 237
10038	3	1	186 217 304
10039	3	1	186 217 458
10040	3	1	186 236 237
10041	3	1	186 236 477
10042	3	1	186 237 301
10043	3	1	186 237 359
10044	3	1	186 237 458
10045	3	1	186 243 250
10046	3	1	186 243 326
10047	3	1	186 243 369
10048	3	1	186 250 369
10049	3	1	186 250 428
10050	3	1	186 258 304
10051	3	1	186 275 279
10052	3	1	186 275 326
10053	3	1	186 279 301
10054	3	1	186 294 313
10055	3	1	186 294 406
10056	3	1	186 301 313
10057	3	1	186 304 424
10058	3	1	186 304 428
10059	3	1	186 304 458
10060	3	1	186 313 458
10061	3	1	186 313 477
10062	3	1	186 326 359
10063	3	1	186 326 424
10064	3	1	186 359 406
10065	3	1	186 406 424
10066	3	1	186 406 428
10067	3	1	186 424 477
10068	3	1	187 203 429
10069	3	1	187 226 484
10070	3	1	187 232 429
10071	3	1	187 250 335
10072	3	1	187 250 400
10073	3	1	187 253 484
10074	3	1	187 265 340
10075	3	1	187 287 441
10076	3	1	187 333 379
10077	3	1	187 335 484
10078	3	1	187 340 444
10079	3	1	187 340 484
10080	3	1	187 362 374
10081	3	1	187 374 455
10082	3	1	187 423 455
10083	3	1	187 429 444
10084	3	1	188 189 234
10085	3	1	188 189 467
10086	3	1	188 189 500
10087	3	1	188 208 417
10088	3	1	188 208 500
10089	3	1	188 237 395
10090	3	1	188 237 417
10091	3	1	188 237 467
10092	3	1	188 237 479
10093	3	1	188 257 292
10094	3	1	188 266 292
10095	3	1	188 266 371
10096	3	1	188 266 462
10097	3	1	188 308 371
10098	3	1	188 308 467
10099	3	1	188 326 371
10100	3	1	188 326 383
10101	3	1	188 337 462
10102	3	1	188 371 383
10103	3	1	188 371 462
10104	3	1	188 380 398
10105	3	1	188 395 428
10106	3	1	188 395 479
10107	3	1	188 462 467
10108	3	1	188 467 500
10109	3	1	189 209 212
10110	3	1	189 209 356
10111	3	1	189 209 452
10112	3	1	189 212 216
10113	3	1	189 212 316
10114	3	1	189 212 448
10115	3	1	189 216 251
10116	3	1	189 216 413
10117	3	1	189 216 439
10118	3	1	189 216 497
10119	3	1	189 234 341
10120	3	1	189 234 401
10121	3	1	189 234 439
10122	3	1	189 251 322
10123	3	1	189 251 341
10124	3	1	189 251 356
10125	3	1	189 251 413
10126	3	1	189 272 333
10127	3	1	189 272 356
10128	3	1	189 272 469
10129	3	1	189 316 439
10130	3	1	189 323 460
10131	3	1	189 323 497
10132	3	1	189 333 356
10133	3	1	189 333 401
10134	3	1	189 333 448
10135	3	1	189 341 356
10136	3	1	189 341 401
10137	3	1	189 354 453
10138	3	1	189 356 453
10139	3	1	189 356 480
10140	3	1	189 401 467
10141	3	1	189 413 480
10142	3	1	189 439 452
10143	3	1	189 439 453
10144	3	1	189 452 500
10145	3	1	189 467 500
10146	3	1	190 204 281
10147	3	1	190 204 477
10148	3	1	190 204 497
10149	3	1	190 211 251
10150	3	1	190 211 380
10151	3	1	190 211 398
10152	3	1	190 211 431
10153	3	1	190 219 380
10154	3	1	190 219 397
10155	3	1	190 219 486
10156	3	1	190 245 386
10157	3	1	190 245 436
10158	3	1	190 245 473
10159	3	1	190 245 497
10160	3	1	190 263 268
10161	3	1	190 263 277
10162	3	1	190 268 431
10163	3	1	190 277 397
10164	3	1	190 277 416
10165	3	1	190 277 465
10166	3	1	190 281 380
10167	3	1	190 281 486
10168	3	1	190 380 398
10169	3	1	190 386 431
10170	3	1	190 386 477
10171	3	1	190 403 465
10172	3	1	190 403 479
10173	3	1	190 463 486
10174	3	1	190 477 479
10175	3	1	190 479 497
10176	3	1	190 486 497
10177	3	1	192 197 264
10178	3	1	192 197 268
10179	3	1	192 197 302
10180	3	1	192 197 305
10181	3	1	192 197 356
10182	3	1	192 197 389
10183	3	1	192 197 424
10184	3	1	192 197 454
10185	3	1	192 221 264
10186	3	1	192 221 305
10187	3	1	192 221 342
10188	3	1	192 221 424
10189	3	1	192 225 294
10190	3	1	192 225 473
10191	3	1	192 227 294
10192	3	1	192 227 305
10193	3	1	192 242 356
10194	3	1	192 242 473
10195	3	1	192 263 268
10196	3	1	192 263 269
10197	3	1	192 263 277
10198	3	1	192 264 291
10199	3	1	192 264 356
10200	3	1	192 268 424
10201	3	1	192 269 288
10202	3	1	192 269 454
10203	3	1	192 269 473
10204	3	1	192 277 465
10205	3	1	192 288 291
10206	3	1	192 288 342
10207	3	1	192 291 356
10208	3	1	192 291 465
10209	3	1	192 302 428
10210	3	1	192 305 428
10211	3	1	192 314 389
10212	3	1	192 342 424
10213	3	1	192 347 424
10214	3	1	192 389 454
10215	3	1	193 212 416
10216	3	1	193 212 495
10217	3	1	193 226 285
10218	3	1	193 227 309
10219	3	1	193 240 309
10220	3	1	193 240 354
10221	3	1	193 240 370
10222	3	1	193 240 472
10223	3	1	193 240 495
10224	3	1	193 243 431
10225	3	1	193 243 460
10226	3	1	193 243 495
10227	3	1	193 253 298
10228	3	1	193 253 397
10229	3	1	193 253 453
10230	3	1	193 253 470
10231	3	1	193 253 495
10232	3	1	193 265 431
10233	3	1	193 265 453
10234	3	1	193 265 495
10235	3	1	193 285 298
10236	3	1	193 285 411
10237	3	1	193 298 309
10238	3	1	193 298 354
10239	3	1	193 298 470
10240	3	1	193 314 460
10241	3	1	193 314 472
10242	3	1	193 354 453
10243	3	1	193 370 416
10244	3	1	193 370 453
10245	3	1	193 370 465
10246	3	1	193 370 470
10247	3	1	193 370 472
10248	3	1	193 397 472
10249	3	1	193 411 433
10250	3	1	193 411 470
10251	3	1	193 411 472
10252	3	1	193 433 468
10253	3	1	193 445 470
10254	3	1	193 460 468
10255	3	1	193 465 470
10256	3	1	193 466 470
10257	3	1	193 472 495
10258	3	1	197 201 305
10259	3	1	197 203 264
10260	3	1	197 203 268
10261	3	1	197 203 274
10262	3	1	197 206 376
10263	3	1	197 206 389
10264	3	1	197 240 324
10265	3	1	197 240 389
10266	3	1	197 264 356
10267	3	1	197 264 367
10268	3	1	197 268 424
10269	3	1	197 268 469
10270	3	1	197 274 356
10271	3	1	197 274 399
10272	3	1	197 292 311
10273	3	1	197 292 399
10274	3	1	197 293 324
10275	3	1	197 293 365
10276	3	1	197 293 434
10277	3	1	197 293 454
10278	3	1	197 305 376
10279	3	1	197 305 434
10280	3	1	197 311 376
10281	3	1	197 321 367
10282	3	1	197 321 424
10283	3	1	197 324 365
10284	3	1	197 324 367
10285	3	1	197 324 376
10286	3	1	197 324 389
10287	3	1	197 389 454
10288	3	1	199 202 271
10289	3	1	199 202 293
10290	3	1	199 202 310
10291	3	1	199 202 447
10292	3	1	199 202 494
10293	3	1	199 250 496
10294	3	1	199 271 377
10295	3	1	199 271 461
10296	3	1	199 279 307
10297	3	1	199 286 293
10298	3	1	199 293 437
10299	3	1	199 307 316
10300	3	1	199 307 377
10301	3	1	199 310 437
10302	3	1	199 310 494
10303	3	1	199 316 496
10304	3	1	199 364 447
10305	3	1	199 437 461
10306	3	1	199 447 494
10307	3	1	200 218 372
10308	3	1	200 260 465
10309	3	1	200 312 372
10310	3	1	200 312 376
10311	3	1	200 312 380
10312	3	1	200 313 454
10313	3	1	200 322 372
10314	3	1	200 322 465
10315	3	1	200 324 376
10316	3	1	200 324 380
10317	3	1	200 324 462
10318	3	1	200 366 434
10319	3	1	200 366 436
10320	3	1	200 366 462
10321	3	1	200 366 465
10322	3	1	200 380 476
10323	3	1	200 462 476
10324	3	1	201 227 244
10325	3	1	201 227 305
10326	3	1	201 227 485
10327	3	1	201 250 363
10328	3	1	201 250 400
10329	3	1	201 272 275
10330	3	1	201 272 333
10331	3	1	201 272 363
10332	3	1	201 272 400
10333	3	1	201 275 305
10334	3	1	201 275 418
10335	3	1	201 275 466
10336	3	1	201 275 485
10337	3	1	201 305 363
10338	3	1	201 305 418
10339	3	1	201 333 466
10340	3	1	201 363 479
10341	3	1	201 395 475
10342	3	1	201 395 479
10343	3	1	201 400 417
10344	3	1	201 400 479
10345	3	1	201 405 466
10346	3	1	201 405 485
10347	3	1	201 417 466
10348	3	1	201 418 453
10349	3	1	201 466 475
10350	3	1	201 475 479
10351	3	1	201 479 485
10352	3	1	202 213 232
10353	3	1	202 219 328
10354	3	1	202 219 333
10355	3	1	202 219 373
10356	3	1	202 219 384
10357	3	1	202 219 460
10358	3	1	202 219 494
10359	3	1	202 256 282
10360	3	1	202 256 294
10361	3	1	202 256 333
10362	3	1	202 256 384
10363	3	1	202 256 426
10364	3	1	202 256 439
10365	3	1	202 257 293
10366	3	1	202 257 327
10367	3	1	202 257 373
10368	3	1	202 271 284
10369	3	1	202 271 324
10370	3	1	202 271 448
10371	3	1	202 271 476
10372	3	1	202 282 310
10373	3	1	202 282 328
10374	3	1	202 282 494
10375	3	1	202 284 321
10376	3	1	202 284 384
10377	3	1	202 284 452
10378	3	1	202 293 324
10379	3	1	202 294 321
10380	3	1	202 294 441
10381	3	1	202 296 327
10382	3	1	202 296 439
10383	3	1	202 296 460
10384	3	1	202 310 391
10385	3	1	202 310 426
10386	3	1	202 310 494
10387	3	1	202 318 333
10388	3	1	202 318 362
10389	3	1	202 320 333
10390	3	1	202 320 362
10391	3	1	202 320 476
10392	3	1	202 324 432
10393	3	1	202 327 447
10394	3	1	202 328 333
10395	3	1	202 328 373
10396	3	1	202 328 448
10397	3	1	202 333 448
10398	3	1	202 362 391
10399	3	1	202 362 432
10400	3	1	202 362 476
10401	3	1	202 384 426
10402	3	1	202 384 441
10403	3	1	202 384 452
10404	3	1	202 384 494
10405	3	1	202 439 452
10406	3	1	202 441 447
10407	3	1	202 447 448
10408	3	1	202 447 494
10409	3	1	202 452 494
10410	3	1	202 452 500
10411	3	1	202 460 494
10412	3	1	203 204 477
10413	3	1	203 209 495
10414	3	1	203 213 264
10415	3	1	203 213 274
10416	3	1	203 213 345
10417	3	1	203 216 345
10418	3	1	203 216 487
10419	3	1	203 262 303
10420	3	1	203 262 373
10421	3	1	203 264 310
10422	3	1	203 264 338
10423	3	1	203 268 303
10424	3	1	203 268 341
10425	3	1	203 268 451
10426	3	1	203 303 477
10427	3	1	203 303 495
10428	3	1	203 341 373
10429	3	1	203 341 451
10430	3	1	203 341 489
10431	3	1	203 373 491
10432	3	1	203 487 491
10433	3	1	204 222 260
10434	3	1	204 222 286
10435	3	1	204 222 356
10436	3	1	204 222 476
10437	3	1	204 227 437
10438	3	1	204 227 455
10439	3	1	204 227 497
10440	3	1	204 243 281
10441	3	1	204 260 281
10442	3	1	204 267 464
10443	3	1	204 276 497
10444	3	1	204 281 323
10445	3	1	204 281 324
10446	3	1	204 281 476
10447	3	1	204 323 337
10448	3	1	204 323 455
10449	3	1	204 323 497
10450	3	1	204 325 329
10451	3	1	204 325 337
10452	3	1	204 325 356
10453	3	1	204 337 437
10454	3	1	204 356 464
10455	3	1	204 371 455
10456	3	1	204 426 437
10457	3	1	204 437 477
10458	3	1	204 464 477
10459	3	1	204 476 477
10460	3	1	206 251 349
10461	3	1	206 251 413
10462	3	1	206 289 389
10463	3	1	206 333 389
10464	3	1	206 333 431
10465	3	1	206 349 376
10466	3	1	206 349 413
10467	3	1	206 349 495
10468	3	1	207 225 233
10469	3	1	207 233 340
10470	3	1	207 233 410
10471	3	1	207 267 285
10472	3	1	207 267 314
10473	3	1	207 287 329
10474	3	1	207 314 321
10475	3	1	207 321 424
10476	3	1	208 209 367
10477	3	1	208 209 376
10478	3	1	208 209 436
10479	3	1	208 256 384
10480	3	1	208 261 274
10481	3	1	208 261 424
10482	3	1	208 261 473
10483	3	1	208 268 394
10484	3	1	208 268 410
10485	3	1	208 268 424
10486	3	1	208 274 404
10487	3	1	208 361 417
10488	3	1	208 364 376
10489	3	1	208 364 409
10490	3	1	208 367 384
10491	3	1	208 367 437
10492	3	1	208 384 424
10493	3	1	208 394 417
10494	3	1	208 394 424
10495	3	1	208 404 409
10496	3	1	208 404 500
10497	3	1	208 409 417
10498	3	1	208 409 437
10499	3	1	208 424 436
10500	3	1	209 212 376
10501	3	1	209 212 463
10502	3	1	209 212 495
10503	3	1	209 221 312
10504	3	1	209 221 319
10505	3	1	209 229 237
10506	3	1	209 229 312
10507	3	1	209 229 436
10508	3	1	209 229 495
10509	3	1	209 237 312
10510	3	1	209 253 304
10511	3	1	209 253 481
10512	3	1	209 253 495
10513	3	1	209 271 304
10514	3	1	209 287 312
10515	3	1	209 287 356
10516	3	1	209 287 420
10517	3	1	209 287 481
10518	3	1	209 287 495
10519	3	1	209 293 380
10520	3	1	209 312 356
10521	3	1	209 312 372
10522	3	1	209 312 376
10523	3	1	209 312 380
10524	3	1	209 319 367
10525	3	1	209 321 367
10526	3	1	209 349 376
10527	3	1	209 349 436
10528	3	1	209 349 452
10529	3	1	209 349 495
10530	3	1	209 356 372
10531	3	1	209 356 380
10532	3	1	209 367 481
10533	3	1	209 367 495
10534	3	1	209 372 420
10535	3	1	209 380 481
10536	3	1	210 217 282
10537	3	1	210 217 386
10538	3	1	210 222 403
10539	3	1	210 228 380
10540	3	1	210 228 386
10541	3	1	210 228 403
10542	3	1	210 265 395
10543	3	1	210 265 424
10544	3	1	210 265 431
10545	3	1	210 265 495
10546	3	1	210 274 485
10547	3	1	210 282 444
10548	3	1	210 282 445
10549	3	1	210 282 485
10550	3	1	210 313 431
10551	3	1	210 343 347
10552	3	1	210 343 424
10553	3	1	210 343 431
10554	3	1	210 347 424
10555	3	1	210 347 445
10556	3	1	210 367 373
10557	3	1	210 367 495
10558	3	1	210 373 386
10559	3	1	210 373 395
10560	3	1	210 373 431
10561	3	1	210 380 398
10562	3	1	210 386 431
10563	3	1	210 403 451
10564	3	1	211 213 322
10565	3	1	211 213 380
10566	3	1	211 213 461
10567	3	1	211 223 246
10568	3	1	211 223 250
10569	3	1	211 223 413
10570	3	1	211 223 431
10571	3	1	211 239 471
10572	3	1	211 251 322
10573	3	1	211 251 355
10574	3	1	211 251 356
10575	3	1	211 251 413
10576	3	1	211 275 305
10577	3	1	211 275 322
10578	3	1	211 275 387
10579	3	1	211 275 399
10580	3	1	211 305 355
10581	3	1	211 305 471
10582	3	1	211 308 399
10583	3	1	211 308 450
10584	3	1	211 308 471
10585	3	1	211 321 387
10586	3	1	211 321 464
10587	3	1	211 322 411
10588	3	1	211 322 450
10589	3	1	211 324 355
10590	3	1	211 324 380
10591	3	1	211 324 387
10592	3	1	211 324 471
10593	3	1	211 332 399
10594	3	1	211 332 409
10595	3	1	211 355 461
10596	3	1	211 356 380
10597	3	1	211 356 411
10598	3	1	211 356 464
10599	3	1	211 380 398
10600	3	1	211 380 411
10601	3	1	211 380 464
10602	3	1	211 383 413
10603	3	1	211 394 431
10604	3	1	211 398 411
10605	3	1	211 398 471
10606	3	1	211 399 448
10607	3	1	211 409 411
10608	3	1	211 431 448
10609	3	1	212 216 351
10610	3	1	212 216 371
10611	3	1	212 216 396
10612	3	1	212 216 416
10613	3	1	212 216 484
10614	3	1	212 216 486
10615	3	1	212 218 279
10616	3	1	212 218 351
10617	3	1	212 279 291
10618	3	1	212 279 342
10619	3	1	212 286 355
10620	3	1	212 286 396
10621	3	1	212 286 495
10622	3	1	212 291 325
10623	3	1	212 291 404
10624	3	1	212 303 316
10625	3	1	212 303 325
10626	3	1	212 303 484
10627	3	1	212 303 495
10628	3	1	212 316 495
10629	3	1	212 325 342
10630	3	1	212 325 463
10631	3	1	212 325 495
10632	3	1	212 342 371
10633	3	1	212 342 404
10634	3	1	212 355 404
10635	3	1	212 371 406
10636	3	1	212 371 486
10637	3	1	212 396 416
10638	3	1	212 396 448
10639	3	1	212 406 416
10640	3	1	212 463 486
10641	3	1	213 224 345
10642	3	1	213 237 322
10643	3	1	213 238 307
10644	3	1	213 238 345
10645	3	1	213 240 380
10646	3	1	213 264 443
10647	3	1	213 298 461
10648	3	1	213 307 311
10649	3	1	213 307 316
10650	3	1	213 307 459
10651	3	1	213 311 380
10652	3	1	216 217 282
10653	3	1	216 217 345
10654	3	1	216 217 413
10655	3	1	216 227 318
10656	3	1	216 227 359
10657	3	1	216 227 446
10658	3	1	216 227 497
10659	3	1	216 230 318
10660	3	1	216 230 371
10661	3	1	216 230 484
10662	3	1	216 236 271
10663	3	1	216 236 353
10664	3	1	216 236 413
10665	3	1	216 245 359
10666	3	1	216 245 487
10667	3	1	216 245 497
10668	3	1	216 251 271
10669	3	1	216 251 345
10670	3	1	216 251 413
10671	3	1	216 251 488
10672	3	1	216 271 353
10673	3	1	216 271 371
10674	3	1	216 271 431
10675	3	1	216 282 430
10676	3	1	216 301 459
10677	3	1	216 301 472
10678	3	1	216 318 400
10679	3	1	216 318 484
10680	3	1	216 332 351
10681	3	1	216 332 370
10682	3	1	216 345 484
10683	3	1	216 351 353
10684	3	1	216 351 430
10685	3	1	216 351 432
10686	3	1	216 351 488
10687	3	1	216 351 497
10688	3	1	216 353 413
10689	3	1	216 353 428
10690	3	1	216 353 459
10691	3	1	216 353 497
10692	3	1	216 359 370
10693	3	1	216 366 486
10694	3	1	216 366 497
10695	3	1	216 370 416
10696	3	1	216 370 472
10697	3	1	216 370 482
10698	3	1	216 371 432
10699	3	1	216 371 486
10700	3	1	216 396 416
10701	3	1	216 400 416
10702	3	1	216 400 488
10703	3	1	216 413 416
10704	3	1	216 413 487
10705	3	1	216 428 446
10706	3	1	216 430 484
10707	3	1	216 439 484
10708	3	1	216 459 484
10709	3	1	216 459 487
10710	3	1	216 482 484
10711	3	1	216 482 497
10712	3	1	216 486 497
10713	3	1	216 488 497
10714	3	1	217 219 240
10715	3	1	217 219 328
10716	3	1	217 219 344
10717	3	1	217 219 345
10718	3	1	217 219 364
10719	3	1	217 219 397
10720	3	1	217 224 282
10721	3	1	217 224 295
10722	3	1	217 224 345
10723	3	1	217 224 350
10724	3	1	217 226 304
10725	3	1	217 237 295
10726	3	1	217 237 458
10727	3	1	217 240 278
10728	3	1	217 240 282
10729	3	1	217 240 344
10730	3	1	217 246 455
10731	3	1	217 278 304
10732	3	1	217 278 344
10733	3	1	217 278 455
10734	3	1	217 282 328
10735	3	1	217 283 350
10736	3	1	217 283 364
10737	3	1	217 297 364
10738	3	1	217 297 464
10739	3	1	217 304 458
10740	3	1	217 304 480
10741	3	1	217 328 409
10742	3	1	217 344 350
10743	3	1	217 344 364
10744	3	1	217 344 481
10745	3	1	217 345 458
10746	3	1	217 345 464
10747	3	1	217 350 413
10748	3	1	217 350 458
10749	3	1	217 364 378
10750	3	1	217 364 409
10751	3	1	217 364 447
10752	3	1	217 364 468
10753	3	1	217 378 413
10754	3	1	217 386 413
10755	3	1	217 413 480
10756	3	1	217 447 458
10757	3	1	217 447 480
10758	3	1	218 222 272
10759	3	1	218 222 452
10760	3	1	218 258 357
10761	3	1	218 258 378
10762	3	1	218 268 423
10763	3	1	218 268 469
10764	3	1	218 272 351
10765	3	1	218 272 469
10766	3	1	218 279 318
10767	3	1	218 351 357
10768	3	1	218 351 430
10769	3	1	218 372 423
10770	3	1	218 378 411
10771	3	1	218 411 423
10772	3	1	218 411 452
10773	3	1	219 223 288
10774	3	1	219 223 328
10775	3	1	219 223 361
10776	3	1	219 225 308
10777	3	1	219 225 345
10778	3	1	219 225 483
10779	3	1	219 240 338
10780	3	1	219 240 344
10781	3	1	219 240 380
10782	3	1	219 240 471
10783	3	1	219 240 486
10784	3	1	219 260 326
10785	3	1	219 260 328
10786	3	1	219 260 397
10787	3	1	219 260 483
10788	3	1	219 264 299
10789	3	1	219 264 315
10790	3	1	219 264 333
10791	3	1	219 264 338
10792	3	1	219 264 364
10793	3	1	219 264 385
10794	3	1	219 286 338
10795	3	1	219 287 344
10796	3	1	219 287 397
10797	3	1	219 287 494
10798	3	1	219 288 338
10799	3	1	219 288 380
10800	3	1	219 288 384
10801	3	1	219 288 475
10802	3	1	219 308 471
10803	3	1	219 308 486
10804	3	1	219 315 361
10805	3	1	219 315 453
10806	3	1	219 326 475
10807	3	1	219 328 333
10808	3	1	219 328 373
10809	3	1	219 333 345
10810	3	1	219 333 364
10811	3	1	219 344 361
10812	3	1	219 344 364
10813	3	1	219 345 361
10814	3	1	219 349 376
10815	3	1	219 363 364
10816	3	1	219 364 373
10817	3	1	219 364 376
10818	3	1	219 364 380
10819	3	1	219 364 475
10820	3	1	219 365 397
10821	3	1	219 365 449
10822	3	1	219 380 384
10823	3	1	219 380 460
10824	3	1	219 380 483
10825	3	1	219 384 483
10826	3	1	219 384 494
10827	3	1	219 385 453
10828	3	1	219 449 460
10829	3	1	219 453 486
10830	3	1	219 460 494
10831	3	1	219 475 486
10832	3	1	221 226 312
10833	3	1	221 236 264
10834	3	1	221 236 322
10835	3	1	221 236 471
10836	3	1	221 264 299
10837	3	1	221 264 338
10838	3	1	221 264 418
10839	3	1	221 267 299
10840	3	1	221 267 396
10841	3	1	221 267 418
10842	3	1	221 299 312
10843	3	1	221 305 312
10844	3	1	221 305 338
10845	3	1	221 305 418
10846	3	1	221 305 471
10847	3	1	221 312 406
10848	3	1	221 319 322
10849	3	1	221 320 471
10850	3	1	221 320 485
10851	3	1	221 326 424
10852	3	1	221 326 448
10853	3	1	221 338 418
10854	3	1	221 342 424
10855	3	1	221 342 471
10856	3	1	221 342 494
10857	3	1	221 386 406
10858	3	1	221 386 418
10859	3	1	221 396 448
10860	3	1	221 406 424
10861	3	1	221 406 471
10862	3	1	221 418 471
10863	3	1	221 418 494
10864	3	1	222 225 246
10865	3	1	222 225 275
10866	3	1	222 225 345
10867	3	1	222 225 476
10868	3	1	222 244 345
10869	3	1	222 244 403
10870	3	1	222 246 403
10871	3	1	222 248 272
10872	3	1	222 248 401
10873	3	1	222 248 452
10874	3	1	222 272 275
10875	3	1	222 272 309
10876	3	1	222 272 356
10877	3	1	222 272 435
10878	3	1	222 275 293
10879	3	1	222 275 345
10880	3	1	222 286 293
10881	3	1	222 286 452
10882	3	1	222 292 401
10883	3	1	222 301 403
10884	3	1	222 301 472
10885	3	1	222 356 435
10886	3	1	222 356 472
10887	3	1	222 401 435
10888	3	1	222 476 488
10889	3	1	223 232 283
10890	3	1	223 246 372
10891	3	1	223 248 272
10892	3	1	223 248 357
10893	3	1	223 250 353
10894	3	1	223 272 340
10895	3	1	223 288 476
10896	3	1	223 289 340
10897	3	1	223 289 353
10898	3	1	223 289 372
10899	3	1	223 293 410
10900	3	1	223 318 340
10901	3	1	223 340 444
10902	3	1	223 340 476
10903	3	1	223 353 413
10904	3	1	223 353 500
10905	3	1	223 361 372
10906	3	1	223 372 444
10907	3	1	224 229 399
10908	3	1	224 241 370
10909	3	1	224 249 282
10910	3	1	224 249 370
10911	3	1	224 249 399
10912	3	1	224 249 428
10913	3	1	224 277 315
10914	3	1	224 277 475
10915	3	1	224 277 484
10916	3	1	224 282 341
10917	3	1	224 293 471
10918	3	1	224 293 475
10919	3	1	224 295 370
10920	3	1	224 315 341
10921	3	1	224 315 452
10922	3	1	224 329 350
10923	3	1	224 341 457
10924	3	1	224 341 484
10925	3	1	224 345 484
10926	3	1	224 362 457
10927	3	1	224 370 399
10928	3	1	224 370 472
10929	3	1	224 452 457
10930	3	1	225 233 294
10931	3	1	225 233 430
10932	3	1	225 275 345
10933	3	1	225 275 387
10934	3	1	225 275 473
10935	3	1	225 294 387
10936	3	1	225 294 441
10937	3	1	225 295 312
10938	3	1	225 303 430
10939	3	1	225 308 445
10940	3	1	225 345 458
10941	3	1	225 345 464
10942	3	1	225 387 404
10943	3	1	225 387 473
10944	3	1	225 404 430
10945	3	1	225 404 445
10946	3	1	225 441 451
10947	3	1	225 441 473
10948	3	1	225 445 473
10949	3	1	225 451 464
10950	3	1	225 458 476
10951	3	1	225 458 483
10952	3	1	225 473 476
10953	3	1	226 276 403
10954	3	1	226 276 463
10955	3	1	226 285 312
10956	3	1	226 302 428
10957	3	1	226 302 463
10958	3	1	226 304 428
10959	3	1	226 304 473
10960	3	1	226 337 403
10961	3	1	226 373 473
10962	3	1	226 428 463
10963	3	1	227 244 447
10964	3	1	227 244 455
10965	3	1	227 294 376
10966	3	1	227 294 378
10967	3	1	227 305 376
10968	3	1	227 309 378
10969	3	1	227 344 364
10970	3	1	227 359 364
10971	3	1	227 359 376
10972	3	1	227 359 455
10973	3	1	227 364 376
10974	3	1	227 364 378
10975	3	1	227 364 446
10976	3	1	227 364 447
10977	3	1	227 368 378
10978	3	1	227 369 437
10979	3	1	227 369 455
10980	3	1	227 376 378
10981	3	1	227 401 437
10982	3	1	227 446 447
10983	3	1	227 446 455
10984	3	1	227 447 485
10985	3	1	228 232 437
10986	3	1	228 242 380
10987	3	1	228 242 473
10988	3	1	228 258 287
10989	3	1	228 258 308
10990	3	1	228 258 371
10991	3	1	228 258 376
10992	3	1	228 258 491
10993	3	1	228 269 473
10994	3	1	228 308 371
10995	3	1	228 308 437
10996	3	1	228 308 471
10997	3	1	228 371 443
10998	3	1	228 376 386
10999	3	1	228 380 389
11000	3	1	228 380 476
11001	3	1	228 389 476
11002	3	1	228 436 491
11003	3	1	228 471 476
11004	3	1	228 473 476
11005	3	1	229 237 276
11006	3	1	229 237 301
11007	3	1	229 237 310
11008	3	1	229 237 312
11009	3	1	229 269 464
11010	3	1	229 269 473
11011	3	1	229 301 310
11012	3	1	229 301 464
11013	3	1	229 309 443
11014	3	1	229 312 323
11015	3	1	229 318 323
11016	3	1	229 318 436
11017	3	1	229 318 495
11018	3	1	230 234 287
11019	3	1	230 234 464
11020	3	1	230 234 484
11021	3	1	230 240 338
11022	3	1	230 240 398
11023	3	1	230 261 274
11024	3	1	230 261 398
11025	3	1	230 274 287
11026	3	1	230 277 484
11027	3	1	230 287 468
11028	3	1	230 318 436
11029	3	1	230 318 484
11030	3	1	230 319 373
11031	3	1	230 338 368
11032	3	1	230 338 436
11033	3	1	230 436 484
11034	3	1	230 464 484
11035	3	1	231 240 452
11036	3	1	231 301 321
11037	3	1	231 308 445
11038	3	1	231 368 378
11039	3	1	231 368 452
11040	3	1	231 378 439
11041	3	1	231 439 452
11042	3	1	232 260 418
11043	3	1	232 260 429
11044	3	1	232 260 430
11045	3	1	232 266 409
11046	3	1	232 266 463
11047	3	1	232 283 418
11048	3	1	232 283 497
11049	3	1	232 295 437
11050	3	1	232 295 497
11051	3	1	232 297 430
11052	3	1	232 329 359
11053	3	1	232 329 418
11054	3	1	232 329 485
11055	3	1	232 337 430
11056	3	1	232 337 437
11057	3	1	232 341 451
11058	3	1	232 355 430
11059	3	1	232 359 418
11060	3	1	232 409 437
11061	3	1	232 409 451
11062	3	1	232 409 463
11063	3	1	232 409 485
11064	3	1	232 418 430
11065	3	1	232 418 440
11066	3	1	232 437 451
11067	3	1	233 237 242
11068	3	1	233 237 440
11069	3	1	233 242 380
11070	3	1	233 242 459
11071	3	1	233 242 472
11072	3	1	233 291 353
11073	3	1	233 291 391
11074	3	1	233 291 401
11075	3	1	233 291 465
11076	3	1	233 294 472
11077	3	1	233 326 468
11078	3	1	233 340 386
11079	3	1	233 340 484
11080	3	1	233 353 426
11081	3	1	233 353 459
11082	3	1	233 353 465
11083	3	1	233 380 489
11084	3	1	233 386 410
11085	3	1	233 386 426
11086	3	1	233 401 437
11087	3	1	233 401 459
11088	3	1	233 401 468
11089	3	1	233 401 494
11090	3	1	233 409 437
11091	3	1	233 409 484
11092	3	1	233 410 459
11093	3	1	233 422 437
11094	3	1	233 426 437
11095	3	1	233 426 440
11096	3	1	233 430 484
11097	3	1	233 459 484
11098	3	1	234 248 256
11099	3	1	234 248 287
11100	3	1	234 248 291
11101	3	1	234 248 341
11102	3	1	234 248 401
11103	3	1	234 250 291
11104	3	1	234 250 342
11105	3	1	234 256 350
11106	3	1	234 256 439
11107	3	1	234 256 466
11108	3	1	234 258 287
11109	3	1	234 258 304
11110	3	1	234 258 488
11111	3	1	234 264 291
11112	3	1	234 264 315
11113	3	1	234 264 364
11114	3	1	234 264 367
11115	3	1	234 286 350
11116	3	1	234 287 312
11117	3	1	234 287 401
11118	3	1	234 291 391
11119	3	1	234 291 401
11120	3	1	234 291 439
11121	3	1	234 291 465
11122	3	1	234 304 387
11123	3	1	234 312 401
11124	3	1	234 315 341
11125	3	1	234 315 464
11126	3	1	234 320 465
11127	3	1	234 320 466
11128	3	1	234 341 401
11129	3	1	234 341 411
11130	3	1	234 341 465
11131	3	1	234 341 484
11132	3	1	234 350 401
11133	3	1	234 350 430
11134	3	1	234 364 430
11135	3	1	234 367 439
11136	3	1	234 391 455
11137	3	1	234 430 484
11138	3	1	234 439 484
11139	3	1	234 455 463
11140	3	1	234 464 465
11141	3	1	234 464 466
11142	3	1	234 464 484
11143	3	1	236 237 322
11144	3	1	236 237 387
11145	3	1	236 237 440
11146	3	1	236 237 467
11147	3	1	236 266 496
11148	3	1	236 271 353
11149	3	1	236 271 445
11150	3	1	236 271 467
11151	3	1	236 307 445
11152	3	1	236 322 404
11153	3	1	236 322 445
11154	3	1	236 353 413
11155	3	1	236 353 477
11156	3	1	236 355 404
11157	3	1	236 387 404
11158	3	1	236 404 445
11159	3	1	236 413 496
11160	3	1	236 440 467
11161	3	1	236 440 477
11162	3	1	236 445 471
11163	3	1	236 445 477
11164	3	1	236 449 460
11165	3	1	236 467 495
11166	3	1	236 471 477
11167	3	1	237 242 244
11168	3	1	237 242 479
11169	3	1	237 244 312
11170	3	1	237 244 322
11171	3	1	237 244 387
11172	3	1	237 276 300
11173	3	1	237 295 301
11174	3	1	237 295 312
11175	3	1	237 299 312
11176	3	1	237 299 395
11177	3	1	237 300 322
11178	3	1	237 300 458
11179	3	1	237 301 310
11180	3	1	237 301 479
11181	3	1	237 310 479
11182	3	1	237 312 359
11183	3	1	237 387 475
11184	3	1	237 394 417
11185	3	1	237 394 475
11186	3	1	237 395 475
11187	3	1	237 395 479
11188	3	1	237 440 467
11189	3	1	237 475 479
11190	3	1	238 243 330
11191	3	1	238 263 449
11192	3	1	238 284 429
11193	3	1	238 289 429
11194	3	1	238 289 489
11195	3	1	238 292 307
11196	3	1	238 292 449
11197	3	1	238 307 330
11198	3	1	238 307 351
11199	3	1	238 330 332
11200	3	1	238 330 350
11201	3	1	238 330 351
11202	3	1	238 330 429
11203	3	1	238 332 351
11204	3	1	238 332 458
11205	3	1	238 345 458
11206	3	1	238 350 458
11207	3	1	238 351 429
11208	3	1	238 351 458
11209	3	1	238 400 416
11210	3	1	238 416 489
11211	3	1	238 429 458
11212	3	1	238 440 470
11213	3	1	239 269 410
11214	3	1	239 269 434
11215	3	1	239 310 410
11216	3	1	239 310 426
11217	3	1	239 426 471
11218	3	1	239 429 434
11219	3	1	240 263 324
11220	3	1	240 266 278
11221	3	1	240 278 313
11222	3	1	240 278 344
11223	3	1	240 278 351
11224	3	1	240 282 310
11225	3	1	240 282 338
11226	3	1	240 282 341
11227	3	1	240 282 430
11228	3	1	240 309 347
11229	3	1	240 309 430
11230	3	1	240 309 451
11231	3	1	240 310 472
11232	3	1	240 324 370
11233	3	1	240 324 380
11234	3	1	240 324 389
11235	3	1	240 324 430
11236	3	1	240 324 471
11237	3	1	240 324 486
11238	3	1	240 329 398
11239	3	1	240 329 495
11240	3	1	240 341 451
11241	3	1	240 347 351
11242	3	1	240 351 398
11243	3	1	240 351 430
11244	3	1	240 354 486
11245	3	1	240 370 472
11246	3	1	240 380 389
11247	3	1	240 380 398
11248	3	1	240 398 471
11249	3	1	240 472 495
11250	3	1	241 271 324
11251	3	1	241 271 445
11252	3	1	241 303 305
11253	3	1	241 303 316
11254	3	1	241 303 325
11255	3	1	241 303 427
11256	3	1	241 305 340
11257	3	1	241 316 427
11258	3	1	241 316 439
11259	3	1	241 324 370
11260	3	1	241 325 326
11261	3	1	241 325 403
11262	3	1	241 325 445
11263	3	1	241 340 368
11264	3	1	241 400 427
11265	3	1	241 480 489
11266	3	1	242 244 253
11267	3	1	242 253 325
11268	3	1	242 257 451
11269	3	1	242 262 267
11270	3	1	242 262 325
11271	3	1	242 279 420
11272	3	1	242 279 472
11273	3	1	242 297 466
11274	3	1	242 325 356
11275	3	1	242 325 380
11276	3	1	242 325 445
11277	3	1	242 341 356
11278	3	1	242 341 451
11279	3	1	242 356 380
11280	3	1	242 356 451
11281	3	1	242 356 472
11282	3	1	242 420 445
11283	3	1	242 445 473
11284	3	1	242 445 479
11285	3	1	242 459 473
11286	3	1	243 250 291
11287	3	1	243 250 363
11288	3	1	243 250 369
11289	3	1	243 250 422
11290	3	1	243 250 495
11291	3	1	243 261 274
11292	3	1	243 261 422
11293	3	1	243 268 303
11294	3	1	243 268 341
11295	3	1	243 268 431
11296	3	1	243 268 460
11297	3	1	243 274 291
11298	3	1	243 277 334
11299	3	1	243 277 430
11300	3	1	243 281 334
11301	3	1	243 281 422
11302	3	1	243 281 430
11303	3	1	243 281 454
11304	3	1	243 281 460
11305	3	1	243 291 372
11306	3	1	243 291 373
11307	3	1	243 296 454
11308	3	1	243 296 460
11309	3	1	243 303 330
11310	3	1	243 303 369
11311	3	1	243 303 430
11312	3	1	243 303 495
11313	3	1	243 326 383
11314	3	1	243 330 495
11315	3	1	243 334 372
11316	3	1	243 334 379
11317	3	1	243 341 372
11318	3	1	243 341 373
11319	3	1	243 341 379
11320	3	1	243 363 364
11321	3	1	243 364 372
11322	3	1	243 364 373
11323	3	1	243 364 430
11324	3	1	243 369 372
11325	3	1	243 373 431
11326	3	1	243 379 430
11327	3	1	243 379 460
11328	3	1	243 383 385
11329	3	1	243 454 460
11330	3	1	244 253 311
11331	3	1	244 253 337
11332	3	1	244 253 439
11333	3	1	244 253 481
11334	3	1	244 269 322
11335	3	1	244 269 335
11336	3	1	244 269 454
11337	3	1	244 278 287
11338	3	1	244 278 313
11339	3	1	244 278 387
11340	3	1	244 278 455
11341	3	1	244 287 312
11342	3	1	244 287 337
11343	3	1	244 287 377
11344	3	1	244 287 399
11345	3	1	244 287 468
11346	3	1	244 287 481
11347	3	1	244 287 494
11348	3	1	244 311 323
11349	3	1	244 312 323
11350	3	1	244 313 431
11351	3	1	244 313 454
11352	3	1	244 322 433
11353	3	1	244 322 447
11354	3	1	244 322 465
11355	3	1	244 323 337
11356	3	1	244 323 455
11357	3	1	244 326 468
11358	3	1	244 335 387
11359	3	1	244 335 447
11360	3	1	244 337 403
11361	3	1	244 345 436
11362	3	1	244 362 432
11363	3	1	244 377 387
11364	3	1	244 377 436
11365	3	1	244 384 494
11366	3	1	244 387 432
11367	3	1	244 399 403
11368	3	1	244 399 432
11369	3	1	244 399 468
11370	3	1	244 403 465
11371	3	1	244 433 455
11372	3	1	244 433 468
11373	3	1	244 439 481
11374	3	1	244 443 481
11375	3	1	244 447 454
11376	3	1	244 447 494
11377	3	1	245 253 288
11378	3	1	245 253 469
11379	3	1	245 272 324
11380	3	1	245 272 333
11381	3	1	245 272 340
11382	3	1	245 272 469
11383	3	1	245 303 469
11384	3	1	245 308 359
11385	3	1	245 312 359
11386	3	1	245 312 376
11387	3	1	245 312 487
11388	3	1	245 324 376
11389	3	1	245 333 386
11390	3	1	245 333 487
11391	3	1	245 340 359
11392	3	1	245 340 386
11393	3	1	245 340 436
11394	3	1	245 344 469
11395	3	1	245 359 376
11396	3	1	245 376 386
11397	3	1	246 257 363
11398	3	1	246 257 485
11399	3	1	246 257 486
11400	3	1	246 262 330
11401	3	1	246 262 426
11402	3	1	246 262 446
11403	3	1	246 274 287
11404	3	1	246 274 400
11405	3	1	246 274 485
11406	3	1	246 276 403
11407	3	1	246 279 446
11408	3	1	246 281 485
11409	3	1	246 281 486
11410	3	1	246 287 446
11411	3	1	246 330 446
11412	3	1	246 362 446
11413	3	1	246 363 426
11414	3	1	246 371 455
11415	3	1	246 371 469
11416	3	1	246 371 486
11417	3	1	246 372 486
11418	3	1	246 400 426
11419	3	1	246 400 427
11420	3	1	246 427 446
11421	3	1	246 446 455
11422	3	1	248 256 426
11423	3	1	248 256 491
11424	3	1	248 272 324
11425	3	1	248 287 324
11426	3	1	248 287 401
11427	3	1	248 287 420
11428	3	1	248 291 401
11429	3	1	248 291 423
11430	3	1	248 299 423
11431	3	1	248 299 461
11432	3	1	248 310 426
11433	3	1	248 310 437
11434	3	1	248 323 423
11435	3	1	248 323 497
11436	3	1	248 341 401
11437	3	1	248 357 461
11438	3	1	248 401 437
11439	3	1	248 401 461
11440	3	1	248 409 423
11441	3	1	248 409 437
11442	3	1	248 422 423
11443	3	1	248 422 437
11444	3	1	248 422 452
11445	3	1	248 426 437
11446	3	1	248 426 440
11447	3	1	248 436 491
11448	3	1	248 436 496
11449	3	1	248 437 461
11450	3	1	248 480 496
11451	3	1	249 253 284
11452	3	1	249 253 343
11453	3	1	249 253 351
11454	3	1	249 253 369
11455	3	1	249 265 278
11456	3	1	249 265 454
11457	3	1	249 265 491
11458	3	1	249 278 351
11459	3	1	249 281 324
11460	3	1	249 281 433
11461	3	1	249 281 454
11462	3	1	249 282 335
11463	3	1	249 282 363
11464	3	1	249 282 418
11465	3	1	249 284 305
11466	3	1	249 284 369
11467	3	1	249 284 374
11468	3	1	249 284 399
11469	3	1	249 284 429
11470	3	1	249 284 454
11471	3	1	249 284 461
11472	3	1	249 305 363
11473	3	1	249 305 418
11474	3	1	249 305 426
11475	3	1	249 305 428
11476	3	1	249 319 363
11477	3	1	249 319 429
11478	3	1	249 324 370
11479	3	1	249 335 343
11480	3	1	249 335 428
11481	3	1	249 335 464
11482	3	1	249 343 428
11483	3	1	249 343 461
11484	3	1	249 351 398
11485	3	1	249 351 429
11486	3	1	249 351 458
11487	3	1	249 363 426
11488	3	1	249 369 374
11489	3	1	249 369 418
11490	3	1	249 369 426
11491	3	1	249 370 391
11492	3	1	249 370 399
11493	3	1	249 370 418
11494	3	1	249 399 491
11495	3	1	249 418 491
11496	3	1	249 426 454
11497	3	1	249 428 461
11498	3	1	249 429 458
11499	3	1	249 433 491
11500	3	1	250 267 363
11501	3	1	250 278 353
11502	3	1	250 278 422
11503	3	1	250 291 353
11504	3	1	250 335 428
11505	3	1	250 353 365
11506	3	1	250 353 369
11507	3	1	250 353 428
11508	3	1	250 365 397
11509	3	1	250 366 369
11510	3	1	250 366 486
11511	3	1	250 397 400
11512	3	1	251 266 278
11513	3	1	251 271 278
11514	3	1	251 278 361
11515	3	1	251 286 355
11516	3	1	251 300 322
11517	3	1	251 300 335
11518	3	1	251 335 343
11519	3	1	251 341 343
11520	3	1	251 341 356
11521	3	1	251 345 361
11522	3	1	251 349 413
11523	3	1	253 276 439
11524	3	1	253 276 453
11525	3	1	253 284 369
11526	3	1	253 284 405
11527	3	1	253 284 424
11528	3	1	253 288 440
11529	3	1	253 298 439
11530	3	1	253 298 470
11531	3	1	253 304 424
11532	3	1	253 307 311
11533	3	1	253 307 351
11534	3	1	253 307 439
11535	3	1	253 325 337
11536	3	1	253 325 495
11537	3	1	253 332 351
11538	3	1	253 332 453
11539	3	1	253 332 481
11540	3	1	253 337 397
11541	3	1	253 343 424
11542	3	1	253 343 470
11543	3	1	253 369 482
11544	3	1	253 397 424
11545	3	1	253 397 439
11546	3	1	253 405 481
11547	3	1	253 439 453
11548	3	1	253 439 481
11549	3	1	253 439 484
11550	3	1	253 440 470
11551	3	1	253 469 484
11552	3	1	253 482 484
11553	3	1	256 282 445
11554	3	1	256 294 313
11555	3	1	256 297 300
11556	3	1	256 297 395
11557	3	1	256 297 466
11558	3	1	256 313 350
11559	3	1	256 313 491
11560	3	1	256 333 466
11561	3	1	256 350 491
11562	3	1	256 384 396
11563	3	1	256 384 426
11564	3	1	256 395 412
11565	3	1	256 395 481
11566	3	1	256 426 466
11567	3	1	256 439 481
11568	3	1	256 445 482
11569	3	1	257 260 465
11570	3	1	257 269 454
11571	3	1	257 278 293
11572	3	1	257 278 423
11573	3	1	257 292 311
11574	3	1	257 292 377
11575	3	1	257 292 423
11576	3	1	257 293 365
11577	3	1	257 293 454
11578	3	1	257 293 470
11579	3	1	257 293 471
11580	3	1	257 311 327
11581	3	1	257 365 485
11582	3	1	257 377 444
11583	3	1	257 377 451
11584	3	1	257 444 486
11585	3	1	257 465 470
11586	3	1	257 470 480
11587	3	1	258 287 297
11588	3	1	258 287 489
11589	3	1	258 297 308
11590	3	1	258 297 450
11591	3	1	258 297 489
11592	3	1	258 303 330
11593	3	1	258 304 308
11594	3	1	258 308 327
11595	3	1	258 308 371
11596	3	1	258 308 450
11597	3	1	258 327 450
11598	3	1	258 330 429
11599	3	1	258 330 450
11600	3	1	258 357 376
11601	3	1	258 357 429
11602	3	1	258 357 489
11603	3	1	258 371 444
11604	3	1	258 373 431
11605	3	1	258 373 491
11606	3	1	258 376 378
11607	3	1	258 376 444
11608	3	1	258 394 431
11609	3	1	258 429 444
11610	3	1	258 429 450
11611	3	1	258 429 488
11612	3	1	258 431 448
11613	3	1	258 444 448
11614	3	1	260 281 328
11615	3	1	260 281 422
11616	3	1	260 281 430
11617	3	1	260 281 500
11618	3	1	260 318 386
11619	3	1	260 319 397
11620	3	1	260 319 429
11621	3	1	260 319 483
11622	3	1	260 328 418
11623	3	1	260 370 378
11624	3	1	260 370 399
11625	3	1	260 370 406
11626	3	1	260 370 418
11627	3	1	260 370 465
11628	3	1	260 374 386
11629	3	1	260 374 422
11630	3	1	260 374 483
11631	3	1	260 379 410
11632	3	1	260 379 430
11633	3	1	260 386 406
11634	3	1	260 386 410
11635	3	1	260 386 418
11636	3	1	260 399 430
11637	3	1	260 418 430
11638	3	1	260 418 483
11639	3	1	260 430 500
11640	3	1	261 263 274
11641	3	1	261 274 393
11642	3	1	261 274 399
11643	3	1	261 285 297
11644	3	1	261 285 411
11645	3	1	261 285 422
11646	3	1	261 313 393
11647	3	1	261 313 458
11648	3	1	261 316 411
11649	3	1	261 316 465
11650	3	1	261 345 411
11651	3	1	261 345 458
11652	3	1	261 380 398
11653	3	1	261 380 411
11654	3	1	261 380 481
11655	3	1	261 393 424
11656	3	1	261 393 458
11657	3	1	261 393 481
11658	3	1	261 398 411
11659	3	1	261 411 422
11660	3	1	261 411 433
11661	3	1	261 413 475
11662	3	1	261 413 480
11663	3	1	262 267 314
11664	3	1	262 271 304
11665	3	1	262 271 324
11666	3	1	262 271 353
11667	3	1	262 303 325
11668	3	1	262 303 330
11669	3	1	262 303 332
11670	3	1	262 303 353
11671	3	1	262 314 364
11672	3	1	262 314 373
11673	3	1	262 324 488
11674	3	1	262 325 326
11675	3	1	262 325 353
11676	3	1	262 325 488
11677	3	1	262 326 332
11678	3	1	262 330 332
11679	3	1	262 330 446
11680	3	1	262 353 426
11681	3	1	262 353 447
11682	3	1	262 361 447
11683	3	1	262 364 373
11684	3	1	262 364 378
11685	3	1	262 364 446
11686	3	1	262 364 447
11687	3	1	262 446 447
11688	3	1	263 269 274
11689	3	1	263 277 466
11690	3	1	263 277 484
11691	3	1	263 324 457
11692	3	1	263 369 384
11693	3	1	263 369 466
11694	3	1	263 371 449
11695	3	1	263 449 500
11696	3	1	263 457 466
11697	3	1	264 285 394
11698	3	1	264 285 422
11699	3	1	264 291 356
11700	3	1	264 291 362
11701	3	1	264 291 443
11702	3	1	264 310 315
11703	3	1	264 310 468
11704	3	1	264 315 444
11705	3	1	264 333 356
11706	3	1	264 333 364
11707	3	1	264 338 394
11708	3	1	264 338 418
11709	3	1	264 356 418
11710	3	1	264 362 385
11711	3	1	264 362 457
11712	3	1	264 364 409
11713	3	1	264 364 468
11714	3	1	264 418 457
11715	3	1	264 418 468
11716	3	1	264 420 468
11717	3	1	265 268 332
11718	3	1	265 268 410
11719	3	1	265 268 424
11720	3	1	265 268 431
11721	3	1	265 278 361
11722	3	1	265 283 395
11723	3	1	265 283 436
11724	3	1	265 332 453
11725	3	1	265 340 395
11726	3	1	265 340 436
11727	3	1	265 356 453
11728	3	1	265 361 412
11729	3	1	265 395 412
11730	3	1	265 401 437
11731	3	1	265 401 454
11732	3	1	265 410 420
11733	3	1	265 420 471
11734	3	1	265 424 436
11735	3	1	265 436 491
11736	3	1	265 437 495
11737	3	1	265 453 454
11738	3	1	266 292 409
11739	3	1	266 294 463
11740	3	1	266 302 463
11741	3	1	266 332 409
11742	3	1	266 364 409
11743	3	1	266 364 462
11744	3	1	266 371 462
11745	3	1	266 409 463
11746	3	1	267 284 463
11747	3	1	267 284 487
11748	3	1	267 289 299
11749	3	1	267 289 308
11750	3	1	267 289 372
11751	3	1	267 289 487
11752	3	1	267 293 347
11753	3	1	267 293 487
11754	3	1	267 299 311
11755	3	1	267 299 343
11756	3	1	267 308 314
11757	3	1	267 308 372
11758	3	1	267 308 468
11759	3	1	267 314 460
11760	3	1	267 343 347
11761	3	1	267 343 431
11762	3	1	267 347 363
11763	3	1	267 418 468
11764	3	1	267 418 487
11765	3	1	267 460 468
11766	3	1	267 463 487
11767	3	1	268 285 298
11768	3	1	268 285 391
11769	3	1	268 285 394
11770	3	1	268 285 461
11771	3	1	268 287 298
11772	3	1	268 289 394
11773	3	1	268 289 433
11774	3	1	268 295 298
11775	3	1	268 295 393
11776	3	1	268 298 303
11777	3	1	268 298 461
11778	3	1	268 298 470
11779	3	1	268 303 332
11780	3	1	268 303 469
11781	3	1	268 332 423
11782	3	1	268 332 460
11783	3	1	268 332 485
11784	3	1	268 341 451
11785	3	1	268 346 424
11786	3	1	268 346 460
11787	3	1	268 391 424
11788	3	1	268 391 455
11789	3	1	268 393 424
11790	3	1	268 394 424
11791	3	1	268 394 431
11792	3	1	268 423 455
11793	3	1	268 424 464
11794	3	1	268 426 451
11795	3	1	268 433 455
11796	3	1	268 451 464
11797	3	1	268 451 469
11798	3	1	268 460 461
11799	3	1	268 461 469
11800	3	1	268 464 469
11801	3	1	269 274 393
11802	3	1	269 274 479
11803	3	1	269 288 335
11804	3	1	269 288 418
11805	3	1	269 315 434
11806	3	1	269 315 464
11807	3	1	269 322 393
11808	3	1	269 322 445
11809	3	1	269 335 445
11810	3	1	269 335 464
11811	3	1	269 434 445
11812	3	1	269 445 473
11813	3	1	269 445 479
11814	3	1	269 454 460
11815	3	1	271 278 304
11816	3	1	271 278 353
11817	3	1	271 278 435
11818	3	1	271 284 295
11819	3	1	271 284 461
11820	3	1	271 285 411
11821	3	1	271 285 435
11822	3	1	271 285 461
11823	3	1	271 291 353
11824	3	1	271 291 401
11825	3	1	271 291 443
11826	3	1	271 295 444
11827	3	1	271 304 443
11828	3	1	271 304 458
11829	3	1	271 338 411
11830	3	1	271 347 363
11831	3	1	271 347 443
11832	3	1	271 347 445
11833	3	1	271 353 411
11834	3	1	271 353 435
11835	3	1	271 363 479
11836	3	1	271 371 411
11837	3	1	271 371 443
11838	3	1	271 371 444
11839	3	1	271 377 411
11840	3	1	271 377 444
11841	3	1	271 377 445
11842	3	1	271 401 435
11843	3	1	271 401 445
11844	3	1	271 401 461
11845	3	1	271 401 467
11846	3	1	271 412 448
11847	3	1	271 412 476
11848	3	1	271 412 479
11849	3	1	271 431 435
11850	3	1	271 431 448
11851	3	1	271 435 461
11852	3	1	271 444 448
11853	3	1	271 445 479
11854	3	1	271 458 476
11855	3	1	271 461 476
11856	3	1	272 275 326
11857	3	1	272 275 434
11858	3	1	272 298 309
11859	3	1	272 309 347
11860	3	1	272 311 380
11861	3	1	272 324 370
11862	3	1	272 324 380
11863	3	1	272 333 356
11864	3	1	272 347 351
11865	3	1	272 347 363
11866	3	1	272 356 380
11867	3	1	272 356 435
11868	3	1	272 356 464
11869	3	1	272 380 400
11870	3	1	272 380 447
11871	3	1	272 380 464
11872	3	1	272 447 454
11873	3	1	272 464 469
11874	3	1	274 287 356
11875	3	1	274 287 399
11876	3	1	274 291 356
11877	3	1	274 291 399
11878	3	1	274 291 404
11879	3	1	274 356 393
11880	3	1	274 399 432
11881	3	1	274 400 479
11882	3	1	274 400 488
11883	3	1	274 440 488
11884	3	1	274 479 485
11885	3	1	275 279 307
11886	3	1	275 279 418
11887	3	1	275 282 310
11888	3	1	275 282 322
11889	3	1	275 282 328
11890	3	1	275 282 418
11891	3	1	275 282 485
11892	3	1	275 293 434
11893	3	1	275 300 307
11894	3	1	275 300 322
11895	3	1	275 300 326
11896	3	1	275 300 399
11897	3	1	275 302 328
11898	3	1	275 305 327
11899	3	1	275 305 418
11900	3	1	275 305 434
11901	3	1	275 305 468
11902	3	1	275 307 326
11903	3	1	275 307 399
11904	3	1	275 310 468
11905	3	1	275 322 372
11906	3	1	275 326 466
11907	3	1	275 326 468
11908	3	1	275 328 418
11909	3	1	275 328 467
11910	3	1	275 372 486
11911	3	1	275 387 473
11912	3	1	275 399 468
11913	3	1	275 418 467
11914	3	1	275 418 468
11915	3	1	275 429 434
11916	3	1	275 468 485
11917	3	1	276 283 316
11918	3	1	276 283 326
11919	3	1	276 283 497
11920	3	1	276 297 300
11921	3	1	276 297 326
11922	3	1	276 297 368
11923	3	1	276 297 430
11924	3	1	276 297 454
11925	3	1	276 300 326
11926	3	1	276 300 454
11927	3	1	276 303 316
11928	3	1	276 303 430
11929	3	1	276 316 320
11930	3	1	276 316 439
11931	3	1	276 320 472
11932	3	1	276 338 368
11933	3	1	276 367 439
11934	3	1	276 367 453
11935	3	1	276 403 430
11936	3	1	276 430 453
11937	3	1	276 439 444
11938	3	1	276 439 453
11939	3	1	276 453 454
11940	3	1	277 284 312
11941	3	1	277 289 466
11942	3	1	277 315 434
11943	3	1	277 334 366
11944	3	1	277 334 475
11945	3	1	277 366 434
11946	3	1	277 366 465
11947	3	1	277 391 416
11948	3	1	277 396 416
11949	3	1	277 416 434
11950	3	1	277 416 475
11951	3	1	277 418 430
11952	3	1	277 430 484
11953	3	1	277 466 475
11954	3	1	278 287 344
11955	3	1	278 287 446
11956	3	1	278 293 434
11957	3	1	278 293 455
11958	3	1	278 304 387
11959	3	1	278 304 434
11960	3	1	278 307 351
11961	3	1	278 307 455
11962	3	1	278 333 353
11963	3	1	278 344 361
11964	3	1	278 344 450
11965	3	1	278 351 353
11966	3	1	278 351 450
11967	3	1	278 351 497
11968	3	1	278 353 435
11969	3	1	278 353 497
11970	3	1	278 387 404
11971	3	1	278 387 435
11972	3	1	278 422 423
11973	3	1	278 422 434
11974	3	1	278 423 435
11975	3	1	278 423 455
11976	3	1	278 434 455
11977	3	1	278 446 455
11978	3	1	279 283 395
11979	3	1	279 283 418
11980	3	1	279 291 446
11981	3	1	279 301 321
11982	3	1	279 301 374
11983	3	1	279 301 472
11984	3	1	279 307 329
11985	3	1	279 321 395
11986	3	1	279 321 397
11987	3	1	279 321 405
11988	3	1	279 329 398
11989	3	1	279 329 418
11990	3	1	279 342 471
11991	3	1	279 374 420
11992	3	1	279 397 472
11993	3	1	279 398 471
11994	3	1	279 418 457
11995	3	1	279 418 471
11996	3	1	279 420 471
11997	3	1	279 446 471
11998	3	1	281 300 322
11999	3	1	281 300 324
12000	3	1	281 300 334
12001	3	1	281 300 454
12002	3	1	281 312 323
12003	3	1	281 312 328
12004	3	1	281 312 380
12005	3	1	281 322 404
12006	3	1	281 322 433
12007	3	1	281 323 460
12008	3	1	281 324 350
12009	3	1	281 324 380
12010	3	1	281 324 430
12011	3	1	281 324 462
12012	3	1	281 324 471
12013	3	1	281 324 485
12014	3	1	281 324 486
12015	3	1	281 334 366
12016	3	1	281 334 380
12017	3	1	281 334 475
12018	3	1	281 350 413
12019	3	1	281 350 430
12020	3	1	281 366 462
12021	3	1	281 366 468
12022	3	1	281 366 486
12023	3	1	281 380 460
12024	3	1	281 380 476
12025	3	1	281 396 440
12026	3	1	281 396 452
12027	3	1	281 404 430
12028	3	1	281 404 433
12029	3	1	281 404 475
12030	3	1	281 404 500
12031	3	1	281 413 475
12032	3	1	281 422 449
12033	3	1	281 422 452
12034	3	1	281 430 500
12035	3	1	281 433 468
12036	3	1	281 449 460
12037	3	1	281 449 500
12038	3	1	281 452 482
12039	3	1	281 452 500
12040	3	1	281 454 460
12041	3	1	281 460 468
12042	3	1	281 460 482
12043	3	1	281 462 476
12044	3	1	281 468 475
12045	3	1	281 468 485
12046	3	1	281 471 476
12047	3	1	281 475 486
12048	3	1	282 299 335
12049	3	1	282 310 410
12050	3	1	282 310 494
12051	3	1	282 322 445
12052	3	1	282 322 450
12053	3	1	282 328 335
12054	3	1	282 328 418
12055	3	1	282 335 445
12056	3	1	282 338 410
12057	3	1	282 338 418
12058	3	1	282 338 436
12059	3	1	282 363 410
12060	3	1	282 376 444
12061	3	1	282 383 436
12062	3	1	282 383 469
12063	3	1	282 418 430
12064	3	1	282 418 469
12065	3	1	282 418 494
12066	3	1	282 469 494
12067	3	1	283 305 327
12068	3	1	283 305 418
12069	3	1	283 316 411
12070	3	1	283 325 326
12071	3	1	283 325 354
12072	3	1	283 330 350
12073	3	1	283 330 354
12074	3	1	283 330 433
12075	3	1	283 354 395
12076	3	1	283 366 436
12077	3	1	283 366 497
12078	3	1	283 395 469
12079	3	1	283 411 422
12080	3	1	283 411 433
12081	3	1	283 411 477
12082	3	1	283 418 469
12083	3	1	283 432 469
12084	3	1	284 295 312
12085	3	1	284 295 374
12086	3	1	284 305 312
12087	3	1	284 312 450
12088	3	1	284 312 487
12089	3	1	284 321 405
12090	3	1	284 321 424
12091	3	1	284 322 450
12092	3	1	284 344 399
12093	3	1	284 344 450
12094	3	1	284 369 374
12095	3	1	284 369 384
12096	3	1	284 374 420
12097	3	1	284 374 487
12098	3	1	284 384 424
12099	3	1	284 384 452
12100	3	1	284 429 450
12101	3	1	284 450 487
12102	3	1	284 463 487
12103	3	1	285 297 368
12104	3	1	285 298 368
12105	3	1	285 298 461
12106	3	1	285 357 391
12107	3	1	285 357 429
12108	3	1	285 357 461
12109	3	1	285 368 391
12110	3	1	285 368 435
12111	3	1	285 374 422
12112	3	1	285 411 422
12113	3	1	285 422 437
12114	3	1	285 435 461
12115	3	1	285 437 461
12116	3	1	286 293 410
12117	3	1	286 293 434
12118	3	1	286 296 350
12119	3	1	286 296 396
12120	3	1	286 314 457
12121	3	1	286 338 410
12122	3	1	286 386 410
12123	3	1	286 386 423
12124	3	1	286 386 457
12125	3	1	286 396 398
12126	3	1	286 396 452
12127	3	1	286 398 434
12128	3	1	286 452 457
12129	3	1	287 297 489
12130	3	1	287 297 495
12131	3	1	287 298 344
12132	3	1	287 312 356
12133	3	1	287 312 401
12134	3	1	287 329 495
12135	3	1	287 337 397
12136	3	1	287 344 399
12137	3	1	287 344 481
12138	3	1	287 356 472
12139	3	1	287 397 472
12140	3	1	287 399 468
12141	3	1	287 401 459
12142	3	1	287 401 468
12143	3	1	287 401 494
12144	3	1	287 420 468
12145	3	1	287 459 495
12146	3	1	287 472 481
12147	3	1	287 472 495
12148	3	1	288 291 362
12149	3	1	288 291 447
12150	3	1	288 296 342
12151	3	1	288 335 447
12152	3	1	288 335 463
12153	3	1	288 335 475
12154	3	1	288 338 418
12155	3	1	288 342 459
12156	3	1	288 346 418
12157	3	1	288 362 476
12158	3	1	288 380 384
12159	3	1	288 380 447
12160	3	1	288 380 476
12161	3	1	288 384 459
12162	3	1	288 418 440
12163	3	1	288 440 447
12164	3	1	289 299 395
12165	3	1	289 301 310
12166	3	1	289 301 344
12167	3	1	289 301 372
12168	3	1	289 301 383
12169	3	1	289 301 389
12170	3	1	289 308 372
12171	3	1	289 326 383
12172	3	1	289 326 412
12173	3	1	289 326 466
12174	3	1	289 326 487
12175	3	1	289 329 466
12176	3	1	289 340 389
12177	3	1	289 340 395
12178	3	1	289 353 429
12179	3	1	289 353 433
12180	3	1	289 372 489
12181	3	1	289 373 395
12182	3	1	289 383 385
12183	3	1	289 385 429
12184	3	1	289 395 412
12185	3	1	289 395 487
12186	3	1	289 412 433
12187	3	1	291 300 325
12188	3	1	291 300 399
12189	3	1	291 325 353
12190	3	1	291 325 356
12191	3	1	291 353 356
12192	3	1	291 353 417
12193	3	1	291 353 447
12194	3	1	291 353 465
12195	3	1	291 356 372
12196	3	1	291 356 417
12197	3	1	291 362 391
12198	3	1	291 362 446
12199	3	1	291 372 423
12200	3	1	291 373 399
12201	3	1	291 378 439
12202	3	1	291 391 417
12203	3	1	291 401 404
12204	3	1	291 417 439
12205	3	1	291 446 447
12206	3	1	292 296 377
12207	3	1	292 296 433
12208	3	1	292 307 311
12209	3	1	292 307 377
12210	3	1	292 307 399
12211	3	1	292 307 445
12212	3	1	292 325 409
12213	3	1	292 325 445
12214	3	1	292 370 399
12215	3	1	292 370 409
12216	3	1	292 370 453
12217	3	1	292 377 445
12218	3	1	292 401 445
12219	3	1	292 409 423
12220	3	1	292 409 484
12221	3	1	292 445 477
12222	3	1	293 324 365
12223	3	1	293 324 380
12224	3	1	293 324 471
12225	3	1	293 335 475
12226	3	1	293 347 365
12227	3	1	293 374 455
12228	3	1	293 374 470
12229	3	1	293 374 487
12230	3	1	293 409 434
12231	3	1	293 409 437
12232	3	1	293 409 454
12233	3	1	293 433 437
12234	3	1	293 433 455
12235	3	1	293 434 455
12236	3	1	293 434 470
12237	3	1	293 440 455
12238	3	1	293 440 470
12239	3	1	294 321 387
12240	3	1	294 325 463
12241	3	1	294 376 378
12242	3	1	295 298 368
12243	3	1	295 301 374
12244	3	1	295 301 459
12245	3	1	295 319 373
12246	3	1	295 319 437
12247	3	1	295 335 497
12248	3	1	295 357 393
12249	3	1	295 357 432
12250	3	1	295 373 459
12251	3	1	296 308 327
12252	3	1	296 308 467
12253	3	1	296 327 396
12254	3	1	296 367 396
12255	3	1	296 367 439
12256	3	1	296 377 411
12257	3	1	296 396 467
12258	3	1	296 411 433
12259	3	1	296 411 470
12260	3	1	296 417 439
12261	3	1	296 454 460
12262	3	1	296 462 467
12263	3	1	297 300 326
12264	3	1	297 300 334
12265	3	1	297 300 454
12266	3	1	297 302 428
12267	3	1	297 308 450
12268	3	1	297 309 430
12269	3	1	297 326 450
12270	3	1	297 326 466
12271	3	1	297 334 368
12272	3	1	297 334 483
12273	3	1	297 364 430
12274	3	1	297 395 428
12275	3	1	297 395 483
12276	3	1	297 450 483
12277	3	1	297 464 466
12278	3	1	297 464 489
12279	3	1	298 309 461
12280	3	1	298 344 470
12281	3	1	298 372 470
12282	3	1	298 461 488
12283	3	1	299 312 423
12284	3	1	299 335 343
12285	3	1	299 343 461
12286	3	1	299 343 470
12287	3	1	299 343 477
12288	3	1	299 470 477
12289	3	1	300 307 311
12290	3	1	300 307 324
12291	3	1	300 307 326
12292	3	1	300 307 399
12293	3	1	300 307 431
12294	3	1	300 322 393
12295	3	1	300 322 411
12296	3	1	300 324 393
12297	3	1	300 325 326
12298	3	1	300 326 487
12299	3	1	300 334 335
12300	3	1	300 393 458
12301	3	1	300 398 411
12302	3	1	301 310 314
12303	3	1	301 310 365
12304	3	1	301 310 403
12305	3	1	301 310 459
12306	3	1	301 310 468
12307	3	1	301 310 472
12308	3	1	301 310 479
12309	3	1	301 310 481
12310	3	1	301 310 494
12311	3	1	301 314 321
12312	3	1	301 314 389
12313	3	1	301 314 459
12314	3	1	301 314 472
12315	3	1	301 321 330
12316	3	1	301 321 464
12317	3	1	301 325 403
12318	3	1	301 344 481
12319	3	1	301 365 403
12320	3	1	301 365 449
12321	3	1	301 372 423
12322	3	1	301 374 483
12323	3	1	301 383 468
12324	3	1	301 389 464
12325	3	1	301 389 494
12326	3	1	301 403 479
12327	3	1	301 447 494
12328	3	1	301 472 481
12329	3	1	302 318 323
12330	3	1	302 328 329
12331	3	1	302 329 404
12332	3	1	302 329 479
12333	3	1	302 349 500
12334	3	1	302 383 404
12335	3	1	302 404 500
12336	3	1	302 428 463
12337	3	1	303 305 428
12338	3	1	303 316 427
12339	3	1	303 316 495
12340	3	1	303 325 353
12341	3	1	303 325 356
12342	3	1	303 325 495
12343	3	1	303 330 332
12344	3	1	303 330 399
12345	3	1	303 330 495
12346	3	1	303 332 399
12347	3	1	303 332 494
12348	3	1	303 353 356
12349	3	1	303 353 369
12350	3	1	303 353 428
12351	3	1	303 353 469
12352	3	1	303 353 477
12353	3	1	303 356 384
12354	3	1	303 356 427
12355	3	1	303 362 405
12356	3	1	303 362 457
12357	3	1	303 369 384
12358	3	1	303 384 428
12359	3	1	303 384 430
12360	3	1	303 384 494
12361	3	1	303 395 428
12362	3	1	303 395 469
12363	3	1	303 399 430
12364	3	1	303 405 430
12365	3	1	303 427 430
12366	3	1	303 430 484
12367	3	1	303 469 484
12368	3	1	303 469 494
12369	3	1	304 387 473
12370	3	1	304 393 424
12371	3	1	304 393 458
12372	3	1	305 312 376
12373	3	1	305 338 393
12374	3	1	305 338 418
12375	3	1	305 363 426
12376	3	1	305 376 412
12377	3	1	305 416 434
12378	3	1	305 418 468
12379	3	1	305 418 471
12380	3	1	305 426 471
12381	3	1	305 434 470
12382	3	1	307 311 383
12383	3	1	307 316 439
12384	3	1	307 324 365
12385	3	1	307 326 383
12386	3	1	307 329 379
12387	3	1	307 330 351
12388	3	1	307 330 399
12389	3	1	307 346 377
12390	3	1	307 346 445
12391	3	1	307 351 445
12392	3	1	307 366 383
12393	3	1	307 377 445
12394	3	1	307 383 439
12395	3	1	307 455 463
12396	3	1	308 314 450
12397	3	1	308 314 467
12398	3	1	308 314 486
12399	3	1	308 319 437
12400	3	1	308 320 471
12401	3	1	308 325 445
12402	3	1	308 325 471
12403	3	1	308 327 450
12404	3	1	308 359 450
12405	3	1	308 371 486
12406	3	1	308 372 486
12407	3	1	308 399 468
12408	3	1	308 445 471
12409	3	1	309 330 451
12410	3	1	309 347 443
12411	3	1	310 314 459
12412	3	1	310 314 472
12413	3	1	310 365 403
12414	3	1	310 378 479
12415	3	1	310 403 465
12416	3	1	310 403 479
12417	3	1	310 410 459
12418	3	1	310 426 437
12419	3	1	310 472 481
12420	3	1	311 319 466
12421	3	1	311 371 383
12422	3	1	311 383 416
12423	3	1	311 391 416
12424	3	1	312 323 406
12425	3	1	312 323 423
12426	3	1	312 328 356
12427	3	1	312 356 372
12428	3	1	312 356 380
12429	3	1	312 359 376
12430	3	1	312 359 406
12431	3	1	312 359 450
12432	3	1	312 372 423
12433	3	1	312 376 423
12434	3	1	312 406 423
12435	3	1	312 450 487
12436	3	1	313 350 458
12437	3	1	313 350 491
12438	3	1	313 393 458
12439	3	1	313 454 460
12440	3	1	314 321 484
12441	3	1	314 322 450
12442	3	1	314 335 484
12443	3	1	314 364 373
12444	3	1	314 366 450
12445	3	1	314 366 486
12446	3	1	314 373 459
12447	3	1	314 389 457
12448	3	1	314 457 467
12449	3	1	314 459 484
12450	3	1	315 318 400
12451	3	1	315 324 389
12452	3	1	315 341 434
12453	3	1	315 389 464
12454	3	1	315 398 434
12455	3	1	316 320 465
12456	3	1	316 465 496
12457	3	1	318 330 350
12458	3	1	318 330 480
12459	3	1	318 330 495
12460	3	1	318 333 386
12461	3	1	318 340 386
12462	3	1	318 340 436
12463	3	1	318 340 484
12464	3	1	318 436 484
12465	3	1	319 329 466
12466	3	1	319 329 470
12467	3	1	319 363 394
12468	3	1	319 367 373
12469	3	1	319 367 437
12470	3	1	319 466 470
12471	3	1	320 332 479
12472	3	1	320 332 485
12473	3	1	320 333 466
12474	3	1	320 362 385
12475	3	1	320 362 476
12476	3	1	320 400 471
12477	3	1	320 400 479
12478	3	1	320 471 476
12479	3	1	320 479 485
12480	3	1	321 330 451
12481	3	1	321 367 396
12482	3	1	321 387 475
12483	3	1	321 395 412
12484	3	1	321 395 475
12485	3	1	321 397 424
12486	3	1	321 405 430
12487	3	1	321 405 464
12488	3	1	321 405 466
12489	3	1	321 424 464
12490	3	1	321 427 430
12491	3	1	321 427 451
12492	3	1	321 427 497
12493	3	1	321 430 484
12494	3	1	321 451 464
12495	3	1	321 464 466
12496	3	1	321 464 484
12497	3	1	321 466 475
12498	3	1	322 340 411
12499	3	1	322 351 357
12500	3	1	322 351 445
12501	3	1	322 351 450
12502	3	1	322 357 393
12503	3	1	322 370 465
12504	3	1	322 371 411
12505	3	1	322 393 450
12506	3	1	322 400 427
12507	3	1	322 404 427
12508	3	1	322 404 433
12509	3	1	322 404 445
12510	3	1	322 411 433
12511	3	1	323 369 455
12512	3	1	323 406 423
12513	3	1	323 423 455
12514	3	1	324 350 430
12515	3	1	324 355 367
12516	3	1	324 355 389
12517	3	1	324 355 430
12518	3	1	324 365 485
12519	3	1	324 367 393
12520	3	1	324 367 471
12521	3	1	324 380 389
12522	3	1	324 380 457
12523	3	1	324 387 432
12524	3	1	324 389 457
12525	3	1	324 462 488
12526	3	1	325 329 495
12527	3	1	325 333 353
12528	3	1	325 333 356
12529	3	1	325 337 353
12530	3	1	325 337 403
12531	3	1	325 342 445
12532	3	1	325 342 471
12533	3	1	325 353 354
12534	3	1	325 353 356
12535	3	1	325 354 403
12536	3	1	325 356 380
12537	3	1	325 409 463
12538	3	1	325 445 471
12539	3	1	326 359 450
12540	3	1	326 371 383
12541	3	1	326 383 468
12542	3	1	326 412 448
12543	3	1	326 450 487
12544	3	1	326 466 475
12545	3	1	326 468 475
12546	3	1	327 353 356
12547	3	1	327 353 413
12548	3	1	327 353 447
12549	3	1	327 356 427
12550	3	1	327 396 447
12551	3	1	327 413 475
12552	3	1	328 329 369
12553	3	1	328 329 418
12554	3	1	328 333 356
12555	3	1	328 333 448
12556	3	1	328 356 418
12557	3	1	328 369 418
12558	3	1	328 369 448
12559	3	1	328 418 467
12560	3	1	329 357 379
12561	3	1	329 357 470
12562	3	1	329 357 479
12563	3	1	329 359 418
12564	3	1	329 369 418
12565	3	1	329 369 466
12566	3	1	329 398 470
12567	3	1	329 404 427
12568	3	1	329 447 485
12569	3	1	329 447 495
12570	3	1	329 466 470
12571	3	1	329 479 485
12572	3	1	330 332 351
12573	3	1	330 332 399
12574	3	1	330 351 429
12575	3	1	330 351 450
12576	3	1	330 354 429
12577	3	1	330 429 450
12578	3	1	330 433 437
12579	3	1	330 437 451
12580	3	1	330 437 495
12581	3	1	332 351 458
12582	3	1	332 367 453
12583	3	1	332 367 481
12584	3	1	332 367 494
12585	3	1	332 370 399
12586	3	1	332 370 409
12587	3	1	332 370 453
12588	3	1	332 376 423
12589	3	1	332 376 458
12590	3	1	332 409 423
12591	3	1	332 409 479
12592	3	1	332 409 485
12593	3	1	332 452 494
12594	3	1	332 460 494
12595	3	1	332 479 485
12596	3	1	333 353 356
12597	3	1	333 353 459
12598	3	1	333 356 393
12599	3	1	333 364 462
12600	3	1	333 379 448
12601	3	1	333 386 431
12602	3	1	333 401 459
12603	3	1	333 431 448
12604	3	1	333 431 462
12605	3	1	333 459 462
12606	3	1	333 459 487
12607	3	1	334 335 445
12608	3	1	334 335 475
12609	3	1	334 366 368
12610	3	1	334 368 377
12611	3	1	334 377 445
12612	3	1	334 380 483
12613	3	1	334 401 445
12614	3	1	335 343 428
12615	3	1	335 344 445
12616	3	1	335 387 475
12617	3	1	335 428 463
12618	3	1	335 464 484
12619	3	1	337 353 365
12620	3	1	337 353 413
12621	3	1	337 365 396
12622	3	1	337 365 397
12623	3	1	337 365 403
12624	3	1	337 374 462
12625	3	1	337 403 430
12626	3	1	337 404 430
12627	3	1	337 437 462
12628	3	1	338 357 393
12629	3	1	338 366 368
12630	3	1	338 366 436
12631	3	1	338 366 462
12632	3	1	338 393 500
12633	3	1	338 405 410
12634	3	1	338 405 500
12635	3	1	338 436 496
12636	3	1	340 359 364
12637	3	1	340 359 406
12638	3	1	340 364 396
12639	3	1	340 364 462
12640	3	1	340 364 482
12641	3	1	340 368 417
12642	3	1	340 386 406
12643	3	1	340 386 461
12644	3	1	340 389 461
12645	3	1	340 389 476
12646	3	1	340 396 444
12647	3	1	340 406 476
12648	3	1	340 436 484
12649	3	1	340 461 476
12650	3	1	340 461 484
12651	3	1	340 462 476
12652	3	1	340 482 484
12653	3	1	341 353 356
12654	3	1	341 353 411
12655	3	1	341 353 417
12656	3	1	341 353 465
12657	3	1	341 356 372
12658	3	1	341 356 411
12659	3	1	341 356 417
12660	3	1	341 356 451
12661	3	1	341 372 457
12662	3	1	341 372 489
12663	3	1	341 373 462
12664	3	1	341 401 468
12665	3	1	341 411 457
12666	3	1	341 417 434
12667	3	1	341 451 457
12668	3	1	342 343 424
12669	3	1	342 344 399
12670	3	1	342 344 445
12671	3	1	342 344 481
12672	3	1	342 349 424
12673	3	1	342 357 432
12674	3	1	342 371 432
12675	3	1	342 371 451
12676	3	1	342 399 432
12677	3	1	342 404 445
12678	3	1	342 435 451
12679	3	1	342 445 471
12680	3	1	342 451 481
12681	3	1	343 347 424
12682	3	1	343 424 477
12683	3	1	343 428 461
12684	3	1	343 431 448
12685	3	1	343 470 477
12686	3	1	343 477 483
12687	3	1	344 366 450
12688	3	1	344 366 481
12689	3	1	344 445 470
12690	3	1	344 450 481
12691	3	1	345 361 411
12692	3	1	345 436 484
12693	3	1	345 464 484
12694	3	1	346 377 387
12695	3	1	346 377 445
12696	3	1	346 418 468
12697	3	1	346 418 494
12698	3	1	346 454 460
12699	3	1	346 460 468
12700	3	1	346 460 494
12701	3	1	347 351 429
12702	3	1	347 351 445
12703	3	1	347 363 426
12704	3	1	347 365 397
12705	3	1	347 365 491
12706	3	1	347 397 424
12707	3	1	347 399 491
12708	3	1	349 376 378
12709	3	1	349 378 413
12710	3	1	349 413 487
12711	3	1	349 424 436
12712	3	1	349 424 489
12713	3	1	349 452 500
12714	3	1	350 401 435
12715	3	1	351 353 429
12716	3	1	351 353 497
12717	3	1	351 357 362
12718	3	1	351 357 395
12719	3	1	351 357 429
12720	3	1	351 357 432
12721	3	1	351 362 432
12722	3	1	351 429 450
12723	3	1	351 429 458
12724	3	1	351 429 488
12725	3	1	351 432 458
12726	3	1	351 462 488
12727	3	1	351 488 497
12728	3	1	353 354 376
12729	3	1	353 354 429
12730	3	1	353 354 453
12731	3	1	353 354 459
12732	3	1	353 356 411
12733	3	1	353 356 417
12734	3	1	353 356 435
12735	3	1	353 356 453
12736	3	1	353 369 417
12737	3	1	353 369 426
12738	3	1	353 376 435
12739	3	1	353 376 459
12740	3	1	353 411 433
12741	3	1	353 411 477
12742	3	1	353 417 459
12743	3	1	354 362 405
12744	3	1	354 363 484
12745	3	1	354 376 458
12746	3	1	354 376 459
12747	3	1	354 384 459
12748	3	1	354 384 494
12749	3	1	354 395 481
12750	3	1	354 403 405
12751	3	1	354 405 481
12752	3	1	354 429 458
12753	3	1	354 453 486
12754	3	1	354 453 489
12755	3	1	354 459 484
12756	3	1	355 364 372
12757	3	1	355 364 373
12758	3	1	355 364 430
12759	3	1	355 367 373
12760	3	1	355 372 458
12761	3	1	355 389 461
12762	3	1	355 404 430
12763	3	1	355 458 483
12764	3	1	356 372 435
12765	3	1	356 372 470
12766	3	1	356 372 480
12767	3	1	356 380 384
12768	3	1	356 380 411
12769	3	1	356 380 464
12770	3	1	356 411 470
12771	3	1	356 411 472
12772	3	1	356 417 472
12773	3	1	356 417 480
12774	3	1	356 418 453
12775	3	1	356 427 451
12776	3	1	356 427 453
12777	3	1	356 435 451
12778	3	1	356 451 464
12779	3	1	356 470 480
12780	3	1	357 362 391
12781	3	1	357 362 393
12782	3	1	357 362 396
12783	3	1	357 362 432
12784	3	1	357 379 395
12785	3	1	357 395 479
12786	3	1	357 464 489
12787	3	1	359 364 376
12788	3	1	359 370 406
12789	3	1	359 370 418
12790	3	1	359 370 453
12791	3	1	359 418 453
12792	3	1	361 372 457
12793	3	1	361 411 457
12794	3	1	361 411 472
12795	3	1	361 412 447
12796	3	1	361 417 472
12797	3	1	361 451 457
12798	3	1	362 365 396
12799	3	1	362 385 446
12800	3	1	362 393 476
12801	3	1	362 396 467
12802	3	1	362 405 432
12803	3	1	362 457 467
12804	3	1	364 373 462
12805	3	1	364 376 378
12806	3	1	364 378 462
12807	3	1	364 380 447
12808	3	1	364 396 447
12809	3	1	364 409 482
12810	3	1	364 446 447
12811	3	1	364 468 475
12812	3	1	366 383 436
12813	3	1	366 383 465
12814	3	1	366 383 468
12815	3	1	366 427 451
12816	3	1	366 427 497
12817	3	1	366 450 481
12818	3	1	366 451 481
12819	3	1	366 486 497
12820	3	1	367 384 396
12821	3	1	367 384 494
12822	3	1	367 393 481
12823	3	1	367 437 439
12824	3	1	367 437 495
12825	3	1	367 439 453
12826	3	1	367 439 481
12827	3	1	368 377 387
12828	3	1	368 378 477
12829	3	1	368 387 435
12830	3	1	368 391 417
12831	3	1	368 435 441
12832	3	1	368 452 477
12833	3	1	369 374 455
12834	3	1	369 384 426
12835	3	1	369 417 448
12836	3	1	369 417 466
12837	3	1	369 418 482
12838	3	1	369 426 437
12839	3	1	369 426 466
12840	3	1	370 378 395
12841	3	1	370 391 416
12842	3	1	370 406 416
12843	3	1	370 409 482
12844	3	1	370 418 453
12845	3	1	370 418 482
12846	3	1	370 465 470
12847	3	1	371 383 469
12848	3	1	371 406 451
12849	3	1	371 411 422
12850	3	1	371 422 449
12851	3	1	371 432 469
12852	3	1	371 444 486
12853	3	1	371 449 469
12854	3	1	371 451 469
12855	3	1	372 423 435
12856	3	1	372 423 489
12857	3	1	372 444 486
12858	3	1	372 457 458
12859	3	1	372 470 480
12860	3	1	372 480 489
12861	3	1	373 386 431
12862	3	1	373 399 491
12863	3	1	373 431 462
12864	3	1	373 459 462
12865	3	1	373 459 473
12866	3	1	374 376 386
12867	3	1	376 386 423
12868	3	1	376 423 435
12869	3	1	377 387 404
12870	3	1	377 404 445
12871	3	1	377 440 444
12872	3	1	378 395 479
12873	3	1	378 411 477
12874	3	1	378 471 477
12875	3	1	378 477 479
12876	3	1	379 395 469
12877	3	1	380 384 483
12878	3	1	380 389 457
12879	3	1	380 389 464
12880	3	1	380 389 476
12881	3	1	380 398 411
12882	3	1	380 411 457
12883	3	1	380 464 489
12884	3	1	383 413 416
12885	3	1	383 468 469
12886	3	1	384 386 426
12887	3	1	384 396 452
12888	3	1	384 396 483
12889	3	1	384 452 494
12890	3	1	385 386 423
12891	3	1	385 440 446
12892	3	1	385 446 452
12893	3	1	386 394 431
12894	3	1	386 406 423
12895	3	1	386 418 457
12896	3	1	387 404 475
12897	3	1	389 426 454
12898	3	1	389 461 476
12899	3	1	393 450 481
12900	3	1	393 450 500
12901	3	1	393 458 476
12902	3	1	394 417 432
12903	3	1	395 412 479
12904	3	1	395 475 479
12905	3	1	396 440 444
12906	3	1	396 440 447
12907	3	1	396 440 467
12908	3	1	396 444 448
12909	3	1	396 447 448
12910	3	1	397 424 472
12911	3	1	398 411 470
12912	3	1	398 434 470
12913	3	1	399 403 430
12914	3	1	399 412 448
12915	3	1	400 401 461
12916	3	1	400 401 494
12917	3	1	400 426 471
12918	3	1	400 427 488
12919	3	1	400 461 488
12920	3	1	401 404 445
12921	3	1	401 435 461
12922	3	1	401 437 461
12923	3	1	403 405 430
12924	3	1	403 405 500
12925	3	1	403 430 479
12926	3	1	403 430 500
12927	3	1	403 461 465
12928	3	1	403 465 487
12929	3	1	404 412 433
12930	3	1	404 427 430
12931	3	1	404 430 500
12932	3	1	405 430 500
12933	3	1	405 443 481
12934	3	1	405 464 466
12935	3	1	406 416 476
12936	3	1	406 423 428
12937	3	1	406 423 476
12938	3	1	406 428 446
12939	3	1	406 446 471
12940	3	1	406 471 476
12941	3	1	409 411 423
12942	3	1	409 417 432
12943	3	1	409 417 434
12944	3	1	409 417 439
12945	3	1	409 423 463
12946	3	1	409 437 439
12947	3	1	409 437 451
12948	3	1	409 439 484
12949	3	1	409 479 485
12950	3	1	409 482 484
12951	3	1	411 422 423
12952	3	1	411 422 452
12953	3	1	411 452 457
12954	3	1	411 452 477
12955	3	1	411 470 477
12956	3	1	412 440 447
12957	3	1	412 447 448
12958	3	1	412 476 496
12959	3	1	413 416 434
12960	3	1	413 416 475
12961	3	1	413 434 470
12962	3	1	413 470 480
12963	3	1	413 480 496
12964	3	1	418 430 453
12965	3	1	418 440 467
12966	3	1	418 457 467
12967	3	1	418 467 482
12968	3	1	418 467 487
12969	3	1	418 468 469
12970	3	1	418 469 471
12971	3	1	418 469 491
12972	3	1	418 469 494
12973	3	1	418 487 491
12974	3	1	420 445 471
12975	3	1	423 428 463
12976	3	1	423 455 463
12977	3	1	424 464 477
12978	3	1	424 464 489
12979	3	1	426 437 451
12980	3	1	426 440 467
12981	3	1	427 430 453
12982	3	1	427 437 451
12983	3	1	427 488 497
12984	3	1	428 446 463
12985	3	1	434 445 470
12986	3	1	435 441 451
12987	3	1	435 461 484
12988	3	1	436 459 484
12989	3	1	437 441 451
12990	3	1	440 446 447
12991	3	1	440 446 455
12992	3	1	440 455 467
12993	3	1	440 470 477
12994	3	1	445 470 477
12995	3	1	445 471 477
12996	3	1	445 477 479
12997	3	1	446 455 463
12998	3	1	451 464 469
12999	3	1	455 463 467
13000	3	1	461 469 484
13001	3	1	461 476 488
13002	3	1	462 476 488
13003	3	1	463 467 487
13004	3	1	464 469 484
13005	3	1	470 477 480
13006	3	1	471 476 477
13007	3	1	475 486 491
13008	3	1	476 477 480
13009	3	1	476 480 496
13010	3	1	477 479 485
