column_id	size	score	vertices
0	4	501	1 33 141 186
1	4	501	1 51 346 494
2	4	501	1 62 72 92
3	4	501	1 62 92 323
4	4	501	1 68 186 237
5	4	501	1 68 237 244
6	4	501	1 148 237 387
7	4	501	1 181 237 405
8	4	501	1 186 236 237
9	4	501	1 236 237 387
10	4	501	1 237 244 387
11	4	501	1 237 394 417
12	4	501	1 244 313 431
13	4	501	1 244 323 337
14	4	501	1 244 377 387
15	4	501	1 258 394 431
16	4	501	1 346 377 387
17	4	501	2 7 33 294
18	4	501	2 7 68 94
19	4	501	2 7 94 294
20	4	501	2 7 294 463
21	4	501	2 33 192 294
22	4	501	2 33 192 473
23	4	501	2 33 304 473
24	4	501	2 53 330 332
25	4	501	2 114 166 397
26	4	501	2 114 192 302
27	4	501	2 119 187 362
28	4	501	2 119 187 400
29	4	501	2 122 156 167
30	4	501	2 122 192 294
31	4	501	2 122 369 426
32	4	501	2 156 167 284
33	4	501	2 156 181 473
34	4	501	2 156 291 404
35	4	501	2 181 192 473
36	4	501	2 181 237 467
37	4	501	2 181 304 473
38	4	501	2 187 362 374
39	4	501	2 192 302 428
40	4	501	2 284 369 374
41	4	501	2 291 362 446
42	4	501	2 302 428 463
43	4	501	2 332 425 452
44	4	501	2 428 446 463
45	4	501	3 10 275 279
46	4	501	3 10 353 453
47	4	501	3 10 385 453
48	4	501	3 29 37 385
49	4	501	3 32 349 388
50	4	501	3 32 388 419
51	4	501	3 37 44 497
52	4	501	3 37 166 385
53	4	501	3 37 245 497
54	4	501	3 37 385 453
55	4	501	3 44 89 462
56	4	501	3 69 166 349
57	4	501	3 130 245 497
58	4	501	3 143 349 388
59	4	501	3 169 342 435
60	4	501	3 225 275 345
61	4	501	3 279 397 472
62	4	501	3 388 416 419
63	4	501	3 397 419 472
64	4	501	4 92 101 149
65	4	501	4 92 149 367
66	4	501	4 94 183 385
67	4	501	4 100 346 387
68	4	501	4 101 124 320
69	4	501	4 101 183 320
70	4	501	4 101 183 404
71	4	501	4 149 350 491
72	4	501	4 183 276 320
73	4	501	4 183 320 385
74	4	501	4 183 346 387
75	4	501	4 183 387 404
76	4	501	4 234 320 466
77	4	501	4 242 297 466
78	4	501	4 276 297 300
79	4	501	4 276 367 453
80	4	501	4 320 333 466
81	4	501	5 30 170 410
82	4	501	5 33 172 432
83	4	501	5 33 286 410
84	4	501	5 33 286 432
85	4	501	5 35 77 112
86	4	501	5 35 183 440
87	4	501	5 53 172 440
88	4	501	5 53 183 440
89	4	501	5 53 236 440
90	4	501	5 103 245 288
91	4	501	5 112 341 373
92	4	501	5 112 364 373
93	4	501	5 160 236 440
94	4	501	5 170 286 410
95	4	501	5 172 341 373
96	4	501	5 189 251 341
97	4	501	5 204 222 286
98	4	501	6 16 157 394
99	4	501	6 32 308 314
100	4	501	6 98 281 380
101	4	501	6 104 192 302
102	4	501	6 104 192 389
103	4	501	6 157 161 314
104	4	501	6 157 310 314
105	4	501	6 190 281 380
106	4	501	6 190 380 398
107	4	501	6 192 314 389
108	4	501	7 57 149 240
109	4	501	7 57 216 439
110	4	501	7 57 216 488
111	4	501	7 57 240 329
112	4	501	7 68 94 120
113	4	501	7 83 116 486
114	4	501	7 88 163 298
115	4	501	7 92 149 367
116	4	501	7 94 171 385
117	4	501	7 94 243 385
118	4	501	7 94 294 298
119	4	501	7 106 163 298
120	4	501	7 171 385 440
121	4	501	7 171 440 447
122	4	501	7 197 321 367
123	4	501	7 212 216 486
124	4	501	7 212 463 486
125	4	501	7 232 329 485
126	4	501	7 329 447 485
127	4	501	7 367 439 453
128	4	501	8 65 97 372
129	4	501	9 22 158 212
130	4	501	9 22 353 413
131	4	501	9 32 81 231
132	4	501	9 32 413 494
133	4	501	9 45 81 90
134	4	501	9 45 90 134
135	4	501	9 90 134 419
136	4	501	9 142 353 429
137	4	501	9 269 322 445
138	4	501	10 22 400 479
139	4	501	10 102 400 479
140	4	501	10 128 209 321
141	4	501	10 128 279 321
142	4	501	10 162 169 400
143	4	501	10 233 353 465
144	4	501	11 12 158 212
145	4	501	11 12 412 476
146	4	501	11 38 163 174
147	4	501	11 56 105 138
148	4	501	11 56 138 187
149	4	501	11 84 244 436
150	4	501	11 84 244 447
151	4	501	11 84 412 447
152	4	501	11 104 361 472
153	4	501	11 104 436 459
154	4	501	11 161 253 337
155	4	501	11 163 174 298
156	4	501	11 212 342 371
157	4	501	11 244 253 337
158	4	501	11 244 253 439
159	4	501	11 244 323 337
160	4	501	11 244 323 455
161	4	501	11 253 298 439
162	4	501	11 271 371 411
163	4	501	11 271 412 476
164	4	501	11 342 371 451
165	4	501	11 361 411 472
166	4	501	11 361 412 447
167	4	501	12 53 82 158
168	4	501	12 53 158 319
169	4	501	12 53 319 483
170	4	501	12 57 59 236
171	4	501	12 57 116 234
172	4	501	12 57 149 240
173	4	501	12 59 349 376
174	4	501	12 158 212 325
175	4	501	12 305 376 412
176	4	501	13 75 221 267
177	4	501	13 221 236 264
178	4	501	13 221 264 299
179	4	501	13 221 264 418
180	4	501	13 221 267 299
181	4	501	13 221 267 418
182	4	501	13 267 289 299
183	4	501	15 44 425 439
184	4	501	15 47 296 462
185	4	501	15 77 122 335
186	4	501	15 77 122 439
187	4	501	15 77 249 335
188	4	501	15 77 328 335
189	4	501	15 122 425 439
190	4	501	15 176 219 349
191	4	501	15 176 253 325
192	4	501	15 185 328 335
193	4	501	15 185 335 343
194	4	501	15 185 335 388
195	4	501	15 185 335 497
196	4	501	15 185 351 497
197	4	501	15 249 253 343
198	4	501	15 249 253 351
199	4	501	15 249 335 343
200	4	501	16 33 389 464
201	4	501	16 34 86 106
202	4	501	16 34 268 469
203	4	501	16 42 177 454
204	4	501	16 42 316 495
205	4	501	16 47 68 411
206	4	501	16 47 124 239
207	4	501	16 57 116 234
208	4	501	16 57 234 464
209	4	501	16 77 246 469
210	4	501	16 177 188 337
211	4	501	16 177 426 454
212	4	501	16 268 464 469
213	4	501	16 272 447 454
214	4	501	16 272 464 469
215	4	501	16 389 426 454
216	4	501	17 18 248 497
217	4	501	17 20 278 404
218	4	501	17 36 171 304
219	4	501	17 60 86 319
220	4	501	17 130 216 497
221	4	501	17 171 292 449
222	4	501	17 175 219 449
223	4	501	18 31 249 399
224	4	501	18 112 249 464
225	4	501	18 112 289 344
226	4	501	18 206 349 376
227	4	501	18 206 349 495
228	4	501	18 249 281 454
229	4	501	18 258 287 297
230	4	501	18 287 297 495
231	4	501	18 287 344 399
232	4	501	19 29 287 312
233	4	501	19 62 303 369
234	4	501	19 62 303 484
235	4	501	19 62 439 484
236	4	501	19 79 159 437
237	4	501	19 79 464 484
238	4	501	19 98 357 432
239	4	501	19 98 405 432
240	4	501	19 98 406 416
241	4	501	19 123 292 369
242	4	501	19 124 204 497
243	4	501	19 140 248 310
244	4	501	19 145 159 369
245	4	501	19 159 324 432
246	4	501	19 159 369 437
247	4	501	19 161 292 370
248	4	501	19 248 272 324
249	4	501	19 248 287 324
250	4	501	19 248 310 437
251	4	501	19 272 324 370
252	4	501	19 370 406 416
253	4	501	19 406 416 476
254	4	501	20 25 291 423
255	4	501	20 91 244 278
256	4	501	20 91 278 333
257	4	501	20 91 333 425
258	4	501	20 93 333 346
259	4	501	20 99 157 423
260	4	501	20 141 142 399
261	4	501	20 155 291 372
262	4	501	20 244 278 287
263	4	501	20 244 287 399
264	4	501	20 251 271 278
265	4	501	20 291 372 423
266	4	501	20 372 425 458
267	4	501	22 62 349 378
268	4	501	22 62 378 479
269	4	501	22 62 400 479
270	4	501	22 105 422 423
271	4	501	22 130 216 400
272	4	501	22 216 353 413
273	4	501	22 349 378 413
274	4	501	23 38 297 302
275	4	501	23 38 297 326
276	4	501	23 63 76 155
277	4	501	23 63 76 458
278	4	501	23 63 155 162
279	4	501	23 63 155 326
280	4	501	23 76 351 458
281	4	501	23 135 160 428
282	4	501	23 160 377 444
283	4	501	23 160 428 444
284	4	501	23 162 310 410
285	4	501	23 297 302 428
286	4	501	23 310 410 459
287	4	501	24 93 365 396
288	4	501	24 180 418 430
289	4	501	24 260 418 430
290	4	501	24 304 393 458
291	4	501	25 33 464 465
292	4	501	25 43 212 388
293	4	501	25 47 61 462
294	4	501	25 47 129 462
295	4	501	25 47 296 462
296	4	501	25 233 291 465
297	4	501	25 233 409 437
298	4	501	25 406 423 428
299	4	501	25 406 428 446
300	4	501	26 57 75 158
301	4	501	26 57 75 355
302	4	501	26 57 240 263
303	4	501	26 75 139 355
304	4	501	26 75 183 387
305	4	501	26 139 251 355
306	4	501	26 183 387 400
307	4	501	26 219 240 486
308	4	501	26 237 295 312
309	4	501	26 245 253 469
310	4	501	28 71 282 485
311	4	501	28 257 292 311
312	4	501	28 257 292 423
313	4	501	28 257 311 327
314	4	501	28 258 297 450
315	4	501	28 258 327 450
316	4	501	28 282 328 335
317	4	501	28 297 300 326
318	4	501	28 297 326 450
319	4	501	28 297 326 466
320	4	501	28 311 383 416
321	4	501	29 186 237 359
322	4	501	29 237 312 359
323	4	501	30 116 260 397
324	4	501	30 124 174 225
325	4	501	30 124 207 225
326	4	501	30 149 322 357
327	4	501	30 193 397 472
328	4	501	30 287 397 472
329	4	501	31 38 140 397
330	4	501	31 38 397 424
331	4	501	31 46 353 435
332	4	501	31 98 353 426
333	4	501	31 140 249 391
334	4	501	31 140 249 426
335	4	501	31 188 208 500
336	4	501	31 208 209 376
337	4	501	31 353 376 435
338	4	501	31 376 423 435
339	4	501	32 64 324 419
340	4	501	32 81 128 231
341	4	501	32 88 349 500
342	4	501	32 159 189 500
343	4	501	32 159 324 419
344	4	501	32 303 316 427
345	4	501	32 303 316 495
346	4	501	32 303 399 430
347	4	501	32 303 427 430
348	4	501	32 324 419 430
349	4	501	32 337 419 430
350	4	501	32 388 419 425
351	4	501	32 388 425 427
352	4	501	32 419 425 430
353	4	501	32 425 427 430
354	4	501	33 48 153 211
355	4	501	33 59 101 261
356	4	501	33 59 137 261
357	4	501	33 59 137 484
358	4	501	33 59 409 484
359	4	501	33 69 172 246
360	4	501	33 79 464 484
361	4	501	33 101 261 465
362	4	501	33 101 389 464
363	4	501	33 101 464 465
364	4	501	33 136 186 465
365	4	501	33 141 186 465
366	4	501	33 141 389 457
367	4	501	33 208 261 473
368	4	501	33 211 409 411
369	4	501	33 315 389 464
370	4	501	34 69 268 469
371	4	501	34 107 134 386
372	4	501	34 109 261 480
373	4	501	34 109 268 332
374	4	501	34 109 268 469
375	4	501	34 159 260 489
376	4	501	34 170 423 489
377	4	501	34 208 409 437
378	4	501	34 268 332 423
379	4	501	34 332 409 423
380	4	501	34 372 423 489
381	4	501	34 372 480 489
382	4	501	35 77 112 448
383	4	501	36 52 126 489
384	4	501	36 52 135 274
385	4	501	36 52 237 295
386	4	501	36 126 153 363
387	4	501	36 126 153 489
388	4	501	36 153 156 337
389	4	501	36 240 329 495
390	4	501	36 286 386 410
391	4	501	37 44 248 497
392	4	501	37 161 217 224
393	4	501	37 263 449 500
394	4	501	37 278 351 497
395	4	501	37 281 449 500
396	4	501	38 139 297 430
397	4	501	38 253 397 424
398	4	501	38 397 424 472
399	4	501	40 41 89 201
400	4	501	40 41 201 485
401	4	501	40 89 274 291
402	4	501	40 102 267 464
403	4	501	40 233 291 391
404	4	501	41 43 152 281
405	4	501	41 66 201 485
406	4	501	41 281 324 485
407	4	501	41 281 324 486
408	4	501	42 50 405 443
409	4	501	42 105 437 495
410	4	501	42 120 368 387
411	4	501	42 160 444 486
412	4	501	42 175 283 326
413	4	501	42 190 268 431
414	4	501	43 106 277 397
415	4	501	43 138 238 351
416	4	501	43 140 434 455
417	4	501	43 203 268 388
418	4	501	43 277 366 434
419	4	501	43 293 434 455
420	4	501	43 412 476 496
421	4	501	44 302 328 329
422	4	501	44 337 437 462
423	4	501	45 49 51 367
424	4	501	45 49 51 443
425	4	501	45 49 228 443
426	4	501	45 49 332 367
427	4	501	45 51 90 162
428	4	501	45 89 206 251
429	4	501	45 90 162 232
430	4	501	45 91 128 272
431	4	501	45 91 383 468
432	4	501	45 99 134 148
433	4	501	45 99 148 367
434	4	501	45 99 148 383
435	4	501	45 232 266 409
436	4	501	45 256 445 482
437	4	501	45 266 332 409
438	4	501	45 366 383 468
439	4	501	46 66 405 485
440	4	501	46 83 116 342
441	4	501	46 83 116 486
442	4	501	46 83 342 435
443	4	501	46 89 162 281
444	4	501	46 104 116 406
445	4	501	46 104 242 459
446	4	501	46 116 170 342
447	4	501	46 162 281 485
448	4	501	46 170 342 445
449	4	501	47 56 76 129
450	4	501	47 61 326 448
451	4	501	47 64 412 448
452	4	501	47 70 103 367
453	4	501	47 76 129 355
454	4	501	47 76 139 355
455	4	501	47 103 109 318
456	4	501	47 103 218 318
457	4	501	47 139 209 462
458	4	501	47 326 412 448
459	4	501	48 79 116 430
460	4	501	48 96 240 430
461	4	501	48 148 240 430
462	4	501	48 153 157 251
463	4	501	48 153 211 251
464	4	501	48 176 219 486
465	4	501	48 219 240 486
466	4	501	48 242 445 479
467	4	501	49 51 346 443
468	4	501	49 51 367 384
469	4	501	49 78 346 443
470	4	501	49 258 429 488
471	4	501	50 70 75 139
472	4	501	50 70 75 286
473	4	501	50 138 287 489
474	4	501	50 143 285 429
475	4	501	50 261 285 411
476	4	501	50 279 321 405
477	4	501	51 367 384 494
478	4	501	52 126 129 285
479	4	501	52 126 129 489
480	4	501	52 130 237 242
481	4	501	52 142 295 301
482	4	501	52 217 237 295
483	4	501	52 237 295 301
484	4	501	52 368 452 477
485	4	501	53 149 239 491
486	4	501	53 158 218 430
487	4	501	53 172 313 315
488	4	501	53 183 422 423
489	4	501	54 92 367 384
490	4	501	54 126 282 341
491	4	501	54 126 341 489
492	4	501	54 189 251 341
493	4	501	54 367 384 494
494	4	501	54 384 452 494
495	4	501	56 63 98 169
496	4	501	56 76 129 481
497	4	501	56 76 217 481
498	4	501	56 88 201 363
499	4	501	56 98 169 295
500	4	501	56 129 169 295
501	4	501	56 129 169 481
502	4	501	56 138 187 340
503	4	501	56 138 187 441
504	4	501	56 169 180 481
505	4	501	56 169 344 481
506	4	501	56 217 344 481
507	4	501	56 301 344 481
508	4	501	57 132 282 445
509	4	501	57 162 310 481
510	4	501	57 216 371 432
511	4	501	57 236 445 471
512	4	501	57 240 282 310
513	4	501	59 74 83 221
514	4	501	59 83 136 365
515	4	501	59 83 337 365
516	4	501	59 83 349 376
517	4	501	59 99 297 496
518	4	501	59 101 106 308
519	4	501	59 101 145 238
520	4	501	59 101 238 243
521	4	501	59 101 243 261
522	4	501	59 101 261 480
523	4	501	59 109 243 261
524	4	501	59 109 261 480
525	4	501	59 137 261 313
526	4	501	59 145 238 496
527	4	501	59 337 365 403
528	4	501	60 64 172 313
529	4	501	60 66 95 319
530	4	501	60 66 95 333
531	4	501	60 66 95 446
532	4	501	60 66 187 333
533	4	501	60 66 221 319
534	4	501	60 76 129 369
535	4	501	60 86 106 319
536	4	501	60 86 313 488
537	4	501	60 104 302 313
538	4	501	60 141 185 187
539	4	501	60 185 328 369
540	4	501	60 328 369 418
541	4	501	61 128 298 344
542	4	501	61 260 374 422
543	4	501	62 72 92 149
544	4	501	62 72 92 354
545	4	501	62 72 149 479
546	4	501	62 72 354 362
547	4	501	62 102 400 479
548	4	501	62 163 378 479
549	4	501	62 166 340 484
550	4	501	62 202 318 362
551	4	501	62 264 419 425
552	4	501	62 318 340 484
553	4	501	63 76 365 458
554	4	501	63 100 148 458
555	4	501	63 296 308 467
556	4	501	64 135 412 433
557	4	501	64 181 304 473
558	4	501	64 182 370 482
559	4	501	64 202 296 327
560	4	501	64 202 296 439
561	4	501	64 202 333 448
562	4	501	64 212 303 484
563	4	501	65 88 267 372
564	4	501	65 97 372 489
565	4	501	65 97 455 467
566	4	501	65 192 227 305
567	4	501	65 211 324 380
568	4	501	65 263 324 457
569	4	501	65 324 380 457
570	4	501	66 91 221 406
571	4	501	66 91 325 333
572	4	501	66 152 405 443
573	4	501	66 180 221 236
574	4	501	66 180 221 485
575	4	501	66 187 232 429
576	4	501	66 201 405 485
577	4	501	66 209 221 319
578	4	501	66 243 296 454
579	4	501	67 82 302 323
580	4	501	68 173 176 203
581	4	501	68 174 188 237
582	4	501	69 94 268 298
583	4	501	69 94 268 426
584	4	501	69 166 268 469
585	4	501	69 166 349 495
586	4	501	69 172 246 469
587	4	501	70 77 246 455
588	4	501	70 82 94 159
589	4	501	70 139 159 470
590	4	501	70 139 465 470
591	4	501	70 159 189 460
592	4	501	70 221 386 406
593	4	501	71 182 396 496
594	4	501	71 224 282 341
595	4	501	72 92 149 367
596	4	501	72 92 210 367
597	4	501	73 77 122 167
598	4	501	73 77 167 477
599	4	501	73 122 167 299
600	4	501	73 122 347 446
601	4	501	73 122 446 471
602	4	501	73 163 261 393
603	4	501	73 165 167 299
604	4	501	73 167 295 312
605	4	501	73 167 299 312
606	4	501	73 167 299 477
607	4	501	73 299 343 477
608	4	501	73 406 446 471
609	4	501	73 406 471 476
610	4	501	73 471 476 477
611	4	501	74 292 445 477
612	4	501	75 86 192 294
613	4	501	75 122 192 294
614	4	501	75 192 221 305
615	4	501	76 83 219 365
616	4	501	76 157 230 325
617	4	501	76 170 286 355
618	4	501	76 170 334 366
619	4	501	76 170 362 365
620	4	501	76 219 286 338
621	4	501	76 230 338 368
622	4	501	76 334 366 368
623	4	501	76 338 366 368
624	4	501	77 99 157 496
625	4	501	77 110 357 396
626	4	501	77 112 328 448
627	4	501	77 157 310 314
628	4	501	77 157 480 496
629	4	501	77 174 250 335
630	4	501	77 202 256 294
631	4	501	77 202 256 439
632	4	501	77 202 310 494
633	4	501	77 202 328 448
634	4	501	78 95 188 398
635	4	501	78 137 256 313
636	4	501	78 162 387 432
637	4	501	78 163 446 455
638	4	501	78 170 366 436
639	4	501	78 322 351 450
640	4	501	78 322 393 450
641	4	501	78 330 332 351
642	4	501	78 330 351 450
643	4	501	79 116 208 394
644	4	501	79 116 394 430
645	4	501	79 208 394 417
646	4	501	79 230 464 484
647	4	501	79 285 422 437
648	4	501	80 183 320 385
649	4	501	80 183 383 385
650	4	501	81 130 427 497
651	4	501	81 249 281 324
652	4	501	81 253 337 397
653	4	501	81 281 324 462
654	4	501	82 190 277 465
655	4	501	83 91 185 221
656	4	501	83 116 122 342
657	4	501	83 122 156 355
658	4	501	83 190 219 486
659	4	501	83 219 225 483
660	4	501	83 219 349 376
661	4	501	84 86 115 412
662	4	501	84 86 412 447
663	4	501	84 102 399 432
664	4	501	84 115 244 399
665	4	501	84 115 399 412
666	4	501	84 171 412 447
667	4	501	84 201 227 244
668	4	501	84 201 227 485
669	4	501	84 227 244 447
670	4	501	84 227 447 485
671	4	501	84 229 318 436
672	4	501	84 244 345 436
673	4	501	84 244 399 432
674	4	501	84 265 436 491
675	4	501	86 88 321 412
676	4	501	86 106 275 300
677	4	501	86 106 319 397
678	4	501	86 115 216 488
679	4	501	86 115 412 433
680	4	501	86 135 412 433
681	4	501	86 202 294 321
682	4	501	86 279 321 397
683	4	501	87 161 372 480
684	4	501	89 119 240 471
685	4	501	89 234 291 465
686	4	501	89 258 297 308
687	4	501	89 258 297 489
688	4	501	90 119 224 229
689	4	501	90 134 264 419
690	4	501	90 245 340 359
691	4	501	91 185 244 468
692	4	501	91 221 312 406
693	4	501	91 245 272 333
694	4	501	91 245 312 376
695	4	501	91 257 470 480
696	4	501	92 101 149 389
697	4	501	93 132 296 302
698	4	501	93 171 199 447
699	4	501	93 177 296 308
700	4	501	93 199 202 447
701	4	501	93 202 333 448
702	4	501	93 202 441 447
703	4	501	93 202 447 448
704	4	501	93 396 447 448
705	4	501	94 268 295 298
706	4	501	94 342 344 399
707	4	501	95 98 241 427
708	4	501	95 105 266 371
709	4	501	95 127 241 427
710	4	501	95 127 399 430
711	4	501	95 127 427 430
712	4	501	95 188 237 467
713	4	501	95 188 266 371
714	4	501	95 203 213 264
715	4	501	95 213 237 322
716	4	501	95 237 300 322
717	4	501	95 246 427 446
718	4	501	95 264 333 425
719	4	501	95 324 350 430
720	4	501	95 425 427 430
721	4	501	96 115 403 430
722	4	501	96 126 155 201
723	4	501	96 173 403 487
724	4	501	96 201 275 485
725	4	501	96 217 240 344
726	4	501	96 285 357 391
727	4	501	96 291 391 417
728	4	501	97 104 287 489
729	4	501	97 116 372 486
730	4	501	97 138 234 287
731	4	501	97 138 287 489
732	4	501	97 160 455 467
733	4	501	97 308 372 486
734	4	501	97 351 357 362
735	4	501	97 351 357 429
736	4	501	98 219 364 380
737	4	501	98 233 353 426
738	4	501	98 295 357 432
739	4	501	99 134 264 457
740	4	501	99 157 297 496
741	4	501	99 394 417 432
742	4	501	100 332 460 494
743	4	501	100 346 454 460
744	4	501	100 346 460 494
745	4	501	101 102 183 464
746	4	501	101 124 239 434
747	4	501	101 145 149 185
748	4	501	101 149 185 244
749	4	501	101 238 243 330
750	4	501	101 243 250 291
751	4	501	101 243 303 330
752	4	501	102 183 260 399
753	4	501	102 183 399 432
754	4	501	103 234 256 350
755	4	501	104 233 242 459
756	4	501	104 233 242 472
757	4	501	104 242 279 472
758	4	501	105 134 307 439
759	4	501	105 162 197 311
760	4	501	105 276 439 453
761	4	501	105 285 422 437
762	4	501	105 285 437 461
763	4	501	105 288 380 384
764	4	501	105 288 380 476
765	4	501	105 303 325 495
766	4	501	106 156 169 472
767	4	501	106 209 229 237
768	4	501	106 229 237 310
769	4	501	106 275 310 468
770	4	501	107 303 330 399
771	4	501	107 303 353 369
772	4	501	107 303 369 384
773	4	501	107 303 384 430
774	4	501	107 303 399 430
775	4	501	107 303 427 430
776	4	501	107 427 430 453
777	4	501	109 152 174 199
778	4	501	109 152 174 443
779	4	501	109 152 219 453
780	4	501	109 152 320 410
781	4	501	109 180 233 296
782	4	501	109 183 320 410
783	4	501	109 207 233 410
784	4	501	109 243 268 460
785	4	501	109 243 296 460
786	4	501	109 261 413 480
787	4	501	109 268 332 460
788	4	501	109 318 330 480
789	4	501	109 330 332 399
790	4	501	110 124 207 329
791	4	501	110 129 462 488
792	4	501	110 190 403 465
793	4	501	110 190 403 479
794	4	501	110 224 315 452
795	4	501	110 329 357 479
796	4	501	110 384 396 452
797	4	501	112 133 328 448
798	4	501	112 145 160 175
799	4	501	112 145 267 468
800	4	501	112 174 296 350
801	4	501	112 227 344 364
802	4	501	112 341 373 462
803	4	501	112 364 373 462
804	4	501	114 119 268 289
805	4	501	114 119 276 439
806	4	501	114 152 174 199
807	4	501	114 174 199 364
808	4	501	114 192 263 268
809	4	501	115 152 439 453
810	4	501	115 216 217 413
811	4	501	115 217 278 304
812	4	501	115 244 399 403
813	4	501	115 399 403 430
814	4	501	115 427 430 453
815	4	501	116 186 406 428
816	4	501	116 406 428 446
817	4	501	119 124 250 400
818	4	501	119 124 400 471
819	4	501	119 187 250 400
820	4	501	119 224 229 399
821	4	501	119 240 398 471
822	4	501	119 268 464 469
823	4	501	119 276 439 444
824	4	501	120 142 232 409
825	4	501	120 368 387 435
826	4	501	121 136 361 417
827	4	501	121 142 295 301
828	4	501	121 222 225 246
829	4	501	121 222 301 472
830	4	501	121 225 441 473
831	4	501	121 361 417 472
832	4	501	123 346 454 460
833	4	501	124 130 400 461
834	4	501	124 320 400 471
835	4	501	126 153 346 363
836	4	501	126 172 248 341
837	4	501	126 172 315 341
838	4	501	126 224 249 282
839	4	501	126 224 282 341
840	4	501	126 224 315 341
841	4	501	126 240 282 341
842	4	501	126 249 282 363
843	4	501	126 341 372 489
844	4	501	127 172 329 447
845	4	501	127 396 444 448
846	4	501	127 396 447 448
847	4	501	128 221 342 494
848	4	501	128 279 321 397
849	4	501	128 287 298 344
850	4	501	129 211 324 355
851	4	501	129 324 462 488
852	4	501	130 139 242 297
853	4	501	130 216 245 497
854	4	501	130 216 318 400
855	4	501	130 242 262 267
856	4	501	130 315 318 400
857	4	501	132 174 250 335
858	4	501	132 203 262 373
859	4	501	132 282 335 445
860	4	501	134 153 420 439
861	4	501	134 264 420 468
862	4	501	135 140 310 426
863	4	501	136 293 374 455
864	4	501	137 200 313 454
865	4	501	137 309 330 451
866	4	501	138 187 287 441
867	4	501	138 229 237 276
868	4	501	138 234 350 430
869	4	501	138 343 470 477
870	4	501	139 208 209 436
871	4	501	139 370 465 470
872	4	501	140 143 285 391
873	4	501	140 248 310 426
874	4	501	140 278 434 455
875	4	501	141 142 149 389
876	4	501	141 149 190 479
877	4	501	141 149 350 458
878	4	501	141 186 190 465
879	4	501	141 293 409 434
880	4	501	142 143 149 429
881	4	501	142 149 240 389
882	4	501	142 295 301 459
883	4	501	142 338 436 496
884	4	501	143 293 409 454
885	4	501	145 160 477 483
886	4	501	145 250 353 369
887	4	501	145 250 366 369
888	4	501	145 338 393 500
889	4	501	148 166 250 267
890	4	501	148 190 245 473
891	4	501	148 233 237 440
892	4	501	148 250 267 363
893	4	501	152 172 176 344
894	4	501	152 176 219 344
895	4	501	153 157 447 485
896	4	501	153 163 225 311
897	4	501	153 211 251 356
898	4	501	153 271 347 363
899	4	501	155 164 186 301
900	4	501	155 164 186 326
901	4	501	155 186 216 301
902	4	501	155 186 301 313
903	4	501	155 192 269 473
904	4	501	155 192 291 465
905	4	501	155 289 301 372
906	4	501	155 291 353 465
907	4	501	158 193 411 433
908	4	501	158 218 378 411
909	4	501	158 276 300 454
910	4	501	158 300 322 411
911	4	501	158 322 411 433
912	4	501	159 199 437 461
913	4	501	159 260 281 500
914	4	501	160 236 440 467
915	4	501	160 236 440 477
916	4	501	160 236 445 477
917	4	501	160 329 398 470
918	4	501	160 377 440 444
919	4	501	160 440 455 467
920	4	501	160 440 470 477
921	4	501	160 445 470 477
922	4	501	161 217 224 345
923	4	501	161 253 337 397
924	4	501	162 169 472 481
925	4	501	162 197 292 311
926	4	501	162 201 250 400
927	4	501	162 201 400 417
928	4	501	162 310 472 481
929	4	501	163 261 285 422
930	4	501	163 264 285 422
931	4	501	163 301 325 403
932	4	501	163 301 403 479
933	4	501	163 446 455 463
934	4	501	165 167 282 299
935	4	501	165 221 319 322
936	4	501	165 275 282 310
937	4	501	165 275 282 322
938	4	501	166 208 268 394
939	4	501	166 219 364 373
940	4	501	167 284 295 312
941	4	501	167 284 312 487
942	4	501	169 342 344 445
943	4	501	169 342 344 481
944	4	501	170 172 248 436
945	4	501	170 197 293 365
946	4	501	170 199 286 293
947	4	501	170 286 293 410
948	4	501	171 199 307 377
949	4	501	171 199 437 461
950	4	501	171 285 437 461
951	4	501	171 292 307 377
952	4	501	171 412 440 447
953	4	501	172 234 248 341
954	4	501	172 234 315 341
955	4	501	174 181 237 467
956	4	501	174 188 237 467
957	4	501	176 219 344 361
958	4	501	180 279 418 457
959	4	501	180 349 413 487
960	4	501	180 380 389 457
961	4	501	183 246 276 403
962	4	501	183 400 461 488
963	4	501	185 187 335 484
964	4	501	185 187 340 484
965	4	501	185 189 323 497
966	4	501	185 244 287 377
967	4	501	185 244 287 468
968	4	501	185 328 369 448
969	4	501	185 335 388 484
970	4	501	186 217 237 458
971	4	501	186 217 304 458
972	4	501	186 243 250 369
973	4	501	188 189 467 500
974	4	501	188 266 371 462
975	4	501	188 326 371 383
976	4	501	189 216 251 413
977	4	501	189 251 341 356
978	4	501	189 272 333 356
979	4	501	190 211 380 398
980	4	501	192 197 264 356
981	4	501	192 197 268 424
982	4	501	192 197 389 454
983	4	501	192 221 342 424
984	4	501	192 264 291 356
985	4	501	193 240 370 472
986	4	501	193 240 472 495
987	4	501	193 253 298 470
988	4	501	193 370 465 470
989	4	501	197 203 264 419
990	4	501	197 240 324 389
991	4	501	197 293 324 365
992	4	501	199 202 310 494
993	4	501	199 202 447 494
994	4	501	201 275 305 418
995	4	501	202 219 328 333
996	4	501	202 219 328 373
997	4	501	202 219 384 494
998	4	501	202 219 460 494
999	4	501	202 256 384 426
1000	4	501	202 282 310 494
1001	4	501	202 284 384 452
1002	4	501	202 320 362 476
1003	4	501	202 328 333 448
1004	4	501	202 384 452 494
1005	4	501	203 268 341 451
1006	4	501	203 388 487 491
1007	4	501	206 251 349 413
1008	4	501	208 268 394 424
1009	4	501	209 229 237 312
1010	4	501	209 287 312 356
1011	4	501	209 312 356 372
1012	4	501	209 312 356 380
1013	4	501	210 343 347 424
1014	4	501	210 373 386 431
1015	4	501	211 356 380 411
1016	4	501	211 356 380 464
1017	4	501	211 380 398 411
1018	4	501	212 216 371 486
1019	4	501	212 216 396 416
1020	4	501	212 303 316 495
1021	4	501	212 303 325 495
1022	4	501	212 388 416 419
1023	4	501	216 230 318 484
1024	4	501	216 236 271 353
1025	4	501	216 236 353 413
1026	4	501	216 351 353 497
1027	4	501	216 351 488 497
1028	4	501	216 366 486 497
1029	4	501	217 219 240 344
1030	4	501	217 219 344 364
1031	4	501	217 240 278 344
1032	4	501	219 264 333 364
1033	4	501	219 288 380 384
1034	4	501	219 380 384 483
1035	4	501	221 264 338 418
1036	4	501	221 305 338 418
1037	4	501	221 305 418 471
1038	4	501	222 225 275 345
1039	4	501	222 272 356 435
1040	4	501	224 249 370 399
1041	4	501	225 275 387 473
1042	4	501	226 302 428 463
1043	4	501	227 294 376 378
1044	4	501	227 359 364 376
1045	4	501	227 364 376 378
1046	4	501	227 364 446 447
1047	4	501	228 258 308 371
1048	4	501	228 380 389 476
1049	4	501	229 237 301 310
1050	4	501	230 234 464 484
1051	4	501	230 318 436 484
1052	4	501	232 260 418 430
1053	4	501	232 266 409 463
1054	4	501	232 329 359 418
1055	4	501	232 409 437 451
1056	4	501	233 291 353 465
1057	4	501	236 237 440 467
1058	4	501	236 322 404 445
1059	4	501	236 445 471 477
1060	4	501	237 301 310 479
1061	4	501	238 307 330 351
1062	4	501	238 330 332 351
1063	4	501	238 330 351 429
1064	4	501	238 332 351 458
1065	4	501	238 351 429 458
1066	4	501	240 324 380 389
1067	4	501	241 303 316 427
1068	4	501	242 325 356 380
1069	4	501	242 341 356 451
1070	4	501	243 281 454 460
1071	4	501	243 296 454 460
1072	4	501	243 303 330 495
1073	4	501	244 253 439 481
1074	4	501	244 287 399 468
1075	4	501	245 312 359 376
1076	4	501	246 262 330 446
1077	4	501	248 310 426 437
1078	4	501	249 253 284 369
1079	4	501	249 284 369 374
1080	4	501	249 305 363 426
1081	4	501	249 335 343 428
1082	4	501	249 343 428 461
1083	4	501	249 351 429 458
1084	4	501	253 276 439 453
1085	4	501	256 313 350 491
1086	4	501	258 287 297 489
1087	4	501	258 297 308 450
1088	4	501	258 308 327 450
1089	4	501	258 330 429 450
1090	4	501	260 281 430 500
1091	4	501	261 285 411 422
1092	4	501	261 313 393 458
1093	4	501	261 380 398 411
1094	4	501	262 303 325 353
1095	4	501	262 303 330 332
1096	4	501	262 314 364 373
1097	4	501	262 364 446 447
1098	4	501	267 284 463 487
1099	4	501	267 289 308 372
1100	4	501	268 285 298 461
1101	4	501	268 451 464 469
1102	4	501	271 278 353 435
1103	4	501	271 285 435 461
1104	4	501	272 356 380 464
1105	4	501	275 282 328 418
1106	4	501	275 300 307 326
1107	4	501	275 300 307 399
1108	4	501	275 305 418 468
1109	4	501	275 328 418 467
1110	4	501	276 297 300 326
1111	4	501	276 297 300 454
1112	4	501	276 367 439 453
1113	4	501	278 293 434 455
1114	4	501	278 351 353 497
1115	4	501	281 322 404 433
1116	4	501	281 324 350 430
1117	4	501	281 404 430 500
1118	4	501	282 418 469 494
1119	4	501	284 312 450 487
1120	4	501	291 325 353 356
1121	4	501	291 353 356 417
1122	4	501	292 307 377 445
1123	4	501	299 343 470 477
1124	4	501	301 310 314 459
1125	4	501	301 310 314 472
1126	4	501	301 310 365 403
1127	4	501	301 310 403 479
1128	4	501	301 310 472 481
1129	4	501	303 325 353 356
1130	4	501	303 330 332 399
1131	4	501	307 346 377 445
1132	4	501	308 325 445 471
1133	4	501	312 323 406 423
1134	4	501	318 340 436 484
1135	4	501	319 329 388 466
1136	4	501	319 329 466 470
1137	4	501	320 332 425 479
1138	4	501	320 332 479 485
1139	4	501	321 405 464 466
1140	4	501	324 380 389 457
1141	4	501	325 333 353 356
1142	4	501	325 342 445 471
1143	4	501	328 329 369 418
1144	4	501	330 351 429 450
1145	4	501	332 409 479 485
1146	4	501	340 389 461 476
1147	4	501	341 353 356 411
1148	4	501	341 353 356 417
1149	4	501	344 366 450 481
1150	4	501	351 357 362 432
1151	4	501	353 354 376 459
1152	4	501	356 372 470 480
1153	4	501	359 370 418 453
1154	4	501	368 419 425 452
1155	4	501	372 425 457 458
1156	4	501	403 405 430 500
1157	4	501	404 425 427 430
1158	3	1	1 33 141
1159	3	1	1 33 186
1160	3	1	1 44 109
1161	3	1	1 44 121
1162	3	1	1 44 329
1163	3	1	1 44 337
1164	3	1	1 44 425
1165	3	1	1 51 157
1166	3	1	1 51 346
1167	3	1	1 51 427
1168	3	1	1 51 494
1169	3	1	1 62 72
1170	3	1	1 62 92
1171	3	1	1 62 121
1172	3	1	1 62 297
1173	3	1	1 62 323
1174	3	1	1 62 425
1175	3	1	1 62 429
1176	3	1	1 62 431
1177	3	1	1 68 186
1178	3	1	1 68 237
1179	3	1	1 68 244
1180	3	1	1 72 92
1181	3	1	1 72 222
1182	3	1	1 92 323
1183	3	1	1 92 346
1184	3	1	1 121 222
1185	3	1	1 121 417
1186	3	1	1 121 427
1187	3	1	1 141 186
1188	3	1	1 141 405
1189	3	1	1 148 237
1190	3	1	1 148 387
1191	3	1	1 157 206
1192	3	1	1 157 226
1193	3	1	1 157 297
1194	3	1	1 157 394
1195	3	1	1 181 237
1196	3	1	1 181 249
1197	3	1	1 181 313
1198	3	1	1 181 323
1199	3	1	1 181 405
1200	3	1	1 181 427
1201	3	1	1 186 236
1202	3	1	1 186 237
1203	3	1	1 186 258
1204	3	1	1 186 313
1205	3	1	1 206 431
1206	3	1	1 222 244
1207	3	1	1 226 337
1208	3	1	1 236 237
1209	3	1	1 236 271
1210	3	1	1 236 387
1211	3	1	1 237 244
1212	3	1	1 237 387
1213	3	1	1 237 394
1214	3	1	1 237 405
1215	3	1	1 237 417
1216	3	1	1 237 425
1217	3	1	1 244 313
1218	3	1	1 244 323
1219	3	1	1 244 337
1220	3	1	1 244 377
1221	3	1	1 244 387
1222	3	1	1 244 431
1223	3	1	1 244 494
1224	3	1	1 249 374
1225	3	1	1 249 429
1226	3	1	1 256 297
1227	3	1	1 256 313
1228	3	1	1 256 427
1229	3	1	1 258 297
1230	3	1	1 258 323
1231	3	1	1 258 394
1232	3	1	1 258 429
1233	3	1	1 258 431
1234	3	1	1 271 377
1235	3	1	1 271 431
1236	3	1	1 313 431
1237	3	1	1 323 337
1238	3	1	1 329 427
1239	3	1	1 337 374
1240	3	1	1 342 494
1241	3	1	1 346 377
1242	3	1	1 346 387
1243	3	1	1 346 494
1244	3	1	1 372 425
1245	3	1	1 377 387
1246	3	1	1 394 417
1247	3	1	1 394 431
1248	3	1	1 425 427
1249	3	1	2 7 33
1250	3	1	2 7 68
1251	3	1	2 7 94
1252	3	1	2 7 294
1253	3	1	2 7 463
1254	3	1	2 8 52
1255	3	1	2 8 166
1256	3	1	2 8 181
1257	3	1	2 8 376
1258	3	1	2 8 446
1259	3	1	2 33 192
1260	3	1	2 33 294
1261	3	1	2 33 304
1262	3	1	2 33 307
1263	3	1	2 33 473
1264	3	1	2 37 44
1265	3	1	2 37 166
1266	3	1	2 44 302
1267	3	1	2 44 307
1268	3	1	2 44 376
1269	3	1	2 44 425
1270	3	1	2 52 63
1271	3	1	2 52 237
1272	3	1	2 52 362
1273	3	1	2 52 452
1274	3	1	2 53 324
1275	3	1	2 53 330
1276	3	1	2 53 332
1277	3	1	2 53 369
1278	3	1	2 53 428
1279	3	1	2 63 302
1280	3	1	2 63 467
1281	3	1	2 68 94
1282	3	1	2 68 156
1283	3	1	2 68 237
1284	3	1	2 68 304
1285	3	1	2 68 446
1286	3	1	2 94 190
1287	3	1	2 94 294
1288	3	1	2 94 324
1289	3	1	2 94 426
1290	3	1	2 114 119
1291	3	1	2 114 166
1292	3	1	2 114 192
1293	3	1	2 114 302
1294	3	1	2 114 397
1295	3	1	2 114 425
1296	3	1	2 119 187
1297	3	1	2 119 207
1298	3	1	2 119 330
1299	3	1	2 119 362
1300	3	1	2 119 400
1301	3	1	2 122 156
1302	3	1	2 122 167
1303	3	1	2 122 192
1304	3	1	2 122 283
1305	3	1	2 122 294
1306	3	1	2 122 369
1307	3	1	2 122 425
1308	3	1	2 122 426
1309	3	1	2 122 446
1310	3	1	2 156 167
1311	3	1	2 156 181
1312	3	1	2 156 284
1313	3	1	2 156 291
1314	3	1	2 156 404
1315	3	1	2 156 473
1316	3	1	2 166 291
1317	3	1	2 166 304
1318	3	1	2 166 397
1319	3	1	2 167 207
1320	3	1	2 167 284
1321	3	1	2 167 307
1322	3	1	2 167 332
1323	3	1	2 167 400
1324	3	1	2 167 428
1325	3	1	2 181 192
1326	3	1	2 181 237
1327	3	1	2 181 257
1328	3	1	2 181 304
1329	3	1	2 181 361
1330	3	1	2 181 467
1331	3	1	2 181 473
1332	3	1	2 187 222
1333	3	1	2 187 362
1334	3	1	2 187 374
1335	3	1	2 187 400
1336	3	1	2 190 397
1337	3	1	2 190 403
1338	3	1	2 190 425
1339	3	1	2 190 463
1340	3	1	2 190 473
1341	3	1	2 192 291
1342	3	1	2 192 294
1343	3	1	2 192 302
1344	3	1	2 192 428
1345	3	1	2 192 473
1346	3	1	2 222 403
1347	3	1	2 222 452
1348	3	1	2 237 425
1349	3	1	2 237 467
1350	3	1	2 283 330
1351	3	1	2 284 369
1352	3	1	2 284 374
1353	3	1	2 284 452
1354	3	1	2 284 463
1355	3	1	2 291 362
1356	3	1	2 291 404
1357	3	1	2 291 446
1358	3	1	2 294 376
1359	3	1	2 294 463
1360	3	1	2 302 404
1361	3	1	2 302 428
1362	3	1	2 302 463
1363	3	1	2 304 428
1364	3	1	2 304 473
1365	3	1	2 307 324
1366	3	1	2 307 330
1367	3	1	2 307 463
1368	3	1	2 324 376
1369	3	1	2 330 332
1370	3	1	2 330 446
1371	3	1	2 332 376
1372	3	1	2 332 425
1373	3	1	2 332 452
1374	3	1	2 362 374
1375	3	1	2 362 446
1376	3	1	2 362 467
1377	3	1	2 369 374
1378	3	1	2 369 426
1379	3	1	2 374 376
1380	3	1	2 388 425
1381	3	1	2 397 400
1382	3	1	2 400 426
1383	3	1	2 404 425
1384	3	1	2 404 426
1385	3	1	2 425 452
1386	3	1	2 426 467
1387	3	1	2 428 446
1388	3	1	2 428 463
1389	3	1	2 446 452
1390	3	1	2 446 463
1391	3	1	2 463 467
1392	3	1	3 10 65
1393	3	1	3 10 169
1394	3	1	3 10 275
1395	3	1	3 10 279
1396	3	1	3 10 353
1397	3	1	3 10 385
1398	3	1	3 10 396
1399	3	1	3 10 453
1400	3	1	3 29 37
1401	3	1	3 29 130
1402	3	1	3 29 143
1403	3	1	3 29 385
1404	3	1	3 32 226
1405	3	1	3 32 349
1406	3	1	3 32 388
1407	3	1	3 32 419
1408	3	1	3 37 44
1409	3	1	3 37 166
1410	3	1	3 37 245
1411	3	1	3 37 342
1412	3	1	3 37 385
1413	3	1	3 37 453
1414	3	1	3 37 497
1415	3	1	3 44 89
1416	3	1	3 44 328
1417	3	1	3 44 462
1418	3	1	3 44 497
1419	3	1	3 63 92
1420	3	1	3 63 148
1421	3	1	3 63 169
1422	3	1	3 63 497
1423	3	1	3 65 69
1424	3	1	3 65 133
1425	3	1	3 65 305
1426	3	1	3 69 130
1427	3	1	3 69 166
1428	3	1	3 69 185
1429	3	1	3 69 225
1430	3	1	3 69 279
1431	3	1	3 69 349
1432	3	1	3 89 206
1433	3	1	3 89 345
1434	3	1	3 89 435
1435	3	1	3 89 462
1436	3	1	3 92 379
1437	3	1	3 92 385
1438	3	1	3 92 472
1439	3	1	3 130 245
1440	3	1	3 130 379
1441	3	1	3 130 462
1442	3	1	3 130 497
1443	3	1	3 133 328
1444	3	1	3 143 148
1445	3	1	3 143 225
1446	3	1	3 143 349
1447	3	1	3 143 388
1448	3	1	3 148 166
1449	3	1	3 148 245
1450	3	1	3 148 435
1451	3	1	3 166 169
1452	3	1	3 166 349
1453	3	1	3 166 385
1454	3	1	3 166 397
1455	3	1	3 169 342
1456	3	1	3 169 403
1457	3	1	3 169 435
1458	3	1	3 169 472
1459	3	1	3 185 328
1460	3	1	3 185 388
1461	3	1	3 185 497
1462	3	1	3 206 349
1463	3	1	3 225 275
1464	3	1	3 225 294
1465	3	1	3 225 345
1466	3	1	3 226 403
1467	3	1	3 245 419
1468	3	1	3 245 497
1469	3	1	3 275 279
1470	3	1	3 275 305
1471	3	1	3 275 328
1472	3	1	3 275 345
1473	3	1	3 279 342
1474	3	1	3 279 397
1475	3	1	3 279 472
1476	3	1	3 294 406
1477	3	1	3 294 472
1478	3	1	3 305 416
1479	3	1	3 328 416
1480	3	1	3 342 349
1481	3	1	3 342 435
1482	3	1	3 349 388
1483	3	1	3 349 452
1484	3	1	3 353 435
1485	3	1	3 353 453
1486	3	1	3 353 497
1487	3	1	3 385 388
1488	3	1	3 385 452
1489	3	1	3 385 453
1490	3	1	3 388 416
1491	3	1	3 388 419
1492	3	1	3 396 416
1493	3	1	3 396 452
1494	3	1	3 397 419
1495	3	1	3 397 472
1496	3	1	3 406 416
1497	3	1	3 416 419
1498	3	1	3 419 452
1499	3	1	3 419 472
1500	3	1	4 5 160
1501	3	1	4 5 183
1502	3	1	4 5 197
1503	3	1	4 5 466
1504	3	1	4 15 343
1505	3	1	4 48 140
1506	3	1	4 48 200
1507	3	1	4 48 242
1508	3	1	4 71 166
1509	3	1	4 71 300
1510	3	1	4 71 310
1511	3	1	4 71 320
1512	3	1	4 71 428
1513	3	1	4 73 343
1514	3	1	4 73 466
1515	3	1	4 92 101
1516	3	1	4 92 149
1517	3	1	4 92 300
1518	3	1	4 92 346
1519	3	1	4 92 367
1520	3	1	4 92 385
1521	3	1	4 92 466
1522	3	1	4 94 183
1523	3	1	4 94 297
1524	3	1	4 94 350
1525	3	1	4 94 385
1526	3	1	4 100 346
1527	3	1	4 100 387
1528	3	1	4 101 124
1529	3	1	4 101 149
1530	3	1	4 101 183
1531	3	1	4 101 320
1532	3	1	4 101 404
1533	3	1	4 123 297
1534	3	1	4 123 346
1535	3	1	4 123 376
1536	3	1	4 124 297
1537	3	1	4 124 320
1538	3	1	4 140 149
1539	3	1	4 140 166
1540	3	1	4 140 285
1541	3	1	4 140 310
1542	3	1	4 149 322
1543	3	1	4 149 350
1544	3	1	4 149 367
1545	3	1	4 149 376
1546	3	1	4 149 387
1547	3	1	4 149 491
1548	3	1	4 160 428
1549	3	1	4 166 367
1550	3	1	4 166 385
1551	3	1	4 183 242
1552	3	1	4 183 276
1553	3	1	4 183 320
1554	3	1	4 183 346
1555	3	1	4 183 385
1556	3	1	4 183 387
1557	3	1	4 183 404
1558	3	1	4 197 367
1559	3	1	4 197 376
1560	3	1	4 200 322
1561	3	1	4 200 366
1562	3	1	4 200 376
1563	3	1	4 234 320
1564	3	1	4 234 350
1565	3	1	4 234 367
1566	3	1	4 234 387
1567	3	1	4 234 466
1568	3	1	4 242 297
1569	3	1	4 242 466
1570	3	1	4 276 283
1571	3	1	4 276 297
1572	3	1	4 276 300
1573	3	1	4 276 320
1574	3	1	4 276 367
1575	3	1	4 276 453
1576	3	1	4 283 350
1577	3	1	4 283 366
1578	3	1	4 285 297
1579	3	1	4 297 300
1580	3	1	4 297 428
1581	3	1	4 297 466
1582	3	1	4 300 322
1583	3	1	4 320 333
1584	3	1	4 320 385
1585	3	1	4 320 466
1586	3	1	4 320 491
1587	3	1	4 322 404
1588	3	1	4 333 346
1589	3	1	4 333 466
1590	3	1	4 343 428
1591	3	1	4 346 387
1592	3	1	4 350 491
1593	3	1	4 367 453
1594	3	1	4 385 453
1595	3	1	4 387 404
1596	3	1	4 404 409
1597	3	1	5 6 103
1598	3	1	5 6 222
1599	3	1	5 6 236
1600	3	1	5 6 368
1601	3	1	5 6 389
1602	3	1	5 6 416
1603	3	1	5 30 170
1604	3	1	5 30 287
1605	3	1	5 30 410
1606	3	1	5 33 172
1607	3	1	5 33 211
1608	3	1	5 33 261
1609	3	1	5 33 286
1610	3	1	5 33 389
1611	3	1	5 33 410
1612	3	1	5 33 432
1613	3	1	5 33 466
1614	3	1	5 34 170
1615	3	1	5 34 261
1616	3	1	5 34 440
1617	3	1	5 35 77
1618	3	1	5 35 103
1619	3	1	5 35 112
1620	3	1	5 35 183
1621	3	1	5 35 251
1622	3	1	5 35 440
1623	3	1	5 53 172
1624	3	1	5 53 173
1625	3	1	5 53 183
1626	3	1	5 53 236
1627	3	1	5 53 269
1628	3	1	5 53 330
1629	3	1	5 53 440
1630	3	1	5 77 99
1631	3	1	5 77 112
1632	3	1	5 77 238
1633	3	1	5 78 90
1634	3	1	5 78 170
1635	3	1	5 78 330
1636	3	1	5 78 432
1637	3	1	5 90 222
1638	3	1	5 90 245
1639	3	1	5 90 261
1640	3	1	5 90 278
1641	3	1	5 90 391
1642	3	1	5 90 440
1643	3	1	5 99 103
1644	3	1	5 99 364
1645	3	1	5 99 432
1646	3	1	5 103 160
1647	3	1	5 103 172
1648	3	1	5 103 204
1649	3	1	5 103 245
1650	3	1	5 103 288
1651	3	1	5 103 410
1652	3	1	5 112 160
1653	3	1	5 112 337
1654	3	1	5 112 341
1655	3	1	5 112 364
1656	3	1	5 112 373
1657	3	1	5 112 466
1658	3	1	5 142 245
1659	3	1	5 142 389
1660	3	1	5 142 405
1661	3	1	5 156 170
1662	3	1	5 156 337
1663	3	1	5 156 364
1664	3	1	5 160 222
1665	3	1	5 160 236
1666	3	1	5 160 391
1667	3	1	5 160 440
1668	3	1	5 170 172
1669	3	1	5 170 197
1670	3	1	5 170 286
1671	3	1	5 170 410
1672	3	1	5 172 341
1673	3	1	5 172 373
1674	3	1	5 172 432
1675	3	1	5 172 440
1676	3	1	5 173 432
1677	3	1	5 183 410
1678	3	1	5 183 432
1679	3	1	5 183 440
1680	3	1	5 189 251
1681	3	1	5 189 341
1682	3	1	5 197 389
1683	3	1	5 204 222
1684	3	1	5 204 286
1685	3	1	5 204 337
1686	3	1	5 211 251
1687	3	1	5 211 275
1688	3	1	5 222 275
1689	3	1	5 222 286
1690	3	1	5 236 440
1691	3	1	5 238 330
1692	3	1	5 238 416
1693	3	1	5 238 440
1694	3	1	5 245 288
1695	3	1	5 251 278
1696	3	1	5 251 286
1697	3	1	5 251 341
1698	3	1	5 269 288
1699	3	1	5 269 410
1700	3	1	5 275 466
1701	3	1	5 278 287
1702	3	1	5 278 288
1703	3	1	5 286 410
1704	3	1	5 286 432
1705	3	1	5 287 337
1706	3	1	5 288 440
1707	3	1	5 341 373
1708	3	1	5 364 373
1709	3	1	5 368 391
1710	3	1	5 373 405
1711	3	1	5 391 416
1712	3	1	5 405 410
1713	3	1	5 405 432
1714	3	1	5 405 466
1715	3	1	6 13 136
1716	3	1	6 13 236
1717	3	1	6 16 124
1718	3	1	6 16 157
1719	3	1	6 16 177
1720	3	1	6 16 389
1721	3	1	6 16 394
1722	3	1	6 26 253
1723	3	1	6 26 355
1724	3	1	6 26 500
1725	3	1	6 32 308
1726	3	1	6 32 314
1727	3	1	6 32 500
1728	3	1	6 40 201
1729	3	1	6 40 376
1730	3	1	6 79 103
1731	3	1	6 79 110
1732	3	1	6 79 394
1733	3	1	6 87 161
1734	3	1	6 87 416
1735	3	1	6 98 104
1736	3	1	6 98 136
1737	3	1	6 98 157
1738	3	1	6 98 202
1739	3	1	6 98 281
1740	3	1	6 98 380
1741	3	1	6 98 416
1742	3	1	6 103 177
1743	3	1	6 103 367
1744	3	1	6 104 192
1745	3	1	6 104 302
1746	3	1	6 104 389
1747	3	1	6 110 124
1748	3	1	6 110 190
1749	3	1	6 110 222
1750	3	1	6 110 315
1751	3	1	6 110 335
1752	3	1	6 115 217
1753	3	1	6 115 319
1754	3	1	6 124 176
1755	3	1	6 136 362
1756	3	1	6 157 161
1757	3	1	6 157 310
1758	3	1	6 157 314
1759	3	1	6 157 394
1760	3	1	6 157 398
1761	3	1	6 161 217
1762	3	1	6 161 222
1763	3	1	6 161 253
1764	3	1	6 161 314
1765	3	1	6 176 253
1766	3	1	6 176 335
1767	3	1	6 176 394
1768	3	1	6 177 308
1769	3	1	6 177 362
1770	3	1	6 190 281
1771	3	1	6 190 380
1772	3	1	6 190 398
1773	3	1	6 190 416
1774	3	1	6 192 217
1775	3	1	6 192 302
1776	3	1	6 192 314
1777	3	1	6 192 389
1778	3	1	6 202 310
1779	3	1	6 202 362
1780	3	1	6 202 448
1781	3	1	6 202 500
1782	3	1	6 222 448
1783	3	1	6 236 355
1784	3	1	6 281 380
1785	3	1	6 281 500
1786	3	1	6 302 500
1787	3	1	6 308 314
1788	3	1	6 308 319
1789	3	1	6 308 416
1790	3	1	6 310 314
1791	3	1	6 310 315
1792	3	1	6 314 335
1793	3	1	6 314 389
1794	3	1	6 315 389
1795	3	1	6 315 398
1796	3	1	6 319 367
1797	3	1	6 319 394
1798	3	1	6 355 367
1799	3	1	6 355 389
1800	3	1	6 380 389
1801	3	1	6 380 398
1802	3	1	7 9 197
1803	3	1	7 9 212
1804	3	1	7 9 221
1805	3	1	7 9 298
1806	3	1	7 20 33
1807	3	1	7 20 57
1808	3	1	7 20 193
1809	3	1	7 20 287
1810	3	1	7 20 346
1811	3	1	7 33 246
1812	3	1	7 33 294
1813	3	1	7 33 457
1814	3	1	7 38 57
1815	3	1	7 38 163
1816	3	1	7 38 453
1817	3	1	7 38 457
1818	3	1	7 50 56
1819	3	1	7 50 287
1820	3	1	7 50 321
1821	3	1	7 56 88
1822	3	1	7 57 116
1823	3	1	7 57 149
1824	3	1	7 57 216
1825	3	1	7 57 240
1826	3	1	7 57 321
1827	3	1	7 57 329
1828	3	1	7 57 439
1829	3	1	7 57 488
1830	3	1	7 68 94
1831	3	1	7 68 120
1832	3	1	7 68 163
1833	3	1	7 68 197
1834	3	1	7 68 212
1835	3	1	7 71 298
1836	3	1	7 71 485
1837	3	1	7 83 116
1838	3	1	7 83 193
1839	3	1	7 83 221
1840	3	1	7 83 346
1841	3	1	7 83 457
1842	3	1	7 83 486
1843	3	1	7 88 163
1844	3	1	7 88 298
1845	3	1	7 88 321
1846	3	1	7 88 440
1847	3	1	7 92 149
1848	3	1	7 92 232
1849	3	1	7 92 346
1850	3	1	7 92 367
1851	3	1	7 92 385
1852	3	1	7 94 120
1853	3	1	7 94 171
1854	3	1	7 94 243
1855	3	1	7 94 294
1856	3	1	7 94 298
1857	3	1	7 94 385
1858	3	1	7 106 163
1859	3	1	7 106 246
1860	3	1	7 106 298
1861	3	1	7 116 394
1862	3	1	7 116 486
1863	3	1	7 120 232
1864	3	1	7 149 240
1865	3	1	7 149 246
1866	3	1	7 149 367
1867	3	1	7 163 245
1868	3	1	7 163 298
1869	3	1	7 163 346
1870	3	1	7 163 378
1871	3	1	7 163 463
1872	3	1	7 163 485
1873	3	1	7 171 367
1874	3	1	7 171 385
1875	3	1	7 171 440
1876	3	1	7 171 447
1877	3	1	7 193 212
1878	3	1	7 193 240
1879	3	1	7 193 243
1880	3	1	7 193 298
1881	3	1	7 193 453
1882	3	1	7 197 240
1883	3	1	7 197 321
1884	3	1	7 197 367
1885	3	1	7 212 216
1886	3	1	7 212 346
1887	3	1	7 212 463
1888	3	1	7 212 486
1889	3	1	7 213 232
1890	3	1	7 213 240
1891	3	1	7 213 298
1892	3	1	7 216 245
1893	3	1	7 216 439
1894	3	1	7 216 486
1895	3	1	7 216 488
1896	3	1	7 221 485
1897	3	1	7 232 329
1898	3	1	7 232 440
1899	3	1	7 232 463
1900	3	1	7 232 485
1901	3	1	7 240 329
1902	3	1	7 240 440
1903	3	1	7 240 486
1904	3	1	7 243 385
1905	3	1	7 246 287
1906	3	1	7 246 485
1907	3	1	7 246 486
1908	3	1	7 287 298
1909	3	1	7 287 329
1910	3	1	7 294 298
1911	3	1	7 294 321
1912	3	1	7 294 378
1913	3	1	7 294 394
1914	3	1	7 294 463
1915	3	1	7 298 439
1916	3	1	7 298 488
1917	3	1	7 321 367
1918	3	1	7 329 447
1919	3	1	7 329 485
1920	3	1	7 335 447
1921	3	1	7 335 463
1922	3	1	7 367 439
1923	3	1	7 367 453
1924	3	1	7 378 439
1925	3	1	7 385 440
1926	3	1	7 385 453
1927	3	1	7 439 453
1928	3	1	7 440 447
1929	3	1	7 440 488
1930	3	1	7 447 485
1931	3	1	7 453 486
1932	3	1	7 463 486
1933	3	1	8 15 185
1934	3	1	8 15 439
1935	3	1	8 28 233
1936	3	1	8 28 282
1937	3	1	8 35 371
1938	3	1	8 35 440
1939	3	1	8 35 448
1940	3	1	8 35 454
1941	3	1	8 48 185
1942	3	1	8 50 143
1943	3	1	8 50 185
1944	3	1	8 52 97
1945	3	1	8 54 97
1946	3	1	8 54 193
1947	3	1	8 54 225
1948	3	1	8 54 282
1949	3	1	8 54 440
1950	3	1	8 61 128
1951	3	1	8 61 260
1952	3	1	8 61 372
1953	3	1	8 61 448
1954	3	1	8 65 97
1955	3	1	8 65 310
1956	3	1	8 65 372
1957	3	1	8 74 181
1958	3	1	8 74 233
1959	3	1	8 97 128
1960	3	1	8 97 234
1961	3	1	8 97 309
1962	3	1	8 97 372
1963	3	1	8 128 313
1964	3	1	8 143 181
1965	3	1	8 143 225
1966	3	1	8 143 440
1967	3	1	8 143 454
1968	3	1	8 155 313
1969	3	1	8 155 372
1970	3	1	8 155 440
1971	3	1	8 161 372
1972	3	1	8 166 394
1973	3	1	8 181 185
1974	3	1	8 181 313
1975	3	1	8 181 371
1976	3	1	8 185 310
1977	3	1	8 185 448
1978	3	1	8 193 309
1979	3	1	8 225 233
1980	3	1	8 225 246
1981	3	1	8 225 312
1982	3	1	8 229 309
1983	3	1	8 229 310
1984	3	1	8 229 312
1985	3	1	8 229 399
1986	3	1	8 233 440
1987	3	1	8 234 312
1988	3	1	8 234 439
1989	3	1	8 236 440
1990	3	1	8 246 371
1991	3	1	8 246 372
1992	3	1	8 246 446
1993	3	1	8 260 399
1994	3	1	8 282 310
1995	3	1	8 282 376
1996	3	1	8 312 372
1997	3	1	8 312 376
1998	3	1	8 313 454
1999	3	1	8 394 424
2000	3	1	8 399 448
2001	3	1	8 440 446
2002	3	1	9 22 158
2003	3	1	9 22 197
2004	3	1	9 22 212
2005	3	1	9 22 353
2006	3	1	9 22 413
2007	3	1	9 22 423
2008	3	1	9 32 81
2009	3	1	9 32 231
2010	3	1	9 32 297
2011	3	1	9 32 413
2012	3	1	9 32 419
2013	3	1	9 32 494
2014	3	1	9 32 500
2015	3	1	9 45 81
2016	3	1	9 45 90
2017	3	1	9 45 134
2018	3	1	9 45 181
2019	3	1	9 45 445
2020	3	1	9 69 231
2021	3	1	9 69 269
2022	3	1	9 69 298
2023	3	1	9 81 90
2024	3	1	9 81 197
2025	3	1	9 81 231
2026	3	1	9 81 263
2027	3	1	9 81 322
2028	3	1	9 90 134
2029	3	1	9 90 419
2030	3	1	9 134 284
2031	3	1	9 134 419
2032	3	1	9 134 494
2033	3	1	9 139 297
2034	3	1	9 139 419
2035	3	1	9 142 295
2036	3	1	9 142 353
2037	3	1	9 142 429
2038	3	1	9 158 212
2039	3	1	9 158 322
2040	3	1	9 158 494
2041	3	1	9 181 221
2042	3	1	9 181 419
2043	3	1	9 197 305
2044	3	1	9 197 419
2045	3	1	9 212 419
2046	3	1	9 221 267
2047	3	1	9 221 305
2048	3	1	9 221 322
2049	3	1	9 221 494
2050	3	1	9 231 445
2051	3	1	9 263 269
2052	3	1	9 263 500
2053	3	1	9 267 284
2054	3	1	9 269 322
2055	3	1	9 269 445
2056	3	1	9 284 295
2057	3	1	9 284 305
2058	3	1	9 284 322
2059	3	1	9 284 344
2060	3	1	9 284 429
2061	3	1	9 295 298
2062	3	1	9 295 419
2063	3	1	9 297 364
2064	3	1	9 298 344
2065	3	1	9 322 445
2066	3	1	9 344 364
2067	3	1	9 344 445
2068	3	1	9 353 413
2069	3	1	9 353 429
2070	3	1	9 353 500
2071	3	1	9 413 494
2072	3	1	9 419 423
2073	3	1	9 419 445
2074	3	1	10 22 73
2075	3	1	10 22 161
2076	3	1	10 22 353
2077	3	1	10 22 400
2078	3	1	10 22 479
2079	3	1	10 60 258
2080	3	1	10 60 453
2081	3	1	10 60 476
2082	3	1	10 65 400
2083	3	1	10 65 455
2084	3	1	10 73 75
2085	3	1	10 73 128
2086	3	1	10 73 295
2087	3	1	10 73 476
2088	3	1	10 87 161
2089	3	1	10 87 277
2090	3	1	10 87 385
2091	3	1	10 102 228
2092	3	1	10 102 400
2093	3	1	10 102 455
2094	3	1	10 102 479
2095	3	1	10 112 384
2096	3	1	10 128 209
2097	3	1	10 128 241
2098	3	1	10 128 258
2099	3	1	10 128 279
2100	3	1	10 128 321
2101	3	1	10 161 321
2102	3	1	10 162 169
2103	3	1	10 162 281
2104	3	1	10 162 400
2105	3	1	10 169 295
2106	3	1	10 169 400
2107	3	1	10 209 321
2108	3	1	10 228 258
2109	3	1	10 228 476
2110	3	1	10 233 353
2111	3	1	10 233 465
2112	3	1	10 234 248
2113	3	1	10 234 258
2114	3	1	10 234 411
2115	3	1	10 234 455
2116	3	1	10 234 465
2117	3	1	10 241 400
2118	3	1	10 268 295
2119	3	1	10 268 455
2120	3	1	10 275 279
2121	3	1	10 276 453
2122	3	1	10 277 284
2123	3	1	10 277 396
2124	3	1	10 277 465
2125	3	1	10 279 321
2126	3	1	10 281 396
2127	3	1	10 281 476
2128	3	1	10 284 295
2129	3	1	10 284 321
2130	3	1	10 284 384
2131	3	1	10 321 396
2132	3	1	10 353 411
2133	3	1	10 353 453
2134	3	1	10 353 465
2135	3	1	10 384 396
2136	3	1	10 385 453
2137	3	1	10 400 479
2138	3	1	11 12 158
2139	3	1	11 12 187
2140	3	1	11 12 212
2141	3	1	11 12 412
2142	3	1	11 12 476
2143	3	1	11 32 337
2144	3	1	11 38 100
2145	3	1	11 38 163
2146	3	1	11 38 174
2147	3	1	11 38 253
2148	3	1	11 38 302
2149	3	1	11 38 431
2150	3	1	11 38 472
2151	3	1	11 56 105
2152	3	1	11 56 138
2153	3	1	11 56 174
2154	3	1	11 56 187
2155	3	1	11 56 244
2156	3	1	11 62 163
2157	3	1	11 62 323
2158	3	1	11 62 371
2159	3	1	11 62 431
2160	3	1	11 62 439
2161	3	1	11 84 174
2162	3	1	11 84 244
2163	3	1	11 84 412
2164	3	1	11 84 436
2165	3	1	11 84 447
2166	3	1	11 84 472
2167	3	1	11 100 138
2168	3	1	11 104 302
2169	3	1	11 104 361
2170	3	1	11 104 436
2171	3	1	11 104 459
2172	3	1	11 104 464
2173	3	1	11 104 472
2174	3	1	11 105 138
2175	3	1	11 105 161
2176	3	1	11 105 371
2177	3	1	11 105 439
2178	3	1	11 105 476
2179	3	1	11 138 187
2180	3	1	11 138 412
2181	3	1	11 158 161
2182	3	1	11 158 212
2183	3	1	11 158 411
2184	3	1	11 161 253
2185	3	1	11 161 329
2186	3	1	11 161 337
2187	3	1	11 161 431
2188	3	1	11 163 174
2189	3	1	11 163 298
2190	3	1	11 163 455
2191	3	1	11 174 296
2192	3	1	11 174 298
2193	3	1	11 187 253
2194	3	1	11 187 379
2195	3	1	11 187 455
2196	3	1	11 212 244
2197	3	1	11 212 342
2198	3	1	11 212 371
2199	3	1	11 212 416
2200	3	1	11 244 253
2201	3	1	11 244 323
2202	3	1	11 244 337
2203	3	1	11 244 431
2204	3	1	11 244 436
2205	3	1	11 244 439
2206	3	1	11 244 447
2207	3	1	11 244 455
2208	3	1	11 253 298
2209	3	1	11 253 337
2210	3	1	11 253 439
2211	3	1	11 271 371
2212	3	1	11 271 411
2213	3	1	11 271 412
2214	3	1	11 271 431
2215	3	1	11 271 476
2216	3	1	11 282 436
2217	3	1	11 296 302
2218	3	1	11 296 342
2219	3	1	11 296 411
2220	3	1	11 296 439
2221	3	1	11 296 462
2222	3	1	11 298 302
2223	3	1	11 298 439
2224	3	1	11 302 323
2225	3	1	11 302 329
2226	3	1	11 302 451
2227	3	1	11 323 337
2228	3	1	11 323 455
2229	3	1	11 329 379
2230	3	1	11 329 447
2231	3	1	11 337 462
2232	3	1	11 342 371
2233	3	1	11 342 451
2234	3	1	11 342 459
2235	3	1	11 361 411
2236	3	1	11 361 412
2237	3	1	11 361 447
2238	3	1	11 361 451
2239	3	1	11 361 472
2240	3	1	11 371 411
2241	3	1	11 371 451
2242	3	1	11 371 455
2243	3	1	11 371 462
2244	3	1	11 411 472
2245	3	1	11 412 447
2246	3	1	11 412 476
2247	3	1	11 416 476
2248	3	1	11 431 462
2249	3	1	11 436 459
2250	3	1	11 451 464
2251	3	1	11 459 462
2252	3	1	11 462 476
2253	3	1	12 23 63
2254	3	1	12 23 377
2255	3	1	12 29 443
2256	3	1	12 29 483
2257	3	1	12 52 63
2258	3	1	12 52 285
2259	3	1	12 53 82
2260	3	1	12 53 149
2261	3	1	12 53 158
2262	3	1	12 53 236
2263	3	1	12 53 319
2264	3	1	12 53 443
2265	3	1	12 53 483
2266	3	1	12 57 59
2267	3	1	12 57 116
2268	3	1	12 57 149
2269	3	1	12 57 158
2270	3	1	12 57 234
2271	3	1	12 57 236
2272	3	1	12 57 240
2273	3	1	12 57 412
2274	3	1	12 59 187
2275	3	1	12 59 236
2276	3	1	12 59 349
2277	3	1	12 59 376
2278	3	1	12 63 240
2279	3	1	12 63 258
2280	3	1	12 63 412
2281	3	1	12 68 212
2282	3	1	12 68 476
2283	3	1	12 82 158
2284	3	1	12 82 187
2285	3	1	12 82 356
2286	3	1	12 82 376
2287	3	1	12 82 419
2288	3	1	12 116 187
2289	3	1	12 116 234
2290	3	1	12 116 419
2291	3	1	12 149 240
2292	3	1	12 149 376
2293	3	1	12 149 476
2294	3	1	12 158 212
2295	3	1	12 158 319
2296	3	1	12 158 325
2297	3	1	12 158 343
2298	3	1	12 177 443
2299	3	1	12 180 236
2300	3	1	12 180 343
2301	3	1	12 180 349
2302	3	1	12 212 325
2303	3	1	12 212 376
2304	3	1	12 212 404
2305	3	1	12 212 419
2306	3	1	12 234 258
2307	3	1	12 236 307
2308	3	1	12 236 404
2309	3	1	12 258 376
2310	3	1	12 285 419
2311	3	1	12 305 376
2312	3	1	12 305 412
2313	3	1	12 307 377
2314	3	1	12 319 483
2315	3	1	12 325 356
2316	3	1	12 343 483
2317	3	1	12 349 376
2318	3	1	12 356 417
2319	3	1	12 376 412
2320	3	1	12 377 404
2321	3	1	12 404 412
2322	3	1	12 412 476
2323	3	1	13 46 299
2324	3	1	13 46 435
2325	3	1	13 47 226
2326	3	1	13 47 366
2327	3	1	13 63 169
2328	3	1	13 63 418
2329	3	1	13 71 169
2330	3	1	13 71 282
2331	3	1	13 71 300
2332	3	1	13 75 183
2333	3	1	13 75 221
2334	3	1	13 75 267
2335	3	1	13 119 289
2336	3	1	13 126 282
2337	3	1	13 126 435
2338	3	1	13 136 264
2339	3	1	13 136 417
2340	3	1	13 136 455
2341	3	1	13 169 435
2342	3	1	13 183 383
2343	3	1	13 183 422
2344	3	1	13 200 347
2345	3	1	13 200 366
2346	3	1	13 204 267
2347	3	1	13 204 455
2348	3	1	13 221 226
2349	3	1	13 221 236
2350	3	1	13 221 264
2351	3	1	13 221 267
2352	3	1	13 221 299
2353	3	1	13 221 418
2354	3	1	13 236 237
2355	3	1	13 236 264
2356	3	1	13 236 266
2357	3	1	13 237 299
2358	3	1	13 237 300
2359	3	1	13 237 417
2360	3	1	13 264 299
2361	3	1	13 264 418
2362	3	1	13 264 422
2363	3	1	13 267 289
2364	3	1	13 267 299
2365	3	1	13 267 347
2366	3	1	13 267 418
2367	3	1	13 282 299
2368	3	1	13 282 383
2369	3	1	13 282 418
2370	3	1	13 289 299
2371	3	1	13 289 383
2372	3	1	13 366 383
2373	3	1	13 418 453
2374	3	1	15 22 40
2375	3	1	15 22 158
2376	3	1	15 22 349
2377	3	1	15 44 86
2378	3	1	15 44 176
2379	3	1	15 44 243
2380	3	1	15 44 328
2381	3	1	15 44 425
2382	3	1	15 44 439
2383	3	1	15 44 462
2384	3	1	15 44 497
2385	3	1	15 45 328
2386	3	1	15 47 296
2387	3	1	15 47 462
2388	3	1	15 47 497
2389	3	1	15 69 185
2390	3	1	15 69 249
2391	3	1	15 69 349
2392	3	1	15 77 122
2393	3	1	15 77 249
2394	3	1	15 77 328
2395	3	1	15 77 335
2396	3	1	15 77 439
2397	3	1	15 77 455
2398	3	1	15 77 496
2399	3	1	15 86 447
2400	3	1	15 122 335
2401	3	1	15 122 425
2402	3	1	15 122 439
2403	3	1	15 158 219
2404	3	1	15 158 325
2405	3	1	15 158 343
2406	3	1	15 158 425
2407	3	1	15 176 219
2408	3	1	15 176 253
2409	3	1	15 176 296
2410	3	1	15 176 325
2411	3	1	15 176 335
2412	3	1	15 176 349
2413	3	1	15 185 221
2414	3	1	15 185 243
2415	3	1	15 185 328
2416	3	1	15 185 335
2417	3	1	15 185 343
2418	3	1	15 185 351
2419	3	1	15 185 388
2420	3	1	15 185 497
2421	3	1	15 219 328
2422	3	1	15 219 349
2423	3	1	15 219 483
2424	3	1	15 243 296
2425	3	1	15 249 253
2426	3	1	15 249 335
2427	3	1	15 249 343
2428	3	1	15 249 351
2429	3	1	15 253 325
2430	3	1	15 253 343
2431	3	1	15 253 351
2432	3	1	15 253 439
2433	3	1	15 296 439
2434	3	1	15 296 462
2435	3	1	15 325 463
2436	3	1	15 328 335
2437	3	1	15 335 343
2438	3	1	15 335 388
2439	3	1	15 335 447
2440	3	1	15 335 463
2441	3	1	15 335 497
2442	3	1	15 343 483
2443	3	1	15 349 388
2444	3	1	15 349 455
2445	3	1	15 351 462
2446	3	1	15 351 497
2447	3	1	15 388 425
2448	3	1	15 425 439
2449	3	1	15 455 463
2450	3	1	16 23 38
2451	3	1	16 23 44
2452	3	1	16 23 394
2453	3	1	16 23 410
2454	3	1	16 33 246
2455	3	1	16 33 389
2456	3	1	16 33 410
2457	3	1	16 33 411
2458	3	1	16 33 464
2459	3	1	16 34 86
2460	3	1	16 34 92
2461	3	1	16 34 106
2462	3	1	16 34 268
2463	3	1	16 34 305
2464	3	1	16 34 396
2465	3	1	16 34 469
2466	3	1	16 38 57
2467	3	1	16 38 124
2468	3	1	16 42 177
2469	3	1	16 42 185
2470	3	1	16 42 268
2471	3	1	16 42 316
2472	3	1	16 42 454
2473	3	1	16 42 495
2474	3	1	16 44 86
2475	3	1	16 44 243
2476	3	1	16 44 337
2477	3	1	16 47 68
2478	3	1	16 47 124
2479	3	1	16 47 239
2480	3	1	16 47 411
2481	3	1	16 57 116
2482	3	1	16 57 234
2483	3	1	16 57 464
2484	3	1	16 68 188
2485	3	1	16 68 411
2486	3	1	16 68 469
2487	3	1	16 77 157
2488	3	1	16 77 246
2489	3	1	16 77 396
2490	3	1	16 77 469
2491	3	1	16 86 106
2492	3	1	16 86 234
2493	3	1	16 86 374
2494	3	1	16 86 426
2495	3	1	16 86 447
2496	3	1	16 92 389
2497	3	1	16 106 246
2498	3	1	16 116 234
2499	3	1	16 116 322
2500	3	1	16 116 394
2501	3	1	16 124 239
2502	3	1	16 124 268
2503	3	1	16 157 394
2504	3	1	16 157 447
2505	3	1	16 177 188
2506	3	1	16 177 322
2507	3	1	16 177 337
2508	3	1	16 177 426
2509	3	1	16 177 454
2510	3	1	16 185 243
2511	3	1	16 188 234
2512	3	1	16 188 337
2513	3	1	16 234 411
2514	3	1	16 234 464
2515	3	1	16 239 410
2516	3	1	16 239 426
2517	3	1	16 243 268
2518	3	1	16 243 454
2519	3	1	16 243 495
2520	3	1	16 246 426
2521	3	1	16 246 469
2522	3	1	16 268 394
2523	3	1	16 268 410
2524	3	1	16 268 426
2525	3	1	16 268 464
2526	3	1	16 268 469
2527	3	1	16 272 311
2528	3	1	16 272 447
2529	3	1	16 272 454
2530	3	1	16 272 464
2531	3	1	16 272 469
2532	3	1	16 305 337
2533	3	1	16 305 426
2534	3	1	16 316 411
2535	3	1	16 316 495
2536	3	1	16 322 411
2537	3	1	16 322 447
2538	3	1	16 337 374
2539	3	1	16 337 396
2540	3	1	16 374 483
2541	3	1	16 389 426
2542	3	1	16 389 454
2543	3	1	16 389 464
2544	3	1	16 396 447
2545	3	1	16 396 483
2546	3	1	16 410 447
2547	3	1	16 426 454
2548	3	1	16 447 454
2549	3	1	16 447 495
2550	3	1	16 464 469
2551	3	1	17 18 50
2552	3	1	17 18 171
2553	3	1	17 18 248
2554	3	1	17 18 497
2555	3	1	17 20 278
2556	3	1	17 20 284
2557	3	1	17 20 404
2558	3	1	17 36 171
2559	3	1	17 36 304
2560	3	1	17 36 406
2561	3	1	17 60 86
2562	3	1	17 60 319
2563	3	1	17 60 328
2564	3	1	17 60 364
2565	3	1	17 86 216
2566	3	1	17 86 319
2567	3	1	17 123 292
2568	3	1	17 123 319
2569	3	1	17 123 406
2570	3	1	17 127 471
2571	3	1	17 130 175
2572	3	1	17 130 197
2573	3	1	17 130 216
2574	3	1	17 130 497
2575	3	1	17 148 197
2576	3	1	17 148 233
2577	3	1	17 171 292
2578	3	1	17 171 304
2579	3	1	17 171 449
2580	3	1	17 175 219
2581	3	1	17 175 449
2582	3	1	17 177 278
2583	3	1	17 197 292
2584	3	1	17 197 424
2585	3	1	17 216 497
2586	3	1	17 219 328
2587	3	1	17 219 364
2588	3	1	17 219 449
2589	3	1	17 219 471
2590	3	1	17 224 471
2591	3	1	17 233 409
2592	3	1	17 248 409
2593	3	1	17 248 497
2594	3	1	17 278 304
2595	3	1	17 278 404
2596	3	1	17 278 497
2597	3	1	17 284 424
2598	3	1	17 284 463
2599	3	1	17 292 409
2600	3	1	17 292 449
2601	3	1	17 304 424
2602	3	1	17 328 409
2603	3	1	17 364 409
2604	3	1	17 404 409
2605	3	1	17 406 424
2606	3	1	17 406 471
2607	3	1	17 409 463
2608	3	1	17 449 497
2609	3	1	18 31 193
2610	3	1	18 31 249
2611	3	1	18 31 376
2612	3	1	18 31 399
2613	3	1	18 41 171
2614	3	1	18 41 201
2615	3	1	18 41 258
2616	3	1	18 41 281
2617	3	1	18 41 344
2618	3	1	18 49 193
2619	3	1	18 49 257
2620	3	1	18 49 258
2621	3	1	18 49 384
2622	3	1	18 50 286
2623	3	1	18 50 287
2624	3	1	18 68 434
2625	3	1	18 93 171
2626	3	1	18 93 287
2627	3	1	18 93 365
2628	3	1	18 93 455
2629	3	1	18 112 249
2630	3	1	18 112 257
2631	3	1	18 112 289
2632	3	1	18 112 344
2633	3	1	18 112 384
2634	3	1	18 112 464
2635	3	1	18 135 201
2636	3	1	18 171 377
2637	3	1	18 171 464
2638	3	1	18 193 248
2639	3	1	18 193 354
2640	3	1	18 193 495
2641	3	1	18 206 213
2642	3	1	18 206 248
2643	3	1	18 206 289
2644	3	1	18 206 349
2645	3	1	18 206 376
2646	3	1	18 206 495
2647	3	1	18 213 380
2648	3	1	18 248 287
2649	3	1	18 248 497
2650	3	1	18 249 281
2651	3	1	18 249 282
2652	3	1	18 249 399
2653	3	1	18 249 454
2654	3	1	18 249 464
2655	3	1	18 257 365
2656	3	1	18 257 377
2657	3	1	18 257 454
2658	3	1	18 258 287
2659	3	1	18 258 297
2660	3	1	18 258 376
2661	3	1	18 281 366
2662	3	1	18 281 380
2663	3	1	18 281 454
2664	3	1	18 282 376
2665	3	1	18 282 410
2666	3	1	18 286 355
2667	3	1	18 286 410
2668	3	1	18 286 434
2669	3	1	18 286 495
2670	3	1	18 287 297
2671	3	1	18 287 344
2672	3	1	18 287 377
2673	3	1	18 287 399
2674	3	1	18 287 495
2675	3	1	18 289 344
2676	3	1	18 289 372
2677	3	1	18 295 497
2678	3	1	18 297 454
2679	3	1	18 297 464
2680	3	1	18 297 495
2681	3	1	18 344 366
2682	3	1	18 344 399
2683	3	1	18 349 376
2684	3	1	18 349 410
2685	3	1	18 349 455
2686	3	1	18 349 495
2687	3	1	18 354 376
2688	3	1	18 354 384
2689	3	1	18 355 372
2690	3	1	18 366 434
2691	3	1	18 366 497
2692	3	1	18 380 384
2693	3	1	18 380 464
2694	3	1	18 384 434
2695	3	1	18 399 497
2696	3	1	18 434 455
2697	3	1	18 455 467
2698	3	1	18 467 495
2699	3	1	19 23 310
2700	3	1	19 23 439
2701	3	1	19 25 90
2702	3	1	19 25 388
2703	3	1	19 25 406
2704	3	1	19 25 437
2705	3	1	19 25 464
2706	3	1	19 29 62
2707	3	1	19 29 161
2708	3	1	19 29 186
2709	3	1	19 29 204
2710	3	1	19 29 287
2711	3	1	19 29 312
2712	3	1	19 29 448
2713	3	1	19 62 303
2714	3	1	19 62 369
2715	3	1	19 62 439
2716	3	1	19 62 484
2717	3	1	19 77 79
2718	3	1	19 77 310
2719	3	1	19 77 357
2720	3	1	19 77 439
2721	3	1	19 77 448
2722	3	1	19 79 159
2723	3	1	19 79 437
2724	3	1	19 79 464
2725	3	1	19 79 484
2726	3	1	19 90 310
2727	3	1	19 90 325
2728	3	1	19 90 412
2729	3	1	19 90 486
2730	3	1	19 98 357
2731	3	1	19 98 405
2732	3	1	19 98 406
2733	3	1	19 98 416
2734	3	1	19 98 432
2735	3	1	19 123 292
2736	3	1	19 123 369
2737	3	1	19 123 398
2738	3	1	19 123 406
2739	3	1	19 123 439
2740	3	1	19 124 204
2741	3	1	19 124 434
2742	3	1	19 124 497
2743	3	1	19 140 248
2744	3	1	19 140 303
2745	3	1	19 140 310
2746	3	1	19 140 434
2747	3	1	19 145 159
2748	3	1	19 145 369
2749	3	1	19 145 434
2750	3	1	19 159 324
2751	3	1	19 159 369
2752	3	1	19 159 432
2753	3	1	19 159 437
2754	3	1	19 161 292
2755	3	1	19 161 299
2756	3	1	19 161 303
2757	3	1	19 161 370
2758	3	1	19 186 369
2759	3	1	19 186 406
2760	3	1	19 204 324
2761	3	1	19 204 325
2762	3	1	19 204 437
2763	3	1	19 204 464
2764	3	1	19 204 476
2765	3	1	19 204 497
2766	3	1	19 248 272
2767	3	1	19 248 287
2768	3	1	19 248 299
2769	3	1	19 248 310
2770	3	1	19 248 324
2771	3	1	19 248 357
2772	3	1	19 248 437
2773	3	1	19 248 497
2774	3	1	19 272 309
2775	3	1	19 272 324
2776	3	1	19 272 370
2777	3	1	19 272 434
2778	3	1	19 272 464
2779	3	1	19 287 312
2780	3	1	19 287 324
2781	3	1	19 292 325
2782	3	1	19 292 369
2783	3	1	19 292 370
2784	3	1	19 292 484
2785	3	1	19 299 312
2786	3	1	19 299 325
2787	3	1	19 299 343
2788	3	1	19 303 325
2789	3	1	19 303 369
2790	3	1	19 303 405
2791	3	1	19 303 484
2792	3	1	19 310 365
2793	3	1	19 310 437
2794	3	1	19 312 406
2795	3	1	19 324 365
2796	3	1	19 324 370
2797	3	1	19 324 432
2798	3	1	19 324 486
2799	3	1	19 343 416
2800	3	1	19 343 448
2801	3	1	19 357 432
2802	3	1	19 357 464
2803	3	1	19 365 412
2804	3	1	19 369 437
2805	3	1	19 369 448
2806	3	1	19 370 406
2807	3	1	19 370 416
2808	3	1	19 383 416
2809	3	1	19 383 439
2810	3	1	19 388 416
2811	3	1	19 388 484
2812	3	1	19 398 434
2813	3	1	19 405 432
2814	3	1	19 405 464
2815	3	1	19 406 416
2816	3	1	19 406 476
2817	3	1	19 412 448
2818	3	1	19 412 476
2819	3	1	19 416 434
2820	3	1	19 416 476
2821	3	1	19 437 439
2822	3	1	19 439 484
2823	3	1	19 464 484
2824	3	1	19 486 497
2825	3	1	20 22 35
2826	3	1	20 22 207
2827	3	1	20 22 423
2828	3	1	20 25 33
2829	3	1	20 25 43
2830	3	1	20 25 207
2831	3	1	20 25 291
2832	3	1	20 25 423
2833	3	1	20 33 141
2834	3	1	20 35 251
2835	3	1	20 35 333
2836	3	1	20 43 226
2837	3	1	20 57 263
2838	3	1	20 57 333
2839	3	1	20 57 458
2840	3	1	20 91 141
2841	3	1	20 91 244
2842	3	1	20 91 278
2843	3	1	20 91 333
2844	3	1	20 91 425
2845	3	1	20 93 251
2846	3	1	20 93 287
2847	3	1	20 93 333
2848	3	1	20 93 346
2849	3	1	20 93 365
2850	3	1	20 99 157
2851	3	1	20 99 256
2852	3	1	20 99 423
2853	3	1	20 100 346
2854	3	1	20 100 458
2855	3	1	20 100 477
2856	3	1	20 141 142
2857	3	1	20 141 230
2858	3	1	20 141 399
2859	3	1	20 141 458
2860	3	1	20 142 226
2861	3	1	20 142 372
2862	3	1	20 142 399
2863	3	1	20 155 291
2864	3	1	20 155 372
2865	3	1	20 157 204
2866	3	1	20 157 226
2867	3	1	20 157 230
2868	3	1	20 157 251
2869	3	1	20 157 263
2870	3	1	20 157 423
2871	3	1	20 193 226
2872	3	1	20 193 309
2873	3	1	20 204 267
2874	3	1	20 204 477
2875	3	1	20 207 263
2876	3	1	20 207 267
2877	3	1	20 207 287
2878	3	1	20 226 477
2879	3	1	20 230 287
2880	3	1	20 244 278
2881	3	1	20 244 287
2882	3	1	20 244 399
2883	3	1	20 250 267
2884	3	1	20 250 278
2885	3	1	20 250 291
2886	3	1	20 250 309
2887	3	1	20 250 365
2888	3	1	20 250 425
2889	3	1	20 251 271
2890	3	1	20 251 278
2891	3	1	20 251 425
2892	3	1	20 256 333
2893	3	1	20 267 284
2894	3	1	20 267 372
2895	3	1	20 271 278
2896	3	1	20 271 284
2897	3	1	20 271 291
2898	3	1	20 271 458
2899	3	1	20 278 287
2900	3	1	20 278 333
2901	3	1	20 278 404
2902	3	1	20 278 423
2903	3	1	20 284 365
2904	3	1	20 284 399
2905	3	1	20 287 399
2906	3	1	20 287 458
2907	3	1	20 291 372
2908	3	1	20 291 399
2909	3	1	20 291 404
2910	3	1	20 291 423
2911	3	1	20 309 458
2912	3	1	20 333 346
2913	3	1	20 333 425
2914	3	1	20 365 458
2915	3	1	20 372 423
2916	3	1	20 372 425
2917	3	1	20 372 458
2918	3	1	20 404 425
2919	3	1	20 425 458
2920	3	1	22 26 158
2921	3	1	22 26 197
2922	3	1	22 26 312
2923	3	1	22 26 400
2924	3	1	22 35 380
2925	3	1	22 35 440
2926	3	1	22 40 105
2927	3	1	22 62 349
2928	3	1	22 62 378
2929	3	1	22 62 400
2930	3	1	22 62 479
2931	3	1	22 64 212
2932	3	1	22 64 378
2933	3	1	22 73 312
2934	3	1	22 73 347
2935	3	1	22 73 413
2936	3	1	22 105 161
2937	3	1	22 105 197
2938	3	1	22 105 380
2939	3	1	22 105 422
2940	3	1	22 105 423
2941	3	1	22 130 197
2942	3	1	22 130 216
2943	3	1	22 130 400
2944	3	1	22 137 161
2945	3	1	22 137 423
2946	3	1	22 158 161
2947	3	1	22 158 212
2948	3	1	22 158 378
2949	3	1	22 161 173
2950	3	1	22 161 373
2951	3	1	22 173 413
2952	3	1	22 212 216
2953	3	1	22 216 353
2954	3	1	22 216 400
2955	3	1	22 216 413
2956	3	1	22 312 380
2957	3	1	22 312 423
2958	3	1	22 349 378
2959	3	1	22 349 413
2960	3	1	22 353 413
2961	3	1	22 377 440
2962	3	1	22 378 413
2963	3	1	22 378 479
2964	3	1	22 380 400
2965	3	1	22 400 479
2966	3	1	22 422 423
2967	3	1	22 440 467
2968	3	1	23 38 112
2969	3	1	23 38 297
2970	3	1	23 38 302
2971	3	1	23 38 326
2972	3	1	23 44 135
2973	3	1	23 44 176
2974	3	1	23 44 302
2975	3	1	23 44 439
2976	3	1	23 63 76
2977	3	1	23 63 155
2978	3	1	23 63 162
2979	3	1	23 63 302
2980	3	1	23 63 326
2981	3	1	23 63 458
2982	3	1	23 76 155
2983	3	1	23 76 351
2984	3	1	23 76 458
2985	3	1	23 112 160
2986	3	1	23 112 227
2987	3	1	23 122 155
2988	3	1	23 122 297
2989	3	1	23 122 310
2990	3	1	23 122 439
2991	3	1	23 134 218
2992	3	1	23 134 302
2993	3	1	23 134 439
2994	3	1	23 135 160
2995	3	1	23 135 218
2996	3	1	23 135 310
2997	3	1	23 135 428
2998	3	1	23 155 162
2999	3	1	23 155 291
3000	3	1	23 155 326
3001	3	1	23 155 444
3002	3	1	23 160 377
3003	3	1	23 160 428
3004	3	1	23 160 444
3005	3	1	23 160 455
3006	3	1	23 160 477
3007	3	1	23 162 176
3008	3	1	23 162 218
3009	3	1	23 162 310
3010	3	1	23 162 377
3011	3	1	23 162 410
3012	3	1	23 165 291
3013	3	1	23 165 310
3014	3	1	23 165 455
3015	3	1	23 176 394
3016	3	1	23 176 477
3017	3	1	23 218 351
3018	3	1	23 227 455
3019	3	1	23 291 439
3020	3	1	23 297 302
3021	3	1	23 297 326
3022	3	1	23 297 428
3023	3	1	23 302 428
3024	3	1	23 302 500
3025	3	1	23 310 410
3026	3	1	23 310 459
3027	3	1	23 327 427
3028	3	1	23 351 458
3029	3	1	23 377 444
3030	3	1	23 410 427
3031	3	1	23 410 459
3032	3	1	23 428 444
3033	3	1	23 428 461
3034	3	1	23 439 444
3035	3	1	24 28 130
3036	3	1	24 28 230
3037	3	1	24 28 485
3038	3	1	24 30 177
3039	3	1	24 30 180
3040	3	1	24 30 260
3041	3	1	24 30 365
3042	3	1	24 47 54
3043	3	1	24 47 61
3044	3	1	24 54 94
3045	3	1	24 54 359
3046	3	1	24 54 489
3047	3	1	24 61 230
3048	3	1	24 61 260
3049	3	1	24 61 359
3050	3	1	24 61 393
3051	3	1	24 61 396
3052	3	1	24 93 177
3053	3	1	24 93 304
3054	3	1	24 93 365
3055	3	1	24 93 396
3056	3	1	24 94 288
3057	3	1	24 104 130
3058	3	1	24 104 361
3059	3	1	24 104 489
3060	3	1	24 130 458
3061	3	1	24 177 188
3062	3	1	24 177 230
3063	3	1	24 180 418
3064	3	1	24 180 430
3065	3	1	24 180 485
3066	3	1	24 188 371
3067	3	1	24 223 246
3068	3	1	24 223 288
3069	3	1	24 223 361
3070	3	1	24 230 371
3071	3	1	24 246 330
3072	3	1	24 246 371
3073	3	1	24 246 485
3074	3	1	24 260 418
3075	3	1	24 260 430
3076	3	1	24 260 489
3077	3	1	24 275 310
3078	3	1	24 275 418
3079	3	1	24 275 434
3080	3	1	24 275 485
3081	3	1	24 288 291
3082	3	1	24 288 418
3083	3	1	24 291 356
3084	3	1	24 304 393
3085	3	1	24 304 434
3086	3	1	24 304 458
3087	3	1	24 310 365
3088	3	1	24 330 351
3089	3	1	24 351 430
3090	3	1	24 351 458
3091	3	1	24 356 393
3092	3	1	24 356 418
3093	3	1	24 359 418
3094	3	1	24 365 396
3095	3	1	24 365 458
3096	3	1	24 365 485
3097	3	1	24 393 458
3098	3	1	24 418 430
3099	3	1	24 418 482
3100	3	1	24 458 482
3101	3	1	25 30 176
3102	3	1	25 30 207
3103	3	1	25 30 409
3104	3	1	25 33 172
3105	3	1	25 33 409
3106	3	1	25 33 464
3107	3	1	25 33 465
3108	3	1	25 43 106
3109	3	1	25 43 212
3110	3	1	25 43 388
3111	3	1	25 43 400
3112	3	1	25 43 437
3113	3	1	25 47 54
3114	3	1	25 47 61
3115	3	1	25 47 129
3116	3	1	25 47 296
3117	3	1	25 47 428
3118	3	1	25 47 462
3119	3	1	25 50 431
3120	3	1	25 50 500
3121	3	1	25 54 207
3122	3	1	25 54 400
3123	3	1	25 54 440
3124	3	1	25 61 176
3125	3	1	25 61 222
3126	3	1	25 61 396
3127	3	1	25 61 406
3128	3	1	25 61 462
3129	3	1	25 72 222
3130	3	1	25 72 361
3131	3	1	25 90 222
3132	3	1	25 90 440
3133	3	1	25 106 129
3134	3	1	25 106 468
3135	3	1	25 129 172
3136	3	1	25 129 396
3137	3	1	25 129 462
3138	3	1	25 129 481
3139	3	1	25 132 296
3140	3	1	25 132 423
3141	3	1	25 132 500
3142	3	1	25 172 176
3143	3	1	25 172 440
3144	3	1	25 176 296
3145	3	1	25 176 361
3146	3	1	25 207 233
3147	3	1	25 207 314
3148	3	1	25 212 291
3149	3	1	25 212 388
3150	3	1	25 212 396
3151	3	1	25 212 406
3152	3	1	25 233 291
3153	3	1	25 233 296
3154	3	1	25 233 409
3155	3	1	25 233 437
3156	3	1	25 233 440
3157	3	1	25 233 459
3158	3	1	25 233 465
3159	3	1	25 233 468
3160	3	1	25 236 440
3161	3	1	25 258 431
3162	3	1	25 291 423
3163	3	1	25 291 446
3164	3	1	25 291 465
3165	3	1	25 296 396
3166	3	1	25 296 462
3167	3	1	25 314 459
3168	3	1	25 396 440
3169	3	1	25 406 423
3170	3	1	25 406 428
3171	3	1	25 406 446
3172	3	1	25 409 423
3173	3	1	25 409 437
3174	3	1	25 418 440
3175	3	1	25 418 468
3176	3	1	25 423 428
3177	3	1	25 428 446
3178	3	1	25 431 462
3179	3	1	25 437 462
3180	3	1	25 440 446
3181	3	1	25 459 462
3182	3	1	25 464 465
3183	3	1	26 57 75
3184	3	1	26 57 158
3185	3	1	26 57 240
3186	3	1	26 57 263
3187	3	1	26 57 355
3188	3	1	26 75 139
3189	3	1	26 75 158
3190	3	1	26 75 183
3191	3	1	26 75 355
3192	3	1	26 75 387
3193	3	1	26 139 251
3194	3	1	26 139 297
3195	3	1	26 139 355
3196	3	1	26 139 462
3197	3	1	26 139 469
3198	3	1	26 140 397
3199	3	1	26 140 455
3200	3	1	26 158 219
3201	3	1	26 158 300
3202	3	1	26 158 425
3203	3	1	26 183 387
3204	3	1	26 183 400
3205	3	1	26 197 240
3206	3	1	26 197 469
3207	3	1	26 219 240
3208	3	1	26 219 397
3209	3	1	26 219 483
3210	3	1	26 219 486
3211	3	1	26 237 295
3212	3	1	26 237 300
3213	3	1	26 237 312
3214	3	1	26 237 387
3215	3	1	26 237 425
3216	3	1	26 240 263
3217	3	1	26 240 266
3218	3	1	26 240 486
3219	3	1	26 240 495
3220	3	1	26 245 253
3221	3	1	26 245 312
3222	3	1	26 245 469
3223	3	1	26 245 497
3224	3	1	26 245 500
3225	3	1	26 251 266
3226	3	1	26 251 300
3227	3	1	26 251 355
3228	3	1	26 251 425
3229	3	1	26 253 369
3230	3	1	26 253 397
3231	3	1	26 253 469
3232	3	1	26 253 495
3233	3	1	26 263 369
3234	3	1	26 263 500
3235	3	1	26 266 462
3236	3	1	26 295 312
3237	3	1	26 295 393
3238	3	1	26 295 497
3239	3	1	26 297 300
3240	3	1	26 297 428
3241	3	1	26 297 483
3242	3	1	26 297 495
3243	3	1	26 300 393
3244	3	1	26 355 483
3245	3	1	26 369 455
3246	3	1	26 379 425
3247	3	1	26 379 469
3248	3	1	26 387 400
3249	3	1	26 388 425
3250	3	1	26 393 500
3251	3	1	26 397 400
3252	3	1	26 486 497
3253	3	1	28 31 230
3254	3	1	28 31 333
3255	3	1	28 31 378
3256	3	1	28 31 383
3257	3	1	28 31 423
3258	3	1	28 32 292
3259	3	1	28 32 297
3260	3	1	28 32 333
3261	3	1	28 32 427
3262	3	1	28 32 465
3263	3	1	28 63 96
3264	3	1	28 63 120
3265	3	1	28 63 258
3266	3	1	28 63 292
3267	3	1	28 63 326
3268	3	1	28 67 82
3269	3	1	28 71 282
3270	3	1	28 71 298
3271	3	1	28 71 300
3272	3	1	28 71 327
3273	3	1	28 71 386
3274	3	1	28 71 389
3275	3	1	28 71 485
3276	3	1	28 75 292
3277	3	1	28 75 355
3278	3	1	28 75 427
3279	3	1	28 82 282
3280	3	1	28 82 300
3281	3	1	28 82 386
3282	3	1	28 82 389
3283	3	1	28 82 465
3284	3	1	28 90 232
3285	3	1	28 90 261
3286	3	1	28 90 300
3287	3	1	28 96 344
3288	3	1	28 96 378
3289	3	1	28 96 485
3290	3	1	28 120 172
3291	3	1	28 120 232
3292	3	1	28 130 297
3293	3	1	28 130 350
3294	3	1	28 130 427
3295	3	1	28 172 344
3296	3	1	28 172 355
3297	3	1	28 172 378
3298	3	1	28 230 261
3299	3	1	28 232 297
3300	3	1	28 232 355
3301	3	1	28 232 485
3302	3	1	28 233 326
3303	3	1	28 233 386
3304	3	1	28 233 465
3305	3	1	28 253 298
3306	3	1	28 253 311
3307	3	1	28 253 350
3308	3	1	28 257 292
3309	3	1	28 257 311
3310	3	1	28 257 327
3311	3	1	28 257 423
3312	3	1	28 257 465
3313	3	1	28 257 485
3314	3	1	28 258 297
3315	3	1	28 258 327
3316	3	1	28 258 378
3317	3	1	28 258 450
3318	3	1	28 258 485
3319	3	1	28 261 297
3320	3	1	28 261 328
3321	3	1	28 261 465
3322	3	1	28 282 328
3323	3	1	28 282 335
3324	3	1	28 282 383
3325	3	1	28 282 450
3326	3	1	28 282 485
3327	3	1	28 292 311
3328	3	1	28 292 423
3329	3	1	28 297 300
3330	3	1	28 297 326
3331	3	1	28 297 450
3332	3	1	28 297 466
3333	3	1	28 298 344
3334	3	1	28 300 311
3335	3	1	28 300 326
3336	3	1	28 300 335
3337	3	1	28 311 327
3338	3	1	28 311 383
3339	3	1	28 311 416
3340	3	1	28 311 466
3341	3	1	28 326 383
3342	3	1	28 326 450
3343	3	1	28 326 466
3344	3	1	28 327 427
3345	3	1	28 327 450
3346	3	1	28 328 333
3347	3	1	28 328 335
3348	3	1	28 328 416
3349	3	1	28 333 386
3350	3	1	28 333 389
3351	3	1	28 333 466
3352	3	1	28 335 344
3353	3	1	28 344 350
3354	3	1	28 344 450
3355	3	1	28 355 367
3356	3	1	28 355 389
3357	3	1	28 378 389
3358	3	1	28 378 427
3359	3	1	28 383 416
3360	3	1	28 383 465
3361	3	1	28 386 423
3362	3	1	28 423 466
3363	3	1	29 37 161
3364	3	1	29 37 278
3365	3	1	29 37 281
3366	3	1	29 37 385
3367	3	1	29 37 469
3368	3	1	29 62 318
3369	3	1	29 62 429
3370	3	1	29 66 221
3371	3	1	29 66 429
3372	3	1	29 66 443
3373	3	1	29 66 454
3374	3	1	29 97 153
3375	3	1	29 97 287
3376	3	1	29 97 359
3377	3	1	29 97 429
3378	3	1	29 97 483
3379	3	1	29 107 130
3380	3	1	29 107 204
3381	3	1	29 109 318
3382	3	1	29 109 443
3383	3	1	29 109 469
3384	3	1	29 130 237
3385	3	1	29 130 287
3386	3	1	29 130 318
3387	3	1	29 143 429
3388	3	1	29 143 454
3389	3	1	29 153 312
3390	3	1	29 153 347
3391	3	1	29 161 274
3392	3	1	29 186 237
3393	3	1	29 186 313
3394	3	1	29 186 359
3395	3	1	29 192 221
3396	3	1	29 192 347
3397	3	1	29 192 454
3398	3	1	29 204 281
3399	3	1	29 221 312
3400	3	1	29 221 448
3401	3	1	29 237 312
3402	3	1	29 237 359
3403	3	1	29 256 313
3404	3	1	29 274 287
3405	3	1	29 274 393
3406	3	1	29 278 287
3407	3	1	29 278 313
3408	3	1	29 278 422
3409	3	1	29 281 312
3410	3	1	29 281 422
3411	3	1	29 281 454
3412	3	1	29 287 312
3413	3	1	29 287 495
3414	3	1	29 312 359
3415	3	1	29 313 393
3416	3	1	29 313 454
3417	3	1	29 318 495
3418	3	1	29 347 429
3419	3	1	29 347 443
3420	3	1	29 359 422
3421	3	1	29 385 429
3422	3	1	29 429 444
3423	3	1	29 444 448
3424	3	1	30 41 59
3425	3	1	30 41 124
3426	3	1	30 41 177
3427	3	1	30 59 260
3428	3	1	30 59 365
3429	3	1	30 59 409
3430	3	1	30 82 302
3431	3	1	30 82 452
3432	3	1	30 116 170
3433	3	1	30 116 260
3434	3	1	30 116 322
3435	3	1	30 116 397
3436	3	1	30 116 491
3437	3	1	30 124 174
3438	3	1	30 124 176
3439	3	1	30 124 180
3440	3	1	30 124 193
3441	3	1	30 124 207
3442	3	1	30 124 225
3443	3	1	30 124 320
3444	3	1	30 149 322
3445	3	1	30 149 357
3446	3	1	30 149 410
3447	3	1	30 149 491
3448	3	1	30 170 355
3449	3	1	30 170 365
3450	3	1	30 170 410
3451	3	1	30 174 225
3452	3	1	30 174 397
3453	3	1	30 176 384
3454	3	1	30 176 477
3455	3	1	30 177 193
3456	3	1	30 177 322
3457	3	1	30 193 227
3458	3	1	30 193 397
3459	3	1	30 193 472
3460	3	1	30 207 225
3461	3	1	30 207 287
3462	3	1	30 207 355
3463	3	1	30 207 410
3464	3	1	30 225 311
3465	3	1	30 225 441
3466	3	1	30 227 346
3467	3	1	30 260 397
3468	3	1	30 260 399
3469	3	1	30 260 410
3470	3	1	30 287 397
3471	3	1	30 287 399
3472	3	1	30 287 441
3473	3	1	30 287 472
3474	3	1	30 302 346
3475	3	1	30 311 472
3476	3	1	30 320 385
3477	3	1	30 320 410
3478	3	1	30 320 472
3479	3	1	30 320 491
3480	3	1	30 322 357
3481	3	1	30 355 385
3482	3	1	30 365 397
3483	3	1	30 365 491
3484	3	1	30 384 441
3485	3	1	30 384 452
3486	3	1	30 385 452
3487	3	1	30 397 472
3488	3	1	30 399 491
3489	3	1	30 441 491
3490	3	1	30 452 477
3491	3	1	31 38 140
3492	3	1	31 38 397
3493	3	1	31 38 424
3494	3	1	31 38 430
3495	3	1	31 46 209
3496	3	1	31 46 242
3497	3	1	31 46 353
3498	3	1	31 46 435
3499	3	1	31 94 324
3500	3	1	31 94 399
3501	3	1	31 94 426
3502	3	1	31 94 500
3503	3	1	31 98 156
3504	3	1	31 98 209
3505	3	1	31 98 353
3506	3	1	31 98 426
3507	3	1	31 140 249
3508	3	1	31 140 391
3509	3	1	31 140 397
3510	3	1	31 140 426
3511	3	1	31 156 423
3512	3	1	31 164 186
3513	3	1	31 164 193
3514	3	1	31 186 424
3515	3	1	31 188 208
3516	3	1	31 188 383
3517	3	1	31 188 500
3518	3	1	31 193 397
3519	3	1	31 193 433
3520	3	1	31 208 209
3521	3	1	31 208 376
3522	3	1	31 208 409
3523	3	1	31 208 424
3524	3	1	31 208 500
3525	3	1	31 209 376
3526	3	1	31 218 378
3527	3	1	31 218 423
3528	3	1	31 218 430
3529	3	1	31 246 426
3530	3	1	31 249 324
3531	3	1	31 249 391
3532	3	1	31 249 399
3533	3	1	31 249 426
3534	3	1	31 249 433
3535	3	1	31 324 376
3536	3	1	31 324 430
3537	3	1	31 333 353
3538	3	1	31 353 376
3539	3	1	31 353 426
3540	3	1	31 353 433
3541	3	1	31 353 435
3542	3	1	31 353 500
3543	3	1	31 376 378
3544	3	1	31 376 423
3545	3	1	31 376 435
3546	3	1	31 391 424
3547	3	1	31 397 424
3548	3	1	31 399 430
3549	3	1	31 409 423
3550	3	1	31 423 435
3551	3	1	31 430 500
3552	3	1	32 64 303
3553	3	1	32 64 304
3554	3	1	32 64 324
3555	3	1	32 64 333
3556	3	1	32 64 419
3557	3	1	32 81 128
3558	3	1	32 81 231
3559	3	1	32 81 324
3560	3	1	32 81 337
3561	3	1	32 81 349
3562	3	1	32 81 427
3563	3	1	32 88 141
3564	3	1	32 88 349
3565	3	1	32 88 500
3566	3	1	32 106 128
3567	3	1	32 106 156
3568	3	1	32 106 226
3569	3	1	32 106 277
3570	3	1	32 106 308
3571	3	1	32 128 231
3572	3	1	32 128 304
3573	3	1	32 128 494
3574	3	1	32 141 399
3575	3	1	32 141 419
3576	3	1	32 141 465
3577	3	1	32 141 495
3578	3	1	32 152 304
3579	3	1	32 152 500
3580	3	1	32 156 337
3581	3	1	32 159 189
3582	3	1	32 159 324
3583	3	1	32 159 419
3584	3	1	32 159 500
3585	3	1	32 173 413
3586	3	1	32 173 495
3587	3	1	32 189 316
3588	3	1	32 189 333
3589	3	1	32 189 413
3590	3	1	32 189 500
3591	3	1	32 193 226
3592	3	1	32 193 314
3593	3	1	32 193 465
3594	3	1	32 193 495
3595	3	1	32 226 304
3596	3	1	32 226 312
3597	3	1	32 226 337
3598	3	1	32 231 308
3599	3	1	32 250 425
3600	3	1	32 250 495
3601	3	1	32 277 312
3602	3	1	32 277 430
3603	3	1	32 277 465
3604	3	1	32 292 399
3605	3	1	32 292 425
3606	3	1	32 297 308
3607	3	1	32 297 430
3608	3	1	32 297 495
3609	3	1	32 303 316
3610	3	1	32 303 399
3611	3	1	32 303 427
3612	3	1	32 303 430
3613	3	1	32 303 494
3614	3	1	32 303 495
3615	3	1	32 304 308
3616	3	1	32 308 314
3617	3	1	32 308 399
3618	3	1	32 314 413
3619	3	1	32 316 427
3620	3	1	32 316 465
3621	3	1	32 316 495
3622	3	1	32 324 419
3623	3	1	32 324 430
3624	3	1	32 333 425
3625	3	1	32 337 413
3626	3	1	32 337 419
3627	3	1	32 337 430
3628	3	1	32 349 388
3629	3	1	32 349 413
3630	3	1	32 349 495
3631	3	1	32 349 500
3632	3	1	32 388 419
3633	3	1	32 388 425
3634	3	1	32 388 427
3635	3	1	32 399 430
3636	3	1	32 413 494
3637	3	1	32 419 425
3638	3	1	32 419 430
3639	3	1	32 425 427
3640	3	1	32 425 430
3641	3	1	32 427 430
3642	3	1	32 430 500
3643	3	1	33 48 79
3644	3	1	33 48 153
3645	3	1	33 48 211
3646	3	1	33 48 228
3647	3	1	33 59 101
3648	3	1	33 59 136
3649	3	1	33 59 137
3650	3	1	33 59 260
3651	3	1	33 59 261
3652	3	1	33 59 409
3653	3	1	33 59 484
3654	3	1	33 69 172
3655	3	1	33 69 246
3656	3	1	33 76 80
3657	3	1	33 76 153
3658	3	1	33 76 286
3659	3	1	33 79 208
3660	3	1	33 79 457
3661	3	1	33 79 464
3662	3	1	33 79 484
3663	3	1	33 80 318
3664	3	1	33 80 457
3665	3	1	33 101 261
3666	3	1	33 101 389
3667	3	1	33 101 464
3668	3	1	33 101 465
3669	3	1	33 136 153
3670	3	1	33 136 172
3671	3	1	33 136 186
3672	3	1	33 136 228
3673	3	1	33 136 276
3674	3	1	33 136 465
3675	3	1	33 137 261
3676	3	1	33 137 484
3677	3	1	33 141 153
3678	3	1	33 141 186
3679	3	1	33 141 389
3680	3	1	33 141 409
3681	3	1	33 141 457
3682	3	1	33 141 465
3683	3	1	33 153 211
3684	3	1	33 153 489
3685	3	1	33 172 208
3686	3	1	33 172 246
3687	3	1	33 172 315
3688	3	1	33 172 432
3689	3	1	33 186 211
3690	3	1	33 186 294
3691	3	1	33 186 304
3692	3	1	33 186 465
3693	3	1	33 192 294
3694	3	1	33 192 389
3695	3	1	33 192 465
3696	3	1	33 192 473
3697	3	1	33 208 261
3698	3	1	33 208 409
3699	3	1	33 208 410
3700	3	1	33 208 473
3701	3	1	33 211 246
3702	3	1	33 211 409
3703	3	1	33 211 411
3704	3	1	33 211 464
3705	3	1	33 228 389
3706	3	1	33 228 473
3707	3	1	33 246 276
3708	3	1	33 260 318
3709	3	1	33 260 319
3710	3	1	33 260 410
3711	3	1	33 260 465
3712	3	1	33 260 489
3713	3	1	33 261 411
3714	3	1	33 261 465
3715	3	1	33 261 473
3716	3	1	33 286 410
3717	3	1	33 286 432
3718	3	1	33 286 457
3719	3	1	33 304 473
3720	3	1	33 315 318
3721	3	1	33 315 389
3722	3	1	33 315 464
3723	3	1	33 318 484
3724	3	1	33 319 466
3725	3	1	33 327 353
3726	3	1	33 353 411
3727	3	1	33 353 465
3728	3	1	33 389 457
3729	3	1	33 389 464
3730	3	1	33 409 411
3731	3	1	33 409 432
3732	3	1	33 409 484
3733	3	1	33 411 457
3734	3	1	33 457 466
3735	3	1	33 464 465
3736	3	1	33 464 466
3737	3	1	33 464 484
3738	3	1	33 464 489
3739	3	1	34 49 51
3740	3	1	34 49 122
3741	3	1	34 49 321
3742	3	1	34 49 332
3743	3	1	34 49 469
3744	3	1	34 63 92
3745	3	1	34 63 120
3746	3	1	34 63 123
3747	3	1	34 63 365
3748	3	1	34 63 445
3749	3	1	34 69 107
3750	3	1	34 69 123
3751	3	1	34 69 170
3752	3	1	34 69 268
3753	3	1	34 69 469
3754	3	1	34 73 122
3755	3	1	34 73 261
3756	3	1	34 73 354
3757	3	1	34 86 106
3758	3	1	34 86 321
3759	3	1	34 86 372
3760	3	1	34 92 134
3761	3	1	34 92 354
3762	3	1	34 106 123
3763	3	1	34 106 208
3764	3	1	34 107 134
3765	3	1	34 107 386
3766	3	1	34 109 261
3767	3	1	34 109 268
3768	3	1	34 109 332
3769	3	1	34 109 469
3770	3	1	34 109 480
3771	3	1	34 120 134
3772	3	1	34 120 409
3773	3	1	34 122 423
3774	3	1	34 123 452
3775	3	1	34 123 480
3776	3	1	34 133 141
3777	3	1	34 133 372
3778	3	1	34 133 437
3779	3	1	34 134 261
3780	3	1	34 134 386
3781	3	1	34 141 170
3782	3	1	34 141 227
3783	3	1	34 141 386
3784	3	1	34 141 409
3785	3	1	34 159 260
3786	3	1	34 159 437
3787	3	1	34 159 489
3788	3	1	34 170 321
3789	3	1	34 170 365
3790	3	1	34 170 366
3791	3	1	34 170 423
3792	3	1	34 170 445
3793	3	1	34 170 489
3794	3	1	34 208 261
3795	3	1	34 208 268
3796	3	1	34 208 409
3797	3	1	34 208 437
3798	3	1	34 227 305
3799	3	1	34 227 437
3800	3	1	34 260 386
3801	3	1	34 260 489
3802	3	1	34 261 480
3803	3	1	34 268 332
3804	3	1	34 268 423
3805	3	1	34 268 469
3806	3	1	34 321 396
3807	3	1	34 332 409
3808	3	1	34 332 423
3809	3	1	34 332 452
3810	3	1	34 354 489
3811	3	1	34 365 396
3812	3	1	34 372 423
3813	3	1	34 372 480
3814	3	1	34 372 489
3815	3	1	34 386 423
3816	3	1	34 396 440
3817	3	1	34 396 452
3818	3	1	34 409 423
3819	3	1	34 409 437
3820	3	1	34 423 489
3821	3	1	34 480 489
3822	3	1	35 41 132
3823	3	1	35 41 251
3824	3	1	35 41 258
3825	3	1	35 77 112
3826	3	1	35 77 380
3827	3	1	35 77 448
3828	3	1	35 112 175
3829	3	1	35 112 448
3830	3	1	35 132 380
3831	3	1	35 183 383
3832	3	1	35 183 440
3833	3	1	35 251 356
3834	3	1	35 258 371
3835	3	1	35 258 398
3836	3	1	35 258 448
3837	3	1	35 333 356
3838	3	1	35 333 448
3839	3	1	35 333 487
3840	3	1	35 356 380
3841	3	1	35 356 453
3842	3	1	35 371 383
3843	3	1	35 380 398
3844	3	1	35 453 454
3845	3	1	36 52 126
3846	3	1	36 52 135
3847	3	1	36 52 237
3848	3	1	36 52 274
3849	3	1	36 52 295
3850	3	1	36 52 489
3851	3	1	36 126 153
3852	3	1	36 126 240
3853	3	1	36 126 363
3854	3	1	36 126 406
3855	3	1	36 126 489
3856	3	1	36 135 274
3857	3	1	36 135 314
3858	3	1	36 135 337
3859	3	1	36 153 156
3860	3	1	36 153 314
3861	3	1	36 153 337
3862	3	1	36 153 363
3863	3	1	36 153 489
3864	3	1	36 156 337
3865	3	1	36 171 199
3866	3	1	36 171 304
3867	3	1	36 171 337
3868	3	1	36 171 367
3869	3	1	36 199 202
3870	3	1	36 199 286
3871	3	1	36 202 333
3872	3	1	36 223 361
3873	3	1	36 223 410
3874	3	1	36 223 413
3875	3	1	36 237 295
3876	3	1	36 240 263
3877	3	1	36 240 329
3878	3	1	36 240 495
3879	3	1	36 263 274
3880	3	1	36 281 334
3881	3	1	36 281 413
3882	3	1	36 286 314
3883	3	1	36 286 386
3884	3	1	36 286 410
3885	3	1	36 286 495
3886	3	1	36 314 413
3887	3	1	36 329 379
3888	3	1	36 329 495
3889	3	1	36 333 379
3890	3	1	36 333 386
3891	3	1	36 334 367
3892	3	1	36 334 379
3893	3	1	36 334 445
3894	3	1	36 337 413
3895	3	1	36 363 410
3896	3	1	36 367 495
3897	3	1	36 379 410
3898	3	1	36 386 406
3899	3	1	36 386 410
3900	3	1	36 386 413
3901	3	1	37 44 224
3902	3	1	37 44 248
3903	3	1	37 44 497
3904	3	1	37 49 228
3905	3	1	37 49 469
3906	3	1	37 93 342
3907	3	1	37 105 161
3908	3	1	37 105 351
3909	3	1	37 105 453
3910	3	1	37 161 217
3911	3	1	37 161 224
3912	3	1	37 161 354
3913	3	1	37 166 250
3914	3	1	37 166 385
3915	3	1	37 166 469
3916	3	1	37 217 224
3917	3	1	37 217 278
3918	3	1	37 223 248
3919	3	1	37 223 250
3920	3	1	37 223 289
3921	3	1	37 223 500
3922	3	1	37 224 277
3923	3	1	37 224 341
3924	3	1	37 228 269
3925	3	1	37 245 469
3926	3	1	37 245 497
3927	3	1	37 245 500
3928	3	1	37 248 341
3929	3	1	37 248 497
3930	3	1	37 250 278
3931	3	1	37 250 342
3932	3	1	37 263 269
3933	3	1	37 263 277
3934	3	1	37 263 449
3935	3	1	37 263 500
3936	3	1	37 269 322
3937	3	1	37 277 289
3938	3	1	37 278 351
3939	3	1	37 278 387
3940	3	1	37 278 497
3941	3	1	37 281 322
3942	3	1	37 281 449
3943	3	1	37 281 500
3944	3	1	37 286 338
3945	3	1	37 289 385
3946	3	1	37 322 351
3947	3	1	37 338 500
3948	3	1	37 342 459
3949	3	1	37 351 497
3950	3	1	37 354 453
3951	3	1	37 354 459
3952	3	1	37 385 453
3953	3	1	37 449 469
3954	3	1	37 449 497
3955	3	1	37 449 500
3956	3	1	38 55 124
3957	3	1	38 60 258
3958	3	1	38 60 302
3959	3	1	38 60 453
3960	3	1	38 78 163
3961	3	1	38 103 424
3962	3	1	38 110 124
3963	3	1	38 110 258
3964	3	1	38 112 145
3965	3	1	38 112 174
3966	3	1	38 112 482
3967	3	1	38 124 174
3968	3	1	38 124 297
3969	3	1	38 139 297
3970	3	1	38 139 370
3971	3	1	38 139 430
3972	3	1	38 140 238
3973	3	1	38 140 397
3974	3	1	38 145 238
3975	3	1	38 145 453
3976	3	1	38 145 457
3977	3	1	38 163 174
3978	3	1	38 163 264
3979	3	1	38 174 345
3980	3	1	38 174 397
3981	3	1	38 238 345
3982	3	1	38 253 397
3983	3	1	38 253 424
3984	3	1	38 253 453
3985	3	1	38 253 482
3986	3	1	38 258 297
3987	3	1	38 258 431
3988	3	1	38 262 326
3989	3	1	38 264 457
3990	3	1	38 297 302
3991	3	1	38 297 326
3992	3	1	38 297 430
3993	3	1	38 302 482
3994	3	1	38 326 424
3995	3	1	38 370 406
3996	3	1	38 370 453
3997	3	1	38 370 472
3998	3	1	38 370 482
3999	3	1	38 397 424
4000	3	1	38 397 472
4001	3	1	38 406 424
4002	3	1	38 424 472
4003	3	1	38 430 453
4004	3	1	40 41 43
4005	3	1	40 41 89
4006	3	1	40 41 201
4007	3	1	40 41 391
4008	3	1	40 41 485
4009	3	1	40 43 95
4010	3	1	40 43 268
4011	3	1	40 43 476
4012	3	1	40 89 201
4013	3	1	40 89 274
4014	3	1	40 89 291
4015	3	1	40 93 95
4016	3	1	40 93 304
4017	3	1	40 95 105
4018	3	1	40 95 233
4019	3	1	40 95 446
4020	3	1	40 102 105
4021	3	1	40 102 267
4022	3	1	40 102 432
4023	3	1	40 102 446
4024	3	1	40 102 464
4025	3	1	40 105 218
4026	3	1	40 105 476
4027	3	1	40 105 485
4028	3	1	40 170 376
4029	3	1	40 201 485
4030	3	1	40 208 268
4031	3	1	40 208 274
4032	3	1	40 208 376
4033	3	1	40 218 268
4034	3	1	40 233 291
4035	3	1	40 233 391
4036	3	1	40 267 464
4037	3	1	40 268 391
4038	3	1	40 268 464
4039	3	1	40 268 485
4040	3	1	40 274 291
4041	3	1	40 274 432
4042	3	1	40 274 485
4043	3	1	40 278 304
4044	3	1	40 278 446
4045	3	1	40 291 391
4046	3	1	40 291 446
4047	3	1	40 406 446
4048	3	1	40 406 476
4049	3	1	41 43 152
4050	3	1	41 43 281
4051	3	1	41 53 239
4052	3	1	41 53 264
4053	3	1	41 53 324
4054	3	1	41 54 251
4055	3	1	41 59 171
4056	3	1	41 66 152
4057	3	1	41 66 201
4058	3	1	41 66 239
4059	3	1	41 66 485
4060	3	1	41 89 107
4061	3	1	41 89 120
4062	3	1	41 89 201
4063	3	1	41 89 251
4064	3	1	41 89 258
4065	3	1	41 89 281
4066	3	1	41 107 134
4067	3	1	41 107 324
4068	3	1	41 114 152
4069	3	1	41 114 177
4070	3	1	41 114 342
4071	3	1	41 120 134
4072	3	1	41 120 239
4073	3	1	41 124 171
4074	3	1	41 124 239
4075	3	1	41 124 251
4076	3	1	41 132 470
4077	3	1	41 134 201
4078	3	1	41 134 264
4079	3	1	41 152 281
4080	3	1	41 152 344
4081	3	1	41 155 201
4082	3	1	41 155 470
4083	3	1	41 201 485
4084	3	1	41 251 413
4085	3	1	41 258 485
4086	3	1	41 281 324
4087	3	1	41 281 404
4088	3	1	41 281 413
4089	3	1	41 281 485
4090	3	1	41 281 486
4091	3	1	41 288 342
4092	3	1	41 324 485
4093	3	1	41 324 486
4094	3	1	41 342 344
4095	3	1	41 342 404
4096	3	1	41 344 470
4097	3	1	41 374 470
4098	3	1	41 413 470
4099	3	1	42 50 185
4100	3	1	42 50 353
4101	3	1	42 50 405
4102	3	1	42 50 431
4103	3	1	42 50 443
4104	3	1	42 50 491
4105	3	1	42 54 251
4106	3	1	42 54 326
4107	3	1	42 54 405
4108	3	1	42 54 491
4109	3	1	42 59 136
4110	3	1	42 59 171
4111	3	1	42 59 297
4112	3	1	42 59 376
4113	3	1	42 81 301
4114	3	1	42 81 332
4115	3	1	42 105 185
4116	3	1	42 105 294
4117	3	1	42 105 437
4118	3	1	42 105 443
4119	3	1	42 105 495
4120	3	1	42 120 166
4121	3	1	42 120 301
4122	3	1	42 120 368
4123	3	1	42 120 387
4124	3	1	42 133 283
4125	3	1	42 133 376
4126	3	1	42 133 437
4127	3	1	42 136 175
4128	3	1	42 160 175
4129	3	1	42 160 444
4130	3	1	42 160 486
4131	3	1	42 166 268
4132	3	1	42 166 385
4133	3	1	42 166 412
4134	3	1	42 166 495
4135	3	1	42 171 385
4136	3	1	42 171 412
4137	3	1	42 171 437
4138	3	1	42 171 443
4139	3	1	42 175 283
4140	3	1	42 175 326
4141	3	1	42 175 368
4142	3	1	42 175 437
4143	3	1	42 177 443
4144	3	1	42 177 454
4145	3	1	42 185 486
4146	3	1	42 190 251
4147	3	1	42 190 268
4148	3	1	42 190 431
4149	3	1	42 190 486
4150	3	1	42 240 486
4151	3	1	42 240 495
4152	3	1	42 241 316
4153	3	1	42 241 326
4154	3	1	42 241 368
4155	3	1	42 268 332
4156	3	1	42 268 431
4157	3	1	42 283 316
4158	3	1	42 283 326
4159	3	1	42 294 376
4160	3	1	42 294 387
4161	3	1	42 297 326
4162	3	1	42 297 368
4163	3	1	42 297 454
4164	3	1	42 297 495
4165	3	1	42 316 495
4166	3	1	42 326 332
4167	3	1	42 326 412
4168	3	1	42 332 376
4169	3	1	42 353 376
4170	3	1	42 368 387
4171	3	1	42 376 412
4172	3	1	42 376 444
4173	3	1	42 405 443
4174	3	1	42 437 495
4175	3	1	42 444 486
4176	3	1	42 486 491
4177	3	1	43 75 221
4178	3	1	43 84 412
4179	3	1	43 95 98
4180	3	1	43 95 127
4181	3	1	43 95 203
4182	3	1	43 98 281
4183	3	1	43 98 364
4184	3	1	43 103 127
4185	3	1	43 103 437
4186	3	1	43 106 226
4187	3	1	43 106 277
4188	3	1	43 106 397
4189	3	1	43 106 482
4190	3	1	43 127 302
4191	3	1	43 138 238
4192	3	1	43 138 351
4193	3	1	43 138 412
4194	3	1	43 138 437
4195	3	1	43 138 482
4196	3	1	43 140 238
4197	3	1	43 140 397
4198	3	1	43 140 434
4199	3	1	43 140 455
4200	3	1	43 152 281
4201	3	1	43 152 293
4202	3	1	43 180 221
4203	3	1	43 180 455
4204	3	1	43 203 268
4205	3	1	43 203 388
4206	3	1	43 212 351
4207	3	1	43 212 388
4208	3	1	43 212 473
4209	3	1	43 221 226
4210	3	1	43 226 302
4211	3	1	43 226 473
4212	3	1	43 238 351
4213	3	1	43 238 400
4214	3	1	43 238 496
4215	3	1	43 268 388
4216	3	1	43 268 455
4217	3	1	43 277 366
4218	3	1	43 277 397
4219	3	1	43 277 434
4220	3	1	43 281 366
4221	3	1	43 281 476
4222	3	1	43 281 482
4223	3	1	43 293 434
4224	3	1	43 293 437
4225	3	1	43 293 455
4226	3	1	43 297 302
4227	3	1	43 297 364
4228	3	1	43 297 483
4229	3	1	43 297 496
4230	3	1	43 302 482
4231	3	1	43 364 482
4232	3	1	43 366 434
4233	3	1	43 397 400
4234	3	1	43 397 476
4235	3	1	43 412 476
4236	3	1	43 412 496
4237	3	1	43 434 455
4238	3	1	43 473 476
4239	3	1	43 476 496
4240	3	1	44 46 89
4241	3	1	44 46 135
4242	3	1	44 46 170
4243	3	1	44 46 328
4244	3	1	44 46 439
4245	3	1	44 46 457
4246	3	1	44 73 251
4247	3	1	44 73 337
4248	3	1	44 80 121
4249	3	1	44 80 424
4250	3	1	44 80 457
4251	3	1	44 86 135
4252	3	1	44 89 251
4253	3	1	44 89 462
4254	3	1	44 89 489
4255	3	1	44 109 243
4256	3	1	44 109 399
4257	3	1	44 135 314
4258	3	1	44 135 337
4259	3	1	44 170 248
4260	3	1	44 170 329
4261	3	1	44 170 365
4262	3	1	44 170 376
4263	3	1	44 170 489
4264	3	1	44 176 189
4265	3	1	44 189 251
4266	3	1	44 189 439
4267	3	1	44 189 497
4268	3	1	44 224 329
4269	3	1	44 224 399
4270	3	1	44 224 457
4271	3	1	44 248 425
4272	3	1	44 248 437
4273	3	1	44 248 491
4274	3	1	44 248 497
4275	3	1	44 251 425
4276	3	1	44 302 328
4277	3	1	44 302 329
4278	3	1	44 307 329
4279	3	1	44 307 365
4280	3	1	44 307 399
4281	3	1	44 307 439
4282	3	1	44 314 457
4283	3	1	44 328 329
4284	3	1	44 337 365
4285	3	1	44 337 437
4286	3	1	44 337 462
4287	3	1	44 365 491
4288	3	1	44 376 386
4289	3	1	44 386 457
4290	3	1	44 399 491
4291	3	1	44 399 497
4292	3	1	44 424 489
4293	3	1	44 425 439
4294	3	1	44 425 457
4295	3	1	44 437 439
4296	3	1	44 437 462
4297	3	1	45 49 51
4298	3	1	45 49 228
4299	3	1	45 49 323
4300	3	1	45 49 332
4301	3	1	45 49 367
4302	3	1	45 49 443
4303	3	1	45 49 468
4304	3	1	45 51 90
4305	3	1	45 51 162
4306	3	1	45 51 367
4307	3	1	45 51 443
4308	3	1	45 51 482
4309	3	1	45 54 97
4310	3	1	45 54 251
4311	3	1	45 54 367
4312	3	1	45 80 383
4313	3	1	45 81 90
4314	3	1	45 81 128
4315	3	1	45 81 332
4316	3	1	45 81 468
4317	3	1	45 84 99
4318	3	1	45 84 165
4319	3	1	45 84 409
4320	3	1	45 84 450
4321	3	1	45 88 165
4322	3	1	45 88 328
4323	3	1	45 89 162
4324	3	1	45 89 181
4325	3	1	45 89 206
4326	3	1	45 89 251
4327	3	1	45 89 291
4328	3	1	45 90 134
4329	3	1	45 90 152
4330	3	1	45 90 162
4331	3	1	45 90 165
4332	3	1	45 90 232
4333	3	1	45 91 128
4334	3	1	45 91 162
4335	3	1	45 91 272
4336	3	1	45 91 383
4337	3	1	45 91 406
4338	3	1	45 91 468
4339	3	1	45 97 128
4340	3	1	45 97 357
4341	3	1	45 99 134
4342	3	1	45 99 148
4343	3	1	45 99 232
4344	3	1	45 99 256
4345	3	1	45 99 367
4346	3	1	45 99 383
4347	3	1	45 128 129
4348	3	1	45 128 272
4349	3	1	45 129 332
4350	3	1	45 134 148
4351	3	1	45 134 468
4352	3	1	45 148 250
4353	3	1	45 148 367
4354	3	1	45 148 383
4355	3	1	45 148 482
4356	3	1	45 149 251
4357	3	1	45 149 357
4358	3	1	45 149 367
4359	3	1	45 152 443
4360	3	1	45 152 468
4361	3	1	45 162 232
4362	3	1	45 162 250
4363	3	1	45 162 311
4364	3	1	45 162 450
4365	3	1	45 165 291
4366	3	1	45 165 366
4367	3	1	45 165 482
4368	3	1	45 181 228
4369	3	1	45 181 323
4370	3	1	45 181 477
4371	3	1	45 206 251
4372	3	1	45 228 232
4373	3	1	45 228 443
4374	3	1	45 232 266
4375	3	1	45 232 409
4376	3	1	45 250 291
4377	3	1	45 250 366
4378	3	1	45 251 266
4379	3	1	45 256 445
4380	3	1	45 256 482
4381	3	1	45 266 332
4382	3	1	45 266 409
4383	3	1	45 272 311
4384	3	1	45 291 443
4385	3	1	45 311 323
4386	3	1	45 311 383
4387	3	1	45 323 406
4388	3	1	45 328 409
4389	3	1	45 332 367
4390	3	1	45 332 409
4391	3	1	45 366 383
4392	3	1	45 366 450
4393	3	1	45 366 468
4394	3	1	45 383 468
4395	3	1	45 409 482
4396	3	1	45 443 477
4397	3	1	45 445 477
4398	3	1	45 445 482
4399	3	1	46 59 83
4400	3	1	46 59 162
4401	3	1	46 61 405
4402	3	1	46 61 406
4403	3	1	46 66 206
4404	3	1	46 66 209
4405	3	1	46 66 405
4406	3	1	46 66 406
4407	3	1	46 66 485
4408	3	1	46 83 116
4409	3	1	46 83 342
4410	3	1	46 83 435
4411	3	1	46 83 457
4412	3	1	46 83 483
4413	3	1	46 83 486
4414	3	1	46 89 107
4415	3	1	46 89 162
4416	3	1	46 89 206
4417	3	1	46 89 281
4418	3	1	46 89 435
4419	3	1	46 104 116
4420	3	1	46 104 242
4421	3	1	46 104 406
4422	3	1	46 104 459
4423	3	1	46 107 202
4424	3	1	46 107 353
4425	3	1	46 116 170
4426	3	1	46 116 295
4427	3	1	46 116 342
4428	3	1	46 116 406
4429	3	1	46 116 486
4430	3	1	46 132 445
4431	3	1	46 135 310
4432	3	1	46 138 206
4433	3	1	46 138 477
4434	3	1	46 149 357
4435	3	1	46 162 281
4436	3	1	46 162 310
4437	3	1	46 162 400
4438	3	1	46 162 485
4439	3	1	46 170 342
4440	3	1	46 170 445
4441	3	1	46 202 310
4442	3	1	46 202 328
4443	3	1	46 202 439
4444	3	1	46 242 341
4445	3	1	46 242 445
4446	3	1	46 242 459
4447	3	1	46 281 328
4448	3	1	46 281 485
4449	3	1	46 281 486
4450	3	1	46 295 357
4451	3	1	46 295 459
4452	3	1	46 299 459
4453	3	1	46 299 477
4454	3	1	46 310 459
4455	3	1	46 341 353
4456	3	1	46 341 457
4457	3	1	46 342 357
4458	3	1	46 342 435
4459	3	1	46 342 445
4460	3	1	46 342 459
4461	3	1	46 353 435
4462	3	1	46 353 459
4463	3	1	46 353 477
4464	3	1	46 405 485
4465	3	1	46 445 477
4466	3	1	46 477 483
4467	3	1	46 477 485
4468	3	1	47 54 140
4469	3	1	47 54 326
4470	3	1	47 54 367
4471	3	1	47 54 419
4472	3	1	47 56 76
4473	3	1	47 56 129
4474	3	1	47 56 209
4475	3	1	47 56 441
4476	3	1	47 61 326
4477	3	1	47 61 411
4478	3	1	47 61 443
4479	3	1	47 61 448
4480	3	1	47 61 462
4481	3	1	47 64 70
4482	3	1	47 64 248
4483	3	1	47 64 269
4484	3	1	47 64 296
4485	3	1	47 64 412
4486	3	1	47 64 419
4487	3	1	47 64 448
4488	3	1	47 66 209
4489	3	1	47 66 239
4490	3	1	47 66 296
4491	3	1	47 66 443
4492	3	1	47 68 411
4493	3	1	47 68 476
4494	3	1	47 70 103
4495	3	1	47 70 139
4496	3	1	47 70 326
4497	3	1	47 70 366
4498	3	1	47 70 367
4499	3	1	47 76 129
4500	3	1	47 76 139
4501	3	1	47 76 140
4502	3	1	47 76 355
4503	3	1	47 76 366
4504	3	1	47 103 109
4505	3	1	47 103 218
4506	3	1	47 103 309
4507	3	1	47 103 318
4508	3	1	47 103 367
4509	3	1	47 109 296
4510	3	1	47 109 318
4511	3	1	47 109 443
4512	3	1	47 124 218
4513	3	1	47 124 239
4514	3	1	47 124 250
4515	3	1	47 124 497
4516	3	1	47 129 355
4517	3	1	47 129 462
4518	3	1	47 139 209
4519	3	1	47 139 218
4520	3	1	47 139 355
4521	3	1	47 139 419
4522	3	1	47 139 441
4523	3	1	47 139 448
4524	3	1	47 139 462
4525	3	1	47 140 175
4526	3	1	47 140 248
4527	3	1	47 175 326
4528	3	1	47 175 419
4529	3	1	47 209 293
4530	3	1	47 209 367
4531	3	1	47 209 462
4532	3	1	47 218 318
4533	3	1	47 218 411
4534	3	1	47 226 403
4535	3	1	47 226 428
4536	3	1	47 239 269
4537	3	1	47 248 497
4538	3	1	47 250 309
4539	3	1	47 250 366
4540	3	1	47 250 428
4541	3	1	47 296 367
4542	3	1	47 296 411
4543	3	1	47 296 462
4544	3	1	47 309 419
4545	3	1	47 309 443
4546	3	1	47 326 412
4547	3	1	47 326 448
4548	3	1	47 355 364
4549	3	1	47 355 367
4550	3	1	47 364 462
4551	3	1	47 366 462
4552	3	1	47 366 497
4553	3	1	47 411 419
4554	3	1	47 412 448
4555	3	1	47 412 476
4556	3	1	47 462 476
4557	3	1	48 79 116
4558	3	1	48 79 430
4559	3	1	48 96 240
4560	3	1	48 96 430
4561	3	1	48 106 148
4562	3	1	48 106 433
4563	3	1	48 112 145
4564	3	1	48 116 430
4565	3	1	48 116 486
4566	3	1	48 132 445
4567	3	1	48 140 157
4568	3	1	48 140 171
4569	3	1	48 140 303
4570	3	1	48 140 434
4571	3	1	48 145 185
4572	3	1	48 145 211
4573	3	1	48 145 434
4574	3	1	48 145 496
4575	3	1	48 148 240
4576	3	1	48 148 430
4577	3	1	48 148 435
4578	3	1	48 153 157
4579	3	1	48 153 200
4580	3	1	48 153 211
4581	3	1	48 153 231
4582	3	1	48 153 251
4583	3	1	48 157 251
4584	3	1	48 157 445
4585	3	1	48 157 496
4586	3	1	48 171 292
4587	3	1	48 176 219
4588	3	1	48 176 486
4589	3	1	48 185 388
4590	3	1	48 185 486
4591	3	1	48 200 434
4592	3	1	48 211 251
4593	3	1	48 211 321
4594	3	1	48 219 240
4595	3	1	48 219 264
4596	3	1	48 219 460
4597	3	1	48 219 486
4598	3	1	48 228 232
4599	3	1	48 228 242
4600	3	1	48 231 232
4601	3	1	48 231 240
4602	3	1	48 231 321
4603	3	1	48 231 445
4604	3	1	48 232 430
4605	3	1	48 240 430
4606	3	1	48 240 486
4607	3	1	48 242 445
4608	3	1	48 242 479
4609	3	1	48 292 433
4610	3	1	48 292 445
4611	3	1	48 303 430
4612	3	1	48 321 430
4613	3	1	48 430 479
4614	3	1	48 434 445
4615	3	1	48 445 479
4616	3	1	49 51 157
4617	3	1	49 51 243
4618	3	1	49 51 346
4619	3	1	49 51 367
4620	3	1	49 51 384
4621	3	1	49 51 443
4622	3	1	49 57 321
4623	3	1	49 57 488
4624	3	1	49 71 468
4625	3	1	49 78 332
4626	3	1	49 78 346
4627	3	1	49 78 443
4628	3	1	49 83 122
4629	3	1	49 83 193
4630	3	1	49 83 346
4631	3	1	49 122 335
4632	3	1	49 122 425
4633	3	1	49 157 204
4634	3	1	49 193 243
4635	3	1	49 193 265
4636	3	1	49 193 416
4637	3	1	49 193 466
4638	3	1	49 193 468
4639	3	1	49 204 231
4640	3	1	49 204 243
4641	3	1	49 204 323
4642	3	1	49 228 242
4643	3	1	49 228 258
4644	3	1	49 228 443
4645	3	1	49 231 257
4646	3	1	49 231 321
4647	3	1	49 242 257
4648	3	1	49 242 420
4649	3	1	49 242 466
4650	3	1	49 258 323
4651	3	1	49 258 429
4652	3	1	49 258 488
4653	3	1	49 265 332
4654	3	1	49 265 420
4655	3	1	49 321 367
4656	3	1	49 321 466
4657	3	1	49 332 367
4658	3	1	49 332 425
4659	3	1	49 346 443
4660	3	1	49 346 468
4661	3	1	49 367 384
4662	3	1	49 404 425
4663	3	1	49 420 468
4664	3	1	49 425 443
4665	3	1	49 429 488
4666	3	1	49 461 469
4667	3	1	49 461 488
4668	3	1	49 468 469
4669	3	1	50 55 321
4670	3	1	50 56 75
4671	3	1	50 56 99
4672	3	1	50 56 138
4673	3	1	50 56 429
4674	3	1	50 62 261
4675	3	1	50 62 264
4676	3	1	50 62 286
4677	3	1	50 62 429
4678	3	1	50 62 431
4679	3	1	50 70 75
4680	3	1	50 70 139
4681	3	1	50 70 143
4682	3	1	50 70 286
4683	3	1	50 75 139
4684	3	1	50 75 183
4685	3	1	50 75 286
4686	3	1	50 75 287
4687	3	1	50 99 264
4688	3	1	50 99 383
4689	3	1	50 99 411
4690	3	1	50 99 500
4691	3	1	50 138 287
4692	3	1	50 138 489
4693	3	1	50 139 370
4694	3	1	50 143 266
4695	3	1	50 143 285
4696	3	1	50 143 429
4697	3	1	50 183 353
4698	3	1	50 183 383
4699	3	1	50 185 287
4700	3	1	50 231 321
4701	3	1	50 231 431
4702	3	1	50 253 405
4703	3	1	50 261 285
4704	3	1	50 261 411
4705	3	1	50 261 413
4706	3	1	50 264 285
4707	3	1	50 264 333
4708	3	1	50 264 443
4709	3	1	50 279 321
4710	3	1	50 279 405
4711	3	1	50 285 411
4712	3	1	50 285 429
4713	3	1	50 287 489
4714	3	1	50 321 405
4715	3	1	50 333 353
4716	3	1	50 333 431
4717	3	1	50 353 411
4718	3	1	50 353 413
4719	3	1	50 353 429
4720	3	1	50 353 500
4721	3	1	50 373 405
4722	3	1	50 373 431
4723	3	1	50 373 491
4724	3	1	50 383 413
4725	3	1	50 405 443
4726	3	1	50 405 500
4727	3	1	51 56 384
4728	3	1	51 67 157
4729	3	1	51 67 224
4730	3	1	51 70 326
4731	3	1	51 70 367
4732	3	1	51 70 484
4733	3	1	51 90 162
4734	3	1	51 90 223
4735	3	1	51 90 224
4736	3	1	51 90 325
4737	3	1	51 104 274
4738	3	1	51 104 326
4739	3	1	51 140 157
4740	3	1	51 140 248
4741	3	1	51 140 285
4742	3	1	51 157 314
4743	3	1	51 157 325
4744	3	1	51 162 176
4745	3	1	51 176 325
4746	3	1	51 176 384
4747	3	1	51 223 248
4748	3	1	51 223 413
4749	3	1	51 224 457
4750	3	1	51 224 484
4751	3	1	51 243 274
4752	3	1	51 243 326
4753	3	1	51 275 326
4754	3	1	51 314 413
4755	3	1	51 314 457
4756	3	1	51 314 484
4757	3	1	51 319 367
4758	3	1	51 325 326
4759	3	1	51 346 443
4760	3	1	51 346 494
4761	3	1	51 355 367
4762	3	1	51 367 384
4763	3	1	51 367 494
4764	3	1	51 384 494
4765	3	1	51 413 494
4766	3	1	51 482 484
4767	3	1	52 63 80
4768	3	1	52 63 98
4769	3	1	52 63 123
4770	3	1	52 63 418
4771	3	1	52 64 75
4772	3	1	52 64 98
4773	3	1	52 64 135
4774	3	1	52 67 126
4775	3	1	52 67 409
4776	3	1	52 75 387
4777	3	1	52 75 477
4778	3	1	52 80 217
4779	3	1	52 97 345
4780	3	1	52 97 362
4781	3	1	52 97 489
4782	3	1	52 98 295
4783	3	1	52 123 274
4784	3	1	52 123 452
4785	3	1	52 126 129
4786	3	1	52 126 197
4787	3	1	52 126 285
4788	3	1	52 126 489
4789	3	1	52 129 285
4790	3	1	52 129 295
4791	3	1	52 129 462
4792	3	1	52 129 489
4793	3	1	52 130 135
4794	3	1	52 130 197
4795	3	1	52 130 237
4796	3	1	52 130 242
4797	3	1	52 130 362
4798	3	1	52 130 461
4799	3	1	52 130 462
4800	3	1	52 135 274
4801	3	1	52 135 418
4802	3	1	52 142 295
4803	3	1	52 142 301
4804	3	1	52 142 409
4805	3	1	52 142 418
4806	3	1	52 197 274
4807	3	1	52 217 237
4808	3	1	52 217 295
4809	3	1	52 217 345
4810	3	1	52 217 409
4811	3	1	52 237 242
4812	3	1	52 237 295
4813	3	1	52 237 300
4814	3	1	52 237 301
4815	3	1	52 237 387
4816	3	1	52 242 452
4817	3	1	52 285 368
4818	3	1	52 285 461
4819	3	1	52 295 301
4820	3	1	52 295 368
4821	3	1	52 301 423
4822	3	1	52 368 387
4823	3	1	52 368 452
4824	3	1	52 368 477
4825	3	1	52 387 489
4826	3	1	52 409 423
4827	3	1	52 423 489
4828	3	1	52 452 477
4829	3	1	53 70 82
4830	3	1	53 70 173
4831	3	1	53 82 158
4832	3	1	53 96 173
4833	3	1	53 96 274
4834	3	1	53 96 319
4835	3	1	53 96 430
4836	3	1	53 149 239
4837	3	1	53 149 491
4838	3	1	53 158 218
4839	3	1	53 158 319
4840	3	1	53 158 430
4841	3	1	53 172 313
4842	3	1	53 172 315
4843	3	1	53 172 329
4844	3	1	53 172 332
4845	3	1	53 172 440
4846	3	1	53 172 445
4847	3	1	53 173 239
4848	3	1	53 174 315
4849	3	1	53 174 345
4850	3	1	53 174 443
4851	3	1	53 183 422
4852	3	1	53 183 423
4853	3	1	53 183 440
4854	3	1	53 183 445
4855	3	1	53 218 423
4856	3	1	53 218 430
4857	3	1	53 227 369
4858	3	1	53 236 264
4859	3	1	53 236 440
4860	3	1	53 236 445
4861	3	1	53 239 269
4862	3	1	53 239 491
4863	3	1	53 264 315
4864	3	1	53 264 333
4865	3	1	53 264 422
4866	3	1	53 264 443
4867	3	1	53 269 274
4868	3	1	53 269 315
4869	3	1	53 269 445
4870	3	1	53 274 428
4871	3	1	53 274 440
4872	3	1	53 293 324
4873	3	1	53 293 440
4874	3	1	53 297 428
4875	3	1	53 297 430
4876	3	1	53 297 483
4877	3	1	53 313 315
4878	3	1	53 313 491
4879	3	1	53 315 324
4880	3	1	53 319 329
4881	3	1	53 319 483
4882	3	1	53 324 345
4883	3	1	53 324 430
4884	3	1	53 329 369
4885	3	1	53 330 332
4886	3	1	53 330 354
4887	3	1	53 332 423
4888	3	1	53 333 345
4889	3	1	53 422 423
4890	3	1	53 423 428
4891	3	1	53 423 435
4892	3	1	54 78 94
4893	3	1	54 78 97
4894	3	1	54 78 225
4895	3	1	54 78 449
4896	3	1	54 92 262
4897	3	1	54 92 367
4898	3	1	54 92 384
4899	3	1	54 94 267
4900	3	1	54 97 359
4901	3	1	54 97 419
4902	3	1	54 97 489
4903	3	1	54 102 140
4904	3	1	54 102 267
4905	3	1	54 102 400
4906	3	1	54 126 282
4907	3	1	54 126 341
4908	3	1	54 126 435
4909	3	1	54 126 489
4910	3	1	54 140 489
4911	3	1	54 182 405
4912	3	1	54 182 417
4913	3	1	54 182 449
4914	3	1	54 182 494
4915	3	1	54 189 251
4916	3	1	54 189 341
4917	3	1	54 189 452
4918	3	1	54 199 341
4919	3	1	54 199 494
4920	3	1	54 207 225
4921	3	1	54 207 267
4922	3	1	54 251 341
4923	3	1	54 262 267
4924	3	1	54 262 326
4925	3	1	54 262 373
4926	3	1	54 282 341
4927	3	1	54 282 494
4928	3	1	54 326 359
4929	3	1	54 341 373
4930	3	1	54 341 417
4931	3	1	54 341 489
4932	3	1	54 367 373
4933	3	1	54 367 384
4934	3	1	54 367 494
4935	3	1	54 373 405
4936	3	1	54 373 491
4937	3	1	54 384 452
4938	3	1	54 384 494
4939	3	1	54 400 417
4940	3	1	54 400 494
4941	3	1	54 419 452
4942	3	1	54 452 494
4943	3	1	55 82 190
4944	3	1	55 82 321
4945	3	1	55 83 190
4946	3	1	55 83 193
4947	3	1	55 83 230
4948	3	1	55 83 342
4949	3	1	55 124 193
4950	3	1	55 124 461
4951	3	1	55 124 467
4952	3	1	55 148 190
4953	3	1	55 148 230
4954	3	1	55 148 237
4955	3	1	55 148 437
4956	3	1	55 162 169
4957	3	1	55 162 311
4958	3	1	55 164 193
4959	3	1	55 169 342
4960	3	1	55 190 479
4961	3	1	55 193 460
4962	3	1	55 237 467
4963	3	1	55 237 479
4964	3	1	55 342 459
4965	3	1	55 378 479
4966	3	1	55 437 461
4967	3	1	55 446 447
4968	3	1	55 447 480
4969	3	1	55 460 461
4970	3	1	56 63 76
4971	3	1	56 63 88
4972	3	1	56 63 98
4973	3	1	56 63 169
4974	3	1	56 75 315
4975	3	1	56 75 340
4976	3	1	56 76 129
4977	3	1	56 76 217
4978	3	1	56 76 236
4979	3	1	56 76 362
4980	3	1	56 76 481
4981	3	1	56 88 138
4982	3	1	56 88 201
4983	3	1	56 88 295
4984	3	1	56 88 363
4985	3	1	56 98 169
4986	3	1	56 98 209
4987	3	1	56 98 295
4988	3	1	56 99 209
4989	3	1	56 99 297
4990	3	1	56 99 441
4991	3	1	56 105 138
4992	3	1	56 105 384
4993	3	1	56 105 429
4994	3	1	56 129 169
4995	3	1	56 129 174
4996	3	1	56 129 295
4997	3	1	56 129 396
4998	3	1	56 129 481
4999	3	1	56 138 187
5000	3	1	56 138 340
5001	3	1	56 138 441
5002	3	1	56 169 180
5003	3	1	56 169 295
5004	3	1	56 169 344
5005	3	1	56 169 441
5006	3	1	56 169 481
5007	3	1	56 174 315
5008	3	1	56 180 236
5009	3	1	56 180 315
5010	3	1	56 180 481
5011	3	1	56 187 340
5012	3	1	56 187 362
5013	3	1	56 187 429
5014	3	1	56 187 441
5015	3	1	56 201 209
5016	3	1	56 201 244
5017	3	1	56 201 363
5018	3	1	56 209 481
5019	3	1	56 217 295
5020	3	1	56 217 297
5021	3	1	56 217 344
5022	3	1	56 217 481
5023	3	1	56 236 384
5024	3	1	56 244 362
5025	3	1	56 244 377
5026	3	1	56 244 384
5027	3	1	56 244 481
5028	3	1	56 251 425
5029	3	1	56 291 362
5030	3	1	56 295 301
5031	3	1	56 301 344
5032	3	1	56 301 481
5033	3	1	56 340 396
5034	3	1	56 340 425
5035	3	1	56 344 481
5036	3	1	56 347 363
5037	3	1	56 347 429
5038	3	1	56 362 396
5039	3	1	56 384 396
5040	3	1	56 384 441
5041	3	1	57 59 162
5042	3	1	57 59 236
5043	3	1	57 59 282
5044	3	1	57 59 313
5045	3	1	57 59 333
5046	3	1	57 66 69
5047	3	1	57 66 236
5048	3	1	57 66 282
5049	3	1	57 66 296
5050	3	1	57 66 333
5051	3	1	57 66 432
5052	3	1	57 66 488
5053	3	1	57 69 107
5054	3	1	57 69 123
5055	3	1	57 75 158
5056	3	1	57 75 329
5057	3	1	57 75 355
5058	3	1	57 75 488
5059	3	1	57 107 234
5060	3	1	57 107 282
5061	3	1	57 107 386
5062	3	1	57 116 234
5063	3	1	57 123 439
5064	3	1	57 123 441
5065	3	1	57 123 479
5066	3	1	57 132 282
5067	3	1	57 132 296
5068	3	1	57 132 355
5069	3	1	57 132 445
5070	3	1	57 149 240
5071	3	1	57 149 296
5072	3	1	57 149 371
5073	3	1	57 149 458
5074	3	1	57 149 479
5075	3	1	57 153 363
5076	3	1	57 153 439
5077	3	1	57 162 310
5078	3	1	57 162 432
5079	3	1	57 162 481
5080	3	1	57 216 236
5081	3	1	57 216 282
5082	3	1	57 216 359
5083	3	1	57 216 371
5084	3	1	57 216 432
5085	3	1	57 216 439
5086	3	1	57 216 488
5087	3	1	57 234 439
5088	3	1	57 234 464
5089	3	1	57 234 488
5090	3	1	57 236 355
5091	3	1	57 236 445
5092	3	1	57 236 471
5093	3	1	57 240 263
5094	3	1	57 240 282
5095	3	1	57 240 310
5096	3	1	57 240 313
5097	3	1	57 240 329
5098	3	1	57 240 471
5099	3	1	57 263 371
5100	3	1	57 282 310
5101	3	1	57 282 363
5102	3	1	57 282 445
5103	3	1	57 296 439
5104	3	1	57 310 479
5105	3	1	57 310 481
5106	3	1	57 313 458
5107	3	1	57 313 488
5108	3	1	57 321 412
5109	3	1	57 321 464
5110	3	1	57 329 359
5111	3	1	57 329 479
5112	3	1	57 333 386
5113	3	1	57 355 458
5114	3	1	57 359 422
5115	3	1	57 363 479
5116	3	1	57 371 422
5117	3	1	57 371 432
5118	3	1	57 412 479
5119	3	1	57 432 458
5120	3	1	57 439 481
5121	3	1	57 445 471
5122	3	1	57 445 479
5123	3	1	59 74 83
5124	3	1	59 74 221
5125	3	1	59 74 314
5126	3	1	59 74 480
5127	3	1	59 83 101
5128	3	1	59 83 136
5129	3	1	59 83 221
5130	3	1	59 83 313
5131	3	1	59 83 337
5132	3	1	59 83 349
5133	3	1	59 83 365
5134	3	1	59 83 376
5135	3	1	59 99 243
5136	3	1	59 99 297
5137	3	1	59 99 394
5138	3	1	59 99 433
5139	3	1	59 99 496
5140	3	1	59 101 106
5141	3	1	59 101 145
5142	3	1	59 101 238
5143	3	1	59 101 243
5144	3	1	59 101 261
5145	3	1	59 101 308
5146	3	1	59 101 446
5147	3	1	59 101 480
5148	3	1	59 106 308
5149	3	1	59 106 433
5150	3	1	59 109 187
5151	3	1	59 109 243
5152	3	1	59 109 261
5153	3	1	59 109 480
5154	3	1	59 136 140
5155	3	1	59 136 365
5156	3	1	59 137 236
5157	3	1	59 137 261
5158	3	1	59 137 313
5159	3	1	59 137 484
5160	3	1	59 140 171
5161	3	1	59 140 238
5162	3	1	59 140 308
5163	3	1	59 145 238
5164	3	1	59 145 496
5165	3	1	59 162 337
5166	3	1	59 171 337
5167	3	1	59 187 265
5168	3	1	59 187 333
5169	3	1	59 187 394
5170	3	1	59 187 484
5171	3	1	59 221 236
5172	3	1	59 236 496
5173	3	1	59 238 243
5174	3	1	59 238 284
5175	3	1	59 238 496
5176	3	1	59 243 261
5177	3	1	59 261 297
5178	3	1	59 261 313
5179	3	1	59 261 433
5180	3	1	59 261 480
5181	3	1	59 282 376
5182	3	1	59 284 365
5183	3	1	59 297 308
5184	3	1	59 297 496
5185	3	1	59 308 314
5186	3	1	59 314 484
5187	3	1	59 337 365
5188	3	1	59 337 403
5189	3	1	59 349 376
5190	3	1	59 365 403
5191	3	1	59 376 480
5192	3	1	59 409 484
5193	3	1	59 480 496
5194	3	1	60 64 70
5195	3	1	60 64 172
5196	3	1	60 64 313
5197	3	1	60 64 333
5198	3	1	60 66 95
5199	3	1	60 66 187
5200	3	1	60 66 221
5201	3	1	60 66 319
5202	3	1	60 66 333
5203	3	1	60 66 369
5204	3	1	60 66 446
5205	3	1	60 66 488
5206	3	1	60 70 106
5207	3	1	60 70 159
5208	3	1	60 70 221
5209	3	1	60 76 92
5210	3	1	60 76 129
5211	3	1	60 76 369
5212	3	1	60 86 106
5213	3	1	60 86 313
5214	3	1	60 86 319
5215	3	1	60 86 487
5216	3	1	60 86 488
5217	3	1	60 92 210
5218	3	1	60 95 261
5219	3	1	60 95 319
5220	3	1	60 95 333
5221	3	1	60 95 446
5222	3	1	60 104 302
5223	3	1	60 104 307
5224	3	1	60 104 313
5225	3	1	60 104 464
5226	3	1	60 106 129
5227	3	1	60 106 319
5228	3	1	60 121 210
5229	3	1	60 121 464
5230	3	1	60 121 488
5231	3	1	60 129 172
5232	3	1	60 129 261
5233	3	1	60 129 369
5234	3	1	60 129 488
5235	3	1	60 141 185
5236	3	1	60 141 187
5237	3	1	60 141 488
5238	3	1	60 158 319
5239	3	1	60 158 343
5240	3	1	60 158 487
5241	3	1	60 159 369
5242	3	1	60 167 307
5243	3	1	60 167 487
5244	3	1	60 172 313
5245	3	1	60 172 453
5246	3	1	60 185 187
5247	3	1	60 185 221
5248	3	1	60 185 328
5249	3	1	60 185 343
5250	3	1	60 185 369
5251	3	1	60 187 333
5252	3	1	60 210 313
5253	3	1	60 210 343
5254	3	1	60 221 319
5255	3	1	60 221 418
5256	3	1	60 258 450
5257	3	1	60 258 488
5258	3	1	60 261 313
5259	3	1	60 261 328
5260	3	1	60 261 422
5261	3	1	60 302 313
5262	3	1	60 302 328
5263	3	1	60 313 488
5264	3	1	60 328 333
5265	3	1	60 328 369
5266	3	1	60 328 418
5267	3	1	60 333 364
5268	3	1	60 333 487
5269	3	1	60 364 446
5270	3	1	60 369 418
5271	3	1	60 418 453
5272	3	1	60 418 487
5273	3	1	60 450 487
5274	3	1	60 476 487
5275	3	1	60 476 488
5276	3	1	61 101 308
5277	3	1	61 101 462
5278	3	1	61 128 241
5279	3	1	61 128 298
5280	3	1	61 128 344
5281	3	1	61 167 307
5282	3	1	61 167 332
5283	3	1	61 167 462
5284	3	1	61 171 230
5285	3	1	61 171 307
5286	3	1	61 171 443
5287	3	1	61 173 176
5288	3	1	61 173 471
5289	3	1	61 173 495
5290	3	1	61 176 344
5291	3	1	61 222 260
5292	3	1	61 222 448
5293	3	1	61 241 326
5294	3	1	61 249 265
5295	3	1	61 249 374
5296	3	1	61 260 326
5297	3	1	61 260 374
5298	3	1	61 260 406
5299	3	1	61 260 422
5300	3	1	61 265 332
5301	3	1	61 265 471
5302	3	1	61 265 495
5303	3	1	61 266 332
5304	3	1	61 266 462
5305	3	1	61 298 344
5306	3	1	61 298 359
5307	3	1	61 298 372
5308	3	1	61 307 326
5309	3	1	61 307 455
5310	3	1	61 308 359
5311	3	1	61 308 372
5312	3	1	61 308 374
5313	3	1	61 308 471
5314	3	1	61 326 332
5315	3	1	61 326 359
5316	3	1	61 326 448
5317	3	1	61 333 393
5318	3	1	61 333 448
5319	3	1	61 333 462
5320	3	1	61 359 406
5321	3	1	61 359 422
5322	3	1	61 359 455
5323	3	1	61 374 422
5324	3	1	61 374 455
5325	3	1	61 374 462
5326	3	1	61 396 448
5327	3	1	61 405 443
5328	3	1	61 406 471
5329	3	1	61 411 422
5330	3	1	62 72 92
5331	3	1	62 72 149
5332	3	1	62 72 354
5333	3	1	62 72 362
5334	3	1	62 72 433
5335	3	1	62 72 479
5336	3	1	62 89 297
5337	3	1	62 89 354
5338	3	1	62 89 465
5339	3	1	62 92 149
5340	3	1	62 92 165
5341	3	1	62 92 202
5342	3	1	62 92 264
5343	3	1	62 92 323
5344	3	1	62 92 351
5345	3	1	62 92 354
5346	3	1	62 94 268
5347	3	1	62 94 297
5348	3	1	62 102 260
5349	3	1	62 102 286
5350	3	1	62 102 400
5351	3	1	62 102 479
5352	3	1	62 121 419
5353	3	1	62 121 428
5354	3	1	62 149 371
5355	3	1	62 149 429
5356	3	1	62 149 479
5357	3	1	62 163 261
5358	3	1	62 163 264
5359	3	1	62 163 311
5360	3	1	62 163 378
5361	3	1	62 163 479
5362	3	1	62 165 275
5363	3	1	62 165 340
5364	3	1	62 166 268
5365	3	1	62 166 340
5366	3	1	62 166 349
5367	3	1	62 166 484
5368	3	1	62 202 318
5369	3	1	62 202 362
5370	3	1	62 202 439
5371	3	1	62 218 268
5372	3	1	62 218 318
5373	3	1	62 218 351
5374	3	1	62 218 378
5375	3	1	62 260 318
5376	3	1	62 260 378
5377	3	1	62 260 429
5378	3	1	62 260 465
5379	3	1	62 261 297
5380	3	1	62 261 433
5381	3	1	62 261 465
5382	3	1	62 264 362
5383	3	1	62 264 419
5384	3	1	62 264 425
5385	3	1	62 268 303
5386	3	1	62 268 431
5387	3	1	62 268 433
5388	3	1	62 275 429
5389	3	1	62 297 428
5390	3	1	62 303 362
5391	3	1	62 303 369
5392	3	1	62 303 428
5393	3	1	62 303 484
5394	3	1	62 311 323
5395	3	1	62 311 371
5396	3	1	62 318 323
5397	3	1	62 318 340
5398	3	1	62 318 362
5399	3	1	62 318 400
5400	3	1	62 318 484
5401	3	1	62 323 369
5402	3	1	62 340 425
5403	3	1	62 340 484
5404	3	1	62 349 378
5405	3	1	62 349 429
5406	3	1	62 351 362
5407	3	1	62 351 429
5408	3	1	62 354 362
5409	3	1	62 354 429
5410	3	1	62 354 484
5411	3	1	62 378 439
5412	3	1	62 378 479
5413	3	1	62 400 479
5414	3	1	62 419 425
5415	3	1	62 425 439
5416	3	1	62 425 479
5417	3	1	62 439 484
5418	3	1	63 76 80
5419	3	1	63 76 92
5420	3	1	63 76 153
5421	3	1	63 76 155
5422	3	1	63 76 365
5423	3	1	63 76 458
5424	3	1	63 80 240
5425	3	1	63 80 288
5426	3	1	63 87 292
5427	3	1	63 87 412
5428	3	1	63 88 100
5429	3	1	63 88 359
5430	3	1	63 88 412
5431	3	1	63 92 98
5432	3	1	63 96 155
5433	3	1	63 96 240
5434	3	1	63 98 169
5435	3	1	63 98 229
5436	3	1	63 100 148
5437	3	1	63 100 458
5438	3	1	63 120 153
5439	3	1	63 120 182
5440	3	1	63 120 302
5441	3	1	63 123 169
5442	3	1	63 123 292
5443	3	1	63 148 240
5444	3	1	63 148 412
5445	3	1	63 148 458
5446	3	1	63 153 193
5447	3	1	63 155 162
5448	3	1	63 155 326
5449	3	1	63 162 169
5450	3	1	63 162 182
5451	3	1	63 162 292
5452	3	1	63 169 240
5453	3	1	63 169 359
5454	3	1	63 169 445
5455	3	1	63 169 458
5456	3	1	63 193 240
5457	3	1	63 193 445
5458	3	1	63 229 464
5459	3	1	63 240 451
5460	3	1	63 258 308
5461	3	1	63 288 296
5462	3	1	63 288 418
5463	3	1	63 292 296
5464	3	1	63 292 445
5465	3	1	63 296 302
5466	3	1	63 296 308
5467	3	1	63 296 467
5468	3	1	63 302 451
5469	3	1	63 308 359
5470	3	1	63 308 445
5471	3	1	63 308 467
5472	3	1	63 326 359
5473	3	1	63 326 412
5474	3	1	63 359 418
5475	3	1	63 365 412
5476	3	1	63 365 458
5477	3	1	63 418 467
5478	3	1	63 434 445
5479	3	1	63 451 464
5480	3	1	64 70 75
5481	3	1	64 70 246
5482	3	1	64 70 378
5483	3	1	64 70 484
5484	3	1	64 75 372
5485	3	1	64 98 202
5486	3	1	64 101 202
5487	3	1	64 101 303
5488	3	1	64 101 480
5489	3	1	64 135 222
5490	3	1	64 135 303
5491	3	1	64 135 412
5492	3	1	64 135 433
5493	3	1	64 172 246
5494	3	1	64 172 248
5495	3	1	64 172 313
5496	3	1	64 172 378
5497	3	1	64 181 304
5498	3	1	64 181 313
5499	3	1	64 181 371
5500	3	1	64 181 412
5501	3	1	64 181 419
5502	3	1	64 181 473
5503	3	1	64 182 212
5504	3	1	64 182 269
5505	3	1	64 182 370
5506	3	1	64 182 372
5507	3	1	64 182 482
5508	3	1	64 202 296
5509	3	1	64 202 324
5510	3	1	64 202 327
5511	3	1	64 202 333
5512	3	1	64 202 439
5513	3	1	64 202 448
5514	3	1	64 212 303
5515	3	1	64 212 371
5516	3	1	64 212 419
5517	3	1	64 212 448
5518	3	1	64 212 473
5519	3	1	64 212 484
5520	3	1	64 222 246
5521	3	1	64 222 248
5522	3	1	64 222 448
5523	3	1	64 224 370
5524	3	1	64 224 484
5525	3	1	64 246 371
5526	3	1	64 246 372
5527	3	1	64 248 324
5528	3	1	64 248 480
5529	3	1	64 248 483
5530	3	1	64 269 473
5531	3	1	64 278 304
5532	3	1	64 278 313
5533	3	1	64 278 333
5534	3	1	64 278 419
5535	3	1	64 296 327
5536	3	1	64 296 433
5537	3	1	64 296 439
5538	3	1	64 296 473
5539	3	1	64 303 484
5540	3	1	64 304 473
5541	3	1	64 304 480
5542	3	1	64 324 370
5543	3	1	64 324 419
5544	3	1	64 333 448
5545	3	1	64 370 378
5546	3	1	64 370 482
5547	3	1	64 372 480
5548	3	1	64 378 439
5549	3	1	64 397 419
5550	3	1	64 397 439
5551	3	1	64 412 433
5552	3	1	64 412 448
5553	3	1	64 439 484
5554	3	1	64 482 484
5555	3	1	65 88 100
5556	3	1	65 88 267
5557	3	1	65 88 372
5558	3	1	65 97 167
5559	3	1	65 97 372
5560	3	1	65 97 455
5561	3	1	65 97 467
5562	3	1	65 97 489
5563	3	1	65 100 167
5564	3	1	65 100 171
5565	3	1	65 127 329
5566	3	1	65 127 467
5567	3	1	65 133 167
5568	3	1	65 133 238
5569	3	1	65 133 372
5570	3	1	65 167 400
5571	3	1	65 174 467
5572	3	1	65 192 227
5573	3	1	65 192 263
5574	3	1	65 192 305
5575	3	1	65 211 305
5576	3	1	65 211 324
5577	3	1	65 211 380
5578	3	1	65 211 409
5579	3	1	65 227 305
5580	3	1	65 227 378
5581	3	1	65 227 455
5582	3	1	65 238 263
5583	3	1	65 238 400
5584	3	1	65 238 489
5585	3	1	65 263 324
5586	3	1	65 263 457
5587	3	1	65 267 372
5588	3	1	65 310 378
5589	3	1	65 323 455
5590	3	1	65 324 380
5591	3	1	65 324 457
5592	3	1	65 372 457
5593	3	1	65 372 489
5594	3	1	65 380 400
5595	3	1	65 380 457
5596	3	1	65 380 489
5597	3	1	65 455 467
5598	3	1	65 457 467
5599	3	1	66 69 180
5600	3	1	66 69 239
5601	3	1	66 69 482
5602	3	1	66 87 333
5603	3	1	66 91 221
5604	3	1	66 91 325
5605	3	1	66 91 333
5606	3	1	66 91 406
5607	3	1	66 95 319
5608	3	1	66 95 333
5609	3	1	66 95 398
5610	3	1	66 95 446
5611	3	1	66 112 133
5612	3	1	66 112 296
5613	3	1	66 112 482
5614	3	1	66 133 398
5615	3	1	66 152 282
5616	3	1	66 152 398
5617	3	1	66 152 405
5618	3	1	66 152 443
5619	3	1	66 152 454
5620	3	1	66 180 221
5621	3	1	66 180 236
5622	3	1	66 180 296
5623	3	1	66 180 485
5624	3	1	66 182 405
5625	3	1	66 182 482
5626	3	1	66 187 232
5627	3	1	66 187 316
5628	3	1	66 187 333
5629	3	1	66 187 429
5630	3	1	66 201 209
5631	3	1	66 201 333
5632	3	1	66 201 405
5633	3	1	66 201 485
5634	3	1	66 206 333
5635	3	1	66 206 369
5636	3	1	66 209 221
5637	3	1	66 209 319
5638	3	1	66 209 432
5639	3	1	66 211 239
5640	3	1	66 211 387
5641	3	1	66 211 398
5642	3	1	66 221 236
5643	3	1	66 221 319
5644	3	1	66 221 406
5645	3	1	66 221 485
5646	3	1	66 232 429
5647	3	1	66 232 485
5648	3	1	66 236 387
5649	3	1	66 239 429
5650	3	1	66 243 296
5651	3	1	66 243 369
5652	3	1	66 243 454
5653	3	1	66 282 485
5654	3	1	66 296 429
5655	3	1	66 296 454
5656	3	1	66 316 319
5657	3	1	66 319 429
5658	3	1	66 325 333
5659	3	1	66 325 354
5660	3	1	66 325 488
5661	3	1	66 333 345
5662	3	1	66 354 405
5663	3	1	66 354 429
5664	3	1	66 369 482
5665	3	1	66 387 432
5666	3	1	66 405 432
5667	3	1	66 405 443
5668	3	1	66 405 485
5669	3	1	66 406 446
5670	3	1	66 429 488
5671	3	1	67 82 302
5672	3	1	67 82 323
5673	3	1	67 82 400
5674	3	1	67 86 447
5675	3	1	67 93 302
5676	3	1	67 93 400
5677	3	1	67 93 447
5678	3	1	67 126 224
5679	3	1	67 148 267
5680	3	1	67 148 437
5681	3	1	67 148 481
5682	3	1	67 157 394
5683	3	1	67 157 447
5684	3	1	67 164 302
5685	3	1	67 207 267
5686	3	1	67 224 471
5687	3	1	67 228 437
5688	3	1	67 228 471
5689	3	1	67 267 299
5690	3	1	67 267 464
5691	3	1	67 299 302
5692	3	1	67 302 323
5693	3	1	67 400 471
5694	3	1	67 409 437
5695	3	1	68 69 94
5696	3	1	68 69 156
5697	3	1	68 69 469
5698	3	1	68 81 94
5699	3	1	68 81 197
5700	3	1	68 81 263
5701	3	1	68 87 413
5702	3	1	68 87 469
5703	3	1	68 94 120
5704	3	1	68 94 411
5705	3	1	68 94 413
5706	3	1	68 99 411
5707	3	1	68 104 373
5708	3	1	68 120 435
5709	3	1	68 163 174
5710	3	1	68 163 373
5711	3	1	68 163 446
5712	3	1	68 173 176
5713	3	1	68 173 186
5714	3	1	68 173 203
5715	3	1	68 173 413
5716	3	1	68 174 188
5717	3	1	68 174 237
5718	3	1	68 174 434
5719	3	1	68 176 203
5720	3	1	68 186 237
5721	3	1	68 186 304
5722	3	1	68 188 237
5723	3	1	68 188 308
5724	3	1	68 197 203
5725	3	1	68 197 434
5726	3	1	68 197 469
5727	3	1	68 203 303
5728	3	1	68 203 373
5729	3	1	68 212 244
5730	3	1	68 212 303
5731	3	1	68 230 373
5732	3	1	68 237 244
5733	3	1	68 263 466
5734	3	1	68 303 469
5735	3	1	68 304 308
5736	3	1	68 304 434
5737	3	1	68 413 434
5738	3	1	69 82 94
5739	3	1	69 82 376
5740	3	1	69 94 268
5741	3	1	69 94 298
5742	3	1	69 94 312
5743	3	1	69 94 426
5744	3	1	69 107 130
5745	3	1	69 107 231
5746	3	1	69 123 376
5747	3	1	69 130 156
5748	3	1	69 156 170
5749	3	1	69 156 298
5750	3	1	69 166 268
5751	3	1	69 166 349
5752	3	1	69 166 469
5753	3	1	69 166 495
5754	3	1	69 170 172
5755	3	1	69 170 376
5756	3	1	69 170 468
5757	3	1	69 172 246
5758	3	1	69 172 469
5759	3	1	69 180 279
5760	3	1	69 180 349
5761	3	1	69 180 428
5762	3	1	69 185 468
5763	3	1	69 193 298
5764	3	1	69 193 468
5765	3	1	69 193 495
5766	3	1	69 225 246
5767	3	1	69 225 312
5768	3	1	69 239 269
5769	3	1	69 239 426
5770	3	1	69 246 279
5771	3	1	69 246 426
5772	3	1	69 246 469
5773	3	1	69 249 278
5774	3	1	69 249 426
5775	3	1	69 249 428
5776	3	1	69 264 468
5777	3	1	69 268 298
5778	3	1	69 268 426
5779	3	1	69 268 469
5780	3	1	69 279 312
5781	3	1	69 312 376
5782	3	1	69 349 376
5783	3	1	69 349 495
5784	3	1	69 468 469
5785	3	1	70 75 139
5786	3	1	70 75 221
5787	3	1	70 75 286
5788	3	1	70 75 459
5789	3	1	70 77 246
5790	3	1	70 77 357
5791	3	1	70 77 455
5792	3	1	70 82 87
5793	3	1	70 82 94
5794	3	1	70 82 159
5795	3	1	70 82 386
5796	3	1	70 82 465
5797	3	1	70 94 159
5798	3	1	70 94 455
5799	3	1	70 103 367
5800	3	1	70 103 386
5801	3	1	70 106 163
5802	3	1	70 106 246
5803	3	1	70 106 308
5804	3	1	70 106 347
5805	3	1	70 116 366
5806	3	1	70 116 406
5807	3	1	70 139 159
5808	3	1	70 139 164
5809	3	1	70 139 173
5810	3	1	70 139 308
5811	3	1	70 139 465
5812	3	1	70 139 470
5813	3	1	70 143 189
5814	3	1	70 143 326
5815	3	1	70 153 163
5816	3	1	70 153 347
5817	3	1	70 159 189
5818	3	1	70 159 347
5819	3	1	70 159 367
5820	3	1	70 159 460
5821	3	1	70 159 470
5822	3	1	70 163 301
5823	3	1	70 163 378
5824	3	1	70 163 455
5825	3	1	70 164 189
5826	3	1	70 164 301
5827	3	1	70 164 326
5828	3	1	70 189 460
5829	3	1	70 221 326
5830	3	1	70 221 386
5831	3	1	70 221 406
5832	3	1	70 246 455
5833	3	1	70 286 386
5834	3	1	70 301 459
5835	3	1	70 357 470
5836	3	1	70 366 465
5837	3	1	70 386 406
5838	3	1	70 459 484
5839	3	1	70 465 470
5840	3	1	71 93 300
5841	3	1	71 93 304
5842	3	1	71 93 396
5843	3	1	71 142 143
5844	3	1	71 142 166
5845	3	1	71 142 277
5846	3	1	71 142 389
5847	3	1	71 142 496
5848	3	1	71 143 454
5849	3	1	71 156 169
5850	3	1	71 156 298
5851	3	1	71 166 169
5852	3	1	71 166 304
5853	3	1	71 169 454
5854	3	1	71 169 481
5855	3	1	71 182 298
5856	3	1	71 182 300
5857	3	1	71 182 310
5858	3	1	71 182 396
5859	3	1	71 182 496
5860	3	1	71 224 229
5861	3	1	71 224 277
5862	3	1	71 224 282
5863	3	1	71 224 341
5864	3	1	71 224 428
5865	3	1	71 224 452
5866	3	1	71 229 310
5867	3	1	71 277 396
5868	3	1	71 282 310
5869	3	1	71 282 341
5870	3	1	71 282 485
5871	3	1	71 298 368
5872	3	1	71 300 393
5873	3	1	71 300 454
5874	3	1	71 304 393
5875	3	1	71 304 428
5876	3	1	71 310 468
5877	3	1	71 310 481
5878	3	1	71 320 485
5879	3	1	71 327 396
5880	3	1	71 341 468
5881	3	1	71 368 452
5882	3	1	71 389 454
5883	3	1	71 393 481
5884	3	1	71 393 500
5885	3	1	71 396 452
5886	3	1	71 396 496
5887	3	1	71 432 496
5888	3	1	71 452 500
5889	3	1	71 468 485
5890	3	1	72 80 133
5891	3	1	72 80 159
5892	3	1	72 80 288
5893	3	1	72 92 134
5894	3	1	72 92 149
5895	3	1	72 92 210
5896	3	1	72 92 354
5897	3	1	72 92 367
5898	3	1	72 119 134
5899	3	1	72 119 362
5900	3	1	72 133 362
5901	3	1	72 149 367
5902	3	1	72 149 479
5903	3	1	72 155 210
5904	3	1	72 155 248
5905	3	1	72 159 362
5906	3	1	72 159 367
5907	3	1	72 159 460
5908	3	1	72 159 489
5909	3	1	72 170 248
5910	3	1	72 170 362
5911	3	1	72 170 411
5912	3	1	72 170 489
5913	3	1	72 210 222
5914	3	1	72 210 362
5915	3	1	72 210 367
5916	3	1	72 210 433
5917	3	1	72 222 248
5918	3	1	72 248 310
5919	3	1	72 288 362
5920	3	1	72 310 479
5921	3	1	72 316 319
5922	3	1	72 316 411
5923	3	1	72 319 367
5924	3	1	72 325 354
5925	3	1	72 354 362
5926	3	1	72 354 489
5927	3	1	72 361 411
5928	3	1	72 404 433
5929	3	1	72 411 433
5930	3	1	73 75 122
5931	3	1	73 75 354
5932	3	1	73 75 477
5933	3	1	73 75 488
5934	3	1	73 77 122
5935	3	1	73 77 157
5936	3	1	73 77 167
5937	3	1	73 77 238
5938	3	1	73 77 477
5939	3	1	73 122 167
5940	3	1	73 122 223
5941	3	1	73 122 299
5942	3	1	73 122 347
5943	3	1	73 122 446
5944	3	1	73 122 471
5945	3	1	73 128 164
5946	3	1	73 128 238
5947	3	1	73 128 354
5948	3	1	73 136 417
5949	3	1	73 136 471
5950	3	1	73 136 488
5951	3	1	73 157 251
5952	3	1	73 157 394
5953	3	1	73 163 245
5954	3	1	73 163 261
5955	3	1	73 163 393
5956	3	1	73 163 446
5957	3	1	73 165 167
5958	3	1	73 165 299
5959	3	1	73 165 337
5960	3	1	73 165 417
5961	3	1	73 165 482
5962	3	1	73 165 488
5963	3	1	73 167 295
5964	3	1	73 167 299
5965	3	1	73 167 312
5966	3	1	73 167 477
5967	3	1	73 223 413
5968	3	1	73 223 431
5969	3	1	73 223 476
5970	3	1	73 223 500
5971	3	1	73 245 312
5972	3	1	73 245 500
5973	3	1	73 251 343
5974	3	1	73 251 413
5975	3	1	73 251 488
5976	3	1	73 261 316
5977	3	1	73 261 393
5978	3	1	73 261 413
5979	3	1	73 295 312
5980	3	1	73 295 393
5981	3	1	73 299 312
5982	3	1	73 299 343
5983	3	1	73 299 477
5984	3	1	73 312 406
5985	3	1	73 337 413
5986	3	1	73 343 347
5987	3	1	73 343 354
5988	3	1	73 343 431
5989	3	1	73 343 477
5990	3	1	73 347 446
5991	3	1	73 393 476
5992	3	1	73 393 500
5993	3	1	73 394 417
5994	3	1	73 394 431
5995	3	1	73 406 446
5996	3	1	73 406 471
5997	3	1	73 406 476
5998	3	1	73 417 466
5999	3	1	73 446 471
6000	3	1	73 471 476
6001	3	1	73 471 477
6002	3	1	73 476 477
6003	3	1	73 476 488
6004	3	1	74 80 385
6005	3	1	74 80 405
6006	3	1	74 83 122
6007	3	1	74 83 221
6008	3	1	74 122 233
6009	3	1	74 122 385
6010	3	1	74 181 221
6011	3	1	74 181 314
6012	3	1	74 181 405
6013	3	1	74 181 477
6014	3	1	74 212 218
6015	3	1	74 212 291
6016	3	1	74 213 461
6017	3	1	74 218 258
6018	3	1	74 233 291
6019	3	1	74 233 472
6020	3	1	74 258 373
6021	3	1	74 289 329
6022	3	1	74 289 373
6023	3	1	74 289 385
6024	3	1	74 291 373
6025	3	1	74 292 445
6026	3	1	74 292 477
6027	3	1	74 295 373
6028	3	1	74 314 373
6029	3	1	74 314 472
6030	3	1	74 373 405
6031	3	1	74 405 480
6032	3	1	74 428 461
6033	3	1	74 445 477
6034	3	1	74 477 480
6035	3	1	75 86 192
6036	3	1	75 86 294
6037	3	1	75 86 372
6038	3	1	75 86 488
6039	3	1	75 89 354
6040	3	1	75 122 192
6041	3	1	75 122 294
6042	3	1	75 122 355
6043	3	1	75 139 329
6044	3	1	75 139 354
6045	3	1	75 139 355
6046	3	1	75 139 449
6047	3	1	75 158 286
6048	3	1	75 158 292
6049	3	1	75 158 294
6050	3	1	75 183 372
6051	3	1	75 183 387
6052	3	1	75 183 488
6053	3	1	75 188 292
6054	3	1	75 192 221
6055	3	1	75 192 294
6056	3	1	75 192 305
6057	3	1	75 192 314
6058	3	1	75 199 286
6059	3	1	75 221 267
6060	3	1	75 221 305
6061	3	1	75 267 314
6062	3	1	75 267 372
6063	3	1	75 267 387
6064	3	1	75 286 314
6065	3	1	75 286 355
6066	3	1	75 287 329
6067	3	1	75 287 459
6068	3	1	75 292 449
6069	3	1	75 292 477
6070	3	1	75 294 387
6071	3	1	75 305 340
6072	3	1	75 305 355
6073	3	1	75 305 488
6074	3	1	75 314 459
6075	3	1	75 315 318
6076	3	1	75 318 340
6077	3	1	75 329 427
6078	3	1	75 354 459
6079	3	1	75 355 372
6080	3	1	75 427 488
6081	3	1	76 80 163
6082	3	1	76 80 217
6083	3	1	76 83 219
6084	3	1	76 83 230
6085	3	1	76 83 355
6086	3	1	76 83 365
6087	3	1	76 92 351
6088	3	1	76 128 129
6089	3	1	76 129 355
6090	3	1	76 129 369
6091	3	1	76 129 481
6092	3	1	76 139 217
6093	3	1	76 139 355
6094	3	1	76 140 157
6095	3	1	76 153 157
6096	3	1	76 153 163
6097	3	1	76 153 351
6098	3	1	76 155 163
6099	3	1	76 157 230
6100	3	1	76 157 325
6101	3	1	76 163 325
6102	3	1	76 170 286
6103	3	1	76 170 334
6104	3	1	76 170 355
6105	3	1	76 170 362
6106	3	1	76 170 365
6107	3	1	76 170 366
6108	3	1	76 217 219
6109	3	1	76 217 458
6110	3	1	76 217 481
6111	3	1	76 219 223
6112	3	1	76 219 286
6113	3	1	76 219 338
6114	3	1	76 219 365
6115	3	1	76 230 325
6116	3	1	76 230 338
6117	3	1	76 230 368
6118	3	1	76 236 355
6119	3	1	76 243 334
6120	3	1	76 243 369
6121	3	1	76 265 355
6122	3	1	76 286 338
6123	3	1	76 286 355
6124	3	1	76 286 481
6125	3	1	76 334 366
6126	3	1	76 334 368
6127	3	1	76 338 366
6128	3	1	76 338 368
6129	3	1	76 351 362
6130	3	1	76 351 458
6131	3	1	76 355 458
6132	3	1	76 362 365
6133	3	1	76 365 458
6134	3	1	76 366 368
6135	3	1	76 366 369
6136	3	1	76 366 481
6137	3	1	77 79 110
6138	3	1	77 96 155
6139	3	1	77 96 202
6140	3	1	77 96 357
6141	3	1	77 99 157
6142	3	1	77 99 256
6143	3	1	77 99 496
6144	3	1	77 107 110
6145	3	1	77 107 202
6146	3	1	77 107 231
6147	3	1	77 110 167
6148	3	1	77 110 260
6149	3	1	77 110 335
6150	3	1	77 110 357
6151	3	1	77 110 396
6152	3	1	77 112 174
6153	3	1	77 112 249
6154	3	1	77 112 289
6155	3	1	77 112 328
6156	3	1	77 112 448
6157	3	1	77 122 155
6158	3	1	77 122 167
6159	3	1	77 122 294
6160	3	1	77 122 310
6161	3	1	77 122 335
6162	3	1	77 122 439
6163	3	1	77 155 289
6164	3	1	77 157 310
6165	3	1	77 157 314
6166	3	1	77 157 328
6167	3	1	77 157 480
6168	3	1	77 157 496
6169	3	1	77 167 314
6170	3	1	77 167 477
6171	3	1	77 174 250
6172	3	1	77 174 256
6173	3	1	77 174 298
6174	3	1	77 174 335
6175	3	1	77 174 345
6176	3	1	77 174 443
6177	3	1	77 193 298
6178	3	1	77 193 314
6179	3	1	77 202 256
6180	3	1	77 202 294
6181	3	1	77 202 310
6182	3	1	77 202 327
6183	3	1	77 202 328
6184	3	1	77 202 439
6185	3	1	77 202 448
6186	3	1	77 202 494
6187	3	1	77 218 357
6188	3	1	77 218 469
6189	3	1	77 231 439
6190	3	1	77 238 289
6191	3	1	77 238 294
6192	3	1	77 238 345
6193	3	1	77 238 496
6194	3	1	77 242 380
6195	3	1	77 246 455
6196	3	1	77 246 469
6197	3	1	77 249 335
6198	3	1	77 249 461
6199	3	1	77 250 335
6200	3	1	77 250 496
6201	3	1	77 256 294
6202	3	1	77 256 396
6203	3	1	77 256 439
6204	3	1	77 260 328
6205	3	1	77 289 310
6206	3	1	77 294 298
6207	3	1	77 298 439
6208	3	1	77 298 461
6209	3	1	77 310 314
6210	3	1	77 310 494
6211	3	1	77 314 335
6212	3	1	77 327 396
6213	3	1	77 328 335
6214	3	1	77 328 448
6215	3	1	77 357 396
6216	3	1	77 357 461
6217	3	1	77 396 448
6218	3	1	77 396 496
6219	3	1	77 443 477
6220	3	1	77 461 469
6221	3	1	77 469 494
6222	3	1	77 477 480
6223	3	1	77 480 496
6224	3	1	78 88 95
6225	3	1	78 88 163
6226	3	1	78 88 230
6227	3	1	78 90 162
6228	3	1	78 90 210
6229	3	1	78 90 223
6230	3	1	78 94 120
6231	3	1	78 94 455
6232	3	1	78 95 188
6233	3	1	78 95 322
6234	3	1	78 95 398
6235	3	1	78 95 446
6236	3	1	78 97 351
6237	3	1	78 97 455
6238	3	1	78 120 226
6239	3	1	78 120 313
6240	3	1	78 120 322
6241	3	1	78 120 330
6242	3	1	78 120 387
6243	3	1	78 129 137
6244	3	1	78 129 332
6245	3	1	78 129 449
6246	3	1	78 137 256
6247	3	1	78 137 313
6248	3	1	78 137 330
6249	3	1	78 137 459
6250	3	1	78 162 218
6251	3	1	78 162 281
6252	3	1	78 162 387
6253	3	1	78 162 432
6254	3	1	78 162 450
6255	3	1	78 163 225
6256	3	1	78 163 346
6257	3	1	78 163 393
6258	3	1	78 163 398
6259	3	1	78 163 446
6260	3	1	78 163 455
6261	3	1	78 170 366
6262	3	1	78 170 387
6263	3	1	78 170 436
6264	3	1	78 188 208
6265	3	1	78 188 398
6266	3	1	78 208 256
6267	3	1	78 208 436
6268	3	1	78 210 313
6269	3	1	78 210 398
6270	3	1	78 218 351
6271	3	1	78 225 387
6272	3	1	78 230 398
6273	3	1	78 230 436
6274	3	1	78 256 313
6275	3	1	78 260 281
6276	3	1	78 260 374
6277	3	1	78 281 322
6278	3	1	78 281 366
6279	3	1	78 281 449
6280	3	1	78 313 393
6281	3	1	78 322 351
6282	3	1	78 322 393
6283	3	1	78 322 450
6284	3	1	78 330 332
6285	3	1	78 330 351
6286	3	1	78 330 446
6287	3	1	78 330 450
6288	3	1	78 332 351
6289	3	1	78 346 387
6290	3	1	78 346 443
6291	3	1	78 346 450
6292	3	1	78 351 398
6293	3	1	78 351 432
6294	3	1	78 351 450
6295	3	1	78 366 434
6296	3	1	78 366 436
6297	3	1	78 366 450
6298	3	1	78 374 455
6299	3	1	78 387 432
6300	3	1	78 393 450
6301	3	1	78 398 434
6302	3	1	78 434 455
6303	3	1	78 436 446
6304	3	1	78 436 459
6305	3	1	78 446 455
6306	3	1	79 84 229
6307	3	1	79 84 334
6308	3	1	79 84 472
6309	3	1	79 84 491
6310	3	1	79 103 417
6311	3	1	79 103 437
6312	3	1	79 110 129
6313	3	1	79 110 207
6314	3	1	79 116 208
6315	3	1	79 116 229
6316	3	1	79 116 393
6317	3	1	79 116 394
6318	3	1	79 116 430
6319	3	1	79 116 446
6320	3	1	79 116 491
6321	3	1	79 129 285
6322	3	1	79 149 491
6323	3	1	79 152 393
6324	3	1	79 159 437
6325	3	1	79 159 470
6326	3	1	79 207 285
6327	3	1	79 208 394
6328	3	1	79 208 417
6329	3	1	79 208 437
6330	3	1	79 229 323
6331	3	1	79 229 464
6332	3	1	79 229 482
6333	3	1	79 230 464
6334	3	1	79 230 484
6335	3	1	79 285 394
6336	3	1	79 285 422
6337	3	1	79 285 437
6338	3	1	79 341 417
6339	3	1	79 341 457
6340	3	1	79 341 484
6341	3	1	79 394 417
6342	3	1	79 394 430
6343	3	1	79 417 472
6344	3	1	79 422 437
6345	3	1	79 425 430
6346	3	1	79 425 457
6347	3	1	79 430 484
6348	3	1	79 464 484
6349	3	1	79 482 484
6350	3	1	80 163 305
6351	3	1	80 163 446
6352	3	1	80 175 449
6353	3	1	80 183 320
6354	3	1	80 183 383
6355	3	1	80 183 385
6356	3	1	80 183 444
6357	3	1	80 200 312
6358	3	1	80 200 330
6359	3	1	80 200 454
6360	3	1	80 217 226
6361	3	1	80 217 239
6362	3	1	80 217 240
6363	3	1	80 226 312
6364	3	1	80 239 471
6365	3	1	80 240 471
6366	3	1	80 241 305
6367	3	1	80 253 288
6368	3	1	80 253 405
6369	3	1	80 253 424
6370	3	1	80 305 312
6371	3	1	80 305 471
6372	3	1	80 318 330
6373	3	1	80 320 385
6374	3	1	80 320 471
6375	3	1	80 330 446
6376	3	1	80 383 385
6377	3	1	80 385 388
6378	3	1	80 385 446
6379	3	1	80 446 471
6380	3	1	81 93 132
6381	3	1	81 93 301
6382	3	1	81 93 334
6383	3	1	81 93 397
6384	3	1	81 93 441
6385	3	1	81 93 448
6386	3	1	81 93 455
6387	3	1	81 93 462
6388	3	1	81 94 324
6389	3	1	81 94 455
6390	3	1	81 100 130
6391	3	1	81 100 332
6392	3	1	81 110 132
6393	3	1	81 110 322
6394	3	1	81 110 329
6395	3	1	81 110 462
6396	3	1	81 114 263
6397	3	1	81 114 276
6398	3	1	81 114 329
6399	3	1	81 114 397
6400	3	1	81 128 164
6401	3	1	81 128 231
6402	3	1	81 128 313
6403	3	1	81 128 397
6404	3	1	81 128 398
6405	3	1	81 130 197
6406	3	1	81 130 262
6407	3	1	81 130 427
6408	3	1	81 130 441
6409	3	1	81 130 455
6410	3	1	81 130 462
6411	3	1	81 130 497
6412	3	1	81 132 217
6413	3	1	81 132 262
6414	3	1	81 164 253
6415	3	1	81 164 301
6416	3	1	81 197 324
6417	3	1	81 211 322
6418	3	1	81 211 324
6419	3	1	81 211 332
6420	3	1	81 211 398
6421	3	1	81 211 448
6422	3	1	81 217 397
6423	3	1	81 217 455
6424	3	1	81 217 468
6425	3	1	81 231 301
6426	3	1	81 249 253
6427	3	1	81 249 281
6428	3	1	81 249 324
6429	3	1	81 249 398
6430	3	1	81 253 276
6431	3	1	81 253 332
6432	3	1	81 253 337
6433	3	1	81 253 397
6434	3	1	81 262 324
6435	3	1	81 262 332
6436	3	1	81 263 324
6437	3	1	81 276 472
6438	3	1	81 276 497
6439	3	1	81 281 322
6440	3	1	81 281 324
6441	3	1	81 281 334
6442	3	1	81 281 462
6443	3	1	81 281 468
6444	3	1	81 301 313
6445	3	1	81 301 468
6446	3	1	81 301 472
6447	3	1	81 322 427
6448	3	1	81 324 462
6449	3	1	81 329 398
6450	3	1	81 329 427
6451	3	1	81 334 349
6452	3	1	81 337 397
6453	3	1	81 337 462
6454	3	1	81 349 455
6455	3	1	81 397 472
6456	3	1	81 427 448
6457	3	1	81 427 451
6458	3	1	81 427 497
6459	3	1	81 441 451
6460	3	1	82 87 277
6461	3	1	82 87 452
6462	3	1	82 94 159
6463	3	1	82 94 190
6464	3	1	82 133 356
6465	3	1	82 133 376
6466	3	1	82 133 398
6467	3	1	82 142 226
6468	3	1	82 142 277
6469	3	1	82 142 281
6470	3	1	82 142 389
6471	3	1	82 158 300
6472	3	1	82 159 281
6473	3	1	82 159 356
6474	3	1	82 159 419
6475	3	1	82 187 226
6476	3	1	82 187 400
6477	3	1	82 190 277
6478	3	1	82 190 281
6479	3	1	82 190 386
6480	3	1	82 190 398
6481	3	1	82 190 465
6482	3	1	82 226 302
6483	3	1	82 277 465
6484	3	1	82 281 300
6485	3	1	82 281 323
6486	3	1	82 281 452
6487	3	1	82 282 363
6488	3	1	82 282 376
6489	3	1	82 300 398
6490	3	1	82 302 323
6491	3	1	82 323 389
6492	3	1	82 376 386
6493	3	1	82 419 452
6494	3	1	83 86 91
6495	3	1	83 86 300
6496	3	1	83 86 313
6497	3	1	83 86 346
6498	3	1	83 86 412
6499	3	1	83 86 435
6500	3	1	83 91 185
6501	3	1	83 91 221
6502	3	1	83 91 376
6503	3	1	83 95 101
6504	3	1	83 95 127
6505	3	1	83 95 300
6506	3	1	83 101 116
6507	3	1	83 101 185
6508	3	1	83 101 239
6509	3	1	83 116 122
6510	3	1	83 116 136
6511	3	1	83 116 229
6512	3	1	83 116 342
6513	3	1	83 116 486
6514	3	1	83 122 156
6515	3	1	83 122 230
6516	3	1	83 122 283
6517	3	1	83 122 342
6518	3	1	83 122 355
6519	3	1	83 123 346
6520	3	1	83 123 376
6521	3	1	83 123 483
6522	3	1	83 127 172
6523	3	1	83 127 337
6524	3	1	83 136 172
6525	3	1	83 136 365
6526	3	1	83 142 143
6527	3	1	83 142 412
6528	3	1	83 143 225
6529	3	1	83 143 326
6530	3	1	83 143 349
6531	3	1	83 143 365
6532	3	1	83 152 172
6533	3	1	83 152 219
6534	3	1	83 152 283
6535	3	1	83 156 318
6536	3	1	83 156 337
6537	3	1	83 156 355
6538	3	1	83 172 313
6539	3	1	83 172 355
6540	3	1	83 185 221
6541	3	1	83 185 365
6542	3	1	83 185 486
6543	3	1	83 190 219
6544	3	1	83 190 486
6545	3	1	83 219 225
6546	3	1	83 219 326
6547	3	1	83 219 349
6548	3	1	83 219 365
6549	3	1	83 219 376
6550	3	1	83 219 483
6551	3	1	83 219 486
6552	3	1	83 221 326
6553	3	1	83 221 342
6554	3	1	83 225 318
6555	3	1	83 225 483
6556	3	1	83 229 318
6557	3	1	83 230 318
6558	3	1	83 283 326
6559	3	1	83 300 326
6560	3	1	83 326 412
6561	3	1	83 337 365
6562	3	1	83 342 349
6563	3	1	83 342 435
6564	3	1	83 349 376
6565	3	1	83 355 483
6566	3	1	83 365 412
6567	3	1	83 376 412
6568	3	1	83 376 435
6569	3	1	84 86 115
6570	3	1	84 86 372
6571	3	1	84 86 412
6572	3	1	84 86 447
6573	3	1	84 99 227
6574	3	1	84 99 233
6575	3	1	84 99 432
6576	3	1	84 102 365
6577	3	1	84 102 399
6578	3	1	84 102 432
6579	3	1	84 102 447
6580	3	1	84 115 244
6581	3	1	84 115 399
6582	3	1	84 115 412
6583	3	1	84 143 334
6584	3	1	84 143 365
6585	3	1	84 143 409
6586	3	1	84 143 436
6587	3	1	84 143 450
6588	3	1	84 143 466
6589	3	1	84 165 174
6590	3	1	84 166 385
6591	3	1	84 166 412
6592	3	1	84 171 345
6593	3	1	84 171 385
6594	3	1	84 171 412
6595	3	1	84 171 447
6596	3	1	84 174 265
6597	3	1	84 174 345
6598	3	1	84 201 227
6599	3	1	84 201 244
6600	3	1	84 201 466
6601	3	1	84 201 485
6602	3	1	84 227 244
6603	3	1	84 227 318
6604	3	1	84 227 447
6605	3	1	84 227 485
6606	3	1	84 229 318
6607	3	1	84 229 399
6608	3	1	84 229 436
6609	3	1	84 233 409
6610	3	1	84 233 472
6611	3	1	84 240 472
6612	3	1	84 244 345
6613	3	1	84 244 399
6614	3	1	84 244 432
6615	3	1	84 244 436
6616	3	1	84 244 447
6617	3	1	84 265 412
6618	3	1	84 265 436
6619	3	1	84 265 491
6620	3	1	84 288 447
6621	3	1	84 318 436
6622	3	1	84 334 372
6623	3	1	84 345 436
6624	3	1	84 365 412
6625	3	1	84 365 485
6626	3	1	84 365 491
6627	3	1	84 399 412
6628	3	1	84 399 432
6629	3	1	84 399 491
6630	3	1	84 409 432
6631	3	1	84 409 485
6632	3	1	84 412 447
6633	3	1	84 419 472
6634	3	1	84 436 491
6635	3	1	84 447 485
6636	3	1	86 88 321
6637	3	1	86 88 338
6638	3	1	86 88 372
6639	3	1	86 88 412
6640	3	1	86 91 275
6641	3	1	86 91 321
6642	3	1	86 91 383
6643	3	1	86 106 275
6644	3	1	86 106 300
6645	3	1	86 106 319
6646	3	1	86 106 397
6647	3	1	86 106 433
6648	3	1	86 114 192
6649	3	1	86 114 346
6650	3	1	86 114 397
6651	3	1	86 114 431
6652	3	1	86 115 216
6653	3	1	86 115 319
6654	3	1	86 115 412
6655	3	1	86 115 433
6656	3	1	86 115 488
6657	3	1	86 135 232
6658	3	1	86 135 279
6659	3	1	86 135 294
6660	3	1	86 135 319
6661	3	1	86 135 383
6662	3	1	86 135 412
6663	3	1	86 135 426
6664	3	1	86 135 433
6665	3	1	86 182 300
6666	3	1	86 182 372
6667	3	1	86 192 232
6668	3	1	86 192 294
6669	3	1	86 202 232
6670	3	1	86 202 294
6671	3	1	86 202 321
6672	3	1	86 202 426
6673	3	1	86 202 447
6674	3	1	86 216 431
6675	3	1	86 216 487
6676	3	1	86 216 488
6677	3	1	86 232 451
6678	3	1	86 234 488
6679	3	1	86 275 279
6680	3	1	86 275 300
6681	3	1	86 275 372
6682	3	1	86 275 467
6683	3	1	86 279 321
6684	3	1	86 279 374
6685	3	1	86 279 397
6686	3	1	86 294 313
6687	3	1	86 294 321
6688	3	1	86 294 378
6689	3	1	86 300 431
6690	3	1	86 300 487
6691	3	1	86 313 431
6692	3	1	86 313 488
6693	3	1	86 319 397
6694	3	1	86 321 397
6695	3	1	86 321 412
6696	3	1	86 321 451
6697	3	1	86 338 368
6698	3	1	86 368 378
6699	3	1	86 368 426
6700	3	1	86 368 435
6701	3	1	86 372 435
6702	3	1	86 374 487
6703	3	1	86 412 433
6704	3	1	86 412 447
6705	3	1	86 426 451
6706	3	1	86 426 467
6707	3	1	86 431 435
6708	3	1	86 435 451
6709	3	1	86 467 487
6710	3	1	87 130 175
6711	3	1	87 130 318
6712	3	1	87 161 292
6713	3	1	87 161 372
6714	3	1	87 161 410
6715	3	1	87 161 480
6716	3	1	87 171 292
6717	3	1	87 171 385
6718	3	1	87 171 412
6719	3	1	87 175 372
6720	3	1	87 175 450
6721	3	1	87 208 404
6722	3	1	87 208 410
6723	3	1	87 208 424
6724	3	1	87 210 424
6725	3	1	87 277 416
6726	3	1	87 318 333
6727	3	1	87 318 480
6728	3	1	87 372 480
6729	3	1	87 385 452
6730	3	1	87 404 412
6731	3	1	87 413 416
6732	3	1	87 413 480
6733	3	1	87 450 481
6734	3	1	88 93 95
6735	3	1	88 100 138
6736	3	1	88 100 440
6737	3	1	88 104 440
6738	3	1	88 122 230
6739	3	1	88 138 412
6740	3	1	88 141 230
6741	3	1	88 163 298
6742	3	1	88 163 325
6743	3	1	88 163 422
6744	3	1	88 175 372
6745	3	1	88 201 363
6746	3	1	88 207 267
6747	3	1	88 207 321
6748	3	1	88 230 325
6749	3	1	88 230 338
6750	3	1	88 267 363
6751	3	1	88 267 372
6752	3	1	88 295 298
6753	3	1	88 298 359
6754	3	1	88 298 372
6755	3	1	88 321 412
6756	3	1	88 338 500
6757	3	1	88 341 372
6758	3	1	88 349 500
6759	3	1	88 359 422
6760	3	1	88 412 440
6761	3	1	89 107 234
6762	3	1	89 107 394
6763	3	1	89 119 140
6764	3	1	89 119 240
6765	3	1	89 119 271
6766	3	1	89 119 289
6767	3	1	89 119 345
6768	3	1	89 119 471
6769	3	1	89 120 167
6770	3	1	89 120 234
6771	3	1	89 120 435
6772	3	1	89 140 308
6773	3	1	89 140 434
6774	3	1	89 140 489
6775	3	1	89 162 201
6776	3	1	89 162 281
6777	3	1	89 162 289
6778	3	1	89 167 462
6779	3	1	89 167 487
6780	3	1	89 201 466
6781	3	1	89 206 251
6782	3	1	89 206 289
6783	3	1	89 210 274
6784	3	1	89 234 258
6785	3	1	89 234 291
6786	3	1	89 234 463
6787	3	1	89 234 465
6788	3	1	89 234 466
6789	3	1	89 240 354
6790	3	1	89 240 471
6791	3	1	89 251 271
6792	3	1	89 251 345
6793	3	1	89 258 297
6794	3	1	89 258 308
6795	3	1	89 258 394
6796	3	1	89 258 489
6797	3	1	89 271 291
6798	3	1	89 271 435
6799	3	1	89 274 291
6800	3	1	89 281 462
6801	3	1	89 281 471
6802	3	1	89 281 500
6803	3	1	89 289 308
6804	3	1	89 289 394
6805	3	1	89 289 466
6806	3	1	89 289 487
6807	3	1	89 289 489
6808	3	1	89 291 423
6809	3	1	89 291 465
6810	3	1	89 297 308
6811	3	1	89 297 466
6812	3	1	89 297 489
6813	3	1	89 308 471
6814	3	1	89 354 489
6815	3	1	89 423 435
6816	3	1	89 423 463
6817	3	1	89 423 466
6818	3	1	89 423 489
6819	3	1	89 463 487
6820	3	1	89 465 487
6821	3	1	90 119 134
6822	3	1	90 119 224
6823	3	1	90 119 229
6824	3	1	90 119 240
6825	3	1	90 119 245
6826	3	1	90 134 201
6827	3	1	90 134 261
6828	3	1	90 134 264
6829	3	1	90 134 340
6830	3	1	90 134 419
6831	3	1	90 138 210
6832	3	1	90 138 229
6833	3	1	90 138 234
6834	3	1	90 138 340
6835	3	1	90 138 412
6836	3	1	90 162 201
6837	3	1	90 162 232
6838	3	1	90 162 310
6839	3	1	90 165 310
6840	3	1	90 165 340
6841	3	1	90 210 222
6842	3	1	90 222 435
6843	3	1	90 223 232
6844	3	1	90 223 340
6845	3	1	90 224 229
6846	3	1	90 229 310
6847	3	1	90 232 359
6848	3	1	90 232 440
6849	3	1	90 234 264
6850	3	1	90 234 391
6851	3	1	90 240 278
6852	3	1	90 240 310
6853	3	1	90 240 440
6854	3	1	90 240 486
6855	3	1	90 245 340
6856	3	1	90 245 359
6857	3	1	90 245 419
6858	3	1	90 261 480
6859	3	1	90 264 310
6860	3	1	90 264 419
6861	3	1	90 278 419
6862	3	1	90 278 435
6863	3	1	90 300 325
6864	3	1	90 310 391
6865	3	1	90 340 359
6866	3	1	90 371 486
6867	3	1	90 412 440
6868	3	1	90 412 496
6869	3	1	90 480 496
6870	3	1	90 486 491
6871	3	1	91 120 153
6872	3	1	91 120 166
6873	3	1	91 120 238
6874	3	1	91 120 419
6875	3	1	91 126 128
6876	3	1	91 126 153
6877	3	1	91 126 406
6878	3	1	91 128 221
6879	3	1	91 128 238
6880	3	1	91 128 272
6881	3	1	91 128 321
6882	3	1	91 141 153
6883	3	1	91 141 185
6884	3	1	91 141 370
6885	3	1	91 141 419
6886	3	1	91 141 479
6887	3	1	91 153 312
6888	3	1	91 153 425
6889	3	1	91 166 272
6890	3	1	91 166 480
6891	3	1	91 185 221
6892	3	1	91 185 244
6893	3	1	91 185 468
6894	3	1	91 221 312
6895	3	1	91 221 406
6896	3	1	91 238 307
6897	3	1	91 238 470
6898	3	1	91 244 278
6899	3	1	91 244 312
6900	3	1	91 244 362
6901	3	1	91 244 468
6902	3	1	91 245 272
6903	3	1	91 245 312
6904	3	1	91 245 333
6905	3	1	91 245 376
6906	3	1	91 245 419
6907	3	1	91 257 278
6908	3	1	91 257 470
6909	3	1	91 257 480
6910	3	1	91 272 275
6911	3	1	91 272 333
6912	3	1	91 272 370
6913	3	1	91 275 307
6914	3	1	91 275 466
6915	3	1	91 275 468
6916	3	1	91 278 307
6917	3	1	91 278 333
6918	3	1	91 278 419
6919	3	1	91 307 383
6920	3	1	91 307 441
6921	3	1	91 312 376
6922	3	1	91 312 406
6923	3	1	91 321 466
6924	3	1	91 325 333
6925	3	1	91 333 425
6926	3	1	91 333 466
6927	3	1	91 370 406
6928	3	1	91 370 470
6929	3	1	91 376 480
6930	3	1	91 383 468
6931	3	1	91 419 425
6932	3	1	91 425 479
6933	3	1	91 441 491
6934	3	1	91 466 470
6935	3	1	91 470 480
6936	3	1	92 98 202
6937	3	1	92 101 149
6938	3	1	92 101 202
6939	3	1	92 101 389
6940	3	1	92 115 379
6941	3	1	92 134 161
6942	3	1	92 134 264
6943	3	1	92 149 231
6944	3	1	92 149 367
6945	3	1	92 149 389
6946	3	1	92 161 173
6947	3	1	92 161 354
6948	3	1	92 202 232
6949	3	1	92 202 293
6950	3	1	92 202 384
6951	3	1	92 202 391
6952	3	1	92 210 367
6953	3	1	92 231 232
6954	3	1	92 232 266
6955	3	1	92 232 472
6956	3	1	92 262 346
6957	3	1	92 262 379
6958	3	1	92 264 367
6959	3	1	92 264 385
6960	3	1	92 323 389
6961	3	1	92 354 384
6962	3	1	92 367 384
6963	3	1	93 95 132
6964	3	1	93 95 300
6965	3	1	93 95 333
6966	3	1	93 96 202
6967	3	1	93 132 296
6968	3	1	93 132 302
6969	3	1	93 133 448
6970	3	1	93 134 302
6971	3	1	93 134 308
6972	3	1	93 134 462
6973	3	1	93 140 171
6974	3	1	93 140 308
6975	3	1	93 140 397
6976	3	1	93 140 455
6977	3	1	93 171 199
6978	3	1	93 171 304
6979	3	1	93 171 447
6980	3	1	93 177 296
6981	3	1	93 177 308
6982	3	1	93 181 304
6983	3	1	93 181 334
6984	3	1	93 199 202
6985	3	1	93 199 447
6986	3	1	93 202 296
6987	3	1	93 202 333
6988	3	1	93 202 441
6989	3	1	93 202 447
6990	3	1	93 202 448
6991	3	1	93 243 296
6992	3	1	93 243 334
6993	3	1	93 251 300
6994	3	1	93 287 397
6995	3	1	93 287 441
6996	3	1	93 296 302
6997	3	1	93 296 308
6998	3	1	93 296 342
6999	3	1	93 296 396
7000	3	1	93 296 429
7001	3	1	93 296 462
7002	3	1	93 300 334
7003	3	1	93 301 365
7004	3	1	93 301 447
7005	3	1	93 302 346
7006	3	1	93 304 308
7007	3	1	93 333 346
7008	3	1	93 333 448
7009	3	1	93 333 462
7010	3	1	93 342 435
7011	3	1	93 365 396
7012	3	1	93 365 397
7013	3	1	93 396 447
7014	3	1	93 396 448
7015	3	1	93 397 400
7016	3	1	93 435 441
7017	3	1	93 441 447
7018	3	1	93 447 448
7019	3	1	94 148 190
7020	3	1	94 148 267
7021	3	1	94 148 413
7022	3	1	94 159 324
7023	3	1	94 159 342
7024	3	1	94 159 500
7025	3	1	94 171 350
7026	3	1	94 171 385
7027	3	1	94 171 487
7028	3	1	94 183 385
7029	3	1	94 183 399
7030	3	1	94 190 268
7031	3	1	94 243 268
7032	3	1	94 243 385
7033	3	1	94 267 487
7034	3	1	94 268 295
7035	3	1	94 268 298
7036	3	1	94 268 426
7037	3	1	94 268 455
7038	3	1	94 288 342
7039	3	1	94 294 298
7040	3	1	94 295 298
7041	3	1	94 295 312
7042	3	1	94 298 344
7043	3	1	94 312 487
7044	3	1	94 315 324
7045	3	1	94 324 350
7046	3	1	94 342 344
7047	3	1	94 342 399
7048	3	1	94 344 350
7049	3	1	94 344 399
7050	3	1	94 350 413
7051	3	1	94 413 480
7052	3	1	94 413 487
7053	3	1	95 98 233
7054	3	1	95 98 241
7055	3	1	95 98 416
7056	3	1	95 98 427
7057	3	1	95 101 188
7058	3	1	95 101 261
7059	3	1	95 101 446
7060	3	1	95 105 266
7061	3	1	95 105 371
7062	3	1	95 105 433
7063	3	1	95 105 466
7064	3	1	95 127 213
7065	3	1	95 127 241
7066	3	1	95 127 399
7067	3	1	95 127 416
7068	3	1	95 127 427
7069	3	1	95 127 430
7070	3	1	95 127 467
7071	3	1	95 132 203
7072	3	1	95 132 466
7073	3	1	95 188 237
7074	3	1	95 188 266
7075	3	1	95 188 371
7076	3	1	95 188 398
7077	3	1	95 188 467
7078	3	1	95 203 213
7079	3	1	95 203 264
7080	3	1	95 213 224
7081	3	1	95 213 237
7082	3	1	95 213 264
7083	3	1	95 213 322
7084	3	1	95 222 246
7085	3	1	95 224 241
7086	3	1	95 224 350
7087	3	1	95 224 399
7088	3	1	95 233 237
7089	3	1	95 233 430
7090	3	1	95 233 468
7091	3	1	95 237 300
7092	3	1	95 237 312
7093	3	1	95 237 322
7094	3	1	95 237 425
7095	3	1	95 237 467
7096	3	1	95 241 324
7097	3	1	95 241 427
7098	3	1	95 241 433
7099	3	1	95 241 460
7100	3	1	95 246 371
7101	3	1	95 246 427
7102	3	1	95 246 446
7103	3	1	95 261 398
7104	3	1	95 261 399
7105	3	1	95 261 433
7106	3	1	95 264 333
7107	3	1	95 264 425
7108	3	1	95 264 468
7109	3	1	95 266 371
7110	3	1	95 300 322
7111	3	1	95 300 324
7112	3	1	95 300 398
7113	3	1	95 300 399
7114	3	1	95 319 322
7115	3	1	95 319 466
7116	3	1	95 322 371
7117	3	1	95 322 427
7118	3	1	95 322 433
7119	3	1	95 324 350
7120	3	1	95 324 430
7121	3	1	95 333 425
7122	3	1	95 333 466
7123	3	1	95 350 430
7124	3	1	95 399 430
7125	3	1	95 399 468
7126	3	1	95 425 427
7127	3	1	95 425 430
7128	3	1	95 427 430
7129	3	1	95 427 446
7130	3	1	95 433 468
7131	3	1	95 460 468
7132	3	1	96 115 155
7133	3	1	96 115 217
7134	3	1	96 115 319
7135	3	1	96 115 357
7136	3	1	96 115 371
7137	3	1	96 115 403
7138	3	1	96 115 430
7139	3	1	96 126 155
7140	3	1	96 126 201
7141	3	1	96 126 240
7142	3	1	96 126 285
7143	3	1	96 155 163
7144	3	1	96 155 201
7145	3	1	96 155 291
7146	3	1	96 163 285
7147	3	1	96 163 378
7148	3	1	96 163 403
7149	3	1	96 163 485
7150	3	1	96 173 403
7151	3	1	96 173 487
7152	3	1	96 201 275
7153	3	1	96 201 417
7154	3	1	96 201 485
7155	3	1	96 202 391
7156	3	1	96 202 452
7157	3	1	96 207 285
7158	3	1	96 217 240
7159	3	1	96 217 344
7160	3	1	96 217 378
7161	3	1	96 240 344
7162	3	1	96 240 430
7163	3	1	96 240 452
7164	3	1	96 240 472
7165	3	1	96 274 291
7166	3	1	96 274 485
7167	3	1	96 275 322
7168	3	1	96 275 485
7169	3	1	96 285 357
7170	3	1	96 285 391
7171	3	1	96 286 452
7172	3	1	96 291 378
7173	3	1	96 291 391
7174	3	1	96 291 417
7175	3	1	96 319 322
7176	3	1	96 322 357
7177	3	1	96 322 371
7178	3	1	96 357 391
7179	3	1	96 391 417
7180	3	1	96 403 430
7181	3	1	96 403 487
7182	3	1	96 417 472
7183	3	1	96 430 484
7184	3	1	97 104 116
7185	3	1	97 104 279
7186	3	1	97 104 287
7187	3	1	97 104 489
7188	3	1	97 110 167
7189	3	1	97 110 335
7190	3	1	97 110 357
7191	3	1	97 116 234
7192	3	1	97 116 372
7193	3	1	97 116 419
7194	3	1	97 116 486
7195	3	1	97 128 279
7196	3	1	97 128 287
7197	3	1	97 138 234
7198	3	1	97 138 287
7199	3	1	97 138 351
7200	3	1	97 138 489
7201	3	1	97 153 271
7202	3	1	97 153 351
7203	3	1	97 153 489
7204	3	1	97 160 455
7205	3	1	97 160 467
7206	3	1	97 160 483
7207	3	1	97 160 486
7208	3	1	97 167 483
7209	3	1	97 234 287
7210	3	1	97 234 455
7211	3	1	97 271 467
7212	3	1	97 287 489
7213	3	1	97 308 325
7214	3	1	97 308 359
7215	3	1	97 308 372
7216	3	1	97 308 467
7217	3	1	97 308 486
7218	3	1	97 309 419
7219	3	1	97 351 357
7220	3	1	97 351 362
7221	3	1	97 351 429
7222	3	1	97 357 362
7223	3	1	97 357 429
7224	3	1	97 357 489
7225	3	1	97 359 455
7226	3	1	97 362 467
7227	3	1	97 372 486
7228	3	1	97 372 489
7229	3	1	97 455 467
7230	3	1	98 102 260
7231	3	1	98 102 432
7232	3	1	98 104 233
7233	3	1	98 104 406
7234	3	1	98 156 169
7235	3	1	98 156 318
7236	3	1	98 156 364
7237	3	1	98 157 206
7238	3	1	98 169 295
7239	3	1	98 202 219
7240	3	1	98 202 282
7241	3	1	98 202 318
7242	3	1	98 202 426
7243	3	1	98 202 432
7244	3	1	98 207 233
7245	3	1	98 209 229
7246	3	1	98 209 380
7247	3	1	98 209 432
7248	3	1	98 211 380
7249	3	1	98 219 260
7250	3	1	98 219 364
7251	3	1	98 219 380
7252	3	1	98 229 318
7253	3	1	98 233 353
7254	3	1	98 233 380
7255	3	1	98 233 426
7256	3	1	98 241 427
7257	3	1	98 260 281
7258	3	1	98 260 318
7259	3	1	98 260 406
7260	3	1	98 281 380
7261	3	1	98 282 469
7262	3	1	98 295 357
7263	3	1	98 295 432
7264	3	1	98 353 426
7265	3	1	98 353 469
7266	3	1	98 357 432
7267	3	1	98 364 380
7268	3	1	98 405 432
7269	3	1	98 406 416
7270	3	1	98 432 469
7271	3	1	99 103 232
7272	3	1	99 103 256
7273	3	1	99 103 367
7274	3	1	99 103 417
7275	3	1	99 103 488
7276	3	1	99 121 209
7277	3	1	99 121 417
7278	3	1	99 121 423
7279	3	1	99 121 441
7280	3	1	99 121 488
7281	3	1	99 121 496
7282	3	1	99 121 500
7283	3	1	99 123 297
7284	3	1	99 123 417
7285	3	1	99 123 441
7286	3	1	99 134 148
7287	3	1	99 134 264
7288	3	1	99 134 302
7289	3	1	99 134 457
7290	3	1	99 148 233
7291	3	1	99 148 367
7292	3	1	99 148 383
7293	3	1	99 157 297
7294	3	1	99 157 325
7295	3	1	99 157 394
7296	3	1	99 157 423
7297	3	1	99 157 496
7298	3	1	99 164 302
7299	3	1	99 182 364
7300	3	1	99 182 417
7301	3	1	99 182 441
7302	3	1	99 182 457
7303	3	1	99 182 496
7304	3	1	99 209 367
7305	3	1	99 209 432
7306	3	1	99 223 232
7307	3	1	99 223 500
7308	3	1	99 227 364
7309	3	1	99 227 496
7310	3	1	99 232 297
7311	3	1	99 243 268
7312	3	1	99 243 364
7313	3	1	99 243 383
7314	3	1	99 256 297
7315	3	1	99 257 423
7316	3	1	99 264 364
7317	3	1	99 264 367
7318	3	1	99 264 394
7319	3	1	99 264 457
7320	3	1	99 268 394
7321	3	1	99 268 423
7322	3	1	99 268 433
7323	3	1	99 297 302
7324	3	1	99 297 364
7325	3	1	99 297 496
7326	3	1	99 302 383
7327	3	1	99 302 500
7328	3	1	99 324 367
7329	3	1	99 324 432
7330	3	1	99 324 457
7331	3	1	99 324 488
7332	3	1	99 325 488
7333	3	1	99 394 417
7334	3	1	99 394 432
7335	3	1	99 400 417
7336	3	1	99 400 488
7337	3	1	99 411 423
7338	3	1	99 411 433
7339	3	1	99 411 457
7340	3	1	99 417 432
7341	3	1	99 432 496
7342	3	1	100 119 289
7343	3	1	100 119 384
7344	3	1	100 119 469
7345	3	1	100 119 477
7346	3	1	100 130 458
7347	3	1	100 138 241
7348	3	1	100 138 477
7349	3	1	100 148 218
7350	3	1	100 148 387
7351	3	1	100 148 440
7352	3	1	100 148 458
7353	3	1	100 167 332
7354	3	1	100 167 477
7355	3	1	100 171 440
7356	3	1	100 173 203
7357	3	1	100 203 209
7358	3	1	100 203 477
7359	3	1	100 208 209
7360	3	1	100 208 384
7361	3	1	100 209 356
7362	3	1	100 218 469
7363	3	1	100 241 460
7364	3	1	100 332 458
7365	3	1	100 332 460
7366	3	1	100 332 494
7367	3	1	100 346 387
7368	3	1	100 346 454
7369	3	1	100 346 460
7370	3	1	100 346 494
7371	3	1	100 356 384
7372	3	1	100 384 396
7373	3	1	100 384 426
7374	3	1	100 384 494
7375	3	1	100 396 440
7376	3	1	100 426 440
7377	3	1	100 426 454
7378	3	1	100 440 477
7379	3	1	100 454 460
7380	3	1	100 460 494
7381	3	1	100 469 494
7382	3	1	101 102 114
7383	3	1	101 102 183
7384	3	1	101 102 188
7385	3	1	101 102 446
7386	3	1	101 102 464
7387	3	1	101 106 308
7388	3	1	101 114 244
7389	3	1	101 116 238
7390	3	1	101 116 446
7391	3	1	101 124 239
7392	3	1	101 124 250
7393	3	1	101 124 320
7394	3	1	101 124 434
7395	3	1	101 145 149
7396	3	1	101 145 159
7397	3	1	101 145 185
7398	3	1	101 145 238
7399	3	1	101 145 250
7400	3	1	101 145 320
7401	3	1	101 145 434
7402	3	1	101 149 185
7403	3	1	101 149 239
7404	3	1	101 149 244
7405	3	1	101 149 308
7406	3	1	101 149 357
7407	3	1	101 149 389
7408	3	1	101 159 356
7409	3	1	101 183 320
7410	3	1	101 183 404
7411	3	1	101 183 423
7412	3	1	101 183 464
7413	3	1	101 185 243
7414	3	1	101 185 244
7415	3	1	101 185 423
7416	3	1	101 188 308
7417	3	1	101 188 462
7418	3	1	101 201 244
7419	3	1	101 201 250
7420	3	1	101 202 320
7421	3	1	101 202 494
7422	3	1	101 238 243
7423	3	1	101 238 330
7424	3	1	101 238 404
7425	3	1	101 239 434
7426	3	1	101 243 250
7427	3	1	101 243 261
7428	3	1	101 243 291
7429	3	1	101 243 303
7430	3	1	101 243 330
7431	3	1	101 244 465
7432	3	1	101 244 494
7433	3	1	101 250 291
7434	3	1	101 261 465
7435	3	1	101 261 480
7436	3	1	101 291 356
7437	3	1	101 291 404
7438	3	1	101 291 423
7439	3	1	101 291 446
7440	3	1	101 291 465
7441	3	1	101 303 330
7442	3	1	101 303 356
7443	3	1	101 303 494
7444	3	1	101 308 320
7445	3	1	101 320 465
7446	3	1	101 330 446
7447	3	1	101 330 480
7448	3	1	101 356 464
7449	3	1	101 356 480
7450	3	1	101 357 464
7451	3	1	101 389 446
7452	3	1	101 389 464
7453	3	1	101 389 494
7454	3	1	101 462 494
7455	3	1	101 464 465
7456	3	1	102 105 294
7457	3	1	102 140 175
7458	3	1	102 140 455
7459	3	1	102 175 228
7460	3	1	102 175 447
7461	3	1	102 183 260
7462	3	1	102 183 399
7463	3	1	102 183 400
7464	3	1	102 183 432
7465	3	1	102 183 464
7466	3	1	102 188 292
7467	3	1	102 188 479
7468	3	1	102 188 500
7469	3	1	102 216 301
7470	3	1	102 216 400
7471	3	1	102 216 432
7472	3	1	102 216 446
7473	3	1	102 228 269
7474	3	1	102 260 399
7475	3	1	102 260 500
7476	3	1	102 267 464
7477	3	1	102 269 464
7478	3	1	102 269 479
7479	3	1	102 286 432
7480	3	1	102 292 399
7481	3	1	102 301 365
7482	3	1	102 301 447
7483	3	1	102 301 464
7484	3	1	102 301 479
7485	3	1	102 399 432
7486	3	1	102 400 479
7487	3	1	102 446 447
7488	3	1	102 446 455
7489	3	1	103 109 127
7490	3	1	103 109 318
7491	3	1	103 109 410
7492	3	1	103 127 172
7493	3	1	103 172 234
7494	3	1	103 172 436
7495	3	1	103 177 245
7496	3	1	103 204 437
7497	3	1	103 218 318
7498	3	1	103 218 437
7499	3	1	103 232 359
7500	3	1	103 232 437
7501	3	1	103 234 256
7502	3	1	103 234 350
7503	3	1	103 234 367
7504	3	1	103 234 488
7505	3	1	103 245 288
7506	3	1	103 245 359
7507	3	1	103 245 386
7508	3	1	103 245 436
7509	3	1	103 256 350
7510	3	1	103 318 350
7511	3	1	103 318 386
7512	3	1	103 318 436
7513	3	1	103 367 437
7514	3	1	103 386 410
7515	3	1	103 424 436
7516	3	1	104 112 373
7517	3	1	104 112 464
7518	3	1	104 116 406
7519	3	1	104 119 305
7520	3	1	104 119 459
7521	3	1	104 119 464
7522	3	1	104 130 242
7523	3	1	104 130 287
7524	3	1	104 192 225
7525	3	1	104 192 242
7526	3	1	104 192 302
7527	3	1	104 192 305
7528	3	1	104 192 389
7529	3	1	104 193 354
7530	3	1	104 193 472
7531	3	1	104 225 233
7532	3	1	104 225 464
7533	3	1	104 233 242
7534	3	1	104 233 326
7535	3	1	104 233 440
7536	3	1	104 233 459
7537	3	1	104 233 472
7538	3	1	104 233 489
7539	3	1	104 242 279
7540	3	1	104 242 459
7541	3	1	104 242 472
7542	3	1	104 242 479
7543	3	1	104 274 287
7544	3	1	104 274 440
7545	3	1	104 274 479
7546	3	1	104 279 307
7547	3	1	104 279 472
7548	3	1	104 287 459
7549	3	1	104 287 472
7550	3	1	104 287 489
7551	3	1	104 302 313
7552	3	1	104 302 479
7553	3	1	104 307 326
7554	3	1	104 307 459
7555	3	1	104 354 403
7556	3	1	104 354 459
7557	3	1	104 354 489
7558	3	1	104 361 472
7559	3	1	104 373 459
7560	3	1	104 389 464
7561	3	1	104 403 479
7562	3	1	104 436 459
7563	3	1	104 464 489
7564	3	1	105 134 161
7565	3	1	105 134 218
7566	3	1	105 134 307
7567	3	1	105 134 439
7568	3	1	105 138 276
7569	3	1	105 138 287
7570	3	1	105 138 351
7571	3	1	105 138 437
7572	3	1	105 161 303
7573	3	1	105 161 485
7574	3	1	105 162 197
7575	3	1	105 162 218
7576	3	1	105 162 311
7577	3	1	105 162 485
7578	3	1	105 185 287
7579	3	1	105 185 351
7580	3	1	105 185 423
7581	3	1	105 186 294
7582	3	1	105 197 311
7583	3	1	105 218 266
7584	3	1	105 218 351
7585	3	1	105 218 423
7586	3	1	105 218 437
7587	3	1	105 257 311
7588	3	1	105 257 423
7589	3	1	105 257 485
7590	3	1	105 266 294
7591	3	1	105 266 371
7592	3	1	105 276 303
7593	3	1	105 276 439
7594	3	1	105 276 453
7595	3	1	105 285 422
7596	3	1	105 285 429
7597	3	1	105 285 437
7598	3	1	105 285 461
7599	3	1	105 287 495
7600	3	1	105 288 380
7601	3	1	105 288 384
7602	3	1	105 288 476
7603	3	1	105 294 325
7604	3	1	105 303 325
7605	3	1	105 303 384
7606	3	1	105 303 495
7607	3	1	105 307 311
7608	3	1	105 307 351
7609	3	1	105 307 439
7610	3	1	105 311 371
7611	3	1	105 311 380
7612	3	1	105 311 466
7613	3	1	105 325 380
7614	3	1	105 325 495
7615	3	1	105 351 429
7616	3	1	105 371 422
7617	3	1	105 371 443
7618	3	1	105 380 384
7619	3	1	105 380 429
7620	3	1	105 380 476
7621	3	1	105 422 423
7622	3	1	105 422 437
7623	3	1	105 423 466
7624	3	1	105 423 476
7625	3	1	105 433 437
7626	3	1	105 437 439
7627	3	1	105 437 461
7628	3	1	105 437 495
7629	3	1	105 439 453
7630	3	1	105 461 476
7631	3	1	106 123 169
7632	3	1	106 123 274
7633	3	1	106 123 319
7634	3	1	106 128 129
7635	3	1	106 128 209
7636	3	1	106 128 298
7637	3	1	106 128 397
7638	3	1	106 129 169
7639	3	1	106 148 237
7640	3	1	106 148 482
7641	3	1	106 156 169
7642	3	1	106 156 298
7643	3	1	106 156 472
7644	3	1	106 163 298
7645	3	1	106 169 472
7646	3	1	106 208 209
7647	3	1	106 208 274
7648	3	1	106 209 229
7649	3	1	106 209 237
7650	3	1	106 209 319
7651	3	1	106 229 237
7652	3	1	106 229 310
7653	3	1	106 229 482
7654	3	1	106 237 300
7655	3	1	106 237 310
7656	3	1	106 246 274
7657	3	1	106 249 319
7658	3	1	106 249 433
7659	3	1	106 275 300
7660	3	1	106 275 310
7661	3	1	106 275 468
7662	3	1	106 277 397
7663	3	1	106 308 319
7664	3	1	106 308 468
7665	3	1	106 310 468
7666	3	1	106 310 472
7667	3	1	106 319 397
7668	3	1	106 347 397
7669	3	1	106 397 472
7670	3	1	106 433 468
7671	3	1	107 110 233
7672	3	1	107 110 315
7673	3	1	107 110 330
7674	3	1	107 110 384
7675	3	1	107 126 282
7676	3	1	107 126 315
7677	3	1	107 126 369
7678	3	1	107 130 315
7679	3	1	107 130 427
7680	3	1	107 134 200
7681	3	1	107 134 386
7682	3	1	107 169 189
7683	3	1	107 169 394
7684	3	1	107 189 234
7685	3	1	107 189 453
7686	3	1	107 200 324
7687	3	1	107 200 330
7688	3	1	107 200 476
7689	3	1	107 202 282
7690	3	1	107 202 324
7691	3	1	107 202 384
7692	3	1	107 202 476
7693	3	1	107 204 231
7694	3	1	107 204 324
7695	3	1	107 204 476
7696	3	1	107 228 386
7697	3	1	107 228 476
7698	3	1	107 233 353
7699	3	1	107 233 386
7700	3	1	107 233 430
7701	3	1	107 234 315
7702	3	1	107 234 430
7703	3	1	107 234 449
7704	3	1	107 277 315
7705	3	1	107 277 430
7706	3	1	107 282 430
7707	3	1	107 303 330
7708	3	1	107 303 353
7709	3	1	107 303 369
7710	3	1	107 303 384
7711	3	1	107 303 399
7712	3	1	107 303 427
7713	3	1	107 303 430
7714	3	1	107 315 324
7715	3	1	107 315 453
7716	3	1	107 324 430
7717	3	1	107 330 399
7718	3	1	107 353 369
7719	3	1	107 353 453
7720	3	1	107 369 384
7721	3	1	107 384 386
7722	3	1	107 384 430
7723	3	1	107 386 394
7724	3	1	107 394 430
7725	3	1	107 399 430
7726	3	1	107 427 430
7727	3	1	107 427 453
7728	3	1	107 430 453
7729	3	1	109 127 207
7730	3	1	109 127 399
7731	3	1	109 127 447
7732	3	1	109 128 183
7733	3	1	109 152 174
7734	3	1	109 152 199
7735	3	1	109 152 219
7736	3	1	109 152 320
7737	3	1	109 152 410
7738	3	1	109 152 443
7739	3	1	109 152 453
7740	3	1	109 152 468
7741	3	1	109 165 174
7742	3	1	109 165 243
7743	3	1	109 165 319
7744	3	1	109 174 188
7745	3	1	109 174 199
7746	3	1	109 174 296
7747	3	1	109 174 443
7748	3	1	109 180 233
7749	3	1	109 180 296
7750	3	1	109 180 332
7751	3	1	109 180 413
7752	3	1	109 183 320
7753	3	1	109 183 399
7754	3	1	109 183 410
7755	3	1	109 187 188
7756	3	1	109 199 447
7757	3	1	109 207 233
7758	3	1	109 207 410
7759	3	1	109 216 318
7760	3	1	109 216 332
7761	3	1	109 216 413
7762	3	1	109 219 373
7763	3	1	109 219 453
7764	3	1	109 219 460
7765	3	1	109 233 296
7766	3	1	109 233 410
7767	3	1	109 233 468
7768	3	1	109 243 261
7769	3	1	109 243 268
7770	3	1	109 243 296
7771	3	1	109 243 330
7772	3	1	109 243 373
7773	3	1	109 243 460
7774	3	1	109 261 399
7775	3	1	109 261 413
7776	3	1	109 261 458
7777	3	1	109 261 480
7778	3	1	109 268 332
7779	3	1	109 268 410
7780	3	1	109 268 460
7781	3	1	109 268 469
7782	3	1	109 296 460
7783	3	1	109 318 330
7784	3	1	109 318 480
7785	3	1	109 319 373
7786	3	1	109 320 332
7787	3	1	109 320 410
7788	3	1	109 330 332
7789	3	1	109 330 399
7790	3	1	109 330 480
7791	3	1	109 332 399
7792	3	1	109 332 453
7793	3	1	109 332 458
7794	3	1	109 332 460
7795	3	1	109 373 399
7796	3	1	109 399 468
7797	3	1	109 410 447
7798	3	1	109 413 480
7799	3	1	109 447 458
7800	3	1	109 447 480
7801	3	1	109 460 468
7802	3	1	109 468 469
7803	3	1	110 124 207
7804	3	1	110 124 329
7805	3	1	110 129 190
7806	3	1	110 129 396
7807	3	1	110 129 404
7808	3	1	110 129 462
7809	3	1	110 129 488
7810	3	1	110 132 296
7811	3	1	110 132 335
7812	3	1	110 132 436
7813	3	1	110 156 167
7814	3	1	110 156 354
7815	3	1	110 156 404
7816	3	1	110 167 207
7817	3	1	110 167 315
7818	3	1	110 167 462
7819	3	1	110 190 403
7820	3	1	110 190 436
7821	3	1	110 190 465
7822	3	1	110 190 479
7823	3	1	110 199 377
7824	3	1	110 207 233
7825	3	1	110 207 329
7826	3	1	110 207 354
7827	3	1	110 222 260
7828	3	1	110 222 403
7829	3	1	110 222 435
7830	3	1	110 222 452
7831	3	1	110 222 488
7832	3	1	110 224 315
7833	3	1	110 224 329
7834	3	1	110 224 452
7835	3	1	110 233 296
7836	3	1	110 233 465
7837	3	1	110 240 329
7838	3	1	110 240 354
7839	3	1	110 240 452
7840	3	1	110 258 330
7841	3	1	110 258 357
7842	3	1	110 258 488
7843	3	1	110 260 465
7844	3	1	110 296 377
7845	3	1	110 296 396
7846	3	1	110 296 462
7847	3	1	110 315 452
7848	3	1	110 322 357
7849	3	1	110 322 404
7850	3	1	110 322 465
7851	3	1	110 329 357
7852	3	1	110 329 404
7853	3	1	110 329 479
7854	3	1	110 330 354
7855	3	1	110 354 384
7856	3	1	110 354 403
7857	3	1	110 357 396
7858	3	1	110 357 432
7859	3	1	110 357 479
7860	3	1	110 377 404
7861	3	1	110 377 436
7862	3	1	110 383 404
7863	3	1	110 383 436
7864	3	1	110 383 465
7865	3	1	110 384 396
7866	3	1	110 384 452
7867	3	1	110 396 452
7868	3	1	110 403 465
7869	3	1	110 403 479
7870	3	1	110 404 412
7871	3	1	110 412 479
7872	3	1	110 462 488
7873	3	1	112 115 373
7874	3	1	112 115 379
7875	3	1	112 115 413
7876	3	1	112 133 328
7877	3	1	112 133 448
7878	3	1	112 136 175
7879	3	1	112 136 296
7880	3	1	112 136 328
7881	3	1	112 145 160
7882	3	1	112 145 175
7883	3	1	112 145 267
7884	3	1	112 145 468
7885	3	1	112 160 175
7886	3	1	112 160 296
7887	3	1	112 160 464
7888	3	1	112 174 296
7889	3	1	112 174 350
7890	3	1	112 174 364
7891	3	1	112 175 384
7892	3	1	112 227 344
7893	3	1	112 227 364
7894	3	1	112 249 426
7895	3	1	112 249 464
7896	3	1	112 257 373
7897	3	1	112 257 482
7898	3	1	112 267 289
7899	3	1	112 267 464
7900	3	1	112 267 468
7901	3	1	112 289 344
7902	3	1	112 289 373
7903	3	1	112 289 466
7904	3	1	112 296 350
7905	3	1	112 296 462
7906	3	1	112 328 373
7907	3	1	112 328 448
7908	3	1	112 337 404
7909	3	1	112 337 413
7910	3	1	112 337 462
7911	3	1	112 341 373
7912	3	1	112 341 379
7913	3	1	112 341 462
7914	3	1	112 341 468
7915	3	1	112 344 350
7916	3	1	112 344 364
7917	3	1	112 350 413
7918	3	1	112 364 373
7919	3	1	112 364 462
7920	3	1	112 364 468
7921	3	1	112 364 482
7922	3	1	112 373 462
7923	3	1	112 379 448
7924	3	1	112 384 426
7925	3	1	112 404 426
7926	3	1	112 426 466
7927	3	1	112 464 466
7928	3	1	114 119 268
7929	3	1	114 119 276
7930	3	1	114 119 289
7931	3	1	114 119 345
7932	3	1	114 119 384
7933	3	1	114 119 439
7934	3	1	114 136 244
7935	3	1	114 136 276
7936	3	1	114 136 296
7937	3	1	114 136 397
7938	3	1	114 152 174
7939	3	1	114 152 199
7940	3	1	114 152 439
7941	3	1	114 166 268
7942	3	1	114 166 296
7943	3	1	114 166 364
7944	3	1	114 166 397
7945	3	1	114 174 199
7946	3	1	114 174 296
7947	3	1	114 174 345
7948	3	1	114 174 364
7949	3	1	114 174 397
7950	3	1	114 177 296
7951	3	1	114 192 263
7952	3	1	114 192 268
7953	3	1	114 192 302
7954	3	1	114 192 342
7955	3	1	114 199 364
7956	3	1	114 244 287
7957	3	1	114 244 345
7958	3	1	114 244 384
7959	3	1	114 244 431
7960	3	1	114 244 439
7961	3	1	114 263 268
7962	3	1	114 263 384
7963	3	1	114 268 287
7964	3	1	114 268 289
7965	3	1	114 268 346
7966	3	1	114 268 431
7967	3	1	114 276 430
7968	3	1	114 276 439
7969	3	1	114 287 329
7970	3	1	114 287 397
7971	3	1	114 287 489
7972	3	1	114 289 299
7973	3	1	114 289 329
7974	3	1	114 289 489
7975	3	1	114 296 302
7976	3	1	114 296 342
7977	3	1	114 296 439
7978	3	1	114 299 302
7979	3	1	114 302 329
7980	3	1	114 302 346
7981	3	1	114 364 430
7982	3	1	114 384 430
7983	3	1	114 397 439
7984	3	1	114 397 476
7985	3	1	114 416 476
7986	3	1	114 416 489
7987	3	1	114 425 430
7988	3	1	114 425 439
7989	3	1	115 152 199
7990	3	1	115 152 304
7991	3	1	115 152 439
7992	3	1	115 152 453
7993	3	1	115 155 162
7994	3	1	115 155 216
7995	3	1	115 155 379
7996	3	1	115 187 379
7997	3	1	115 187 441
7998	3	1	115 216 217
7999	3	1	115 216 359
8000	3	1	115 216 371
8001	3	1	115 216 413
8002	3	1	115 216 430
8003	3	1	115 216 439
8004	3	1	115 216 488
8005	3	1	115 217 278
8006	3	1	115 217 304
8007	3	1	115 217 413
8008	3	1	115 223 357
8009	3	1	115 223 413
8010	3	1	115 225 430
8011	3	1	115 225 441
8012	3	1	115 242 244
8013	3	1	115 244 278
8014	3	1	115 244 399
8015	3	1	115 244 403
8016	3	1	115 244 433
8017	3	1	115 244 439
8018	3	1	115 278 304
8019	3	1	115 319 373
8020	3	1	115 357 379
8021	3	1	115 359 453
8022	3	1	115 373 399
8023	3	1	115 379 430
8024	3	1	115 399 403
8025	3	1	115 399 412
8026	3	1	115 399 430
8027	3	1	115 403 430
8028	3	1	115 412 433
8029	3	1	115 427 430
8030	3	1	115 427 453
8031	3	1	115 427 488
8032	3	1	115 430 453
8033	3	1	115 439 453
8034	3	1	116 122 342
8035	3	1	116 122 446
8036	3	1	116 133 238
8037	3	1	116 133 372
8038	3	1	116 136 186
8039	3	1	116 136 397
8040	3	1	116 170 229
8041	3	1	116 170 342
8042	3	1	116 170 366
8043	3	1	116 182 372
8044	3	1	116 186 406
8045	3	1	116 186 428
8046	3	1	116 187 222
8047	3	1	116 187 394
8048	3	1	116 208 394
8049	3	1	116 222 260
8050	3	1	116 234 342
8051	3	1	116 234 430
8052	3	1	116 257 260
8053	3	1	116 257 486
8054	3	1	116 260 397
8055	3	1	116 260 406
8056	3	1	116 260 430
8057	3	1	116 295 393
8058	3	1	116 295 419
8059	3	1	116 322 372
8060	3	1	116 322 393
8061	3	1	116 366 486
8062	3	1	116 372 486
8063	3	1	116 394 430
8064	3	1	116 397 419
8065	3	1	116 406 428
8066	3	1	116 406 446
8067	3	1	116 419 430
8068	3	1	116 428 446
8069	3	1	116 486 491
8070	3	1	119 124 207
8071	3	1	119 124 250
8072	3	1	119 124 268
8073	3	1	119 124 400
8074	3	1	119 124 471
8075	3	1	119 134 175
8076	3	1	119 134 439
8077	3	1	119 140 175
8078	3	1	119 140 238
8079	3	1	119 164 175
8080	3	1	119 164 229
8081	3	1	119 164 345
8082	3	1	119 175 384
8083	3	1	119 187 250
8084	3	1	119 187 362
8085	3	1	119 187 400
8086	3	1	119 187 444
8087	3	1	119 207 355
8088	3	1	119 224 229
8089	3	1	119 224 345
8090	3	1	119 224 362
8091	3	1	119 224 399
8092	3	1	119 224 471
8093	3	1	119 229 276
8094	3	1	119 229 399
8095	3	1	119 229 464
8096	3	1	119 229 482
8097	3	1	119 238 289
8098	3	1	119 238 292
8099	3	1	119 238 330
8100	3	1	119 238 345
8101	3	1	119 238 400
8102	3	1	119 240 398
8103	3	1	119 240 471
8104	3	1	119 245 292
8105	3	1	119 245 469
8106	3	1	119 250 400
8107	3	1	119 268 289
8108	3	1	119 268 464
8109	3	1	119 268 469
8110	3	1	119 271 444
8111	3	1	119 276 439
8112	3	1	119 276 444
8113	3	1	119 292 399
8114	3	1	119 292 477
8115	3	1	119 305 355
8116	3	1	119 305 471
8117	3	1	119 330 399
8118	3	1	119 345 464
8119	3	1	119 384 459
8120	3	1	119 398 471
8121	3	1	119 400 471
8122	3	1	119 439 444
8123	3	1	119 464 469
8124	3	1	119 464 477
8125	3	1	119 469 471
8126	3	1	119 471 477
8127	3	1	120 134 153
8128	3	1	120 134 161
8129	3	1	120 134 166
8130	3	1	120 134 302
8131	3	1	120 134 419
8132	3	1	120 142 166
8133	3	1	120 142 226
8134	3	1	120 142 232
8135	3	1	120 142 301
8136	3	1	120 142 409
8137	3	1	120 161 330
8138	3	1	120 161 410
8139	3	1	120 167 368
8140	3	1	120 172 234
8141	3	1	120 172 313
8142	3	1	120 182 417
8143	3	1	120 199 279
8144	3	1	120 226 302
8145	3	1	120 232 409
8146	3	1	120 234 387
8147	3	1	120 238 330
8148	3	1	120 239 410
8149	3	1	120 279 301
8150	3	1	120 301 313
8151	3	1	120 301 330
8152	3	1	120 302 313
8153	3	1	120 368 387
8154	3	1	120 368 417
8155	3	1	120 368 419
8156	3	1	120 368 435
8157	3	1	120 369 417
8158	3	1	120 387 435
8159	3	1	120 409 417
8160	3	1	121 136 361
8161	3	1	121 136 417
8162	3	1	121 136 488
8163	3	1	121 142 295
8164	3	1	121 142 301
8165	3	1	121 142 496
8166	3	1	121 199 496
8167	3	1	121 210 222
8168	3	1	121 210 265
8169	3	1	121 210 298
8170	3	1	121 222 225
8171	3	1	121 222 246
8172	3	1	121 222 301
8173	3	1	121 222 472
8174	3	1	121 222 488
8175	3	1	121 225 246
8176	3	1	121 225 295
8177	3	1	121 225 441
8178	3	1	121 225 464
8179	3	1	121 225 473
8180	3	1	121 231 301
8181	3	1	121 246 427
8182	3	1	121 246 469
8183	3	1	121 263 466
8184	3	1	121 263 500
8185	3	1	121 265 361
8186	3	1	121 265 410
8187	3	1	121 267 464
8188	3	1	121 295 298
8189	3	1	121 295 301
8190	3	1	121 295 419
8191	3	1	121 298 488
8192	3	1	121 301 423
8193	3	1	121 301 464
8194	3	1	121 301 472
8195	3	1	121 361 417
8196	3	1	121 361 472
8197	3	1	121 410 427
8198	3	1	121 417 466
8199	3	1	121 417 472
8200	3	1	121 419 423
8201	3	1	121 419 472
8202	3	1	121 419 488
8203	3	1	121 423 428
8204	3	1	121 423 466
8205	3	1	121 427 488
8206	3	1	121 441 473
8207	3	1	121 464 466
8208	3	1	121 464 469
8209	3	1	121 464 477
8210	3	1	121 469 472
8211	3	1	122 155 189
8212	3	1	122 155 192
8213	3	1	122 156 167
8214	3	1	122 156 355
8215	3	1	122 156 423
8216	3	1	122 161 274
8217	3	1	122 161 297
8218	3	1	122 161 299
8219	3	1	122 167 299
8220	3	1	122 189 439
8221	3	1	122 192 294
8222	3	1	122 192 342
8223	3	1	122 192 347
8224	3	1	122 192 454
8225	3	1	122 203 274
8226	3	1	122 203 310
8227	3	1	122 223 283
8228	3	1	122 230 274
8229	3	1	122 230 319
8230	3	1	122 230 371
8231	3	1	122 233 294
8232	3	1	122 233 426
8233	3	1	122 283 350
8234	3	1	122 297 454
8235	3	1	122 299 335
8236	3	1	122 299 423
8237	3	1	122 310 426
8238	3	1	122 342 371
8239	3	1	122 342 471
8240	3	1	122 347 426
8241	3	1	122 347 446
8242	3	1	122 355 385
8243	3	1	122 369 426
8244	3	1	122 385 423
8245	3	1	122 385 446
8246	3	1	122 425 439
8247	3	1	122 426 454
8248	3	1	122 426 471
8249	3	1	122 446 471
8250	3	1	123 169 441
8251	3	1	123 169 454
8252	3	1	123 274 479
8253	3	1	123 292 307
8254	3	1	123 292 369
8255	3	1	123 297 454
8256	3	1	123 297 483
8257	3	1	123 307 346
8258	3	1	123 307 439
8259	3	1	123 307 441
8260	3	1	123 319 483
8261	3	1	123 346 454
8262	3	1	123 346 460
8263	3	1	123 369 417
8264	3	1	123 376 480
8265	3	1	123 417 439
8266	3	1	123 417 480
8267	3	1	123 439 452
8268	3	1	123 454 460
8269	3	1	124 130 267
8270	3	1	124 130 297
8271	3	1	124 130 400
8272	3	1	124 130 461
8273	3	1	124 130 497
8274	3	1	124 143 225
8275	3	1	124 143 440
8276	3	1	124 158 193
8277	3	1	124 158 218
8278	3	1	124 158 219
8279	3	1	124 158 425
8280	3	1	124 171 347
8281	3	1	124 171 440
8282	3	1	124 171 461
8283	3	1	124 174 225
8284	3	1	124 174 232
8285	3	1	124 174 250
8286	3	1	124 174 434
8287	3	1	124 174 467
8288	3	1	124 176 219
8289	3	1	124 204 267
8290	3	1	124 204 329
8291	3	1	124 204 497
8292	3	1	124 207 225
8293	3	1	124 207 267
8294	3	1	124 207 329
8295	3	1	124 218 268
8296	3	1	124 218 372
8297	3	1	124 219 225
8298	3	1	124 219 471
8299	3	1	124 232 297
8300	3	1	124 232 329
8301	3	1	124 232 440
8302	3	1	124 232 497
8303	3	1	124 239 434
8304	3	1	124 239 471
8305	3	1	124 250 267
8306	3	1	124 250 400
8307	3	1	124 250 425
8308	3	1	124 251 425
8309	3	1	124 267 284
8310	3	1	124 267 347
8311	3	1	124 267 372
8312	3	1	124 268 461
8313	3	1	124 284 461
8314	3	1	124 320 400
8315	3	1	124 320 425
8316	3	1	124 320 471
8317	3	1	124 372 425
8318	3	1	124 400 461
8319	3	1	124 400 471
8320	3	1	124 440 467
8321	3	1	126 128 129
8322	3	1	126 128 240
8323	3	1	126 129 137
8324	3	1	126 129 172
8325	3	1	126 129 282
8326	3	1	126 129 285
8327	3	1	126 129 369
8328	3	1	126 129 489
8329	3	1	126 137 161
8330	3	1	126 153 346
8331	3	1	126 153 363
8332	3	1	126 153 489
8333	3	1	126 155 192
8334	3	1	126 155 201
8335	3	1	126 155 248
8336	3	1	126 155 372
8337	3	1	126 161 224
8338	3	1	126 161 372
8339	3	1	126 172 208
8340	3	1	126 172 248
8341	3	1	126 172 315
8342	3	1	126 172 341
8343	3	1	126 192 197
8344	3	1	126 192 288
8345	3	1	126 197 201
8346	3	1	126 197 240
8347	3	1	126 201 363
8348	3	1	126 208 500
8349	3	1	126 224 249
8350	3	1	126 224 282
8351	3	1	126 224 315
8352	3	1	126 224 341
8353	3	1	126 240 282
8354	3	1	126 240 341
8355	3	1	126 248 341
8356	3	1	126 249 282
8357	3	1	126 249 343
8358	3	1	126 249 363
8359	3	1	126 249 369
8360	3	1	126 282 341
8361	3	1	126 282 363
8362	3	1	126 285 435
8363	3	1	126 288 346
8364	3	1	126 315 341
8365	3	1	126 341 343
8366	3	1	126 341 372
8367	3	1	126 341 489
8368	3	1	126 346 363
8369	3	1	126 369 372
8370	3	1	126 372 435
8371	3	1	126 372 489
8372	3	1	126 467 500
8373	3	1	127 153 314
8374	3	1	127 153 337
8375	3	1	127 153 447
8376	3	1	127 161 314
8377	3	1	127 161 329
8378	3	1	127 161 337
8379	3	1	127 172 315
8380	3	1	127 172 329
8381	3	1	127 172 447
8382	3	1	127 207 314
8383	3	1	127 207 329
8384	3	1	127 223 357
8385	3	1	127 223 444
8386	3	1	127 228 471
8387	3	1	127 241 427
8388	3	1	127 244 337
8389	3	1	127 244 399
8390	3	1	127 244 447
8391	3	1	127 262 314
8392	3	1	127 262 422
8393	3	1	127 262 447
8394	3	1	127 295 357
8395	3	1	127 295 444
8396	3	1	127 302 329
8397	3	1	127 314 467
8398	3	1	127 315 444
8399	3	1	127 329 357
8400	3	1	127 329 427
8401	3	1	127 329 447
8402	3	1	127 337 396
8403	3	1	127 337 430
8404	3	1	127 357 391
8405	3	1	127 357 396
8406	3	1	127 391 416
8407	3	1	127 396 416
8408	3	1	127 396 444
8409	3	1	127 396 447
8410	3	1	127 396 448
8411	3	1	127 396 467
8412	3	1	127 399 430
8413	3	1	127 399 448
8414	3	1	127 427 430
8415	3	1	127 427 448
8416	3	1	127 444 448
8417	3	1	127 447 448
8418	3	1	128 129 164
8419	3	1	128 129 287
8420	3	1	128 164 327
8421	3	1	128 183 423
8422	3	1	128 209 221
8423	3	1	128 209 287
8424	3	1	128 209 304
8425	3	1	128 209 321
8426	3	1	128 210 298
8427	3	1	128 210 313
8428	3	1	128 210 398
8429	3	1	128 210 485
8430	3	1	128 221 342
8431	3	1	128 221 485
8432	3	1	128 221 494
8433	3	1	128 231 240
8434	3	1	128 231 321
8435	3	1	128 240 313
8436	3	1	128 240 344
8437	3	1	128 240 354
8438	3	1	128 240 389
8439	3	1	128 240 398
8440	3	1	128 258 287
8441	3	1	128 258 304
8442	3	1	128 258 327
8443	3	1	128 258 398
8444	3	1	128 258 485
8445	3	1	128 272 298
8446	3	1	128 279 321
8447	3	1	128 279 342
8448	3	1	128 279 397
8449	3	1	128 279 398
8450	3	1	128 287 298
8451	3	1	128 287 344
8452	3	1	128 287 397
8453	3	1	128 287 494
8454	3	1	128 298 344
8455	3	1	128 298 354
8456	3	1	128 321 397
8457	3	1	128 342 344
8458	3	1	128 342 494
8459	3	1	128 354 494
8460	3	1	128 389 494
8461	3	1	129 137 261
8462	3	1	129 137 396
8463	3	1	129 164 282
8464	3	1	129 169 295
8465	3	1	129 169 481
8466	3	1	129 169 488
8467	3	1	129 172 332
8468	3	1	129 172 355
8469	3	1	129 190 211
8470	3	1	129 190 416
8471	3	1	129 211 324
8472	3	1	129 211 332
8473	3	1	129 211 355
8474	3	1	129 261 285
8475	3	1	129 261 481
8476	3	1	129 287 324
8477	3	1	129 287 337
8478	3	1	129 287 481
8479	3	1	129 287 489
8480	3	1	129 295 370
8481	3	1	129 324 355
8482	3	1	129 324 370
8483	3	1	129 324 462
8484	3	1	129 324 488
8485	3	1	129 332 370
8486	3	1	129 332 481
8487	3	1	129 337 370
8488	3	1	129 337 396
8489	3	1	129 337 404
8490	3	1	129 337 462
8491	3	1	129 349 489
8492	3	1	129 355 404
8493	3	1	129 370 416
8494	3	1	129 396 416
8495	3	1	129 405 481
8496	3	1	129 416 489
8497	3	1	129 462 488
8498	3	1	130 135 175
8499	3	1	130 135 441
8500	3	1	130 139 242
8501	3	1	130 139 297
8502	3	1	130 139 441
8503	3	1	130 139 462
8504	3	1	130 145 175
8505	3	1	130 145 267
8506	3	1	130 145 315
8507	3	1	130 156 318
8508	3	1	130 157 175
8509	3	1	130 157 297
8510	3	1	130 216 245
8511	3	1	130 216 318
8512	3	1	130 216 400
8513	3	1	130 216 431
8514	3	1	130 216 497
8515	3	1	130 237 242
8516	3	1	130 237 458
8517	3	1	130 242 262
8518	3	1	130 242 267
8519	3	1	130 242 297
8520	3	1	130 245 497
8521	3	1	130 262 267
8522	3	1	130 262 379
8523	3	1	130 266 462
8524	3	1	130 267 431
8525	3	1	130 287 297
8526	3	1	130 287 441
8527	3	1	130 287 458
8528	3	1	130 315 318
8529	3	1	130 315 400
8530	3	1	130 318 323
8531	3	1	130 318 350
8532	3	1	130 318 362
8533	3	1	130 318 400
8534	3	1	130 323 455
8535	3	1	130 323 497
8536	3	1	130 350 458
8537	3	1	130 379 458
8538	3	1	130 400 427
8539	3	1	130 400 461
8540	3	1	130 427 497
8541	3	1	130 431 462
8542	3	1	132 161 217
8543	3	1	132 161 370
8544	3	1	132 161 373
8545	3	1	132 174 245
8546	3	1	132 174 250
8547	3	1	132 174 296
8548	3	1	132 174 335
8549	3	1	132 203 262
8550	3	1	132 203 373
8551	3	1	132 203 489
8552	3	1	132 217 282
8553	3	1	132 223 250
8554	3	1	132 223 500
8555	3	1	132 245 436
8556	3	1	132 245 489
8557	3	1	132 245 500
8558	3	1	132 250 335
8559	3	1	132 262 373
8560	3	1	132 275 282
8561	3	1	132 275 302
8562	3	1	132 275 466
8563	3	1	132 277 466
8564	3	1	132 282 335
8565	3	1	132 282 436
8566	3	1	132 282 445
8567	3	1	132 296 302
8568	3	1	132 296 470
8569	3	1	132 302 500
8570	3	1	132 335 445
8571	3	1	132 355 373
8572	3	1	132 370 470
8573	3	1	132 380 489
8574	3	1	132 423 466
8575	3	1	132 423 489
8576	3	1	132 445 470
8577	3	1	132 466 470
8578	3	1	132 470 500
8579	3	1	133 161 328
8580	3	1	133 161 372
8581	3	1	133 167 437
8582	3	1	133 286 338
8583	3	1	133 286 398
8584	3	1	133 328 356
8585	3	1	133 328 448
8586	3	1	133 356 372
8587	3	1	133 359 376
8588	3	1	133 362 391
8589	3	1	133 372 425
8590	3	1	133 376 459
8591	3	1	134 148 166
8592	3	1	134 148 218
8593	3	1	134 153 200
8594	3	1	134 153 420
8595	3	1	134 153 439
8596	3	1	134 166 308
8597	3	1	134 166 340
8598	3	1	134 175 419
8599	3	1	134 200 218
8600	3	1	134 200 462
8601	3	1	134 201 275
8602	3	1	134 264 419
8603	3	1	134 264 420
8604	3	1	134 264 457
8605	3	1	134 264 468
8606	3	1	134 275 302
8607	3	1	134 275 307
8608	3	1	134 275 468
8609	3	1	134 284 420
8610	3	1	134 307 439
8611	3	1	134 308 468
8612	3	1	134 309 419
8613	3	1	134 340 386
8614	3	1	134 340 462
8615	3	1	134 386 457
8616	3	1	134 420 439
8617	3	1	134 420 468
8618	3	1	134 462 494
8619	3	1	135 140 175
8620	3	1	135 140 238
8621	3	1	135 140 303
8622	3	1	135 140 310
8623	3	1	135 140 418
8624	3	1	135 140 426
8625	3	1	135 160 175
8626	3	1	135 160 222
8627	3	1	135 160 428
8628	3	1	135 161 222
8629	3	1	135 161 274
8630	3	1	135 161 303
8631	3	1	135 161 314
8632	3	1	135 161 337
8633	3	1	135 183 383
8634	3	1	135 201 418
8635	3	1	135 201 466
8636	3	1	135 218 222
8637	3	1	135 218 279
8638	3	1	135 232 337
8639	3	1	135 232 418
8640	3	1	135 238 294
8641	3	1	135 261 274
8642	3	1	135 261 433
8643	3	1	135 274 428
8644	3	1	135 279 418
8645	3	1	135 279 420
8646	3	1	135 294 420
8647	3	1	135 294 441
8648	3	1	135 303 428
8649	3	1	135 310 314
8650	3	1	135 310 426
8651	3	1	135 314 364
8652	3	1	135 314 420
8653	3	1	135 319 466
8654	3	1	135 412 433
8655	3	1	135 426 466
8656	3	1	136 139 159
8657	3	1	136 139 218
8658	3	1	136 139 465
8659	3	1	136 140 175
8660	3	1	136 140 397
8661	3	1	136 140 455
8662	3	1	136 153 356
8663	3	1	136 159 216
8664	3	1	136 159 356
8665	3	1	136 159 362
8666	3	1	136 175 228
8667	3	1	136 175 361
8668	3	1	136 186 216
8669	3	1	136 186 465
8670	3	1	136 216 488
8671	3	1	136 218 452
8672	3	1	136 228 269
8673	3	1	136 228 471
8674	3	1	136 244 269
8675	3	1	136 244 362
8676	3	1	136 244 455
8677	3	1	136 244 465
8678	3	1	136 264 356
8679	3	1	136 264 362
8680	3	1	136 276 328
8681	3	1	136 293 365
8682	3	1	136 293 374
8683	3	1	136 293 455
8684	3	1	136 293 471
8685	3	1	136 296 417
8686	3	1	136 321 397
8687	3	1	136 328 356
8688	3	1	136 356 417
8689	3	1	136 361 417
8690	3	1	136 362 365
8691	3	1	136 362 374
8692	3	1	136 365 397
8693	3	1	136 374 455
8694	3	1	137 143 167
8695	3	1	137 143 451
8696	3	1	137 143 454
8697	3	1	137 157 161
8698	3	1	137 157 423
8699	3	1	137 157 424
8700	3	1	137 157 451
8701	3	1	137 161 217
8702	3	1	137 161 292
8703	3	1	137 161 330
8704	3	1	137 167 217
8705	3	1	137 167 368
8706	3	1	137 193 309
8707	3	1	137 200 313
8708	3	1	137 200 330
8709	3	1	137 200 396
8710	3	1	137 200 454
8711	3	1	137 217 219
8712	3	1	137 217 278
8713	3	1	137 219 385
8714	3	1	137 229 309
8715	3	1	137 256 313
8716	3	1	137 256 396
8717	3	1	137 261 313
8718	3	1	137 261 424
8719	3	1	137 278 313
8720	3	1	137 278 423
8721	3	1	137 292 423
8722	3	1	137 292 484
8723	3	1	137 309 330
8724	3	1	137 309 451
8725	3	1	137 313 454
8726	3	1	137 330 451
8727	3	1	137 368 441
8728	3	1	137 385 423
8729	3	1	137 441 451
8730	3	1	137 459 484
8731	3	1	138 187 287
8732	3	1	138 187 340
8733	3	1	138 187 441
8734	3	1	138 210 343
8735	3	1	138 229 237
8736	3	1	138 229 276
8737	3	1	138 229 482
8738	3	1	138 234 287
8739	3	1	138 234 350
8740	3	1	138 234 430
8741	3	1	138 237 276
8742	3	1	138 238 350
8743	3	1	138 238 351
8744	3	1	138 238 470
8745	3	1	138 238 489
8746	3	1	138 241 340
8747	3	1	138 241 489
8748	3	1	138 276 430
8749	3	1	138 287 441
8750	3	1	138 287 489
8751	3	1	138 340 482
8752	3	1	138 343 470
8753	3	1	138 343 477
8754	3	1	138 350 430
8755	3	1	138 351 430
8756	3	1	138 437 441
8757	3	1	138 437 477
8758	3	1	138 452 477
8759	3	1	138 452 482
8760	3	1	138 470 477
8761	3	1	139 159 419
8762	3	1	139 159 470
8763	3	1	139 173 242
8764	3	1	139 173 480
8765	3	1	139 208 209
8766	3	1	139 208 436
8767	3	1	139 209 436
8768	3	1	139 209 462
8769	3	1	139 210 217
8770	3	1	139 217 297
8771	3	1	139 217 480
8772	3	1	139 218 430
8773	3	1	139 218 469
8774	3	1	139 242 297
8775	3	1	139 251 355
8776	3	1	139 297 308
8777	3	1	139 297 430
8778	3	1	139 308 320
8779	3	1	139 320 465
8780	3	1	139 329 470
8781	3	1	139 355 430
8782	3	1	139 370 465
8783	3	1	139 370 470
8784	3	1	139 419 430
8785	3	1	139 434 470
8786	3	1	139 435 441
8787	3	1	139 448 465
8788	3	1	139 449 469
8789	3	1	139 465 470
8790	3	1	139 470 480
8791	3	1	140 143 149
8792	3	1	140 143 285
8793	3	1	140 143 391
8794	3	1	140 149 175
8795	3	1	140 149 308
8796	3	1	140 157 175
8797	3	1	140 157 310
8798	3	1	140 166 308
8799	3	1	140 166 397
8800	3	1	140 166 418
8801	3	1	140 171 285
8802	3	1	140 238 489
8803	3	1	140 248 310
8804	3	1	140 248 426
8805	3	1	140 249 278
8806	3	1	140 249 391
8807	3	1	140 249 418
8808	3	1	140 249 426
8809	3	1	140 278 434
8810	3	1	140 278 455
8811	3	1	140 285 391
8812	3	1	140 310 391
8813	3	1	140 310 426
8814	3	1	140 391 455
8815	3	1	140 434 455
8816	3	1	141 142 149
8817	3	1	141 142 281
8818	3	1	141 142 389
8819	3	1	141 142 399
8820	3	1	141 142 405
8821	3	1	141 142 409
8822	3	1	141 149 185
8823	3	1	141 149 190
8824	3	1	141 149 350
8825	3	1	141 149 389
8826	3	1	141 149 458
8827	3	1	141 149 479
8828	3	1	141 153 428
8829	3	1	141 170 293
8830	3	1	141 185 187
8831	3	1	141 185 409
8832	3	1	141 186 190
8833	3	1	141 186 326
8834	3	1	141 186 428
8835	3	1	141 186 458
8836	3	1	141 186 465
8837	3	1	141 190 281
8838	3	1	141 190 386
8839	3	1	141 190 463
8840	3	1	141 190 465
8841	3	1	141 190 479
8842	3	1	141 227 344
8843	3	1	141 227 368
8844	3	1	141 230 368
8845	3	1	141 281 350
8846	3	1	141 281 449
8847	3	1	141 293 409
8848	3	1	141 293 434
8849	3	1	141 344 350
8850	3	1	141 344 399
8851	3	1	141 350 458
8852	3	1	141 368 419
8853	3	1	141 370 399
8854	3	1	141 370 409
8855	3	1	141 370 465
8856	3	1	141 386 457
8857	3	1	141 389 457
8858	3	1	141 409 434
8859	3	1	141 409 463
8860	3	1	141 409 479
8861	3	1	141 419 488
8862	3	1	141 428 463
8863	3	1	141 457 458
8864	3	1	141 458 463
8865	3	1	142 143 149
8866	3	1	142 143 241
8867	3	1	142 143 409
8868	3	1	142 143 429
8869	3	1	142 143 436
8870	3	1	142 149 240
8871	3	1	142 149 389
8872	3	1	142 149 429
8873	3	1	142 149 491
8874	3	1	142 166 412
8875	3	1	142 166 418
8876	3	1	142 176 384
8877	3	1	142 232 295
8878	3	1	142 232 409
8879	3	1	142 232 418
8880	3	1	142 232 429
8881	3	1	142 240 338
8882	3	1	142 240 389
8883	3	1	142 241 433
8884	3	1	142 245 436
8885	3	1	142 258 429
8886	3	1	142 258 491
8887	3	1	142 277 418
8888	3	1	142 281 433
8889	3	1	142 295 301
8890	3	1	142 295 459
8891	3	1	142 301 372
8892	3	1	142 301 389
8893	3	1	142 301 459
8894	3	1	142 332 399
8895	3	1	142 332 409
8896	3	1	142 332 453
8897	3	1	142 338 405
8898	3	1	142 338 418
8899	3	1	142 338 436
8900	3	1	142 338 496
8901	3	1	142 353 429
8902	3	1	142 353 433
8903	3	1	142 353 453
8904	3	1	142 353 459
8905	3	1	142 384 424
8906	3	1	142 384 459
8907	3	1	142 399 412
8908	3	1	142 399 491
8909	3	1	142 412 433
8910	3	1	142 412 496
8911	3	1	142 418 453
8912	3	1	142 418 491
8913	3	1	142 424 436
8914	3	1	142 433 491
8915	3	1	142 436 459
8916	3	1	142 436 491
8917	3	1	142 436 496
8918	3	1	143 148 387
8919	3	1	143 148 440
8920	3	1	143 149 199
8921	3	1	143 149 387
8922	3	1	143 149 429
8923	3	1	143 149 479
8924	3	1	143 177 454
8925	3	1	143 181 334
8926	3	1	143 181 479
8927	3	1	143 199 293
8928	3	1	143 199 377
8929	3	1	143 225 387
8930	3	1	143 225 451
8931	3	1	143 241 326
8932	3	1	143 241 340
8933	3	1	143 243 326
8934	3	1	143 243 334
8935	3	1	143 243 454
8936	3	1	143 266 334
8937	3	1	143 266 409
8938	3	1	143 285 391
8939	3	1	143 285 429
8940	3	1	143 293 365
8941	3	1	143 293 380
8942	3	1	143 293 409
8943	3	1	143 293 440
8944	3	1	143 293 454
8945	3	1	143 326 450
8946	3	1	143 326 466
8947	3	1	143 334 349
8948	3	1	143 334 377
8949	3	1	143 334 380
8950	3	1	143 340 436
8951	3	1	143 349 388
8952	3	1	143 349 429
8953	3	1	143 349 436
8954	3	1	143 377 387
8955	3	1	143 377 436
8956	3	1	143 377 440
8957	3	1	143 377 451
8958	3	1	143 380 429
8959	3	1	143 388 466
8960	3	1	143 409 451
8961	3	1	143 409 454
8962	3	1	143 409 479
8963	3	1	143 429 450
8964	3	1	145 149 175
8965	3	1	145 149 185
8966	3	1	145 149 410
8967	3	1	145 158 160
8968	3	1	145 158 288
8969	3	1	145 158 425
8970	3	1	145 159 369
8971	3	1	145 159 500
8972	3	1	145 160 175
8973	3	1	145 160 477
8974	3	1	145 160 483
8975	3	1	145 185 369
8976	3	1	145 185 468
8977	3	1	145 211 250
8978	3	1	145 211 471
8979	3	1	145 238 386
8980	3	1	145 238 496
8981	3	1	145 250 267
8982	3	1	145 250 353
8983	3	1	145 250 366
8984	3	1	145 250 369
8985	3	1	145 250 425
8986	3	1	145 250 496
8987	3	1	145 267 468
8988	3	1	145 288 338
8989	3	1	145 315 434
8990	3	1	145 315 453
8991	3	1	145 320 410
8992	3	1	145 320 425
8993	3	1	145 320 471
8994	3	1	145 320 485
8995	3	1	145 338 366
8996	3	1	145 338 393
8997	3	1	145 338 410
8998	3	1	145 338 496
8999	3	1	145 338 500
9000	3	1	145 353 369
9001	3	1	145 353 453
9002	3	1	145 353 477
9003	3	1	145 353 500
9004	3	1	145 366 369
9005	3	1	145 366 434
9006	3	1	145 366 468
9007	3	1	145 386 410
9008	3	1	145 386 457
9009	3	1	145 386 477
9010	3	1	145 393 500
9011	3	1	145 425 457
9012	3	1	145 468 485
9013	3	1	145 471 477
9014	3	1	145 477 483
9015	3	1	145 477 485
9016	3	1	148 166 250
9017	3	1	148 166 267
9018	3	1	148 166 367
9019	3	1	148 166 412
9020	3	1	148 190 245
9021	3	1	148 190 473
9022	3	1	148 197 240
9023	3	1	148 197 367
9024	3	1	148 218 430
9025	3	1	148 218 437
9026	3	1	148 221 267
9027	3	1	148 230 240
9028	3	1	148 233 237
9029	3	1	148 233 430
9030	3	1	148 233 437
9031	3	1	148 233 440
9032	3	1	148 237 387
9033	3	1	148 237 440
9034	3	1	148 237 458
9035	3	1	148 238 440
9036	3	1	148 238 458
9037	3	1	148 240 430
9038	3	1	148 240 440
9039	3	1	148 245 473
9040	3	1	148 250 267
9041	3	1	148 250 363
9042	3	1	148 267 363
9043	3	1	148 267 387
9044	3	1	148 367 437
9045	3	1	148 367 481
9046	3	1	148 383 413
9047	3	1	148 383 473
9048	3	1	148 387 435
9049	3	1	148 387 473
9050	3	1	148 412 440
9051	3	1	148 458 482
9052	3	1	149 175 219
9053	3	1	149 175 322
9054	3	1	149 185 244
9055	3	1	149 185 448
9056	3	1	149 190 219
9057	3	1	149 190 251
9058	3	1	149 190 416
9059	3	1	149 190 479
9060	3	1	149 219 240
9061	3	1	149 219 308
9062	3	1	149 219 376
9063	3	1	149 231 240
9064	3	1	149 231 308
9065	3	1	149 231 458
9066	3	1	149 239 371
9067	3	1	149 239 410
9068	3	1	149 239 429
9069	3	1	149 239 491
9070	3	1	149 240 389
9071	3	1	149 244 312
9072	3	1	149 244 322
9073	3	1	149 244 387
9074	3	1	149 246 371
9075	3	1	149 251 322
9076	3	1	149 296 308
9077	3	1	149 296 350
9078	3	1	149 296 367
9079	3	1	149 296 429
9080	3	1	149 308 371
9081	3	1	149 308 416
9082	3	1	149 312 376
9083	3	1	149 322 357
9084	3	1	149 322 371
9085	3	1	149 350 458
9086	3	1	149 350 491
9087	3	1	149 357 376
9088	3	1	149 357 429
9089	3	1	149 357 479
9090	3	1	149 376 458
9091	3	1	149 389 476
9092	3	1	149 416 476
9093	3	1	149 429 458
9094	3	1	149 458 476
9095	3	1	152 172 176
9096	3	1	152 172 344
9097	3	1	152 172 453
9098	3	1	152 174 199
9099	3	1	152 174 443
9100	3	1	152 174 467
9101	3	1	152 176 219
9102	3	1	152 176 344
9103	3	1	152 199 293
9104	3	1	152 199 393
9105	3	1	152 219 344
9106	3	1	152 219 453
9107	3	1	152 281 454
9108	3	1	152 281 468
9109	3	1	152 281 500
9110	3	1	152 282 410
9111	3	1	152 293 410
9112	3	1	152 293 454
9113	3	1	152 304 393
9114	3	1	152 304 443
9115	3	1	152 320 410
9116	3	1	152 393 500
9117	3	1	152 405 410
9118	3	1	152 405 443
9119	3	1	152 405 500
9120	3	1	152 439 453
9121	3	1	152 453 454
9122	3	1	152 467 500
9123	3	1	153 156 337
9124	3	1	153 157 251
9125	3	1	153 157 314
9126	3	1	153 157 447
9127	3	1	153 157 485
9128	3	1	153 163 225
9129	3	1	153 163 311
9130	3	1	153 163 314
9131	3	1	153 163 346
9132	3	1	153 163 485
9133	3	1	153 165 337
9134	3	1	153 165 489
9135	3	1	153 193 314
9136	3	1	153 200 312
9137	3	1	153 200 347
9138	3	1	153 200 476
9139	3	1	153 211 251
9140	3	1	153 211 356
9141	3	1	153 225 311
9142	3	1	153 225 312
9143	3	1	153 225 476
9144	3	1	153 231 439
9145	3	1	153 251 271
9146	3	1	153 251 356
9147	3	1	153 251 425
9148	3	1	153 271 347
9149	3	1	153 271 363
9150	3	1	153 271 476
9151	3	1	153 311 323
9152	3	1	153 312 323
9153	3	1	153 312 356
9154	3	1	153 314 420
9155	3	1	153 323 337
9156	3	1	153 346 363
9157	3	1	153 347 351
9158	3	1	153 347 363
9159	3	1	153 356 384
9160	3	1	153 384 428
9161	3	1	153 420 439
9162	3	1	153 425 439
9163	3	1	153 447 485
9164	3	1	153 476 477
9165	3	1	153 477 485
9166	3	1	155 162 201
9167	3	1	155 162 289
9168	3	1	155 162 311
9169	3	1	155 163 301
9170	3	1	155 163 311
9171	3	1	155 163 398
9172	3	1	155 164 186
9173	3	1	155 164 189
9174	3	1	155 164 301
9175	3	1	155 164 326
9176	3	1	155 164 473
9177	3	1	155 186 216
9178	3	1	155 186 301
9179	3	1	155 186 313
9180	3	1	155 186 326
9181	3	1	155 186 465
9182	3	1	155 189 216
9183	3	1	155 192 269
9184	3	1	155 192 291
9185	3	1	155 192 465
9186	3	1	155 192 473
9187	3	1	155 210 313
9188	3	1	155 210 398
9189	3	1	155 210 444
9190	3	1	155 216 301
9191	3	1	155 216 353
9192	3	1	155 216 416
9193	3	1	155 248 291
9194	3	1	155 248 440
9195	3	1	155 262 326
9196	3	1	155 262 353
9197	3	1	155 262 379
9198	3	1	155 269 473
9199	3	1	155 289 301
9200	3	1	155 289 326
9201	3	1	155 289 353
9202	3	1	155 289 372
9203	3	1	155 291 353
9204	3	1	155 291 372
9205	3	1	155 291 465
9206	3	1	155 301 313
9207	3	1	155 301 372
9208	3	1	155 311 416
9209	3	1	155 353 465
9210	3	1	155 372 444
9211	3	1	155 372 470
9212	3	1	155 398 470
9213	3	1	155 440 444
9214	3	1	155 440 470
9215	3	1	155 465 470
9216	3	1	156 167 217
9217	3	1	156 167 284
9218	3	1	156 169 472
9219	3	1	156 170 321
9220	3	1	156 170 355
9221	3	1	156 170 423
9222	3	1	156 181 473
9223	3	1	156 217 364
9224	3	1	156 284 305
9225	3	1	156 284 321
9226	3	1	156 291 404
9227	3	1	156 291 423
9228	3	1	156 298 354
9229	3	1	156 301 321
9230	3	1	156 301 423
9231	3	1	156 301 472
9232	3	1	156 305 337
9233	3	1	156 305 355
9234	3	1	156 337 404
9235	3	1	156 354 453
9236	3	1	156 355 364
9237	3	1	156 355 404
9238	3	1	157 161 297
9239	3	1	157 161 314
9240	3	1	157 161 328
9241	3	1	157 161 480
9242	3	1	157 161 485
9243	3	1	157 175 447
9244	3	1	157 203 204
9245	3	1	157 203 310
9246	3	1	157 203 451
9247	3	1	157 204 325
9248	3	1	157 206 230
9249	3	1	157 206 251
9250	3	1	157 230 325
9251	3	1	157 230 398
9252	3	1	157 297 496
9253	3	1	157 310 314
9254	3	1	157 325 445
9255	3	1	157 394 424
9256	3	1	157 447 480
9257	3	1	157 447 485
9258	3	1	157 480 496
9259	3	1	158 161 292
9260	3	1	158 161 480
9261	3	1	158 193 212
9262	3	1	158 193 411
9263	3	1	158 193 433
9264	3	1	158 212 218
9265	3	1	158 212 286
9266	3	1	158 212 325
9267	3	1	158 212 448
9268	3	1	158 218 378
9269	3	1	158 218 411
9270	3	1	158 218 430
9271	3	1	158 218 437
9272	3	1	158 219 286
9273	3	1	158 219 288
9274	3	1	158 219 494
9275	3	1	158 276 300
9276	3	1	158 276 430
9277	3	1	158 276 454
9278	3	1	158 292 325
9279	3	1	158 292 425
9280	3	1	158 292 433
9281	3	1	158 294 325
9282	3	1	158 294 378
9283	3	1	158 300 322
9284	3	1	158 300 325
9285	3	1	158 300 411
9286	3	1	158 300 454
9287	3	1	158 300 487
9288	3	1	158 319 322
9289	3	1	158 319 437
9290	3	1	158 322 411
9291	3	1	158 322 433
9292	3	1	158 343 424
9293	3	1	158 343 448
9294	3	1	158 378 411
9295	3	1	158 411 433
9296	3	1	158 425 430
9297	3	1	158 433 437
9298	3	1	159 189 216
9299	3	1	159 189 356
9300	3	1	159 189 460
9301	3	1	159 189 500
9302	3	1	159 199 437
9303	3	1	159 199 461
9304	3	1	159 216 432
9305	3	1	159 224 362
9306	3	1	159 260 281
9307	3	1	159 260 489
9308	3	1	159 260 500
9309	3	1	159 278 367
9310	3	1	159 278 419
9311	3	1	159 281 324
9312	3	1	159 281 460
9313	3	1	159 281 500
9314	3	1	159 324 367
9315	3	1	159 324 419
9316	3	1	159 324 432
9317	3	1	159 342 432
9318	3	1	159 342 481
9319	3	1	159 356 470
9320	3	1	159 362 432
9321	3	1	159 367 437
9322	3	1	159 367 481
9323	3	1	159 369 437
9324	3	1	159 437 461
9325	3	1	159 460 461
9326	3	1	159 470 500
9327	3	1	160 221 236
9328	3	1	160 221 406
9329	3	1	160 236 440
9330	3	1	160 236 445
9331	3	1	160 236 467
9332	3	1	160 236 477
9333	3	1	160 295 296
9334	3	1	160 295 444
9335	3	1	160 296 377
9336	3	1	160 296 467
9337	3	1	160 296 470
9338	3	1	160 329 388
9339	3	1	160 329 398
9340	3	1	160 329 470
9341	3	1	160 347 445
9342	3	1	160 377 440
9343	3	1	160 377 444
9344	3	1	160 377 445
9345	3	1	160 391 455
9346	3	1	160 398 470
9347	3	1	160 406 428
9348	3	1	160 428 444
9349	3	1	160 440 444
9350	3	1	160 440 455
9351	3	1	160 440 467
9352	3	1	160 440 470
9353	3	1	160 440 477
9354	3	1	160 444 486
9355	3	1	160 445 470
9356	3	1	160 445 477
9357	3	1	160 455 467
9358	3	1	160 464 477
9359	3	1	160 470 477
9360	3	1	160 477 483
9361	3	1	161 173 253
9362	3	1	161 173 299
9363	3	1	161 173 480
9364	3	1	161 217 224
9365	3	1	161 217 297
9366	3	1	161 217 328
9367	3	1	161 217 345
9368	3	1	161 217 397
9369	3	1	161 217 480
9370	3	1	161 222 292
9371	3	1	161 222 345
9372	3	1	161 224 329
9373	3	1	161 224 345
9374	3	1	161 224 370
9375	3	1	161 227 485
9376	3	1	161 253 337
9377	3	1	161 253 397
9378	3	1	161 253 482
9379	3	1	161 274 485
9380	3	1	161 292 370
9381	3	1	161 303 330
9382	3	1	161 314 321
9383	3	1	161 314 366
9384	3	1	161 314 373
9385	3	1	161 321 330
9386	3	1	161 321 397
9387	3	1	161 328 329
9388	3	1	161 328 373
9389	3	1	161 329 485
9390	3	1	161 330 354
9391	3	1	161 330 480
9392	3	1	161 337 370
9393	3	1	161 337 397
9394	3	1	161 345 410
9395	3	1	161 370 482
9396	3	1	161 372 480
9397	3	1	161 373 431
9398	3	1	162 169 400
9399	3	1	162 169 472
9400	3	1	162 169 481
9401	3	1	162 173 176
9402	3	1	162 173 281
9403	3	1	162 173 432
9404	3	1	162 176 387
9405	3	1	162 176 485
9406	3	1	162 182 250
9407	3	1	162 182 310
9408	3	1	162 182 364
9409	3	1	162 182 417
9410	3	1	162 197 201
9411	3	1	162 197 292
9412	3	1	162 197 311
9413	3	1	162 201 250
9414	3	1	162 201 400
9415	3	1	162 201 417
9416	3	1	162 201 485
9417	3	1	162 218 318
9418	3	1	162 218 452
9419	3	1	162 232 337
9420	3	1	162 232 472
9421	3	1	162 232 485
9422	3	1	162 250 400
9423	3	1	162 281 452
9424	3	1	162 281 485
9425	3	1	162 289 310
9426	3	1	162 292 311
9427	3	1	162 292 377
9428	3	1	162 310 410
9429	3	1	162 310 472
9430	3	1	162 310 481
9431	3	1	162 311 472
9432	3	1	162 318 400
9433	3	1	162 377 387
9434	3	1	162 387 400
9435	3	1	162 387 432
9436	3	1	162 388 485
9437	3	1	162 400 417
9438	3	1	162 417 432
9439	3	1	162 417 472
9440	3	1	162 450 481
9441	3	1	162 472 481
9442	3	1	163 172 315
9443	3	1	163 172 373
9444	3	1	163 172 378
9445	3	1	163 172 403
9446	3	1	163 174 225
9447	3	1	163 174 245
9448	3	1	163 174 298
9449	3	1	163 174 315
9450	3	1	163 174 463
9451	3	1	163 225 311
9452	3	1	163 261 285
9453	3	1	163 261 393
9454	3	1	163 261 398
9455	3	1	163 261 422
9456	3	1	163 264 285
9457	3	1	163 264 315
9458	3	1	163 264 422
9459	3	1	163 285 298
9460	3	1	163 285 422
9461	3	1	163 301 314
9462	3	1	163 301 325
9463	3	1	163 301 403
9464	3	1	163 301 479
9465	3	1	163 305 393
9466	3	1	163 314 373
9467	3	1	163 315 398
9468	3	1	163 325 403
9469	3	1	163 325 463
9470	3	1	163 346 377
9471	3	1	163 378 479
9472	3	1	163 396 398
9473	3	1	163 403 479
9474	3	1	163 446 455
9475	3	1	163 446 463
9476	3	1	163 455 463
9477	3	1	163 479 485
9478	3	1	164 175 326
9479	3	1	164 185 189
9480	3	1	164 186 301
9481	3	1	164 186 326
9482	3	1	164 193 253
9483	3	1	164 193 314
9484	3	1	164 229 301
9485	3	1	164 229 363
9486	3	1	164 229 473
9487	3	1	164 253 284
9488	3	1	164 260 326
9489	3	1	164 266 302
9490	3	1	164 282 338
9491	3	1	164 282 363
9492	3	1	164 296 302
9493	3	1	164 296 327
9494	3	1	164 296 473
9495	3	1	164 301 314
9496	3	1	164 387 473
9497	3	1	165 167 269
9498	3	1	165 167 282
9499	3	1	165 167 299
9500	3	1	165 167 366
9501	3	1	165 167 437
9502	3	1	165 185 221
9503	3	1	165 185 243
9504	3	1	165 185 310
9505	3	1	165 185 340
9506	3	1	165 221 299
9507	3	1	165 221 319
9508	3	1	165 221 322
9509	3	1	165 243 291
9510	3	1	165 243 454
9511	3	1	165 253 276
9512	3	1	165 253 337
9513	3	1	165 253 482
9514	3	1	165 269 322
9515	3	1	165 269 454
9516	3	1	165 275 282
9517	3	1	165 275 310
9518	3	1	165 275 322
9519	3	1	165 276 283
9520	3	1	165 276 454
9521	3	1	165 282 299
9522	3	1	165 282 310
9523	3	1	165 282 322
9524	3	1	165 283 366
9525	3	1	165 291 417
9526	3	1	165 310 437
9527	3	1	165 313 454
9528	3	1	165 313 488
9529	3	1	165 319 322
9530	3	1	165 319 437
9531	3	1	165 322 340
9532	3	1	165 337 437
9533	3	1	165 340 417
9534	3	1	165 340 482
9535	3	1	166 169 394
9536	3	1	166 173 267
9537	3	1	166 173 272
9538	3	1	166 173 412
9539	3	1	166 173 480
9540	3	1	166 173 495
9541	3	1	166 208 268
9542	3	1	166 208 272
9543	3	1	166 208 364
9544	3	1	166 208 367
9545	3	1	166 208 394
9546	3	1	166 208 418
9547	3	1	166 219 308
9548	3	1	166 219 349
9549	3	1	166 219 364
9550	3	1	166 219 373
9551	3	1	166 219 385
9552	3	1	166 219 397
9553	3	1	166 250 267
9554	3	1	166 250 291
9555	3	1	166 250 397
9556	3	1	166 250 495
9557	3	1	166 267 308
9558	3	1	166 267 418
9559	3	1	166 268 394
9560	3	1	166 268 469
9561	3	1	166 272 340
9562	3	1	166 272 469
9563	3	1	166 291 373
9564	3	1	166 292 296
9565	3	1	166 292 484
9566	3	1	166 296 308
9567	3	1	166 296 367
9568	3	1	166 304 308
9569	3	1	166 304 480
9570	3	1	166 340 364
9571	3	1	166 340 484
9572	3	1	166 349 495
9573	3	1	166 364 373
9574	3	1	166 367 373
9575	3	1	166 367 495
9576	3	1	166 418 469
9577	3	1	166 469 484
9578	3	1	167 186 217
9579	3	1	167 186 428
9580	3	1	167 186 477
9581	3	1	167 207 288
9582	3	1	167 207 314
9583	3	1	167 217 282
9584	3	1	167 217 295
9585	3	1	167 228 269
9586	3	1	167 228 437
9587	3	1	167 269 288
9588	3	1	167 269 315
9589	3	1	167 282 299
9590	3	1	167 284 295
9591	3	1	167 284 312
9592	3	1	167 284 487
9593	3	1	167 295 312
9594	3	1	167 295 368
9595	3	1	167 295 437
9596	3	1	167 299 312
9597	3	1	167 299 477
9598	3	1	167 307 366
9599	3	1	167 312 487
9600	3	1	167 314 366
9601	3	1	167 315 400
9602	3	1	167 366 368
9603	3	1	167 366 462
9604	3	1	167 368 477
9605	3	1	167 437 462
9606	3	1	167 437 477
9607	3	1	167 477 483
9608	3	1	169 180 481
9609	3	1	169 213 240
9610	3	1	169 240 329
9611	3	1	169 240 344
9612	3	1	169 240 472
9613	3	1	169 271 295
9614	3	1	169 271 435
9615	3	1	169 271 445
9616	3	1	169 271 458
9617	3	1	169 295 312
9618	3	1	169 312 359
9619	3	1	169 312 372
9620	3	1	169 329 359
9621	3	1	169 342 344
9622	3	1	169 342 359
9623	3	1	169 342 424
9624	3	1	169 342 435
9625	3	1	169 342 445
9626	3	1	169 342 481
9627	3	1	169 344 445
9628	3	1	169 344 481
9629	3	1	169 372 435
9630	3	1	169 372 458
9631	3	1	169 394 424
9632	3	1	169 400 488
9633	3	1	169 424 472
9634	3	1	169 435 441
9635	3	1	169 472 481
9636	3	1	170 172 248
9637	3	1	170 172 329
9638	3	1	170 172 355
9639	3	1	170 172 436
9640	3	1	170 172 445
9641	3	1	170 197 293
9642	3	1	170 197 321
9643	3	1	170 197 365
9644	3	1	170 197 376
9645	3	1	170 199 286
9646	3	1	170 199 293
9647	3	1	170 199 494
9648	3	1	170 229 309
9649	3	1	170 229 436
9650	3	1	170 241 445
9651	3	1	170 241 489
9652	3	1	170 248 423
9653	3	1	170 248 436
9654	3	1	170 286 293
9655	3	1	170 286 355
9656	3	1	170 286 410
9657	3	1	170 286 423
9658	3	1	170 293 365
9659	3	1	170 293 410
9660	3	1	170 321 387
9661	3	1	170 329 418
9662	3	1	170 334 366
9663	3	1	170 334 445
9664	3	1	170 342 445
9665	3	1	170 342 494
9666	3	1	170 362 365
9667	3	1	170 366 436
9668	3	1	170 366 468
9669	3	1	170 376 423
9670	3	1	170 387 489
9671	3	1	170 411 423
9672	3	1	170 418 468
9673	3	1	170 418 494
9674	3	1	170 423 489
9675	3	1	171 182 230
9676	3	1	171 182 347
9677	3	1	171 182 385
9678	3	1	171 182 417
9679	3	1	171 182 449
9680	3	1	171 199 307
9681	3	1	171 199 377
9682	3	1	171 199 385
9683	3	1	171 199 437
9684	3	1	171 199 447
9685	3	1	171 199 461
9686	3	1	171 230 325
9687	3	1	171 230 464
9688	3	1	171 285 437
9689	3	1	171 285 461
9690	3	1	171 292 307
9691	3	1	171 292 325
9692	3	1	171 292 377
9693	3	1	171 292 449
9694	3	1	171 304 428
9695	3	1	171 304 443
9696	3	1	171 304 473
9697	3	1	171 307 377
9698	3	1	171 325 337
9699	3	1	171 337 437
9700	3	1	171 345 347
9701	3	1	171 345 464
9702	3	1	171 347 443
9703	3	1	171 367 437
9704	3	1	171 377 440
9705	3	1	171 385 440
9706	3	1	171 389 461
9707	3	1	171 389 464
9708	3	1	171 412 440
9709	3	1	171 412 447
9710	3	1	171 428 461
9711	3	1	171 437 461
9712	3	1	171 440 447
9713	3	1	172 176 344
9714	3	1	172 188 208
9715	3	1	172 188 234
9716	3	1	172 206 248
9717	3	1	172 208 436
9718	3	1	172 234 248
9719	3	1	172 234 315
9720	3	1	172 234 341
9721	3	1	172 246 403
9722	3	1	172 246 469
9723	3	1	172 248 341
9724	3	1	172 248 436
9725	3	1	172 248 440
9726	3	1	172 313 315
9727	3	1	172 315 341
9728	3	1	172 315 453
9729	3	1	172 329 447
9730	3	1	172 332 453
9731	3	1	172 341 373
9732	3	1	172 344 445
9733	3	1	172 344 469
9734	3	1	172 355 373
9735	3	1	172 432 469
9736	3	1	172 440 447
9737	3	1	173 176 203
9738	3	1	173 176 253
9739	3	1	173 186 243
9740	3	1	173 203 487
9741	3	1	173 203 489
9742	3	1	173 203 495
9743	3	1	173 228 242
9744	3	1	173 228 403
9745	3	1	173 228 471
9746	3	1	173 239 242
9747	3	1	173 239 471
9748	3	1	173 242 253
9749	3	1	173 242 267
9750	3	1	173 243 281
9751	3	1	173 243 495
9752	3	1	173 253 495
9753	3	1	173 267 299
9754	3	1	173 267 487
9755	3	1	173 281 413
9756	3	1	173 281 471
9757	3	1	173 283 305
9758	3	1	173 283 432
9759	3	1	173 299 461
9760	3	1	173 305 412
9761	3	1	173 305 471
9762	3	1	173 403 461
9763	3	1	173 403 487
9764	3	1	173 413 480
9765	3	1	173 413 487
9766	3	1	173 480 489
9767	3	1	174 181 237
9768	3	1	174 181 245
9769	3	1	174 181 467
9770	3	1	174 188 237
9771	3	1	174 188 345
9772	3	1	174 188 467
9773	3	1	174 199 250
9774	3	1	174 199 364
9775	3	1	174 225 345
9776	3	1	174 232 418
9777	3	1	174 232 463
9778	3	1	174 237 467
9779	3	1	174 250 335
9780	3	1	174 250 397
9781	3	1	174 256 350
9782	3	1	174 296 350
9783	3	1	174 296 467
9784	3	1	174 298 368
9785	3	1	174 298 467
9786	3	1	174 315 434
9787	3	1	174 335 463
9788	3	1	174 418 467
9789	3	1	174 463 467
9790	3	1	175 219 326
9791	3	1	175 219 361
9792	3	1	175 219 384
9793	3	1	175 219 449
9794	3	1	175 228 437
9795	3	1	175 234 449
9796	3	1	175 283 326
9797	3	1	175 322 370
9798	3	1	175 322 372
9799	3	1	175 322 447
9800	3	1	175 322 450
9801	3	1	175 326 450
9802	3	1	175 346 450
9803	3	1	175 361 372
9804	3	1	175 361 447
9805	3	1	175 368 419
9806	3	1	176 203 477
9807	3	1	176 219 344
9808	3	1	176 219 349
9809	3	1	176 219 361
9810	3	1	176 219 384
9811	3	1	176 219 486
9812	3	1	176 253 325
9813	3	1	176 253 470
9814	3	1	176 296 470
9815	3	1	176 300 325
9816	3	1	176 300 335
9817	3	1	176 335 344
9818	3	1	176 335 387
9819	3	1	176 344 361
9820	3	1	176 344 470
9821	3	1	176 470 477
9822	3	1	176 477 485
9823	3	1	177 188 308
9824	3	1	177 188 337
9825	3	1	177 245 308
9826	3	1	177 296 308
9827	3	1	177 296 454
9828	3	1	177 426 454
9829	3	1	180 221 236
9830	3	1	180 221 299
9831	3	1	180 221 418
9832	3	1	180 221 485
9833	3	1	180 233 296
9834	3	1	180 233 380
9835	3	1	180 233 430
9836	3	1	180 236 413
9837	3	1	180 262 332
9838	3	1	180 279 332
9839	3	1	180 279 418
9840	3	1	180 279 457
9841	3	1	180 296 308
9842	3	1	180 299 343
9843	3	1	180 315 389
9844	3	1	180 332 481
9845	3	1	180 332 485
9846	3	1	180 343 428
9847	3	1	180 349 413
9848	3	1	180 349 455
9849	3	1	180 349 487
9850	3	1	180 349 500
9851	3	1	180 380 389
9852	3	1	180 380 457
9853	3	1	180 380 481
9854	3	1	180 389 457
9855	3	1	180 413 487
9856	3	1	180 418 430
9857	3	1	180 418 457
9858	3	1	180 418 487
9859	3	1	180 430 500
9860	3	1	181 185 221
9861	3	1	181 185 237
9862	3	1	181 185 323
9863	3	1	181 185 334
9864	3	1	181 185 343
9865	3	1	181 192 221
9866	3	1	181 192 277
9867	3	1	181 192 314
9868	3	1	181 192 473
9869	3	1	181 203 419
9870	3	1	181 203 477
9871	3	1	181 203 495
9872	3	1	181 228 371
9873	3	1	181 228 437
9874	3	1	181 228 473
9875	3	1	181 237 405
9876	3	1	181 237 467
9877	3	1	181 237 479
9878	3	1	181 245 419
9879	3	1	181 245 420
9880	3	1	181 245 473
9881	3	1	181 249 343
9882	3	1	181 249 371
9883	3	1	181 249 464
9884	3	1	181 249 473
9885	3	1	181 277 334
9886	3	1	181 304 473
9887	3	1	181 313 477
9888	3	1	181 313 488
9889	3	1	181 314 420
9890	3	1	181 314 459
9891	3	1	181 314 467
9892	3	1	181 343 477
9893	3	1	181 361 412
9894	3	1	181 405 464
9895	3	1	181 412 479
9896	3	1	181 419 488
9897	3	1	181 427 437
9898	3	1	181 427 488
9899	3	1	181 437 477
9900	3	1	181 437 495
9901	3	1	181 459 473
9902	3	1	181 459 495
9903	3	1	181 464 477
9904	3	1	181 467 495
9905	3	1	181 477 479
9906	3	1	182 212 396
9907	3	1	182 212 495
9908	3	1	182 230 261
9909	3	1	182 250 335
9910	3	1	182 250 495
9911	3	1	182 250 496
9912	3	1	182 261 399
9913	3	1	182 269 335
9914	3	1	182 276 300
9915	3	1	182 298 372
9916	3	1	182 300 335
9917	3	1	182 300 399
9918	3	1	182 310 494
9919	3	1	182 347 399
9920	3	1	182 362 385
9921	3	1	182 362 396
9922	3	1	182 362 405
9923	3	1	182 362 457
9924	3	1	182 364 372
9925	3	1	182 364 396
9926	3	1	182 364 462
9927	3	1	182 364 482
9928	3	1	182 370 399
9929	3	1	182 370 482
9930	3	1	182 372 457
9931	3	1	182 396 496
9932	3	1	182 462 494
9933	3	1	183 242 445
9934	3	1	183 246 276
9935	3	1	183 246 372
9936	3	1	183 246 400
9937	3	1	183 246 403
9938	3	1	183 260 399
9939	3	1	183 260 410
9940	3	1	183 260 422
9941	3	1	183 276 320
9942	3	1	183 276 403
9943	3	1	183 276 444
9944	3	1	183 320 385
9945	3	1	183 320 400
9946	3	1	183 320 410
9947	3	1	183 323 423
9948	3	1	183 346 387
9949	3	1	183 346 445
9950	3	1	183 361 372
9951	3	1	183 372 423
9952	3	1	183 372 444
9953	3	1	183 383 385
9954	3	1	183 383 404
9955	3	1	183 385 423
9956	3	1	183 385 440
9957	3	1	183 387 400
9958	3	1	183 387 404
9959	3	1	183 387 432
9960	3	1	183 399 403
9961	3	1	183 399 432
9962	3	1	183 400 461
9963	3	1	183 400 488
9964	3	1	183 403 461
9965	3	1	183 404 445
9966	3	1	183 422 423
9967	3	1	183 440 444
9968	3	1	183 440 488
9969	3	1	183 461 488
9970	3	1	185 187 287
9971	3	1	185 187 335
9972	3	1	185 187 340
9973	3	1	185 187 423
9974	3	1	185 187 484
9975	3	1	185 189 323
9976	3	1	185 189 448
9977	3	1	185 189 497
9978	3	1	185 207 287
9979	3	1	185 207 340
9980	3	1	185 221 448
9981	3	1	185 237 244
9982	3	1	185 237 310
9983	3	1	185 243 334
9984	3	1	185 243 369
9985	3	1	185 244 287
9986	3	1	185 244 323
9987	3	1	185 244 335
9988	3	1	185 244 377
9989	3	1	185 244 468
9990	3	1	185 287 377
9991	3	1	185 287 468
9992	3	1	185 310 365
9993	3	1	185 310 468
9994	3	1	185 323 369
9995	3	1	185 323 423
9996	3	1	185 323 497
9997	3	1	185 328 335
9998	3	1	185 328 369
9999	3	1	185 328 409
10000	3	1	185 328 448
10001	3	1	185 334 335
10002	3	1	185 334 377
10003	3	1	185 335 343
10004	3	1	185 335 388
10005	3	1	185 335 484
10006	3	1	185 335 497
10007	3	1	185 340 484
10008	3	1	185 343 448
10009	3	1	185 351 497
10010	3	1	185 369 448
10011	3	1	185 388 484
10012	3	1	185 409 423
10013	3	1	185 409 484
10014	3	1	185 486 497
10015	3	1	186 190 211
10016	3	1	186 190 465
10017	3	1	186 190 477
10018	3	1	186 211 250
10019	3	1	186 211 275
10020	3	1	186 216 217
10021	3	1	186 216 236
10022	3	1	186 216 301
10023	3	1	186 216 359
10024	3	1	186 216 428
10025	3	1	186 217 237
10026	3	1	186 217 304
10027	3	1	186 217 458
10028	3	1	186 236 237
10029	3	1	186 236 477
10030	3	1	186 237 301
10031	3	1	186 237 359
10032	3	1	186 237 458
10033	3	1	186 243 250
10034	3	1	186 243 326
10035	3	1	186 243 369
10036	3	1	186 250 369
10037	3	1	186 250 428
10038	3	1	186 258 304
10039	3	1	186 275 279
10040	3	1	186 275 326
10041	3	1	186 279 301
10042	3	1	186 294 313
10043	3	1	186 294 406
10044	3	1	186 301 313
10045	3	1	186 304 424
10046	3	1	186 304 428
10047	3	1	186 304 458
10048	3	1	186 313 458
10049	3	1	186 313 477
10050	3	1	186 326 359
10051	3	1	186 326 424
10052	3	1	186 359 406
10053	3	1	186 406 424
10054	3	1	186 406 428
10055	3	1	186 424 477
10056	3	1	187 203 429
10057	3	1	187 226 484
10058	3	1	187 232 429
10059	3	1	187 250 335
10060	3	1	187 250 400
10061	3	1	187 253 484
10062	3	1	187 265 340
10063	3	1	187 287 441
10064	3	1	187 333 379
10065	3	1	187 335 484
10066	3	1	187 340 444
10067	3	1	187 340 484
10068	3	1	187 362 374
10069	3	1	187 374 455
10070	3	1	187 423 455
10071	3	1	187 429 444
10072	3	1	188 189 234
10073	3	1	188 189 467
10074	3	1	188 189 500
10075	3	1	188 208 417
10076	3	1	188 208 500
10077	3	1	188 237 417
10078	3	1	188 237 467
10079	3	1	188 237 479
10080	3	1	188 257 292
10081	3	1	188 266 292
10082	3	1	188 266 371
10083	3	1	188 266 462
10084	3	1	188 308 371
10085	3	1	188 308 467
10086	3	1	188 326 371
10087	3	1	188 326 383
10088	3	1	188 337 462
10089	3	1	188 371 383
10090	3	1	188 371 462
10091	3	1	188 380 398
10092	3	1	188 462 467
10093	3	1	188 467 500
10094	3	1	189 209 212
10095	3	1	189 209 356
10096	3	1	189 209 452
10097	3	1	189 212 216
10098	3	1	189 212 316
10099	3	1	189 212 448
10100	3	1	189 216 251
10101	3	1	189 216 413
10102	3	1	189 216 439
10103	3	1	189 216 497
10104	3	1	189 234 341
10105	3	1	189 234 439
10106	3	1	189 251 322
10107	3	1	189 251 341
10108	3	1	189 251 356
10109	3	1	189 251 413
10110	3	1	189 272 333
10111	3	1	189 272 356
10112	3	1	189 272 469
10113	3	1	189 316 439
10114	3	1	189 323 460
10115	3	1	189 323 497
10116	3	1	189 333 356
10117	3	1	189 333 448
10118	3	1	189 341 356
10119	3	1	189 354 453
10120	3	1	189 356 453
10121	3	1	189 356 480
10122	3	1	189 413 480
10123	3	1	189 439 452
10124	3	1	189 439 453
10125	3	1	189 452 500
10126	3	1	189 467 500
10127	3	1	190 204 281
10128	3	1	190 204 477
10129	3	1	190 204 497
10130	3	1	190 211 251
10131	3	1	190 211 380
10132	3	1	190 211 398
10133	3	1	190 211 431
10134	3	1	190 219 380
10135	3	1	190 219 397
10136	3	1	190 219 486
10137	3	1	190 245 386
10138	3	1	190 245 436
10139	3	1	190 245 473
10140	3	1	190 245 497
10141	3	1	190 251 425
10142	3	1	190 263 268
10143	3	1	190 263 277
10144	3	1	190 268 431
10145	3	1	190 277 397
10146	3	1	190 277 416
10147	3	1	190 277 465
10148	3	1	190 281 380
10149	3	1	190 281 486
10150	3	1	190 380 398
10151	3	1	190 380 425
10152	3	1	190 386 431
10153	3	1	190 386 477
10154	3	1	190 403 465
10155	3	1	190 403 479
10156	3	1	190 425 436
10157	3	1	190 425 479
10158	3	1	190 463 486
10159	3	1	190 477 479
10160	3	1	190 479 497
10161	3	1	190 486 497
10162	3	1	192 197 264
10163	3	1	192 197 268
10164	3	1	192 197 302
10165	3	1	192 197 305
10166	3	1	192 197 356
10167	3	1	192 197 389
10168	3	1	192 197 424
10169	3	1	192 197 454
10170	3	1	192 221 264
10171	3	1	192 221 305
10172	3	1	192 221 342
10173	3	1	192 221 424
10174	3	1	192 225 294
10175	3	1	192 225 473
10176	3	1	192 227 294
10177	3	1	192 227 305
10178	3	1	192 242 356
10179	3	1	192 242 473
10180	3	1	192 263 268
10181	3	1	192 263 269
10182	3	1	192 263 277
10183	3	1	192 264 291
10184	3	1	192 264 356
10185	3	1	192 268 424
10186	3	1	192 269 288
10187	3	1	192 269 454
10188	3	1	192 269 473
10189	3	1	192 277 465
10190	3	1	192 288 291
10191	3	1	192 288 342
10192	3	1	192 291 356
10193	3	1	192 291 465
10194	3	1	192 302 428
10195	3	1	192 305 428
10196	3	1	192 314 389
10197	3	1	192 342 424
10198	3	1	192 347 424
10199	3	1	192 389 454
10200	3	1	193 212 416
10201	3	1	193 212 495
10202	3	1	193 226 285
10203	3	1	193 227 309
10204	3	1	193 240 309
10205	3	1	193 240 354
10206	3	1	193 240 370
10207	3	1	193 240 472
10208	3	1	193 240 495
10209	3	1	193 243 431
10210	3	1	193 243 460
10211	3	1	193 243 495
10212	3	1	193 253 298
10213	3	1	193 253 397
10214	3	1	193 253 453
10215	3	1	193 253 470
10216	3	1	193 253 495
10217	3	1	193 265 431
10218	3	1	193 265 453
10219	3	1	193 265 495
10220	3	1	193 285 298
10221	3	1	193 285 411
10222	3	1	193 298 309
10223	3	1	193 298 354
10224	3	1	193 298 470
10225	3	1	193 314 460
10226	3	1	193 314 472
10227	3	1	193 354 453
10228	3	1	193 370 416
10229	3	1	193 370 453
10230	3	1	193 370 465
10231	3	1	193 370 470
10232	3	1	193 370 472
10233	3	1	193 397 472
10234	3	1	193 411 433
10235	3	1	193 411 470
10236	3	1	193 411 472
10237	3	1	193 433 468
10238	3	1	193 445 470
10239	3	1	193 460 468
10240	3	1	193 465 470
10241	3	1	193 466 470
10242	3	1	193 472 495
10243	3	1	197 201 305
10244	3	1	197 203 264
10245	3	1	197 203 268
10246	3	1	197 203 274
10247	3	1	197 203 419
10248	3	1	197 206 376
10249	3	1	197 206 389
10250	3	1	197 240 324
10251	3	1	197 240 389
10252	3	1	197 264 356
10253	3	1	197 264 367
10254	3	1	197 264 419
10255	3	1	197 268 424
10256	3	1	197 268 469
10257	3	1	197 274 356
10258	3	1	197 274 399
10259	3	1	197 292 311
10260	3	1	197 292 399
10261	3	1	197 293 324
10262	3	1	197 293 365
10263	3	1	197 293 434
10264	3	1	197 293 454
10265	3	1	197 305 376
10266	3	1	197 305 434
10267	3	1	197 311 376
10268	3	1	197 321 367
10269	3	1	197 321 424
10270	3	1	197 324 365
10271	3	1	197 324 367
10272	3	1	197 324 376
10273	3	1	197 324 389
10274	3	1	197 324 419
10275	3	1	197 389 454
10276	3	1	199 202 271
10277	3	1	199 202 293
10278	3	1	199 202 310
10279	3	1	199 202 447
10280	3	1	199 202 494
10281	3	1	199 250 496
10282	3	1	199 271 377
10283	3	1	199 271 461
10284	3	1	199 279 307
10285	3	1	199 286 293
10286	3	1	199 293 437
10287	3	1	199 307 316
10288	3	1	199 307 377
10289	3	1	199 310 437
10290	3	1	199 310 494
10291	3	1	199 316 496
10292	3	1	199 364 447
10293	3	1	199 437 461
10294	3	1	199 447 494
10295	3	1	200 218 372
10296	3	1	200 260 465
10297	3	1	200 312 372
10298	3	1	200 312 376
10299	3	1	200 312 380
10300	3	1	200 313 454
10301	3	1	200 322 372
10302	3	1	200 322 465
10303	3	1	200 324 376
10304	3	1	200 324 380
10305	3	1	200 324 462
10306	3	1	200 366 434
10307	3	1	200 366 436
10308	3	1	200 366 462
10309	3	1	200 366 465
10310	3	1	200 380 476
10311	3	1	200 462 476
10312	3	1	201 227 244
10313	3	1	201 227 305
10314	3	1	201 227 485
10315	3	1	201 250 363
10316	3	1	201 250 400
10317	3	1	201 272 275
10318	3	1	201 272 333
10319	3	1	201 272 363
10320	3	1	201 272 400
10321	3	1	201 275 305
10322	3	1	201 275 418
10323	3	1	201 275 466
10324	3	1	201 275 485
10325	3	1	201 305 363
10326	3	1	201 305 418
10327	3	1	201 333 466
10328	3	1	201 363 479
10329	3	1	201 400 417
10330	3	1	201 400 479
10331	3	1	201 405 466
10332	3	1	201 405 485
10333	3	1	201 417 466
10334	3	1	201 418 453
10335	3	1	201 479 485
10336	3	1	202 213 232
10337	3	1	202 219 328
10338	3	1	202 219 333
10339	3	1	202 219 373
10340	3	1	202 219 384
10341	3	1	202 219 460
10342	3	1	202 219 494
10343	3	1	202 256 282
10344	3	1	202 256 294
10345	3	1	202 256 333
10346	3	1	202 256 384
10347	3	1	202 256 426
10348	3	1	202 256 439
10349	3	1	202 257 293
10350	3	1	202 257 327
10351	3	1	202 257 373
10352	3	1	202 271 284
10353	3	1	202 271 324
10354	3	1	202 271 448
10355	3	1	202 271 476
10356	3	1	202 282 310
10357	3	1	202 282 328
10358	3	1	202 282 494
10359	3	1	202 284 321
10360	3	1	202 284 384
10361	3	1	202 284 452
10362	3	1	202 293 324
10363	3	1	202 294 321
10364	3	1	202 294 441
10365	3	1	202 296 327
10366	3	1	202 296 439
10367	3	1	202 296 460
10368	3	1	202 310 391
10369	3	1	202 310 426
10370	3	1	202 310 494
10371	3	1	202 318 333
10372	3	1	202 318 362
10373	3	1	202 320 333
10374	3	1	202 320 362
10375	3	1	202 320 476
10376	3	1	202 324 432
10377	3	1	202 327 447
10378	3	1	202 328 333
10379	3	1	202 328 373
10380	3	1	202 328 448
10381	3	1	202 333 448
10382	3	1	202 362 391
10383	3	1	202 362 432
10384	3	1	202 362 476
10385	3	1	202 384 426
10386	3	1	202 384 441
10387	3	1	202 384 452
10388	3	1	202 384 494
10389	3	1	202 439 452
10390	3	1	202 441 447
10391	3	1	202 447 448
10392	3	1	202 447 494
10393	3	1	202 452 494
10394	3	1	202 452 500
10395	3	1	202 460 494
10396	3	1	203 204 477
10397	3	1	203 209 495
10398	3	1	203 213 264
10399	3	1	203 213 274
10400	3	1	203 213 345
10401	3	1	203 216 345
10402	3	1	203 216 487
10403	3	1	203 262 303
10404	3	1	203 262 373
10405	3	1	203 264 310
10406	3	1	203 264 338
10407	3	1	203 264 419
10408	3	1	203 268 303
10409	3	1	203 268 341
10410	3	1	203 268 388
10411	3	1	203 268 451
10412	3	1	203 303 477
10413	3	1	203 303 495
10414	3	1	203 341 373
10415	3	1	203 341 451
10416	3	1	203 341 489
10417	3	1	203 373 491
10418	3	1	203 388 419
10419	3	1	203 388 487
10420	3	1	203 388 491
10421	3	1	203 487 491
10422	3	1	204 222 260
10423	3	1	204 222 286
10424	3	1	204 222 356
10425	3	1	204 222 476
10426	3	1	204 227 437
10427	3	1	204 227 455
10428	3	1	204 227 497
10429	3	1	204 243 281
10430	3	1	204 260 281
10431	3	1	204 267 464
10432	3	1	204 276 497
10433	3	1	204 281 323
10434	3	1	204 281 324
10435	3	1	204 281 476
10436	3	1	204 323 337
10437	3	1	204 323 455
10438	3	1	204 323 497
10439	3	1	204 325 329
10440	3	1	204 325 337
10441	3	1	204 325 356
10442	3	1	204 337 437
10443	3	1	204 356 464
10444	3	1	204 371 455
10445	3	1	204 426 437
10446	3	1	204 437 477
10447	3	1	204 464 477
10448	3	1	204 476 477
10449	3	1	206 251 349
10450	3	1	206 251 413
10451	3	1	206 289 389
10452	3	1	206 333 389
10453	3	1	206 333 431
10454	3	1	206 349 376
10455	3	1	206 349 413
10456	3	1	206 349 495
10457	3	1	207 225 233
10458	3	1	207 233 340
10459	3	1	207 233 410
10460	3	1	207 267 285
10461	3	1	207 267 314
10462	3	1	207 287 329
10463	3	1	207 314 321
10464	3	1	207 321 424
10465	3	1	208 209 367
10466	3	1	208 209 376
10467	3	1	208 209 436
10468	3	1	208 256 384
10469	3	1	208 261 274
10470	3	1	208 261 424
10471	3	1	208 261 473
10472	3	1	208 268 394
10473	3	1	208 268 410
10474	3	1	208 268 424
10475	3	1	208 274 404
10476	3	1	208 361 417
10477	3	1	208 364 376
10478	3	1	208 364 409
10479	3	1	208 367 384
10480	3	1	208 367 437
10481	3	1	208 384 424
10482	3	1	208 394 417
10483	3	1	208 394 424
10484	3	1	208 404 409
10485	3	1	208 404 500
10486	3	1	208 409 417
10487	3	1	208 409 437
10488	3	1	208 424 436
10489	3	1	209 212 376
10490	3	1	209 212 463
10491	3	1	209 212 495
10492	3	1	209 221 312
10493	3	1	209 221 319
10494	3	1	209 229 237
10495	3	1	209 229 312
10496	3	1	209 229 436
10497	3	1	209 229 495
10498	3	1	209 237 312
10499	3	1	209 253 304
10500	3	1	209 253 481
10501	3	1	209 253 495
10502	3	1	209 271 304
10503	3	1	209 287 312
10504	3	1	209 287 356
10505	3	1	209 287 420
10506	3	1	209 287 481
10507	3	1	209 287 495
10508	3	1	209 293 380
10509	3	1	209 312 356
10510	3	1	209 312 372
10511	3	1	209 312 376
10512	3	1	209 312 380
10513	3	1	209 319 367
10514	3	1	209 321 367
10515	3	1	209 349 376
10516	3	1	209 349 436
10517	3	1	209 349 452
10518	3	1	209 349 495
10519	3	1	209 356 372
10520	3	1	209 356 380
10521	3	1	209 367 481
10522	3	1	209 367 495
10523	3	1	209 372 420
10524	3	1	209 380 481
10525	3	1	210 217 282
10526	3	1	210 217 386
10527	3	1	210 222 403
10528	3	1	210 228 380
10529	3	1	210 228 386
10530	3	1	210 228 403
10531	3	1	210 265 424
10532	3	1	210 265 431
10533	3	1	210 265 495
10534	3	1	210 274 485
10535	3	1	210 282 444
10536	3	1	210 282 445
10537	3	1	210 282 485
10538	3	1	210 313 431
10539	3	1	210 343 347
10540	3	1	210 343 424
10541	3	1	210 343 431
10542	3	1	210 347 424
10543	3	1	210 347 445
10544	3	1	210 367 373
10545	3	1	210 367 495
10546	3	1	210 373 386
10547	3	1	210 373 431
10548	3	1	210 380 398
10549	3	1	210 386 431
10550	3	1	210 403 451
10551	3	1	211 213 322
10552	3	1	211 213 380
10553	3	1	211 213 461
10554	3	1	211 223 246
10555	3	1	211 223 250
10556	3	1	211 223 413
10557	3	1	211 223 431
10558	3	1	211 239 471
10559	3	1	211 251 322
10560	3	1	211 251 355
10561	3	1	211 251 356
10562	3	1	211 251 413
10563	3	1	211 275 305
10564	3	1	211 275 322
10565	3	1	211 275 387
10566	3	1	211 275 399
10567	3	1	211 305 355
10568	3	1	211 305 471
10569	3	1	211 308 399
10570	3	1	211 308 450
10571	3	1	211 308 471
10572	3	1	211 321 387
10573	3	1	211 321 464
10574	3	1	211 322 411
10575	3	1	211 322 450
10576	3	1	211 324 355
10577	3	1	211 324 380
10578	3	1	211 324 387
10579	3	1	211 324 471
10580	3	1	211 332 399
10581	3	1	211 332 409
10582	3	1	211 355 461
10583	3	1	211 356 380
10584	3	1	211 356 411
10585	3	1	211 356 464
10586	3	1	211 380 398
10587	3	1	211 380 411
10588	3	1	211 380 464
10589	3	1	211 383 413
10590	3	1	211 394 431
10591	3	1	211 398 411
10592	3	1	211 398 471
10593	3	1	211 399 448
10594	3	1	211 409 411
10595	3	1	211 431 448
10596	3	1	212 216 351
10597	3	1	212 216 371
10598	3	1	212 216 396
10599	3	1	212 216 416
10600	3	1	212 216 484
10601	3	1	212 216 486
10602	3	1	212 218 279
10603	3	1	212 218 351
10604	3	1	212 279 291
10605	3	1	212 279 342
10606	3	1	212 286 355
10607	3	1	212 286 396
10608	3	1	212 286 495
10609	3	1	212 291 325
10610	3	1	212 291 404
10611	3	1	212 303 316
10612	3	1	212 303 325
10613	3	1	212 303 484
10614	3	1	212 303 495
10615	3	1	212 316 495
10616	3	1	212 325 342
10617	3	1	212 325 463
10618	3	1	212 325 495
10619	3	1	212 342 371
10620	3	1	212 342 404
10621	3	1	212 355 404
10622	3	1	212 371 406
10623	3	1	212 371 486
10624	3	1	212 388 416
10625	3	1	212 388 419
10626	3	1	212 388 484
10627	3	1	212 396 416
10628	3	1	212 396 448
10629	3	1	212 406 416
10630	3	1	212 416 419
10631	3	1	212 463 486
10632	3	1	213 224 345
10633	3	1	213 237 322
10634	3	1	213 238 307
10635	3	1	213 238 345
10636	3	1	213 240 380
10637	3	1	213 264 443
10638	3	1	213 298 461
10639	3	1	213 307 311
10640	3	1	213 307 316
10641	3	1	213 307 459
10642	3	1	213 311 380
10643	3	1	216 217 282
10644	3	1	216 217 345
10645	3	1	216 217 413
10646	3	1	216 227 318
10647	3	1	216 227 359
10648	3	1	216 227 446
10649	3	1	216 227 497
10650	3	1	216 230 318
10651	3	1	216 230 371
10652	3	1	216 230 484
10653	3	1	216 236 271
10654	3	1	216 236 353
10655	3	1	216 236 413
10656	3	1	216 245 359
10657	3	1	216 245 487
10658	3	1	216 245 497
10659	3	1	216 251 271
10660	3	1	216 251 345
10661	3	1	216 251 413
10662	3	1	216 251 488
10663	3	1	216 271 353
10664	3	1	216 271 371
10665	3	1	216 271 431
10666	3	1	216 282 430
10667	3	1	216 301 459
10668	3	1	216 301 472
10669	3	1	216 318 400
10670	3	1	216 318 484
10671	3	1	216 332 351
10672	3	1	216 332 370
10673	3	1	216 345 484
10674	3	1	216 351 353
10675	3	1	216 351 430
10676	3	1	216 351 432
10677	3	1	216 351 488
10678	3	1	216 351 497
10679	3	1	216 353 413
10680	3	1	216 353 428
10681	3	1	216 353 459
10682	3	1	216 353 497
10683	3	1	216 359 370
10684	3	1	216 366 486
10685	3	1	216 366 497
10686	3	1	216 370 416
10687	3	1	216 370 472
10688	3	1	216 370 482
10689	3	1	216 371 432
10690	3	1	216 371 486
10691	3	1	216 396 416
10692	3	1	216 400 416
10693	3	1	216 400 488
10694	3	1	216 413 416
10695	3	1	216 413 487
10696	3	1	216 428 446
10697	3	1	216 430 484
10698	3	1	216 439 484
10699	3	1	216 459 484
10700	3	1	216 459 487
10701	3	1	216 482 484
10702	3	1	216 482 497
10703	3	1	216 486 497
10704	3	1	216 488 497
10705	3	1	217 219 240
10706	3	1	217 219 328
10707	3	1	217 219 344
10708	3	1	217 219 345
10709	3	1	217 219 364
10710	3	1	217 219 397
10711	3	1	217 224 282
10712	3	1	217 224 295
10713	3	1	217 224 345
10714	3	1	217 224 350
10715	3	1	217 226 304
10716	3	1	217 237 295
10717	3	1	217 237 458
10718	3	1	217 240 278
10719	3	1	217 240 282
10720	3	1	217 240 344
10721	3	1	217 246 455
10722	3	1	217 278 304
10723	3	1	217 278 344
10724	3	1	217 278 455
10725	3	1	217 282 328
10726	3	1	217 283 350
10727	3	1	217 283 364
10728	3	1	217 297 364
10729	3	1	217 297 464
10730	3	1	217 304 458
10731	3	1	217 304 480
10732	3	1	217 328 409
10733	3	1	217 344 350
10734	3	1	217 344 364
10735	3	1	217 344 481
10736	3	1	217 345 458
10737	3	1	217 345 464
10738	3	1	217 350 413
10739	3	1	217 350 458
10740	3	1	217 364 378
10741	3	1	217 364 409
10742	3	1	217 364 447
10743	3	1	217 364 468
10744	3	1	217 378 413
10745	3	1	217 386 413
10746	3	1	217 413 480
10747	3	1	217 447 458
10748	3	1	217 447 480
10749	3	1	218 222 272
10750	3	1	218 222 452
10751	3	1	218 258 357
10752	3	1	218 258 378
10753	3	1	218 268 423
10754	3	1	218 268 469
10755	3	1	218 272 351
10756	3	1	218 272 469
10757	3	1	218 279 318
10758	3	1	218 351 357
10759	3	1	218 351 430
10760	3	1	218 372 423
10761	3	1	218 378 411
10762	3	1	218 411 423
10763	3	1	218 411 452
10764	3	1	219 223 288
10765	3	1	219 223 328
10766	3	1	219 223 361
10767	3	1	219 225 308
10768	3	1	219 225 345
10769	3	1	219 225 483
10770	3	1	219 240 338
10771	3	1	219 240 344
10772	3	1	219 240 380
10773	3	1	219 240 471
10774	3	1	219 240 486
10775	3	1	219 260 326
10776	3	1	219 260 328
10777	3	1	219 260 397
10778	3	1	219 260 483
10779	3	1	219 264 299
10780	3	1	219 264 315
10781	3	1	219 264 333
10782	3	1	219 264 338
10783	3	1	219 264 364
10784	3	1	219 264 385
10785	3	1	219 286 338
10786	3	1	219 287 344
10787	3	1	219 287 397
10788	3	1	219 287 494
10789	3	1	219 288 338
10790	3	1	219 288 380
10791	3	1	219 288 384
10792	3	1	219 308 471
10793	3	1	219 308 486
10794	3	1	219 315 361
10795	3	1	219 315 453
10796	3	1	219 328 333
10797	3	1	219 328 373
10798	3	1	219 333 345
10799	3	1	219 333 364
10800	3	1	219 344 361
10801	3	1	219 344 364
10802	3	1	219 345 361
10803	3	1	219 349 376
10804	3	1	219 363 364
10805	3	1	219 364 373
10806	3	1	219 364 376
10807	3	1	219 364 380
10808	3	1	219 365 397
10809	3	1	219 365 449
10810	3	1	219 380 384
10811	3	1	219 380 460
10812	3	1	219 380 483
10813	3	1	219 384 483
10814	3	1	219 384 494
10815	3	1	219 385 453
10816	3	1	219 449 460
10817	3	1	219 453 486
10818	3	1	219 460 494
10819	3	1	221 226 312
10820	3	1	221 236 264
10821	3	1	221 236 322
10822	3	1	221 236 471
10823	3	1	221 264 299
10824	3	1	221 264 338
10825	3	1	221 264 418
10826	3	1	221 267 299
10827	3	1	221 267 396
10828	3	1	221 267 418
10829	3	1	221 299 312
10830	3	1	221 305 312
10831	3	1	221 305 338
10832	3	1	221 305 418
10833	3	1	221 305 471
10834	3	1	221 312 406
10835	3	1	221 319 322
10836	3	1	221 320 471
10837	3	1	221 320 485
10838	3	1	221 326 424
10839	3	1	221 326 448
10840	3	1	221 338 418
10841	3	1	221 342 424
10842	3	1	221 342 471
10843	3	1	221 342 494
10844	3	1	221 386 406
10845	3	1	221 386 418
10846	3	1	221 396 448
10847	3	1	221 406 424
10848	3	1	221 406 471
10849	3	1	221 418 471
10850	3	1	221 418 494
10851	3	1	222 225 246
10852	3	1	222 225 275
10853	3	1	222 225 345
10854	3	1	222 225 476
10855	3	1	222 244 345
10856	3	1	222 244 403
10857	3	1	222 246 403
10858	3	1	222 248 272
10859	3	1	222 248 452
10860	3	1	222 272 275
10861	3	1	222 272 309
10862	3	1	222 272 356
10863	3	1	222 272 435
10864	3	1	222 275 293
10865	3	1	222 275 345
10866	3	1	222 286 293
10867	3	1	222 286 452
10868	3	1	222 301 403
10869	3	1	222 301 472
10870	3	1	222 356 435
10871	3	1	222 356 472
10872	3	1	222 476 488
10873	3	1	223 232 283
10874	3	1	223 246 372
10875	3	1	223 248 272
10876	3	1	223 248 357
10877	3	1	223 250 353
10878	3	1	223 272 340
10879	3	1	223 288 476
10880	3	1	223 289 340
10881	3	1	223 289 353
10882	3	1	223 289 372
10883	3	1	223 293 410
10884	3	1	223 318 340
10885	3	1	223 340 444
10886	3	1	223 340 476
10887	3	1	223 353 413
10888	3	1	223 353 500
10889	3	1	223 361 372
10890	3	1	223 372 444
10891	3	1	224 229 399
10892	3	1	224 241 370
10893	3	1	224 249 282
10894	3	1	224 249 370
10895	3	1	224 249 399
10896	3	1	224 249 428
10897	3	1	224 277 315
10898	3	1	224 277 484
10899	3	1	224 282 341
10900	3	1	224 293 471
10901	3	1	224 295 370
10902	3	1	224 315 341
10903	3	1	224 315 452
10904	3	1	224 329 350
10905	3	1	224 341 457
10906	3	1	224 341 484
10907	3	1	224 345 484
10908	3	1	224 362 457
10909	3	1	224 370 399
10910	3	1	224 370 472
10911	3	1	224 452 457
10912	3	1	225 233 294
10913	3	1	225 233 430
10914	3	1	225 275 345
10915	3	1	225 275 387
10916	3	1	225 275 473
10917	3	1	225 294 387
10918	3	1	225 294 441
10919	3	1	225 295 312
10920	3	1	225 303 430
10921	3	1	225 308 445
10922	3	1	225 345 458
10923	3	1	225 345 464
10924	3	1	225 387 404
10925	3	1	225 387 473
10926	3	1	225 404 430
10927	3	1	225 404 445
10928	3	1	225 441 451
10929	3	1	225 441 473
10930	3	1	225 445 473
10931	3	1	225 451 464
10932	3	1	225 458 476
10933	3	1	225 458 483
10934	3	1	225 473 476
10935	3	1	226 276 403
10936	3	1	226 276 463
10937	3	1	226 285 312
10938	3	1	226 302 428
10939	3	1	226 302 463
10940	3	1	226 304 428
10941	3	1	226 304 473
10942	3	1	226 337 403
10943	3	1	226 373 473
10944	3	1	226 428 463
10945	3	1	227 244 447
10946	3	1	227 244 455
10947	3	1	227 294 376
10948	3	1	227 294 378
10949	3	1	227 305 376
10950	3	1	227 309 378
10951	3	1	227 344 364
10952	3	1	227 359 364
10953	3	1	227 359 376
10954	3	1	227 359 455
10955	3	1	227 364 376
10956	3	1	227 364 378
10957	3	1	227 364 446
10958	3	1	227 364 447
10959	3	1	227 368 378
10960	3	1	227 369 437
10961	3	1	227 369 455
10962	3	1	227 376 378
10963	3	1	227 446 447
10964	3	1	227 446 455
10965	3	1	227 447 485
10966	3	1	228 232 437
10967	3	1	228 242 380
10968	3	1	228 242 473
10969	3	1	228 258 287
10970	3	1	228 258 308
10971	3	1	228 258 371
10972	3	1	228 258 376
10973	3	1	228 258 491
10974	3	1	228 269 473
10975	3	1	228 308 371
10976	3	1	228 308 437
10977	3	1	228 308 471
10978	3	1	228 371 443
10979	3	1	228 376 386
10980	3	1	228 380 389
10981	3	1	228 380 476
10982	3	1	228 389 476
10983	3	1	228 436 491
10984	3	1	228 471 476
10985	3	1	228 473 476
10986	3	1	229 237 276
10987	3	1	229 237 301
10988	3	1	229 237 310
10989	3	1	229 237 312
10990	3	1	229 269 464
10991	3	1	229 269 473
10992	3	1	229 301 310
10993	3	1	229 301 464
10994	3	1	229 309 443
10995	3	1	229 312 323
10996	3	1	229 318 323
10997	3	1	229 318 436
10998	3	1	229 318 495
10999	3	1	230 234 287
11000	3	1	230 234 464
11001	3	1	230 234 484
11002	3	1	230 240 338
11003	3	1	230 240 398
11004	3	1	230 261 274
11005	3	1	230 261 398
11006	3	1	230 274 287
11007	3	1	230 277 484
11008	3	1	230 287 468
11009	3	1	230 318 436
11010	3	1	230 318 484
11011	3	1	230 319 373
11012	3	1	230 338 368
11013	3	1	230 338 436
11014	3	1	230 436 484
11015	3	1	230 464 484
11016	3	1	231 240 452
11017	3	1	231 301 321
11018	3	1	231 308 445
11019	3	1	231 368 378
11020	3	1	231 368 452
11021	3	1	231 378 439
11022	3	1	231 439 452
11023	3	1	232 260 418
11024	3	1	232 260 429
11025	3	1	232 260 430
11026	3	1	232 266 409
11027	3	1	232 266 463
11028	3	1	232 283 418
11029	3	1	232 283 497
11030	3	1	232 295 437
11031	3	1	232 295 497
11032	3	1	232 297 430
11033	3	1	232 329 359
11034	3	1	232 329 418
11035	3	1	232 329 485
11036	3	1	232 337 430
11037	3	1	232 337 437
11038	3	1	232 341 451
11039	3	1	232 355 430
11040	3	1	232 359 418
11041	3	1	232 409 437
11042	3	1	232 409 451
11043	3	1	232 409 463
11044	3	1	232 409 485
11045	3	1	232 418 430
11046	3	1	232 418 440
11047	3	1	232 437 451
11048	3	1	233 237 242
11049	3	1	233 237 440
11050	3	1	233 242 380
11051	3	1	233 242 459
11052	3	1	233 242 472
11053	3	1	233 291 353
11054	3	1	233 291 391
11055	3	1	233 291 465
11056	3	1	233 294 472
11057	3	1	233 326 468
11058	3	1	233 340 386
11059	3	1	233 340 484
11060	3	1	233 353 426
11061	3	1	233 353 459
11062	3	1	233 353 465
11063	3	1	233 380 489
11064	3	1	233 386 410
11065	3	1	233 386 426
11066	3	1	233 409 437
11067	3	1	233 409 484
11068	3	1	233 410 459
11069	3	1	233 422 437
11070	3	1	233 426 437
11071	3	1	233 426 440
11072	3	1	233 430 484
11073	3	1	233 459 484
11074	3	1	234 248 256
11075	3	1	234 248 287
11076	3	1	234 248 291
11077	3	1	234 248 341
11078	3	1	234 250 291
11079	3	1	234 250 342
11080	3	1	234 256 350
11081	3	1	234 256 439
11082	3	1	234 256 466
11083	3	1	234 258 287
11084	3	1	234 258 304
11085	3	1	234 258 488
11086	3	1	234 264 291
11087	3	1	234 264 315
11088	3	1	234 264 364
11089	3	1	234 264 367
11090	3	1	234 286 350
11091	3	1	234 287 312
11092	3	1	234 291 391
11093	3	1	234 291 439
11094	3	1	234 291 465
11095	3	1	234 304 387
11096	3	1	234 315 341
11097	3	1	234 315 464
11098	3	1	234 320 465
11099	3	1	234 320 466
11100	3	1	234 341 411
11101	3	1	234 341 465
11102	3	1	234 341 484
11103	3	1	234 350 430
11104	3	1	234 364 430
11105	3	1	234 367 439
11106	3	1	234 391 455
11107	3	1	234 430 484
11108	3	1	234 439 484
11109	3	1	234 455 463
11110	3	1	234 464 465
11111	3	1	234 464 466
11112	3	1	234 464 484
11113	3	1	236 237 322
11114	3	1	236 237 387
11115	3	1	236 237 440
11116	3	1	236 237 467
11117	3	1	236 266 496
11118	3	1	236 271 353
11119	3	1	236 271 445
11120	3	1	236 271 467
11121	3	1	236 307 445
11122	3	1	236 322 404
11123	3	1	236 322 445
11124	3	1	236 353 413
11125	3	1	236 353 477
11126	3	1	236 355 404
11127	3	1	236 387 404
11128	3	1	236 404 445
11129	3	1	236 413 496
11130	3	1	236 440 467
11131	3	1	236 440 477
11132	3	1	236 445 471
11133	3	1	236 445 477
11134	3	1	236 449 460
11135	3	1	236 467 495
11136	3	1	236 471 477
11137	3	1	237 242 244
11138	3	1	237 242 479
11139	3	1	237 244 312
11140	3	1	237 244 322
11141	3	1	237 244 387
11142	3	1	237 276 300
11143	3	1	237 295 301
11144	3	1	237 295 312
11145	3	1	237 299 312
11146	3	1	237 300 322
11147	3	1	237 300 458
11148	3	1	237 301 310
11149	3	1	237 301 479
11150	3	1	237 310 479
11151	3	1	237 312 359
11152	3	1	237 394 417
11153	3	1	237 425 458
11154	3	1	237 425 479
11155	3	1	237 440 467
11156	3	1	238 243 330
11157	3	1	238 263 449
11158	3	1	238 284 429
11159	3	1	238 289 429
11160	3	1	238 289 489
11161	3	1	238 292 307
11162	3	1	238 292 449
11163	3	1	238 307 330
11164	3	1	238 307 351
11165	3	1	238 330 332
11166	3	1	238 330 350
11167	3	1	238 330 351
11168	3	1	238 330 429
11169	3	1	238 332 351
11170	3	1	238 332 458
11171	3	1	238 345 458
11172	3	1	238 350 458
11173	3	1	238 351 429
11174	3	1	238 351 458
11175	3	1	238 400 416
11176	3	1	238 416 489
11177	3	1	238 429 458
11178	3	1	238 440 470
11179	3	1	239 269 410
11180	3	1	239 269 434
11181	3	1	239 310 410
11182	3	1	239 310 426
11183	3	1	239 426 471
11184	3	1	239 429 434
11185	3	1	240 263 324
11186	3	1	240 266 278
11187	3	1	240 278 313
11188	3	1	240 278 344
11189	3	1	240 278 351
11190	3	1	240 282 310
11191	3	1	240 282 338
11192	3	1	240 282 341
11193	3	1	240 282 430
11194	3	1	240 309 347
11195	3	1	240 309 430
11196	3	1	240 309 451
11197	3	1	240 310 472
11198	3	1	240 324 370
11199	3	1	240 324 380
11200	3	1	240 324 389
11201	3	1	240 324 430
11202	3	1	240 324 471
11203	3	1	240 324 486
11204	3	1	240 329 398
11205	3	1	240 329 495
11206	3	1	240 341 451
11207	3	1	240 347 351
11208	3	1	240 351 398
11209	3	1	240 351 430
11210	3	1	240 354 486
11211	3	1	240 370 472
11212	3	1	240 380 389
11213	3	1	240 380 398
11214	3	1	240 398 471
11215	3	1	240 472 495
11216	3	1	241 271 324
11217	3	1	241 271 445
11218	3	1	241 303 305
11219	3	1	241 303 316
11220	3	1	241 303 325
11221	3	1	241 303 427
11222	3	1	241 305 340
11223	3	1	241 316 427
11224	3	1	241 316 439
11225	3	1	241 324 370
11226	3	1	241 325 326
11227	3	1	241 325 403
11228	3	1	241 325 445
11229	3	1	241 340 368
11230	3	1	241 400 427
11231	3	1	241 480 489
11232	3	1	242 244 253
11233	3	1	242 253 325
11234	3	1	242 257 451
11235	3	1	242 262 267
11236	3	1	242 262 325
11237	3	1	242 279 420
11238	3	1	242 279 472
11239	3	1	242 297 466
11240	3	1	242 325 356
11241	3	1	242 325 380
11242	3	1	242 325 445
11243	3	1	242 341 356
11244	3	1	242 341 451
11245	3	1	242 356 380
11246	3	1	242 356 451
11247	3	1	242 356 472
11248	3	1	242 420 445
11249	3	1	242 445 473
11250	3	1	242 445 479
11251	3	1	242 459 473
11252	3	1	243 250 291
11253	3	1	243 250 363
11254	3	1	243 250 369
11255	3	1	243 250 422
11256	3	1	243 250 495
11257	3	1	243 261 274
11258	3	1	243 261 422
11259	3	1	243 268 303
11260	3	1	243 268 341
11261	3	1	243 268 431
11262	3	1	243 268 460
11263	3	1	243 274 291
11264	3	1	243 277 334
11265	3	1	243 277 430
11266	3	1	243 281 334
11267	3	1	243 281 422
11268	3	1	243 281 430
11269	3	1	243 281 454
11270	3	1	243 281 460
11271	3	1	243 291 372
11272	3	1	243 291 373
11273	3	1	243 296 454
11274	3	1	243 296 460
11275	3	1	243 303 330
11276	3	1	243 303 369
11277	3	1	243 303 430
11278	3	1	243 303 495
11279	3	1	243 326 383
11280	3	1	243 330 495
11281	3	1	243 334 372
11282	3	1	243 334 379
11283	3	1	243 341 372
11284	3	1	243 341 373
11285	3	1	243 341 379
11286	3	1	243 363 364
11287	3	1	243 364 372
11288	3	1	243 364 373
11289	3	1	243 364 430
11290	3	1	243 369 372
11291	3	1	243 373 431
11292	3	1	243 379 430
11293	3	1	243 379 460
11294	3	1	243 383 385
11295	3	1	243 454 460
11296	3	1	244 253 311
11297	3	1	244 253 337
11298	3	1	244 253 439
11299	3	1	244 253 481
11300	3	1	244 269 322
11301	3	1	244 269 335
11302	3	1	244 269 454
11303	3	1	244 278 287
11304	3	1	244 278 313
11305	3	1	244 278 387
11306	3	1	244 278 455
11307	3	1	244 287 312
11308	3	1	244 287 337
11309	3	1	244 287 377
11310	3	1	244 287 399
11311	3	1	244 287 468
11312	3	1	244 287 481
11313	3	1	244 287 494
11314	3	1	244 311 323
11315	3	1	244 312 323
11316	3	1	244 313 431
11317	3	1	244 313 454
11318	3	1	244 322 433
11319	3	1	244 322 447
11320	3	1	244 322 465
11321	3	1	244 323 337
11322	3	1	244 323 455
11323	3	1	244 326 468
11324	3	1	244 335 387
11325	3	1	244 335 447
11326	3	1	244 337 403
11327	3	1	244 345 436
11328	3	1	244 362 432
11329	3	1	244 377 387
11330	3	1	244 377 436
11331	3	1	244 384 494
11332	3	1	244 387 432
11333	3	1	244 399 403
11334	3	1	244 399 432
11335	3	1	244 399 468
11336	3	1	244 403 465
11337	3	1	244 433 455
11338	3	1	244 433 468
11339	3	1	244 439 481
11340	3	1	244 443 481
11341	3	1	244 447 454
11342	3	1	244 447 494
11343	3	1	245 253 288
11344	3	1	245 253 469
11345	3	1	245 272 324
11346	3	1	245 272 333
11347	3	1	245 272 340
11348	3	1	245 272 469
11349	3	1	245 303 469
11350	3	1	245 308 359
11351	3	1	245 312 359
11352	3	1	245 312 376
11353	3	1	245 312 487
11354	3	1	245 324 376
11355	3	1	245 324 419
11356	3	1	245 333 386
11357	3	1	245 333 487
11358	3	1	245 340 359
11359	3	1	245 340 386
11360	3	1	245 340 436
11361	3	1	245 344 469
11362	3	1	245 359 376
11363	3	1	245 376 386
11364	3	1	246 257 363
11365	3	1	246 257 485
11366	3	1	246 257 486
11367	3	1	246 262 330
11368	3	1	246 262 426
11369	3	1	246 262 446
11370	3	1	246 274 287
11371	3	1	246 274 400
11372	3	1	246 274 485
11373	3	1	246 276 403
11374	3	1	246 279 446
11375	3	1	246 281 485
11376	3	1	246 281 486
11377	3	1	246 287 446
11378	3	1	246 330 446
11379	3	1	246 362 446
11380	3	1	246 363 426
11381	3	1	246 371 455
11382	3	1	246 371 469
11383	3	1	246 371 486
11384	3	1	246 372 486
11385	3	1	246 400 426
11386	3	1	246 400 427
11387	3	1	246 427 446
11388	3	1	246 446 455
11389	3	1	248 256 426
11390	3	1	248 256 491
11391	3	1	248 272 324
11392	3	1	248 287 324
11393	3	1	248 287 420
11394	3	1	248 291 423
11395	3	1	248 299 423
11396	3	1	248 299 461
11397	3	1	248 310 426
11398	3	1	248 310 437
11399	3	1	248 323 423
11400	3	1	248 323 497
11401	3	1	248 357 461
11402	3	1	248 409 423
11403	3	1	248 409 437
11404	3	1	248 422 423
11405	3	1	248 422 437
11406	3	1	248 422 452
11407	3	1	248 425 436
11408	3	1	248 425 452
11409	3	1	248 426 437
11410	3	1	248 426 440
11411	3	1	248 436 491
11412	3	1	248 436 496
11413	3	1	248 437 461
11414	3	1	248 480 496
11415	3	1	249 253 284
11416	3	1	249 253 343
11417	3	1	249 253 351
11418	3	1	249 253 369
11419	3	1	249 265 278
11420	3	1	249 265 454
11421	3	1	249 265 491
11422	3	1	249 278 351
11423	3	1	249 281 324
11424	3	1	249 281 433
11425	3	1	249 281 454
11426	3	1	249 282 335
11427	3	1	249 282 363
11428	3	1	249 282 418
11429	3	1	249 284 305
11430	3	1	249 284 369
11431	3	1	249 284 374
11432	3	1	249 284 399
11433	3	1	249 284 429
11434	3	1	249 284 454
11435	3	1	249 284 461
11436	3	1	249 305 363
11437	3	1	249 305 418
11438	3	1	249 305 426
11439	3	1	249 305 428
11440	3	1	249 319 363
11441	3	1	249 319 429
11442	3	1	249 324 370
11443	3	1	249 335 343
11444	3	1	249 335 428
11445	3	1	249 335 464
11446	3	1	249 343 428
11447	3	1	249 343 461
11448	3	1	249 351 398
11449	3	1	249 351 429
11450	3	1	249 351 458
11451	3	1	249 363 426
11452	3	1	249 369 374
11453	3	1	249 369 418
11454	3	1	249 369 426
11455	3	1	249 370 391
11456	3	1	249 370 399
11457	3	1	249 370 418
11458	3	1	249 399 491
11459	3	1	249 418 491
11460	3	1	249 426 454
11461	3	1	249 428 461
11462	3	1	249 429 458
11463	3	1	249 433 491
11464	3	1	250 267 363
11465	3	1	250 278 353
11466	3	1	250 278 422
11467	3	1	250 291 353
11468	3	1	250 335 428
11469	3	1	250 353 365
11470	3	1	250 353 369
11471	3	1	250 353 428
11472	3	1	250 365 397
11473	3	1	250 366 369
11474	3	1	250 366 486
11475	3	1	250 397 400
11476	3	1	251 266 278
11477	3	1	251 271 278
11478	3	1	251 278 361
11479	3	1	251 286 355
11480	3	1	251 300 322
11481	3	1	251 300 335
11482	3	1	251 335 343
11483	3	1	251 341 343
11484	3	1	251 341 356
11485	3	1	251 345 361
11486	3	1	251 349 413
11487	3	1	253 276 439
11488	3	1	253 276 453
11489	3	1	253 284 369
11490	3	1	253 284 405
11491	3	1	253 284 424
11492	3	1	253 288 440
11493	3	1	253 298 439
11494	3	1	253 298 470
11495	3	1	253 304 424
11496	3	1	253 307 311
11497	3	1	253 307 351
11498	3	1	253 307 439
11499	3	1	253 325 337
11500	3	1	253 325 495
11501	3	1	253 332 351
11502	3	1	253 332 453
11503	3	1	253 332 481
11504	3	1	253 337 397
11505	3	1	253 343 424
11506	3	1	253 343 470
11507	3	1	253 369 482
11508	3	1	253 397 424
11509	3	1	253 397 439
11510	3	1	253 405 481
11511	3	1	253 439 453
11512	3	1	253 439 481
11513	3	1	253 439 484
11514	3	1	253 440 470
11515	3	1	253 469 484
11516	3	1	253 482 484
11517	3	1	256 282 445
11518	3	1	256 294 313
11519	3	1	256 297 300
11520	3	1	256 297 466
11521	3	1	256 313 350
11522	3	1	256 313 491
11523	3	1	256 333 466
11524	3	1	256 350 491
11525	3	1	256 384 396
11526	3	1	256 384 426
11527	3	1	256 388 427
11528	3	1	256 388 466
11529	3	1	256 388 491
11530	3	1	256 426 466
11531	3	1	256 439 481
11532	3	1	256 445 482
11533	3	1	257 260 465
11534	3	1	257 269 454
11535	3	1	257 278 293
11536	3	1	257 278 423
11537	3	1	257 292 311
11538	3	1	257 292 377
11539	3	1	257 292 423
11540	3	1	257 293 365
11541	3	1	257 293 454
11542	3	1	257 293 470
11543	3	1	257 293 471
11544	3	1	257 311 327
11545	3	1	257 365 485
11546	3	1	257 377 444
11547	3	1	257 377 451
11548	3	1	257 444 486
11549	3	1	257 465 470
11550	3	1	257 470 480
11551	3	1	258 287 297
11552	3	1	258 287 489
11553	3	1	258 297 308
11554	3	1	258 297 450
11555	3	1	258 297 489
11556	3	1	258 303 330
11557	3	1	258 304 308
11558	3	1	258 308 327
11559	3	1	258 308 371
11560	3	1	258 308 450
11561	3	1	258 327 450
11562	3	1	258 330 429
11563	3	1	258 330 450
11564	3	1	258 357 376
11565	3	1	258 357 429
11566	3	1	258 357 489
11567	3	1	258 371 444
11568	3	1	258 373 431
11569	3	1	258 373 491
11570	3	1	258 376 378
11571	3	1	258 376 444
11572	3	1	258 394 431
11573	3	1	258 429 444
11574	3	1	258 429 450
11575	3	1	258 429 488
11576	3	1	258 431 448
11577	3	1	258 444 448
11578	3	1	260 281 328
11579	3	1	260 281 422
11580	3	1	260 281 430
11581	3	1	260 281 500
11582	3	1	260 318 386
11583	3	1	260 319 397
11584	3	1	260 319 429
11585	3	1	260 319 483
11586	3	1	260 328 418
11587	3	1	260 370 378
11588	3	1	260 370 399
11589	3	1	260 370 406
11590	3	1	260 370 418
11591	3	1	260 370 465
11592	3	1	260 374 386
11593	3	1	260 374 422
11594	3	1	260 374 483
11595	3	1	260 379 410
11596	3	1	260 379 430
11597	3	1	260 386 406
11598	3	1	260 386 410
11599	3	1	260 386 418
11600	3	1	260 399 430
11601	3	1	260 418 430
11602	3	1	260 418 483
11603	3	1	260 430 500
11604	3	1	261 263 274
11605	3	1	261 274 393
11606	3	1	261 274 399
11607	3	1	261 285 297
11608	3	1	261 285 411
11609	3	1	261 285 422
11610	3	1	261 313 393
11611	3	1	261 313 458
11612	3	1	261 316 411
11613	3	1	261 316 465
11614	3	1	261 345 411
11615	3	1	261 345 458
11616	3	1	261 380 398
11617	3	1	261 380 411
11618	3	1	261 380 481
11619	3	1	261 393 424
11620	3	1	261 393 458
11621	3	1	261 393 481
11622	3	1	261 398 411
11623	3	1	261 411 422
11624	3	1	261 411 433
11625	3	1	261 413 480
11626	3	1	262 267 314
11627	3	1	262 271 304
11628	3	1	262 271 324
11629	3	1	262 271 353
11630	3	1	262 303 325
11631	3	1	262 303 330
11632	3	1	262 303 332
11633	3	1	262 303 353
11634	3	1	262 314 364
11635	3	1	262 314 373
11636	3	1	262 324 488
11637	3	1	262 325 326
11638	3	1	262 325 353
11639	3	1	262 325 488
11640	3	1	262 326 332
11641	3	1	262 330 332
11642	3	1	262 330 446
11643	3	1	262 353 426
11644	3	1	262 353 447
11645	3	1	262 361 447
11646	3	1	262 364 373
11647	3	1	262 364 378
11648	3	1	262 364 446
11649	3	1	262 364 447
11650	3	1	262 446 447
11651	3	1	263 269 274
11652	3	1	263 277 466
11653	3	1	263 277 484
11654	3	1	263 324 457
11655	3	1	263 369 384
11656	3	1	263 369 466
11657	3	1	263 371 449
11658	3	1	263 449 500
11659	3	1	263 457 466
11660	3	1	264 285 394
11661	3	1	264 285 419
11662	3	1	264 285 422
11663	3	1	264 291 356
11664	3	1	264 291 362
11665	3	1	264 291 443
11666	3	1	264 299 419
11667	3	1	264 310 315
11668	3	1	264 310 468
11669	3	1	264 315 444
11670	3	1	264 333 356
11671	3	1	264 333 364
11672	3	1	264 333 425
11673	3	1	264 337 419
11674	3	1	264 338 394
11675	3	1	264 338 418
11676	3	1	264 356 418
11677	3	1	264 362 385
11678	3	1	264 362 457
11679	3	1	264 364 409
11680	3	1	264 364 468
11681	3	1	264 418 457
11682	3	1	264 418 468
11683	3	1	264 419 425
11684	3	1	264 420 468
11685	3	1	264 425 443
11686	3	1	264 425 457
11687	3	1	265 268 332
11688	3	1	265 268 388
11689	3	1	265 268 410
11690	3	1	265 268 424
11691	3	1	265 268 431
11692	3	1	265 278 361
11693	3	1	265 283 436
11694	3	1	265 332 453
11695	3	1	265 340 436
11696	3	1	265 356 453
11697	3	1	265 361 412
11698	3	1	265 388 491
11699	3	1	265 410 420
11700	3	1	265 420 471
11701	3	1	265 424 436
11702	3	1	265 436 491
11703	3	1	265 437 495
11704	3	1	265 453 454
11705	3	1	266 292 409
11706	3	1	266 294 463
11707	3	1	266 302 463
11708	3	1	266 332 409
11709	3	1	266 364 409
11710	3	1	266 364 462
11711	3	1	266 371 462
11712	3	1	266 409 463
11713	3	1	267 284 463
11714	3	1	267 284 487
11715	3	1	267 289 299
11716	3	1	267 289 308
11717	3	1	267 289 372
11718	3	1	267 289 487
11719	3	1	267 293 347
11720	3	1	267 293 487
11721	3	1	267 299 311
11722	3	1	267 299 343
11723	3	1	267 308 314
11724	3	1	267 308 372
11725	3	1	267 308 468
11726	3	1	267 314 460
11727	3	1	267 343 347
11728	3	1	267 343 431
11729	3	1	267 347 363
11730	3	1	267 388 487
11731	3	1	267 418 468
11732	3	1	267 418 487
11733	3	1	267 460 468
11734	3	1	267 463 487
11735	3	1	268 285 298
11736	3	1	268 285 391
11737	3	1	268 285 394
11738	3	1	268 285 461
11739	3	1	268 287 298
11740	3	1	268 289 394
11741	3	1	268 289 433
11742	3	1	268 295 298
11743	3	1	268 295 393
11744	3	1	268 298 303
11745	3	1	268 298 461
11746	3	1	268 298 470
11747	3	1	268 303 332
11748	3	1	268 303 469
11749	3	1	268 332 423
11750	3	1	268 332 460
11751	3	1	268 332 485
11752	3	1	268 341 451
11753	3	1	268 346 424
11754	3	1	268 346 460
11755	3	1	268 388 461
11756	3	1	268 388 485
11757	3	1	268 391 424
11758	3	1	268 391 455
11759	3	1	268 393 424
11760	3	1	268 394 424
11761	3	1	268 394 431
11762	3	1	268 423 455
11763	3	1	268 424 464
11764	3	1	268 426 451
11765	3	1	268 433 455
11766	3	1	268 451 464
11767	3	1	268 451 469
11768	3	1	268 460 461
11769	3	1	268 461 469
11770	3	1	268 464 469
11771	3	1	269 274 393
11772	3	1	269 274 479
11773	3	1	269 288 335
11774	3	1	269 288 418
11775	3	1	269 315 434
11776	3	1	269 315 464
11777	3	1	269 322 393
11778	3	1	269 322 445
11779	3	1	269 335 445
11780	3	1	269 335 464
11781	3	1	269 434 445
11782	3	1	269 445 473
11783	3	1	269 445 479
11784	3	1	269 454 460
11785	3	1	271 278 304
11786	3	1	271 278 353
11787	3	1	271 278 435
11788	3	1	271 284 295
11789	3	1	271 284 461
11790	3	1	271 285 411
11791	3	1	271 285 435
11792	3	1	271 285 461
11793	3	1	271 291 353
11794	3	1	271 291 443
11795	3	1	271 295 444
11796	3	1	271 304 443
11797	3	1	271 304 458
11798	3	1	271 338 411
11799	3	1	271 347 363
11800	3	1	271 347 443
11801	3	1	271 347 445
11802	3	1	271 353 411
11803	3	1	271 353 435
11804	3	1	271 363 479
11805	3	1	271 371 411
11806	3	1	271 371 443
11807	3	1	271 371 444
11808	3	1	271 377 411
11809	3	1	271 377 444
11810	3	1	271 377 445
11811	3	1	271 412 448
11812	3	1	271 412 476
11813	3	1	271 412 479
11814	3	1	271 431 435
11815	3	1	271 431 448
11816	3	1	271 435 461
11817	3	1	271 444 448
11818	3	1	271 445 479
11819	3	1	271 458 476
11820	3	1	271 461 476
11821	3	1	272 275 326
11822	3	1	272 275 434
11823	3	1	272 298 309
11824	3	1	272 309 347
11825	3	1	272 311 380
11826	3	1	272 324 370
11827	3	1	272 324 380
11828	3	1	272 333 356
11829	3	1	272 347 351
11830	3	1	272 347 363
11831	3	1	272 356 380
11832	3	1	272 356 435
11833	3	1	272 356 464
11834	3	1	272 380 400
11835	3	1	272 380 447
11836	3	1	272 380 464
11837	3	1	272 447 454
11838	3	1	272 464 469
11839	3	1	274 287 356
11840	3	1	274 287 399
11841	3	1	274 291 356
11842	3	1	274 291 399
11843	3	1	274 291 404
11844	3	1	274 356 393
11845	3	1	274 399 432
11846	3	1	274 400 479
11847	3	1	274 400 488
11848	3	1	274 440 488
11849	3	1	274 479 485
11850	3	1	275 279 307
11851	3	1	275 279 418
11852	3	1	275 282 310
11853	3	1	275 282 322
11854	3	1	275 282 328
11855	3	1	275 282 418
11856	3	1	275 282 485
11857	3	1	275 293 434
11858	3	1	275 300 307
11859	3	1	275 300 322
11860	3	1	275 300 326
11861	3	1	275 300 399
11862	3	1	275 302 328
11863	3	1	275 305 327
11864	3	1	275 305 418
11865	3	1	275 305 434
11866	3	1	275 305 468
11867	3	1	275 307 326
11868	3	1	275 307 399
11869	3	1	275 310 468
11870	3	1	275 322 372
11871	3	1	275 326 466
11872	3	1	275 326 468
11873	3	1	275 328 418
11874	3	1	275 328 467
11875	3	1	275 372 486
11876	3	1	275 387 473
11877	3	1	275 399 468
11878	3	1	275 418 467
11879	3	1	275 418 468
11880	3	1	275 429 434
11881	3	1	275 468 485
11882	3	1	276 283 316
11883	3	1	276 283 326
11884	3	1	276 283 497
11885	3	1	276 297 300
11886	3	1	276 297 326
11887	3	1	276 297 368
11888	3	1	276 297 430
11889	3	1	276 297 454
11890	3	1	276 300 326
11891	3	1	276 300 454
11892	3	1	276 303 316
11893	3	1	276 303 430
11894	3	1	276 316 320
11895	3	1	276 316 439
11896	3	1	276 320 472
11897	3	1	276 338 368
11898	3	1	276 367 439
11899	3	1	276 367 453
11900	3	1	276 403 430
11901	3	1	276 430 453
11902	3	1	276 439 444
11903	3	1	276 439 453
11904	3	1	276 453 454
11905	3	1	277 284 312
11906	3	1	277 289 466
11907	3	1	277 315 434
11908	3	1	277 334 366
11909	3	1	277 366 434
11910	3	1	277 366 465
11911	3	1	277 391 416
11912	3	1	277 396 416
11913	3	1	277 416 434
11914	3	1	277 418 430
11915	3	1	277 430 484
11916	3	1	278 287 344
11917	3	1	278 287 446
11918	3	1	278 293 434
11919	3	1	278 293 455
11920	3	1	278 304 387
11921	3	1	278 304 434
11922	3	1	278 307 351
11923	3	1	278 307 455
11924	3	1	278 333 353
11925	3	1	278 344 361
11926	3	1	278 344 450
11927	3	1	278 351 353
11928	3	1	278 351 450
11929	3	1	278 351 497
11930	3	1	278 353 435
11931	3	1	278 353 497
11932	3	1	278 387 404
11933	3	1	278 387 435
11934	3	1	278 419 423
11935	3	1	278 422 423
11936	3	1	278 422 434
11937	3	1	278 423 435
11938	3	1	278 423 455
11939	3	1	278 434 455
11940	3	1	278 446 455
11941	3	1	279 283 418
11942	3	1	279 291 446
11943	3	1	279 301 321
11944	3	1	279 301 374
11945	3	1	279 301 472
11946	3	1	279 307 329
11947	3	1	279 321 397
11948	3	1	279 321 405
11949	3	1	279 329 398
11950	3	1	279 329 418
11951	3	1	279 342 471
11952	3	1	279 374 420
11953	3	1	279 397 472
11954	3	1	279 398 471
11955	3	1	279 418 457
11956	3	1	279 418 471
11957	3	1	279 420 471
11958	3	1	279 446 471
11959	3	1	281 300 322
11960	3	1	281 300 324
11961	3	1	281 300 334
11962	3	1	281 300 454
11963	3	1	281 312 323
11964	3	1	281 312 328
11965	3	1	281 312 380
11966	3	1	281 322 404
11967	3	1	281 322 433
11968	3	1	281 323 460
11969	3	1	281 324 350
11970	3	1	281 324 380
11971	3	1	281 324 430
11972	3	1	281 324 462
11973	3	1	281 324 471
11974	3	1	281 324 485
11975	3	1	281 324 486
11976	3	1	281 334 366
11977	3	1	281 334 380
11978	3	1	281 350 413
11979	3	1	281 350 430
11980	3	1	281 366 462
11981	3	1	281 366 468
11982	3	1	281 366 486
11983	3	1	281 380 460
11984	3	1	281 380 476
11985	3	1	281 396 440
11986	3	1	281 396 452
11987	3	1	281 404 430
11988	3	1	281 404 433
11989	3	1	281 404 500
11990	3	1	281 422 449
11991	3	1	281 422 452
11992	3	1	281 430 500
11993	3	1	281 433 468
11994	3	1	281 449 460
11995	3	1	281 449 500
11996	3	1	281 452 482
11997	3	1	281 452 500
11998	3	1	281 454 460
11999	3	1	281 460 468
12000	3	1	281 460 482
12001	3	1	281 462 476
12002	3	1	281 468 485
12003	3	1	281 471 476
12004	3	1	282 299 335
12005	3	1	282 310 410
12006	3	1	282 310 494
12007	3	1	282 322 445
12008	3	1	282 322 450
12009	3	1	282 328 335
12010	3	1	282 328 418
12011	3	1	282 335 445
12012	3	1	282 338 410
12013	3	1	282 338 418
12014	3	1	282 338 436
12015	3	1	282 363 410
12016	3	1	282 376 444
12017	3	1	282 383 436
12018	3	1	282 383 469
12019	3	1	282 418 430
12020	3	1	282 418 469
12021	3	1	282 418 494
12022	3	1	282 469 494
12023	3	1	283 305 327
12024	3	1	283 305 418
12025	3	1	283 316 411
12026	3	1	283 325 326
12027	3	1	283 325 354
12028	3	1	283 330 350
12029	3	1	283 330 354
12030	3	1	283 330 433
12031	3	1	283 366 436
12032	3	1	283 366 497
12033	3	1	283 411 422
12034	3	1	283 411 433
12035	3	1	283 411 477
12036	3	1	283 418 469
12037	3	1	283 432 469
12038	3	1	284 295 312
12039	3	1	284 295 374
12040	3	1	284 305 312
12041	3	1	284 312 450
12042	3	1	284 312 487
12043	3	1	284 321 405
12044	3	1	284 321 424
12045	3	1	284 322 450
12046	3	1	284 344 399
12047	3	1	284 344 450
12048	3	1	284 369 374
12049	3	1	284 369 384
12050	3	1	284 374 420
12051	3	1	284 374 487
12052	3	1	284 384 424
12053	3	1	284 384 452
12054	3	1	284 429 450
12055	3	1	284 450 487
12056	3	1	284 463 487
12057	3	1	285 297 368
12058	3	1	285 298 368
12059	3	1	285 298 461
12060	3	1	285 357 391
12061	3	1	285 357 429
12062	3	1	285 357 461
12063	3	1	285 368 391
12064	3	1	285 368 419
12065	3	1	285 368 435
12066	3	1	285 374 422
12067	3	1	285 411 419
12068	3	1	285 411 422
12069	3	1	285 422 437
12070	3	1	285 435 461
12071	3	1	285 437 461
12072	3	1	286 293 410
12073	3	1	286 293 434
12074	3	1	286 296 350
12075	3	1	286 296 396
12076	3	1	286 314 457
12077	3	1	286 338 410
12078	3	1	286 386 410
12079	3	1	286 386 423
12080	3	1	286 386 457
12081	3	1	286 396 398
12082	3	1	286 396 452
12083	3	1	286 398 434
12084	3	1	286 452 457
12085	3	1	287 297 489
12086	3	1	287 297 495
12087	3	1	287 298 344
12088	3	1	287 312 356
12089	3	1	287 329 495
12090	3	1	287 337 397
12091	3	1	287 344 399
12092	3	1	287 344 481
12093	3	1	287 356 472
12094	3	1	287 397 472
12095	3	1	287 399 468
12096	3	1	287 420 468
12097	3	1	287 459 495
12098	3	1	287 472 481
12099	3	1	287 472 495
12100	3	1	288 291 362
12101	3	1	288 291 447
12102	3	1	288 296 342
12103	3	1	288 335 447
12104	3	1	288 335 463
12105	3	1	288 338 418
12106	3	1	288 342 459
12107	3	1	288 346 418
12108	3	1	288 362 476
12109	3	1	288 380 384
12110	3	1	288 380 447
12111	3	1	288 380 476
12112	3	1	288 384 459
12113	3	1	288 418 440
12114	3	1	288 440 447
12115	3	1	289 299 419
12116	3	1	289 301 310
12117	3	1	289 301 344
12118	3	1	289 301 372
12119	3	1	289 301 383
12120	3	1	289 301 389
12121	3	1	289 308 372
12122	3	1	289 326 383
12123	3	1	289 326 412
12124	3	1	289 326 466
12125	3	1	289 326 487
12126	3	1	289 329 466
12127	3	1	289 340 389
12128	3	1	289 353 429
12129	3	1	289 353 433
12130	3	1	289 372 489
12131	3	1	289 383 385
12132	3	1	289 385 429
12133	3	1	289 412 433
12134	3	1	291 300 325
12135	3	1	291 300 399
12136	3	1	291 325 353
12137	3	1	291 325 356
12138	3	1	291 353 356
12139	3	1	291 353 417
12140	3	1	291 353 447
12141	3	1	291 353 465
12142	3	1	291 356 372
12143	3	1	291 356 417
12144	3	1	291 362 391
12145	3	1	291 362 446
12146	3	1	291 372 423
12147	3	1	291 373 399
12148	3	1	291 378 439
12149	3	1	291 391 417
12150	3	1	291 417 439
12151	3	1	291 446 447
12152	3	1	292 296 377
12153	3	1	292 296 433
12154	3	1	292 307 311
12155	3	1	292 307 377
12156	3	1	292 307 399
12157	3	1	292 307 445
12158	3	1	292 325 409
12159	3	1	292 325 445
12160	3	1	292 370 399
12161	3	1	292 370 409
12162	3	1	292 370 453
12163	3	1	292 377 445
12164	3	1	292 409 423
12165	3	1	292 409 484
12166	3	1	292 425 457
12167	3	1	292 445 477
12168	3	1	293 324 365
12169	3	1	293 324 380
12170	3	1	293 324 471
12171	3	1	293 347 365
12172	3	1	293 374 455
12173	3	1	293 374 470
12174	3	1	293 374 487
12175	3	1	293 409 434
12176	3	1	293 409 437
12177	3	1	293 409 454
12178	3	1	293 433 437
12179	3	1	293 433 455
12180	3	1	293 434 455
12181	3	1	293 434 470
12182	3	1	293 440 455
12183	3	1	293 440 470
12184	3	1	294 321 387
12185	3	1	294 325 463
12186	3	1	294 376 378
12187	3	1	295 298 368
12188	3	1	295 301 374
12189	3	1	295 301 459
12190	3	1	295 319 373
12191	3	1	295 319 437
12192	3	1	295 335 497
12193	3	1	295 357 393
12194	3	1	295 357 432
12195	3	1	295 368 419
12196	3	1	295 373 459
12197	3	1	296 308 327
12198	3	1	296 308 467
12199	3	1	296 327 396
12200	3	1	296 367 396
12201	3	1	296 367 439
12202	3	1	296 377 411
12203	3	1	296 396 467
12204	3	1	296 411 433
12205	3	1	296 411 470
12206	3	1	296 417 439
12207	3	1	296 454 460
12208	3	1	296 462 467
12209	3	1	297 300 326
12210	3	1	297 300 334
12211	3	1	297 300 454
12212	3	1	297 302 428
12213	3	1	297 308 450
12214	3	1	297 309 430
12215	3	1	297 326 450
12216	3	1	297 326 466
12217	3	1	297 334 368
12218	3	1	297 334 483
12219	3	1	297 364 430
12220	3	1	297 450 483
12221	3	1	297 464 466
12222	3	1	297 464 489
12223	3	1	298 309 461
12224	3	1	298 344 470
12225	3	1	298 372 470
12226	3	1	298 461 488
12227	3	1	299 312 423
12228	3	1	299 335 343
12229	3	1	299 343 461
12230	3	1	299 343 470
12231	3	1	299 343 477
12232	3	1	299 419 423
12233	3	1	299 470 477
12234	3	1	300 307 311
12235	3	1	300 307 324
12236	3	1	300 307 326
12237	3	1	300 307 399
12238	3	1	300 307 431
12239	3	1	300 322 393
12240	3	1	300 322 411
12241	3	1	300 324 393
12242	3	1	300 325 326
12243	3	1	300 326 487
12244	3	1	300 334 335
12245	3	1	300 393 458
12246	3	1	300 398 411
12247	3	1	301 310 314
12248	3	1	301 310 365
12249	3	1	301 310 403
12250	3	1	301 310 459
12251	3	1	301 310 468
12252	3	1	301 310 472
12253	3	1	301 310 479
12254	3	1	301 310 481
12255	3	1	301 310 494
12256	3	1	301 314 321
12257	3	1	301 314 389
12258	3	1	301 314 459
12259	3	1	301 314 472
12260	3	1	301 321 330
12261	3	1	301 321 464
12262	3	1	301 325 403
12263	3	1	301 344 481
12264	3	1	301 365 403
12265	3	1	301 365 449
12266	3	1	301 372 423
12267	3	1	301 374 483
12268	3	1	301 383 468
12269	3	1	301 389 464
12270	3	1	301 389 494
12271	3	1	301 403 479
12272	3	1	301 447 494
12273	3	1	301 472 481
12274	3	1	302 318 323
12275	3	1	302 328 329
12276	3	1	302 329 404
12277	3	1	302 329 479
12278	3	1	302 349 500
12279	3	1	302 383 404
12280	3	1	302 404 500
12281	3	1	302 428 463
12282	3	1	303 305 428
12283	3	1	303 316 427
12284	3	1	303 316 495
12285	3	1	303 325 353
12286	3	1	303 325 356
12287	3	1	303 325 495
12288	3	1	303 330 332
12289	3	1	303 330 399
12290	3	1	303 330 495
12291	3	1	303 332 399
12292	3	1	303 332 494
12293	3	1	303 353 356
12294	3	1	303 353 369
12295	3	1	303 353 428
12296	3	1	303 353 469
12297	3	1	303 353 477
12298	3	1	303 356 384
12299	3	1	303 356 427
12300	3	1	303 362 405
12301	3	1	303 362 457
12302	3	1	303 369 384
12303	3	1	303 384 428
12304	3	1	303 384 430
12305	3	1	303 384 494
12306	3	1	303 399 430
12307	3	1	303 405 430
12308	3	1	303 427 430
12309	3	1	303 430 484
12310	3	1	303 469 484
12311	3	1	303 469 494
12312	3	1	304 387 473
12313	3	1	304 393 424
12314	3	1	304 393 458
12315	3	1	305 312 376
12316	3	1	305 338 393
12317	3	1	305 338 418
12318	3	1	305 363 426
12319	3	1	305 376 412
12320	3	1	305 416 434
12321	3	1	305 418 468
12322	3	1	305 418 471
12323	3	1	305 426 471
12324	3	1	305 434 470
12325	3	1	307 311 383
12326	3	1	307 316 439
12327	3	1	307 324 365
12328	3	1	307 326 383
12329	3	1	307 329 379
12330	3	1	307 330 351
12331	3	1	307 330 399
12332	3	1	307 346 377
12333	3	1	307 346 445
12334	3	1	307 351 445
12335	3	1	307 366 383
12336	3	1	307 377 445
12337	3	1	307 383 439
12338	3	1	307 455 463
12339	3	1	308 314 450
12340	3	1	308 314 467
12341	3	1	308 314 486
12342	3	1	308 319 437
12343	3	1	308 320 471
12344	3	1	308 325 445
12345	3	1	308 325 471
12346	3	1	308 327 450
12347	3	1	308 359 450
12348	3	1	308 371 486
12349	3	1	308 372 486
12350	3	1	308 399 468
12351	3	1	308 445 471
12352	3	1	309 330 451
12353	3	1	309 347 443
12354	3	1	309 419 430
12355	3	1	310 314 459
12356	3	1	310 314 472
12357	3	1	310 365 403
12358	3	1	310 378 479
12359	3	1	310 403 465
12360	3	1	310 403 479
12361	3	1	310 410 459
12362	3	1	310 426 437
12363	3	1	310 472 481
12364	3	1	311 319 466
12365	3	1	311 371 383
12366	3	1	311 383 416
12367	3	1	311 391 416
12368	3	1	312 323 406
12369	3	1	312 323 423
12370	3	1	312 328 356
12371	3	1	312 356 372
12372	3	1	312 356 380
12373	3	1	312 359 376
12374	3	1	312 359 406
12375	3	1	312 359 450
12376	3	1	312 372 423
12377	3	1	312 376 423
12378	3	1	312 406 423
12379	3	1	312 450 487
12380	3	1	313 350 458
12381	3	1	313 350 491
12382	3	1	313 393 458
12383	3	1	313 454 460
12384	3	1	314 321 484
12385	3	1	314 322 450
12386	3	1	314 335 484
12387	3	1	314 364 373
12388	3	1	314 366 450
12389	3	1	314 366 486
12390	3	1	314 373 459
12391	3	1	314 389 457
12392	3	1	314 457 467
12393	3	1	314 459 484
12394	3	1	315 318 400
12395	3	1	315 324 389
12396	3	1	315 341 434
12397	3	1	315 389 464
12398	3	1	315 398 434
12399	3	1	316 320 465
12400	3	1	316 465 496
12401	3	1	318 330 350
12402	3	1	318 330 480
12403	3	1	318 330 495
12404	3	1	318 333 386
12405	3	1	318 340 386
12406	3	1	318 340 436
12407	3	1	318 340 484
12408	3	1	318 436 484
12409	3	1	319 329 388
12410	3	1	319 329 466
12411	3	1	319 329 470
12412	3	1	319 363 394
12413	3	1	319 367 373
12414	3	1	319 367 437
12415	3	1	319 388 466
12416	3	1	319 466 470
12417	3	1	320 332 425
12418	3	1	320 332 479
12419	3	1	320 332 485
12420	3	1	320 333 425
12421	3	1	320 333 466
12422	3	1	320 362 385
12423	3	1	320 362 476
12424	3	1	320 400 471
12425	3	1	320 400 479
12426	3	1	320 425 479
12427	3	1	320 471 476
12428	3	1	320 479 485
12429	3	1	321 330 451
12430	3	1	321 367 396
12431	3	1	321 397 424
12432	3	1	321 405 430
12433	3	1	321 405 464
12434	3	1	321 405 466
12435	3	1	321 424 464
12436	3	1	321 427 430
12437	3	1	321 427 451
12438	3	1	321 427 497
12439	3	1	321 430 484
12440	3	1	321 451 464
12441	3	1	321 464 466
12442	3	1	321 464 484
12443	3	1	322 340 411
12444	3	1	322 351 357
12445	3	1	322 351 445
12446	3	1	322 351 450
12447	3	1	322 357 393
12448	3	1	322 370 465
12449	3	1	322 371 411
12450	3	1	322 393 450
12451	3	1	322 400 427
12452	3	1	322 404 427
12453	3	1	322 404 433
12454	3	1	322 404 445
12455	3	1	322 411 433
12456	3	1	323 369 455
12457	3	1	323 406 423
12458	3	1	323 423 455
12459	3	1	324 350 430
12460	3	1	324 355 367
12461	3	1	324 355 389
12462	3	1	324 355 430
12463	3	1	324 365 485
12464	3	1	324 367 393
12465	3	1	324 367 471
12466	3	1	324 380 389
12467	3	1	324 380 457
12468	3	1	324 387 432
12469	3	1	324 389 457
12470	3	1	324 419 430
12471	3	1	324 419 488
12472	3	1	324 462 488
12473	3	1	325 329 495
12474	3	1	325 333 353
12475	3	1	325 333 356
12476	3	1	325 337 353
12477	3	1	325 337 403
12478	3	1	325 342 445
12479	3	1	325 342 471
12480	3	1	325 353 354
12481	3	1	325 353 356
12482	3	1	325 354 403
12483	3	1	325 356 380
12484	3	1	325 409 463
12485	3	1	325 445 471
12486	3	1	326 359 450
12487	3	1	326 371 383
12488	3	1	326 383 468
12489	3	1	326 412 448
12490	3	1	326 450 487
12491	3	1	327 353 356
12492	3	1	327 353 413
12493	3	1	327 353 447
12494	3	1	327 356 427
12495	3	1	327 396 447
12496	3	1	328 329 369
12497	3	1	328 329 418
12498	3	1	328 333 356
12499	3	1	328 333 448
12500	3	1	328 356 418
12501	3	1	328 369 418
12502	3	1	328 369 448
12503	3	1	328 418 467
12504	3	1	329 357 379
12505	3	1	329 357 470
12506	3	1	329 357 479
12507	3	1	329 359 418
12508	3	1	329 369 418
12509	3	1	329 369 466
12510	3	1	329 388 427
12511	3	1	329 388 466
12512	3	1	329 388 485
12513	3	1	329 398 470
12514	3	1	329 404 427
12515	3	1	329 447 485
12516	3	1	329 447 495
12517	3	1	329 466 470
12518	3	1	329 479 485
12519	3	1	330 332 351
12520	3	1	330 332 399
12521	3	1	330 351 429
12522	3	1	330 351 450
12523	3	1	330 354 429
12524	3	1	330 429 450
12525	3	1	330 433 437
12526	3	1	330 437 451
12527	3	1	330 437 495
12528	3	1	332 351 458
12529	3	1	332 367 453
12530	3	1	332 367 481
12531	3	1	332 367 494
12532	3	1	332 370 399
12533	3	1	332 370 409
12534	3	1	332 370 453
12535	3	1	332 376 423
12536	3	1	332 376 458
12537	3	1	332 409 423
12538	3	1	332 409 479
12539	3	1	332 409 485
12540	3	1	332 425 452
12541	3	1	332 425 458
12542	3	1	332 425 479
12543	3	1	332 452 494
12544	3	1	332 460 494
12545	3	1	332 479 485
12546	3	1	333 353 356
12547	3	1	333 353 459
12548	3	1	333 356 393
12549	3	1	333 364 462
12550	3	1	333 379 425
12551	3	1	333 379 448
12552	3	1	333 386 431
12553	3	1	333 431 448
12554	3	1	333 431 462
12555	3	1	333 459 462
12556	3	1	333 459 487
12557	3	1	334 335 445
12558	3	1	334 366 368
12559	3	1	334 368 377
12560	3	1	334 377 445
12561	3	1	334 380 483
12562	3	1	335 343 428
12563	3	1	335 344 388
12564	3	1	335 344 445
12565	3	1	335 388 484
12566	3	1	335 428 463
12567	3	1	335 464 484
12568	3	1	337 353 365
12569	3	1	337 353 413
12570	3	1	337 365 396
12571	3	1	337 365 397
12572	3	1	337 365 403
12573	3	1	337 374 462
12574	3	1	337 397 419
12575	3	1	337 403 430
12576	3	1	337 404 430
12577	3	1	337 419 430
12578	3	1	337 437 462
12579	3	1	338 357 393
12580	3	1	338 366 368
12581	3	1	338 366 436
12582	3	1	338 366 462
12583	3	1	338 393 500
12584	3	1	338 405 410
12585	3	1	338 405 500
12586	3	1	338 436 496
12587	3	1	340 359 364
12588	3	1	340 359 406
12589	3	1	340 364 396
12590	3	1	340 364 462
12591	3	1	340 364 482
12592	3	1	340 368 417
12593	3	1	340 368 425
12594	3	1	340 386 406
12595	3	1	340 386 461
12596	3	1	340 389 461
12597	3	1	340 389 476
12598	3	1	340 396 444
12599	3	1	340 406 476
12600	3	1	340 425 436
12601	3	1	340 425 443
12602	3	1	340 436 484
12603	3	1	340 461 476
12604	3	1	340 461 484
12605	3	1	340 462 476
12606	3	1	340 482 484
12607	3	1	341 353 356
12608	3	1	341 353 411
12609	3	1	341 353 417
12610	3	1	341 353 465
12611	3	1	341 356 372
12612	3	1	341 356 411
12613	3	1	341 356 417
12614	3	1	341 356 451
12615	3	1	341 372 457
12616	3	1	341 372 489
12617	3	1	341 373 462
12618	3	1	341 411 457
12619	3	1	341 417 434
12620	3	1	341 451 457
12621	3	1	342 343 424
12622	3	1	342 344 399
12623	3	1	342 344 445
12624	3	1	342 344 481
12625	3	1	342 349 424
12626	3	1	342 357 432
12627	3	1	342 371 432
12628	3	1	342 371 451
12629	3	1	342 399 432
12630	3	1	342 404 445
12631	3	1	342 435 451
12632	3	1	342 445 471
12633	3	1	342 451 481
12634	3	1	343 347 424
12635	3	1	343 424 477
12636	3	1	343 428 461
12637	3	1	343 431 448
12638	3	1	343 470 477
12639	3	1	343 477 483
12640	3	1	344 366 450
12641	3	1	344 366 481
12642	3	1	344 445 470
12643	3	1	344 450 481
12644	3	1	345 361 411
12645	3	1	345 436 484
12646	3	1	345 464 484
12647	3	1	346 377 387
12648	3	1	346 377 445
12649	3	1	346 418 468
12650	3	1	346 418 494
12651	3	1	346 454 460
12652	3	1	346 460 468
12653	3	1	346 460 494
12654	3	1	347 351 429
12655	3	1	347 351 445
12656	3	1	347 363 426
12657	3	1	347 365 397
12658	3	1	347 365 491
12659	3	1	347 397 424
12660	3	1	347 399 491
12661	3	1	349 376 378
12662	3	1	349 378 413
12663	3	1	349 388 487
12664	3	1	349 413 487
12665	3	1	349 424 436
12666	3	1	349 424 489
12667	3	1	349 452 500
12668	3	1	351 353 429
12669	3	1	351 353 497
12670	3	1	351 357 362
12671	3	1	351 357 429
12672	3	1	351 357 432
12673	3	1	351 362 432
12674	3	1	351 429 450
12675	3	1	351 429 458
12676	3	1	351 429 488
12677	3	1	351 432 458
12678	3	1	351 462 488
12679	3	1	351 488 497
12680	3	1	353 354 376
12681	3	1	353 354 429
12682	3	1	353 354 453
12683	3	1	353 354 459
12684	3	1	353 356 411
12685	3	1	353 356 417
12686	3	1	353 356 435
12687	3	1	353 356 453
12688	3	1	353 369 417
12689	3	1	353 369 426
12690	3	1	353 376 435
12691	3	1	353 376 459
12692	3	1	353 411 433
12693	3	1	353 411 477
12694	3	1	353 417 459
12695	3	1	354 362 405
12696	3	1	354 363 484
12697	3	1	354 376 458
12698	3	1	354 376 459
12699	3	1	354 384 459
12700	3	1	354 384 494
12701	3	1	354 403 405
12702	3	1	354 405 481
12703	3	1	354 429 458
12704	3	1	354 453 486
12705	3	1	354 453 489
12706	3	1	354 459 484
12707	3	1	355 364 372
12708	3	1	355 364 373
12709	3	1	355 364 430
12710	3	1	355 367 373
12711	3	1	355 372 458
12712	3	1	355 389 461
12713	3	1	355 404 430
12714	3	1	355 458 483
12715	3	1	356 372 435
12716	3	1	356 372 470
12717	3	1	356 372 480
12718	3	1	356 380 384
12719	3	1	356 380 411
12720	3	1	356 380 464
12721	3	1	356 411 470
12722	3	1	356 411 472
12723	3	1	356 417 472
12724	3	1	356 417 480
12725	3	1	356 418 453
12726	3	1	356 427 451
12727	3	1	356 427 453
12728	3	1	356 435 451
12729	3	1	356 451 464
12730	3	1	356 470 480
12731	3	1	357 362 391
12732	3	1	357 362 393
12733	3	1	357 362 396
12734	3	1	357 362 432
12735	3	1	357 464 489
12736	3	1	359 364 376
12737	3	1	359 370 406
12738	3	1	359 370 418
12739	3	1	359 370 453
12740	3	1	359 418 453
12741	3	1	361 372 457
12742	3	1	361 411 457
12743	3	1	361 411 472
12744	3	1	361 412 447
12745	3	1	361 417 472
12746	3	1	361 451 457
12747	3	1	362 365 396
12748	3	1	362 385 446
12749	3	1	362 393 476
12750	3	1	362 396 467
12751	3	1	362 405 432
12752	3	1	362 457 467
12753	3	1	364 373 462
12754	3	1	364 376 378
12755	3	1	364 378 462
12756	3	1	364 380 447
12757	3	1	364 396 447
12758	3	1	364 409 482
12759	3	1	364 446 447
12760	3	1	366 383 436
12761	3	1	366 383 465
12762	3	1	366 383 468
12763	3	1	366 427 451
12764	3	1	366 427 497
12765	3	1	366 450 481
12766	3	1	366 451 481
12767	3	1	366 486 497
12768	3	1	367 384 396
12769	3	1	367 384 494
12770	3	1	367 393 481
12771	3	1	367 437 439
12772	3	1	367 437 495
12773	3	1	367 439 453
12774	3	1	367 439 481
12775	3	1	368 377 387
12776	3	1	368 378 477
12777	3	1	368 387 435
12778	3	1	368 391 417
12779	3	1	368 419 425
12780	3	1	368 419 452
12781	3	1	368 425 452
12782	3	1	368 435 441
12783	3	1	368 452 477
12784	3	1	369 374 455
12785	3	1	369 384 426
12786	3	1	369 417 448
12787	3	1	369 417 466
12788	3	1	369 418 482
12789	3	1	369 426 437
12790	3	1	369 426 466
12791	3	1	370 391 416
12792	3	1	370 406 416
12793	3	1	370 409 482
12794	3	1	370 418 453
12795	3	1	370 418 482
12796	3	1	370 465 470
12797	3	1	371 383 469
12798	3	1	371 406 451
12799	3	1	371 411 422
12800	3	1	371 422 449
12801	3	1	371 432 469
12802	3	1	371 444 486
12803	3	1	371 449 469
12804	3	1	371 451 469
12805	3	1	372 423 435
12806	3	1	372 423 489
12807	3	1	372 425 457
12808	3	1	372 425 458
12809	3	1	372 444 486
12810	3	1	372 457 458
12811	3	1	372 470 480
12812	3	1	372 480 489
12813	3	1	373 386 431
12814	3	1	373 399 491
12815	3	1	373 431 462
12816	3	1	373 459 462
12817	3	1	373 459 473
12818	3	1	374 376 386
12819	3	1	376 386 423
12820	3	1	376 423 435
12821	3	1	377 387 404
12822	3	1	377 404 445
12823	3	1	377 440 444
12824	3	1	378 411 477
12825	3	1	378 471 477
12826	3	1	378 477 479
12827	3	1	379 425 430
12828	3	1	379 425 458
12829	3	1	380 384 483
12830	3	1	380 389 457
12831	3	1	380 389 464
12832	3	1	380 389 476
12833	3	1	380 398 411
12834	3	1	380 411 457
12835	3	1	380 425 457
12836	3	1	380 464 489
12837	3	1	383 413 416
12838	3	1	383 468 469
12839	3	1	384 386 426
12840	3	1	384 396 452
12841	3	1	384 396 483
12842	3	1	384 452 494
12843	3	1	385 386 423
12844	3	1	385 440 446
12845	3	1	385 446 452
12846	3	1	386 394 431
12847	3	1	386 406 423
12848	3	1	386 418 457
12849	3	1	388 416 419
12850	3	1	388 419 425
12851	3	1	388 425 427
12852	3	1	388 461 484
12853	3	1	388 487 491
12854	3	1	389 426 454
12855	3	1	389 461 476
12856	3	1	393 450 481
12857	3	1	393 450 500
12858	3	1	393 458 476
12859	3	1	394 417 432
12860	3	1	396 440 444
12861	3	1	396 440 447
12862	3	1	396 440 467
12863	3	1	396 444 448
12864	3	1	396 447 448
12865	3	1	397 419 472
12866	3	1	397 424 472
12867	3	1	398 411 470
12868	3	1	398 434 470
12869	3	1	399 403 430
12870	3	1	399 412 448
12871	3	1	400 426 471
12872	3	1	400 427 488
12873	3	1	400 461 488
12874	3	1	403 405 430
12875	3	1	403 405 500
12876	3	1	403 430 479
12877	3	1	403 430 500
12878	3	1	403 461 465
12879	3	1	403 465 487
12880	3	1	404 412 433
12881	3	1	404 425 427
12882	3	1	404 425 430
12883	3	1	404 427 430
12884	3	1	404 430 500
12885	3	1	405 430 500
12886	3	1	405 443 481
12887	3	1	405 464 466
12888	3	1	406 416 476
12889	3	1	406 423 428
12890	3	1	406 423 476
12891	3	1	406 428 446
12892	3	1	406 446 471
12893	3	1	406 471 476
12894	3	1	409 411 423
12895	3	1	409 417 432
12896	3	1	409 417 434
12897	3	1	409 417 439
12898	3	1	409 423 463
12899	3	1	409 437 439
12900	3	1	409 437 451
12901	3	1	409 439 484
12902	3	1	409 479 485
12903	3	1	409 482 484
12904	3	1	411 419 423
12905	3	1	411 419 452
12906	3	1	411 419 472
12907	3	1	411 422 423
12908	3	1	411 422 452
12909	3	1	411 452 457
12910	3	1	411 452 477
12911	3	1	411 470 477
12912	3	1	412 440 447
12913	3	1	412 447 448
12914	3	1	412 476 496
12915	3	1	413 416 434
12916	3	1	413 434 470
12917	3	1	413 470 480
12918	3	1	413 480 496
12919	3	1	418 430 453
12920	3	1	418 440 467
12921	3	1	418 457 467
12922	3	1	418 467 482
12923	3	1	418 467 487
12924	3	1	418 468 469
12925	3	1	418 469 471
12926	3	1	418 469 491
12927	3	1	418 469 494
12928	3	1	418 487 491
12929	3	1	419 425 430
12930	3	1	419 425 452
12931	3	1	420 445 471
12932	3	1	423 428 463
12933	3	1	423 455 463
12934	3	1	424 464 477
12935	3	1	424 464 489
12936	3	1	425 427 430
12937	3	1	425 430 479
12938	3	1	425 439 452
12939	3	1	425 452 457
12940	3	1	425 457 458
12941	3	1	426 437 451
12942	3	1	426 440 467
12943	3	1	427 430 453
12944	3	1	427 437 451
12945	3	1	427 488 497
12946	3	1	428 446 463
12947	3	1	434 445 470
12948	3	1	435 441 451
12949	3	1	435 461 484
12950	3	1	436 459 484
12951	3	1	437 441 451
12952	3	1	440 446 447
12953	3	1	440 446 455
12954	3	1	440 455 467
12955	3	1	440 470 477
12956	3	1	445 470 477
12957	3	1	445 471 477
12958	3	1	445 477 479
12959	3	1	446 455 463
12960	3	1	451 464 469
12961	3	1	455 463 467
12962	3	1	461 469 484
12963	3	1	461 476 488
12964	3	1	462 476 488
12965	3	1	463 467 487
12966	3	1	464 469 484
12967	3	1	470 477 480
12968	3	1	471 476 477
12969	3	1	476 477 480
12970	3	1	476 480 496
12971	3	1	477 479 485
