column_id	size	score	vertices
0	4	63001	1 6 39 94
1	4	63001	1 6 39 231
2	4	63001	1 55 181 230
3	4	63001	2 39 40 148
4	4	63001	2 39 40 249
5	4	63001	2 39 131 249
6	4	63001	2 40 75 148
7	4	63001	2 208 230 249
8	4	63001	3 7 65 246
9	4	63001	3 7 87 244
10	4	63001	3 7 95 244
11	4	63001	3 7 124 246
12	4	63001	3 11 225 244
13	4	63001	3 20 29 30
14	4	63001	3 39 70 152
15	4	63001	3 39 131 238
16	4	63001	3 39 186 238
17	4	63001	3 42 131 184
18	4	63001	3 69 88 154
19	4	63001	3 69 88 223
20	4	63001	3 69 88 238
21	4	63001	3 69 154 223
22	4	63001	3 78 154 174
23	4	63001	3 84 144 154
24	4	63001	3 87 101 244
25	4	63001	3 88 131 238
26	4	63001	3 88 154 223
27	4	63001	3 88 154 226
28	4	63001	3 118 238 248
29	4	63001	3 154 184 226
30	4	63001	5 48 79 234
31	4	63001	5 48 114 229
32	4	63001	5 48 114 234
33	4	63001	5 58 158 216
34	4	63001	5 74 76 162
35	4	63001	5 146 152 176
36	4	63001	6 29 138 184
37	4	63001	6 48 229 232
38	4	63001	7 81 95 109
39	4	63001	7 95 109 244
40	4	63001	7 106 124 246
41	4	63001	9 21 60 174
42	4	63001	9 54 87 233
43	4	63001	9 84 219 239
44	4	63001	9 164 211 235
45	4	63001	9 167 211 235
46	4	63001	10 15 46 130
47	4	63001	10 130 152 204
48	4	63001	10 143 158 218
49	4	63001	11 41 214 225
50	4	63001	11 103 202 228
51	4	63001	12 20 29 75
52	4	63001	12 88 163 179
53	4	63001	12 159 196 230
54	4	63001	13 19 76 162
55	4	63001	15 46 86 97
56	4	63001	16 112 186 222
57	4	63001	16 112 200 222
58	4	63001	16 145 182 220
59	4	63001	17 43 50 157
60	4	63001	17 45 50 233
61	4	63001	18 42 104 175
62	4	63001	23 47 145 243
63	4	63001	23 114 124 168
64	4	63001	23 124 168 207
65	4	63001	25 87 156 194
66	4	63001	26 48 79 105
67	4	63001	26 57 96 215
68	4	63001	26 96 142 215
69	4	63001	27 78 91 174
70	4	63001	27 163 207 220
71	4	63001	27 207 220 250
72	4	63001	28 88 179 238
73	4	63001	28 108 152 201
74	4	63001	28 167 194 218
75	4	63001	28 167 218 238
76	4	63001	29 57 149 230
77	4	63001	29 65 140 170
78	4	63001	31 44 225 237
79	4	63001	31 134 197 200
80	4	63001	31 197 200 213
81	4	63001	33 69 120 126
82	4	63001	33 69 126 209
83	4	63001	33 77 83 195
84	4	63001	33 129 158 218
85	4	63001	34 56 219 236
86	4	63001	35 44 113 234
87	4	63001	35 106 113 234
88	4	63001	36 90 223 245
89	4	63001	36 138 152 184
90	4	63001	36 146 152 204
91	4	63001	39 44 113 234
92	4	63001	39 44 164 211
93	4	63001	39 52 70 136
94	4	63001	39 70 227 249
95	4	63001	39 131 136 238
96	4	63001	40 53 61 158
97	4	63001	41 106 141 181
98	4	63001	42 53 91 142
99	4	63001	42 53 142 176
100	4	63001	44 67 164 211
101	4	63001	46 124 200 246
102	4	63001	48 102 143 234
103	4	63001	48 180 200 217
104	4	63001	49 81 193 229
105	4	63001	49 81 211 229
106	4	63001	49 97 211 224
107	4	63001	54 130 152 217
108	4	63001	58 81 115 197
109	4	63001	58 81 134 197
110	4	63001	59 94 157 178
111	4	63001	63 87 110 237
112	4	63001	63 87 194 237
113	4	63001	63 111 181 188
114	4	63001	63 111 181 221
115	4	63001	63 139 209 227
116	4	63001	64 97 112 222
117	4	63001	64 112 114 222
118	4	63001	65 67 140 170
119	4	63001	67 101 125 198
120	4	63001	67 164 211 235
121	4	63001	68 72 92 126
122	4	63001	69 83 88 223
123	4	63001	69 83 142 215
124	4	63001	69 88 130 238
125	4	63001	69 88 154 223
126	4	63001	69 92 126 209
127	4	63001	69 105 120 142
128	4	63001	69 105 142 221
129	4	63001	69 120 142 215
130	4	63001	71 87 180 200
131	4	63001	71 87 193 200
132	4	63001	71 124 200 213
133	4	63001	72 110 119 192
134	4	63001	74 76 94 162
135	4	63001	76 81 94 205
136	4	63001	78 153 154 174
137	4	63001	81 94 116 196
138	4	63001	81 116 134 196
139	4	63001	81 134 197 200
140	4	63001	81 193 200 222
141	4	63001	81 197 200 211
142	4	63001	81 200 222 241
143	4	63001	83 88 161 195
144	4	63001	83 88 161 223
145	4	63001	83 88 196 226
146	4	63001	83 88 208 223
147	4	63001	83 142 187 188
148	4	63001	83 142 208 215
149	4	63001	83 183 187 226
150	4	63001	84 115 144 154
151	4	63001	84 192 219 239
152	4	63001	86 112 186 198
153	4	63001	87 101 233 244
154	4	63001	87 156 194 237
155	4	63001	88 130 131 238
156	4	63001	88 154 161 223
157	4	63001	99 105 118 175
158	4	63001	99 105 118 246
159	4	63001	102 106 143 234
160	4	63001	102 143 188 243
161	4	63001	104 156 171 206
162	4	63001	106 160 184 226
163	4	63001	111 114 124 214
164	4	63001	111 181 221 230
165	4	63001	114 177 214 229
166	4	63001	117 220 225 244
167	4	63001	118 167 211 238
168	4	63001	130 135 138 152
169	4	63001	143 188 198 243
170	4	63001	151 158 182 186
171	4	63001	156 171 206 210
172	4	63001	156 194 206 210
173	4	63001	167 202 218 238
174	4	63001	167 211 235 238
175	4	63001	181 208 221 230
176	4	63001	191 205 232 250
177	4	63001	192 219 239 249
178	3	251	1 3 39
179	3	251	1 3 174
180	3	251	1 3 225
181	3	251	1 6 39
182	3	251	1 6 94
183	3	251	1 6 230
184	3	251	1 6 231
185	3	251	1 18 55
186	3	251	1 23 43
187	3	251	1 39 94
188	3	251	1 39 231
189	3	251	1 43 163
190	3	251	1 43 230
191	3	251	1 55 163
192	3	251	1 55 181
193	3	251	1 55 230
194	3	251	1 72 130
195	3	251	1 72 174
196	3	251	1 83 225
197	3	251	1 90 155
198	3	251	1 90 225
199	3	251	1 90 230
200	3	251	1 94 181
201	3	251	1 123 225
202	3	251	1 155 218
203	3	251	1 181 230
204	3	251	1 218 230
205	3	251	2 26 48
206	3	251	2 26 96
207	3	251	2 26 131
208	3	251	2 34 230
209	3	251	2 36 138
210	3	251	2 36 230
211	3	251	2 39 40
212	3	251	2 39 131
213	3	251	2 39 147
214	3	251	2 39 148
215	3	251	2 39 249
216	3	251	2 40 53
217	3	251	2 40 75
218	3	251	2 40 148
219	3	251	2 40 166
220	3	251	2 40 249
221	3	251	2 48 226
222	3	251	2 68 147
223	3	251	2 68 148
224	3	251	2 68 169
225	3	251	2 73 230
226	3	251	2 75 96
227	3	251	2 75 141
228	3	251	2 75 148
229	3	251	2 96 110
230	3	251	2 96 169
231	3	251	2 110 145
232	3	251	2 110 193
233	3	251	2 131 249
234	3	251	2 138 141
235	3	251	2 138 148
236	3	251	2 138 166
237	3	251	2 138 249
238	3	251	2 141 145
239	3	251	2 141 147
240	3	251	2 141 169
241	3	251	2 145 205
242	3	251	2 147 208
243	3	251	2 193 249
244	3	251	2 205 249
245	3	251	2 208 230
246	3	251	2 208 249
247	3	251	2 230 249
248	3	251	3 7 65
249	3	251	3 7 87
250	3	251	3 7 95
251	3	251	3 7 124
252	3	251	3 7 178
253	3	251	3 7 184
254	3	251	3 7 244
255	3	251	3 7 246
256	3	251	3 7 248
257	3	251	3 11 65
258	3	251	3 11 186
259	3	251	3 11 225
260	3	251	3 11 244
261	3	251	3 17 69
262	3	251	3 17 225
263	3	251	3 17 248
264	3	251	3 20 29
265	3	251	3 20 30
266	3	251	3 20 56
267	3	251	3 20 244
268	3	251	3 29 30
269	3	251	3 29 39
270	3	251	3 29 65
271	3	251	3 29 98
272	3	251	3 29 145
273	3	251	3 29 174
274	3	251	3 29 184
275	3	251	3 30 223
276	3	251	3 30 225
277	3	251	3 39 70
278	3	251	3 39 87
279	3	251	3 39 131
280	3	251	3 39 152
281	3	251	3 39 186
282	3	251	3 39 238
283	3	251	3 42 78
284	3	251	3 42 131
285	3	251	3 42 184
286	3	251	3 42 248
287	3	251	3 65 108
288	3	251	3 65 144
289	3	251	3 65 246
290	3	251	3 69 88
291	3	251	3 69 101
292	3	251	3 69 154
293	3	251	3 69 223
294	3	251	3 69 238
295	3	251	3 70 78
296	3	251	3 70 84
297	3	251	3 70 152
298	3	251	3 70 226
299	3	251	3 73 144
300	3	251	3 73 184
301	3	251	3 78 98
302	3	251	3 78 154
303	3	251	3 78 174
304	3	251	3 84 131
305	3	251	3 84 144
306	3	251	3 84 154
307	3	251	3 84 192
308	3	251	3 87 101
309	3	251	3 87 244
310	3	251	3 88 124
311	3	251	3 88 131
312	3	251	3 88 154
313	3	251	3 88 223
314	3	251	3 88 226
315	3	251	3 88 238
316	3	251	3 95 108
317	3	251	3 95 118
318	3	251	3 95 174
319	3	251	3 95 226
320	3	251	3 95 244
321	3	251	3 98 131
322	3	251	3 98 152
323	3	251	3 98 248
324	3	251	3 101 144
325	3	251	3 101 184
326	3	251	3 101 244
327	3	251	3 101 246
328	3	251	3 108 152
329	3	251	3 108 223
330	3	251	3 108 238
331	3	251	3 118 165
332	3	251	3 118 178
333	3	251	3 118 225
334	3	251	3 118 238
335	3	251	3 118 246
336	3	251	3 118 248
337	3	251	3 124 246
338	3	251	3 131 184
339	3	251	3 131 238
340	3	251	3 131 244
341	3	251	3 144 154
342	3	251	3 145 178
343	3	251	3 152 178
344	3	251	3 152 184
345	3	251	3 154 174
346	3	251	3 154 184
347	3	251	3 154 223
348	3	251	3 154 226
349	3	251	3 165 174
350	3	251	3 174 186
351	3	251	3 184 226
352	3	251	3 186 238
353	3	251	3 225 244
354	3	251	3 238 248
355	3	251	5 8 32
356	3	251	5 8 48
357	3	251	5 9 54
358	3	251	5 9 114
359	3	251	5 16 38
360	3	251	5 16 76
361	3	251	5 16 79
362	3	251	5 16 152
363	3	251	5 16 194
364	3	251	5 32 76
365	3	251	5 38 229
366	3	251	5 48 79
367	3	251	5 48 114
368	3	251	5 48 229
369	3	251	5 48 234
370	3	251	5 54 152
371	3	251	5 58 120
372	3	251	5 58 134
373	3	251	5 58 158
374	3	251	5 58 216
375	3	251	5 70 152
376	3	251	5 70 216
377	3	251	5 72 119
378	3	251	5 72 229
379	3	251	5 74 76
380	3	251	5 74 114
381	3	251	5 74 146
382	3	251	5 74 162
383	3	251	5 76 162
384	3	251	5 79 234
385	3	251	5 86 114
386	3	251	5 114 158
387	3	251	5 114 229
388	3	251	5 114 234
389	3	251	5 117 119
390	3	251	5 117 162
391	3	251	5 117 234
392	3	251	5 120 234
393	3	251	5 146 152
394	3	251	5 146 176
395	3	251	5 152 176
396	3	251	5 158 216
397	3	251	5 162 229
398	3	251	6 19 67
399	3	251	6 19 133
400	3	251	6 19 142
401	3	251	6 25 67
402	3	251	6 25 133
403	3	251	6 29 39
404	3	251	6 29 133
405	3	251	6 29 138
406	3	251	6 29 170
407	3	251	6 29 184
408	3	251	6 29 193
409	3	251	6 29 230
410	3	251	6 39 94
411	3	251	6 39 147
412	3	251	6 39 231
413	3	251	6 39 232
414	3	251	6 48 137
415	3	251	6 48 217
416	3	251	6 48 229
417	3	251	6 48 232
418	3	251	6 67 170
419	3	251	6 88 151
420	3	251	6 88 223
421	3	251	6 94 157
422	3	251	6 106 126
423	3	251	6 106 184
424	3	251	6 106 229
425	3	251	6 106 230
426	3	251	6 118 147
427	3	251	6 118 170
428	3	251	6 126 151
429	3	251	6 126 209
430	3	251	6 137 142
431	3	251	6 138 150
432	3	251	6 138 184
433	3	251	6 142 159
434	3	251	6 142 209
435	3	251	6 147 223
436	3	251	6 150 229
437	3	251	6 159 217
438	3	251	6 159 230
439	3	251	6 170 231
440	3	251	6 184 217
441	3	251	6 184 232
442	3	251	6 193 229
443	3	251	6 209 232
444	3	251	6 223 229
445	3	251	6 229 232
446	3	251	7 13 86
447	3	251	7 13 109
448	3	251	7 13 250
449	3	251	7 50 157
450	3	251	7 50 184
451	3	251	7 50 210
452	3	251	7 58 81
453	3	251	7 58 175
454	3	251	7 65 170
455	3	251	7 65 171
456	3	251	7 65 246
457	3	251	7 81 95
458	3	251	7 81 106
459	3	251	7 81 109
460	3	251	7 81 170
461	3	251	7 81 195
462	3	251	7 81 211
463	3	251	7 86 112
464	3	251	7 86 244
465	3	251	7 87 180
466	3	251	7 87 244
467	3	251	7 95 109
468	3	251	7 95 112
469	3	251	7 95 244
470	3	251	7 100 195
471	3	251	7 100 250
472	3	251	7 106 124
473	3	251	7 106 132
474	3	251	7 106 184
475	3	251	7 106 246
476	3	251	7 109 175
477	3	251	7 109 244
478	3	251	7 109 248
479	3	251	7 112 170
480	3	251	7 112 211
481	3	251	7 112 250
482	3	251	7 124 213
483	3	251	7 124 246
484	3	251	7 132 157
485	3	251	7 132 180
486	3	251	7 132 248
487	3	251	7 157 171
488	3	251	7 157 178
489	3	251	7 170 175
490	3	251	7 171 210
491	3	251	7 175 195
492	3	251	7 175 250
493	3	251	7 180 220
494	3	251	7 182 220
495	3	251	7 210 248
496	3	251	7 220 244
497	3	251	7 220 250
498	3	251	7 242 248
499	3	251	8 13 80
500	3	251	8 13 172
501	3	251	8 17 92
502	3	251	8 17 136
503	3	251	8 17 206
504	3	251	8 32 138
505	3	251	8 32 172
506	3	251	8 32 204
507	3	251	8 48 102
508	3	251	8 49 204
509	3	251	8 49 206
510	3	251	8 49 224
511	3	251	8 49 230
512	3	251	8 73 209
513	3	251	8 73 230
514	3	251	8 77 136
515	3	251	8 80 102
516	3	251	8 80 196
517	3	251	8 92 102
518	3	251	8 92 196
519	3	251	8 92 209
520	3	251	8 102 188
521	3	251	8 136 171
522	3	251	8 136 209
523	3	251	8 136 230
524	3	251	8 138 196
525	3	251	8 138 206
526	3	251	8 149 204
527	3	251	8 149 230
528	3	251	8 155 244
529	3	251	8 171 206
530	3	251	8 188 224
531	3	251	8 196 230
532	3	251	8 206 209
533	3	251	9 21 54
534	3	251	9 21 60
535	3	251	9 21 151
536	3	251	9 21 174
537	3	251	9 21 237
538	3	251	9 22 136
539	3	251	9 24 114
540	3	251	9 24 160
541	3	251	9 24 239
542	3	251	9 54 87
543	3	251	9 54 201
544	3	251	9 54 233
545	3	251	9 60 116
546	3	251	9 60 174
547	3	251	9 60 211
548	3	251	9 84 129
549	3	251	9 84 183
550	3	251	9 84 219
551	3	251	9 84 233
552	3	251	9 84 239
553	3	251	9 87 129
554	3	251	9 87 183
555	3	251	9 87 233
556	3	251	9 87 237
557	3	251	9 102 129
558	3	251	9 102 228
559	3	251	9 114 214
560	3	251	9 116 235
561	3	251	9 129 153
562	3	251	9 129 201
563	3	251	9 129 242
564	3	251	9 136 140
565	3	251	9 136 239
566	3	251	9 140 151
567	3	251	9 140 160
568	3	251	9 140 228
569	3	251	9 153 174
570	3	251	9 160 214
571	3	251	9 160 233
572	3	251	9 164 211
573	3	251	9 164 235
574	3	251	9 167 211
575	3	251	9 167 219
576	3	251	9 167 235
577	3	251	9 174 242
578	3	251	9 183 242
579	3	251	9 201 239
580	3	251	9 211 235
581	3	251	9 211 237
582	3	251	9 211 239
583	3	251	9 214 242
584	3	251	9 219 239
585	3	251	9 219 242
586	3	251	10 15 18
587	3	251	10 15 46
588	3	251	10 15 130
589	3	251	10 15 143
590	3	251	10 15 225
591	3	251	10 18 208
592	3	251	10 43 46
593	3	251	10 45 143
594	3	251	10 46 130
595	3	251	10 46 158
596	3	251	10 46 161
597	3	251	10 127 152
598	3	251	10 130 152
599	3	251	10 130 204
600	3	251	10 143 158
601	3	251	10 143 218
602	3	251	10 143 244
603	3	251	10 152 155
604	3	251	10 152 204
605	3	251	10 155 218
606	3	251	10 155 244
607	3	251	10 158 218
608	3	251	10 204 208
609	3	251	10 225 244
610	3	251	11 35 214
611	3	251	11 41 137
612	3	251	11 41 157
613	3	251	11 41 214
614	3	251	11 41 225
615	3	251	11 49 193
616	3	251	11 53 214
617	3	251	11 53 244
618	3	251	11 65 216
619	3	251	11 103 202
620	3	251	11 103 228
621	3	251	11 129 244
622	3	251	11 157 187
623	3	251	11 160 186
624	3	251	11 160 214
625	3	251	11 160 216
626	3	251	11 160 217
627	3	251	11 167 202
628	3	251	11 177 214
629	3	251	11 187 244
630	3	251	11 202 228
631	3	251	11 214 225
632	3	251	11 225 244
633	3	251	12 20 29
634	3	251	12 20 31
635	3	251	12 20 75
636	3	251	12 25 228
637	3	251	12 29 75
638	3	251	12 29 138
639	3	251	12 29 174
640	3	251	12 29 230
641	3	251	12 31 163
642	3	251	12 31 228
643	3	251	12 31 237
644	3	251	12 63 237
645	3	251	12 75 224
646	3	251	12 86 97
647	3	251	12 88 163
648	3	251	12 88 179
649	3	251	12 88 196
650	3	251	12 97 224
651	3	251	12 126 163
652	3	251	12 129 224
653	3	251	12 138 152
654	3	251	12 138 163
655	3	251	12 138 196
656	3	251	12 138 228
657	3	251	12 159 196
658	3	251	12 159 230
659	3	251	12 163 179
660	3	251	12 163 216
661	3	251	12 196 230
662	3	251	12 216 237
663	3	251	13 19 76
664	3	251	13 19 161
665	3	251	13 19 162
666	3	251	13 28 78
667	3	251	13 28 172
668	3	251	13 28 179
669	3	251	13 38 237
670	3	251	13 38 250
671	3	251	13 68 80
672	3	251	13 68 236
673	3	251	13 68 250
674	3	251	13 76 93
675	3	251	13 76 162
676	3	251	13 78 153
677	3	251	13 79 139
678	3	251	13 84 86
679	3	251	13 84 127
680	3	251	13 84 162
681	3	251	13 84 190
682	3	251	13 86 161
683	3	251	13 93 190
684	3	251	13 93 236
685	3	251	13 109 190
686	3	251	13 117 162
687	3	251	13 127 172
688	3	251	13 127 179
689	3	251	13 156 237
690	3	251	13 162 236
691	3	251	13 179 236
692	3	251	13 221 237
693	3	251	14 59 94
694	3	251	14 59 98
695	3	251	14 59 99
696	3	251	14 59 135
697	3	251	14 59 186
698	3	251	14 66 182
699	3	251	14 66 184
700	3	251	14 74 75
701	3	251	14 74 94
702	3	251	14 74 186
703	3	251	14 75 118
704	3	251	14 94 97
705	3	251	14 94 167
706	3	251	14 98 131
707	3	251	14 99 118
708	3	251	14 99 131
709	3	251	14 118 167
710	3	251	14 131 172
711	3	251	14 131 184
712	3	251	14 135 188
713	3	251	14 172 210
714	3	251	14 180 186
715	3	251	14 180 188
716	3	251	14 182 186
717	3	251	14 223 229
718	3	251	15 18 243
719	3	251	15 46 86
720	3	251	15 46 97
721	3	251	15 46 99
722	3	251	15 46 130
723	3	251	15 46 232
724	3	251	15 49 97
725	3	251	15 49 194
726	3	251	15 54 130
727	3	251	15 54 141
728	3	251	15 86 97
729	3	251	15 86 225
730	3	251	15 143 214
731	3	251	15 143 243
732	3	251	15 177 214
733	3	251	15 194 196
734	3	251	15 194 210
735	3	251	15 214 225
736	3	251	15 232 243
737	3	251	16 38 199
738	3	251	16 49 76
739	3	251	16 49 79
740	3	251	16 49 194
741	3	251	16 49 220
742	3	251	16 55 220
743	3	251	16 60 112
744	3	251	16 60 145
745	3	251	16 60 227
746	3	251	16 79 98
747	3	251	16 79 105
748	3	251	16 98 152
749	3	251	16 98 194
750	3	251	16 99 105
751	3	251	16 99 109
752	3	251	16 105 200
753	3	251	16 105 227
754	3	251	16 109 145
755	3	251	16 112 186
756	3	251	16 112 200
757	3	251	16 112 222
758	3	251	16 145 182
759	3	251	16 145 220
760	3	251	16 150 182
761	3	251	16 152 220
762	3	251	16 182 186
763	3	251	16 182 220
764	3	251	16 186 194
765	3	251	16 186 199
766	3	251	16 186 222
767	3	251	16 199 200
768	3	251	16 200 222
769	3	251	17 22 47
770	3	251	17 22 136
771	3	251	17 22 148
772	3	251	17 43 50
773	3	251	17 43 157
774	3	251	17 45 50
775	3	251	17 45 92
776	3	251	17 45 143
777	3	251	17 45 233
778	3	251	17 47 157
779	3	251	17 50 91
780	3	251	17 50 148
781	3	251	17 50 157
782	3	251	17 50 233
783	3	251	17 69 92
784	3	251	17 92 148
785	3	251	17 148 248
786	3	251	17 157 179
787	3	251	17 157 191
788	3	251	18 40 166
789	3	251	18 41 55
790	3	251	18 41 106
791	3	251	18 42 104
792	3	251	18 42 175
793	3	251	18 42 185
794	3	251	18 55 209
795	3	251	18 74 146
796	3	251	18 74 226
797	3	251	18 74 241
798	3	251	18 104 146
799	3	251	18 104 175
800	3	251	18 104 209
801	3	251	18 106 144
802	3	251	18 106 226
803	3	251	18 144 146
804	3	251	18 146 166
805	3	251	18 146 172
806	3	251	18 166 191
807	3	251	18 166 209
808	3	251	18 172 185
809	3	251	18 175 197
810	3	251	18 175 208
811	3	251	19 22 46
812	3	251	19 22 47
813	3	251	19 22 62
814	3	251	19 22 133
815	3	251	19 22 144
816	3	251	19 46 124
817	3	251	19 46 161
818	3	251	19 47 67
819	3	251	19 47 124
820	3	251	19 47 194
821	3	251	19 54 141
822	3	251	19 66 162
823	3	251	19 66 183
824	3	251	19 66 218
825	3	251	19 67 101
826	3	251	19 67 166
827	3	251	19 73 144
828	3	251	19 76 162
829	3	251	19 101 144
830	3	251	19 101 218
831	3	251	19 133 183
832	3	251	19 142 218
833	3	251	19 144 146
834	3	251	19 144 183
835	3	251	19 146 166
836	3	251	19 146 218
837	3	251	19 186 194
838	3	251	19 194 218
839	3	251	19 197 218
840	3	251	20 22 30
841	3	251	20 22 148
842	3	251	20 28 201
843	3	251	20 29 30
844	3	251	20 29 75
845	3	251	20 29 127
846	3	251	20 30 130
847	3	251	20 75 148
848	3	251	20 75 241
849	3	251	20 85 130
850	3	251	20 99 175
851	3	251	20 106 148
852	3	251	20 125 148
853	3	251	20 127 241
854	3	251	20 148 235
855	3	251	20 235 241
856	3	251	20 241 244
857	3	251	21 33 60
858	3	251	21 33 237
859	3	251	21 34 60
860	3	251	21 34 125
861	3	251	21 37 105
862	3	251	21 37 215
863	3	251	21 48 105
864	3	251	21 54 152
865	3	251	21 54 159
866	3	251	21 59 125
867	3	251	21 60 139
868	3	251	21 60 174
869	3	251	21 67 125
870	3	251	21 105 185
871	3	251	21 139 151
872	3	251	21 149 176
873	3	251	21 149 237
874	3	251	21 152 176
875	3	251	21 159 176
876	3	251	21 165 174
877	3	251	21 165 215
878	3	251	22 30 177
879	3	251	22 46 158
880	3	251	22 46 200
881	3	251	22 47 159
882	3	251	22 47 165
883	3	251	22 47 227
884	3	251	22 103 122
885	3	251	22 104 171
886	3	251	22 105 200
887	3	251	22 105 227
888	3	251	22 105 231
889	3	251	22 122 133
890	3	251	22 122 136
891	3	251	22 122 177
892	3	251	22 133 148
893	3	251	22 133 227
894	3	251	22 136 171
895	3	251	22 148 200
896	3	251	22 159 200
897	3	251	23 43 73
898	3	251	23 43 145
899	3	251	23 47 124
900	3	251	23 47 145
901	3	251	23 47 243
902	3	251	23 56 207
903	3	251	23 56 243
904	3	251	23 60 145
905	3	251	23 60 175
906	3	251	23 60 207
907	3	251	23 73 114
908	3	251	23 73 185
909	3	251	23 114 124
910	3	251	23 114 168
911	3	251	23 114 175
912	3	251	23 124 168
913	3	251	23 124 207
914	3	251	23 145 235
915	3	251	23 145 243
916	3	251	23 168 185
917	3	251	23 168 207
918	3	251	24 43 46
919	3	251	24 43 163
920	3	251	24 67 239
921	3	251	24 114 163
922	3	251	24 115 236
923	3	251	24 134 178
924	3	251	24 134 208
925	3	251	24 160 178
926	3	251	24 163 208
927	3	251	24 204 208
928	3	251	24 236 239
929	3	251	25 33 64
930	3	251	25 36 92
931	3	251	25 36 242
932	3	251	25 44 67
933	3	251	25 44 93
934	3	251	25 44 234
935	3	251	25 64 67
936	3	251	25 64 93
937	3	251	25 64 133
938	3	251	25 73 93
939	3	251	25 87 156
940	3	251	25 87 194
941	3	251	25 89 93
942	3	251	25 89 133
943	3	251	25 89 155
944	3	251	25 89 212
945	3	251	25 93 199
946	3	251	25 95 122
947	3	251	25 122 133
948	3	251	25 122 194
949	3	251	25 133 199
950	3	251	25 155 194
951	3	251	25 156 171
952	3	251	25 156 194
953	3	251	25 176 188
954	3	251	25 176 199
955	3	251	25 182 212
956	3	251	25 188 228
957	3	251	26 48 79
958	3	251	26 48 105
959	3	251	26 48 220
960	3	251	26 57 96
961	3	251	26 57 105
962	3	251	26 57 215
963	3	251	26 58 81
964	3	251	26 64 81
965	3	251	26 64 105
966	3	251	26 79 105
967	3	251	26 81 116
968	3	251	26 81 199
969	3	251	26 84 96
970	3	251	26 84 105
971	3	251	26 84 131
972	3	251	26 96 142
973	3	251	26 96 215
974	3	251	26 105 142
975	3	251	26 116 215
976	3	251	26 116 244
977	3	251	26 131 244
978	3	251	26 142 153
979	3	251	26 142 215
980	3	251	26 199 215
981	3	251	26 220 244
982	3	251	27 46 99
983	3	251	27 46 130
984	3	251	27 49 76
985	3	251	27 49 120
986	3	251	27 49 133
987	3	251	27 49 194
988	3	251	27 49 204
989	3	251	27 49 220
990	3	251	27 72 112
991	3	251	27 72 119
992	3	251	27 72 130
993	3	251	27 72 174
994	3	251	27 78 91
995	3	251	27 78 99
996	3	251	27 78 122
997	3	251	27 78 174
998	3	251	27 78 212
999	3	251	27 87 119
1000	3	251	27 87 194
1001	3	251	27 87 245
1002	3	251	27 91 174
1003	3	251	27 112 163
1004	3	251	27 112 250
1005	3	251	27 119 122
1006	3	251	27 119 220
1007	3	251	27 120 130
1008	3	251	27 120 187
1009	3	251	27 122 133
1010	3	251	27 122 194
1011	3	251	27 130 204
1012	3	251	27 130 250
1013	3	251	27 133 199
1014	3	251	27 133 213
1015	3	251	27 133 250
1016	3	251	27 163 207
1017	3	251	27 163 220
1018	3	251	27 174 204
1019	3	251	27 176 199
1020	3	251	27 187 250
1021	3	251	27 207 220
1022	3	251	27 207 250
1023	3	251	27 212 245
1024	3	251	27 220 250
1025	3	251	28 78 201
1026	3	251	28 88 172
1027	3	251	28 88 179
1028	3	251	28 88 203
1029	3	251	28 88 238
1030	3	251	28 101 199
1031	3	251	28 101 218
1032	3	251	28 108 152
1033	3	251	28 108 201
1034	3	251	28 108 238
1035	3	251	28 115 123
1036	3	251	28 115 194
1037	3	251	28 135 152
1038	3	251	28 145 218
1039	3	251	28 152 172
1040	3	251	28 152 201
1041	3	251	28 157 179
1042	3	251	28 157 218
1043	3	251	28 167 194
1044	3	251	28 167 218
1045	3	251	28 167 238
1046	3	251	28 179 238
1047	3	251	28 192 201
1048	3	251	28 194 218
1049	3	251	28 201 203
1050	3	251	28 218 238
1051	3	251	29 30 74
1052	3	251	29 39 172
1053	3	251	29 57 149
1054	3	251	29 57 230
1055	3	251	29 65 140
1056	3	251	29 65 170
1057	3	251	29 74 75
1058	3	251	29 74 145
1059	3	251	29 75 170
1060	3	251	29 116 138
1061	3	251	29 116 170
1062	3	251	29 127 133
1063	3	251	29 127 149
1064	3	251	29 127 170
1065	3	251	29 127 172
1066	3	251	29 133 145
1067	3	251	29 138 184
1068	3	251	29 140 145
1069	3	251	29 140 170
1070	3	251	29 149 230
1071	3	251	30 55 139
1072	3	251	30 59 157
1073	3	251	30 74 157
1074	3	251	30 81 196
1075	3	251	30 81 222
1076	3	251	30 139 213
1077	3	251	30 176 223
1078	3	251	30 177 222
1079	3	251	31 44 204
1080	3	251	31 44 225
1081	3	251	31 44 237
1082	3	251	31 44 248
1083	3	251	31 60 77
1084	3	251	31 60 213
1085	3	251	31 73 94
1086	3	251	31 73 184
1087	3	251	31 94 95
1088	3	251	31 94 167
1089	3	251	31 94 178
1090	3	251	31 95 169
1091	3	251	31 134 169
1092	3	251	31 134 178
1093	3	251	31 134 197
1094	3	251	31 134 200
1095	3	251	31 134 220
1096	3	251	31 163 220
1097	3	251	31 169 237
1098	3	251	31 190 197
1099	3	251	31 192 237
1100	3	251	31 197 200
1101	3	251	31 197 213
1102	3	251	31 200 213
1103	3	251	31 220 225
1104	3	251	31 225 237
1105	3	251	32 75 78
1106	3	251	32 75 141
1107	3	251	32 76 94
1108	3	251	32 78 153
1109	3	251	32 78 169
1110	3	251	32 84 131
1111	3	251	32 84 219
1112	3	251	32 84 233
1113	3	251	32 94 97
1114	3	251	32 131 172
1115	3	251	32 138 141
1116	3	251	32 141 169
1117	3	251	32 195 204
1118	3	251	32 219 242
1119	3	251	33 43 50
1120	3	251	33 45 50
1121	3	251	33 50 135
1122	3	251	33 50 210
1123	3	251	33 50 240
1124	3	251	33 60 77
1125	3	251	33 64 68
1126	3	251	33 64 209
1127	3	251	33 68 126
1128	3	251	33 69 83
1129	3	251	33 69 120
1130	3	251	33 69 126
1131	3	251	33 69 209
1132	3	251	33 69 221
1133	3	251	33 77 83
1134	3	251	33 77 129
1135	3	251	33 77 195
1136	3	251	33 83 158
1137	3	251	33 83 195
1138	3	251	33 103 195
1139	3	251	33 103 218
1140	3	251	33 120 126
1141	3	251	33 126 209
1142	3	251	33 129 158
1143	3	251	33 129 218
1144	3	251	33 158 218
1145	3	251	33 195 204
1146	3	251	33 195 209
1147	3	251	33 204 210
1148	3	251	33 209 218
1149	3	251	33 221 237
1150	3	251	33 237 240
1151	3	251	34 41 60
1152	3	251	34 41 125
1153	3	251	34 41 235
1154	3	251	34 56 219
1155	3	251	34 56 236
1156	3	251	34 60 82
1157	3	251	34 60 211
1158	3	251	34 69 82
1159	3	251	34 72 82
1160	3	251	34 82 84
1161	3	251	34 84 86
1162	3	251	34 84 219
1163	3	251	34 84 233
1164	3	251	34 86 186
1165	3	251	34 93 170
1166	3	251	34 93 236
1167	3	251	34 98 153
1168	3	251	34 98 219
1169	3	251	34 99 211
1170	3	251	34 99 233
1171	3	251	34 125 153
1172	3	251	34 156 184
1173	3	251	34 156 235
1174	3	251	34 184 236
1175	3	251	34 211 235
1176	3	251	34 219 236
1177	3	251	34 230 235
1178	3	251	35 44 113
1179	3	251	35 44 234
1180	3	251	35 48 190
1181	3	251	35 48 232
1182	3	251	35 48 234
1183	3	251	35 56 83
1184	3	251	35 56 146
1185	3	251	35 56 169
1186	3	251	35 57 169
1187	3	251	35 57 234
1188	3	251	35 61 209
1189	3	251	35 61 250
1190	3	251	35 77 83
1191	3	251	35 83 188
1192	3	251	35 104 146
1193	3	251	35 104 209
1194	3	251	35 106 113
1195	3	251	35 106 234
1196	3	251	35 113 188
1197	3	251	35 113 234
1198	3	251	35 139 146
1199	3	251	35 139 209
1200	3	251	35 140 192
1201	3	251	35 169 232
1202	3	251	35 188 214
1203	3	251	35 192 209
1204	3	251	35 192 239
1205	3	251	35 209 232
1206	3	251	35 232 239
1207	3	251	35 232 250
1208	3	251	35 234 250
1209	3	251	36 55 204
1210	3	251	36 55 230
1211	3	251	36 90 223
1212	3	251	36 90 230
1213	3	251	36 90 245
1214	3	251	36 117 154
1215	3	251	36 117 245
1216	3	251	36 138 152
1217	3	251	36 138 184
1218	3	251	36 146 152
1219	3	251	36 146 164
1220	3	251	36 146 204
1221	3	251	36 152 184
1222	3	251	36 152 204
1223	3	251	36 154 184
1224	3	251	36 154 204
1225	3	251	36 154 223
1226	3	251	36 164 184
1227	3	251	36 164 245
1228	3	251	36 219 242
1229	3	251	36 223 245
1230	3	251	37 52 164
1231	3	251	37 52 217
1232	3	251	37 58 127
1233	3	251	37 58 219
1234	3	251	37 61 215
1235	3	251	37 103 147
1236	3	251	37 103 181
1237	3	251	37 105 245
1238	3	251	37 106 181
1239	3	251	37 111 181
1240	3	251	37 127 172
1241	3	251	37 164 245
1242	3	251	37 167 219
1243	3	251	37 172 210
1244	3	251	37 172 215
1245	3	251	38 53 91
1246	3	251	38 57 96
1247	3	251	38 57 165
1248	3	251	38 73 229
1249	3	251	38 87 96
1250	3	251	38 87 237
1251	3	251	38 95 96
1252	3	251	38 165 229
1253	3	251	38 177 199
1254	3	251	38 177 229
1255	3	251	38 212 229
1256	3	251	38 212 237
1257	3	251	39 40 113
1258	3	251	39 40 136
1259	3	251	39 40 148
1260	3	251	39 40 186
1261	3	251	39 40 211
1262	3	251	39 40 249
1263	3	251	39 44 76
1264	3	251	39 44 113
1265	3	251	39 44 147
1266	3	251	39 44 164
1267	3	251	39 44 211
1268	3	251	39 44 234
1269	3	251	39 52 70
1270	3	251	39 52 136
1271	3	251	39 52 164
1272	3	251	39 52 231
1273	3	251	39 58 136
1274	3	251	39 70 136
1275	3	251	39 70 152
1276	3	251	39 70 182
1277	3	251	39 70 211
1278	3	251	39 70 227
1279	3	251	39 70 249
1280	3	251	39 71 87
1281	3	251	39 71 113
1282	3	251	39 71 135
1283	3	251	39 71 227
1284	3	251	39 76 94
1285	3	251	39 76 249
1286	3	251	39 87 94
1287	3	251	39 94 238
1288	3	251	39 113 234
1289	3	251	39 131 136
1290	3	251	39 131 172
1291	3	251	39 131 238
1292	3	251	39 131 249
1293	3	251	39 135 152
1294	3	251	39 136 238
1295	3	251	39 147 152
1296	3	251	39 152 172
1297	3	251	39 164 211
1298	3	251	39 182 186
1299	3	251	39 186 238
1300	3	251	39 211 238
1301	3	251	39 227 249
1302	3	251	39 232 238
1303	3	251	39 234 249
1304	3	251	40 45 50
1305	3	251	40 45 79
1306	3	251	40 45 113
1307	3	251	40 50 61
1308	3	251	40 50 148
1309	3	251	40 50 186
1310	3	251	40 53 61
1311	3	251	40 53 158
1312	3	251	40 56 79
1313	3	251	40 60 211
1314	3	251	40 61 79
1315	3	251	40 61 158
1316	3	251	40 75 79
1317	3	251	40 75 148
1318	3	251	40 75 156
1319	3	251	40 79 235
1320	3	251	40 99 113
1321	3	251	40 99 211
1322	3	251	40 113 166
1323	3	251	40 136 162
1324	3	251	40 148 235
1325	3	251	40 156 235
1326	3	251	40 156 237
1327	3	251	40 158 186
1328	3	251	40 158 235
1329	3	251	40 163 211
1330	3	251	40 186 198
1331	3	251	40 198 249
1332	3	251	40 211 235
1333	3	251	40 211 237
1334	3	251	41 55 163
1335	3	251	41 55 181
1336	3	251	41 60 147
1337	3	251	41 60 174
1338	3	251	41 80 201
1339	3	251	41 80 214
1340	3	251	41 80 235
1341	3	251	41 106 141
1342	3	251	41 106 158
1343	3	251	41 106 181
1344	3	251	41 106 225
1345	3	251	41 107 147
1346	3	251	41 107 238
1347	3	251	41 137 142
1348	3	251	41 137 181
1349	3	251	41 137 238
1350	3	251	41 141 147
1351	3	251	41 141 181
1352	3	251	41 141 215
1353	3	251	41 142 215
1354	3	251	41 142 245
1355	3	251	41 147 165
1356	3	251	41 158 235
1357	3	251	41 165 174
1358	3	251	41 165 215
1359	3	251	41 168 174
1360	3	251	41 168 245
1361	3	251	41 174 242
1362	3	251	41 181 201
1363	3	251	41 181 235
1364	3	251	41 181 242
1365	3	251	41 200 201
1366	3	251	41 214 225
1367	3	251	41 214 242
1368	3	251	41 215 235
1369	3	251	41 215 250
1370	3	251	41 235 238
1371	3	251	42 47 94
1372	3	251	42 47 176
1373	3	251	42 53 91
1374	3	251	42 53 142
1375	3	251	42 53 176
1376	3	251	42 63 72
1377	3	251	42 63 104
1378	3	251	42 63 131
1379	3	251	42 78 91
1380	3	251	42 78 171
1381	3	251	42 78 201
1382	3	251	42 78 230
1383	3	251	42 79 235
1384	3	251	42 85 94
1385	3	251	42 85 185
1386	3	251	42 91 142
1387	3	251	42 104 171
1388	3	251	42 104 175
1389	3	251	42 104 176
1390	3	251	42 104 230
1391	3	251	42 131 184
1392	3	251	42 142 176
1393	3	251	42 176 193
1394	3	251	42 230 235
1395	3	251	43 46 86
1396	3	251	43 50 157
1397	3	251	43 65 234
1398	3	251	43 73 82
1399	3	251	43 73 230
1400	3	251	43 82 157
1401	3	251	43 109 145
1402	3	251	43 109 190
1403	3	251	43 147 190
1404	3	251	43 190 230
1405	3	251	44 50 93
1406	3	251	44 66 113
1407	3	251	44 66 147
1408	3	251	44 66 162
1409	3	251	44 66 195
1410	3	251	44 67 164
1411	3	251	44 67 211
1412	3	251	44 68 147
1413	3	251	44 68 206
1414	3	251	44 68 234
1415	3	251	44 76 93
1416	3	251	44 76 162
1417	3	251	44 84 86
1418	3	251	44 84 105
1419	3	251	44 84 162
1420	3	251	44 84 181
1421	3	251	44 86 225
1422	3	251	44 88 93
1423	3	251	44 88 162
1424	3	251	44 88 179
1425	3	251	44 88 181
1426	3	251	44 88 195
1427	3	251	44 88 196
1428	3	251	44 93 105
1429	3	251	44 113 225
1430	3	251	44 113 234
1431	3	251	44 147 204
1432	3	251	44 164 211
1433	3	251	44 195 204
1434	3	251	44 211 237
1435	3	251	44 225 237
1436	3	251	45 50 93
1437	3	251	45 50 233
1438	3	251	45 52 231
1439	3	251	45 72 92
1440	3	251	45 72 215
1441	3	251	45 79 92
1442	3	251	45 79 243
1443	3	251	45 92 180
1444	3	251	45 92 196
1445	3	251	45 92 231
1446	3	251	45 101 233
1447	3	251	45 107 113
1448	3	251	45 107 171
1449	3	251	45 143 169
1450	3	251	45 143 243
1451	3	251	45 169 175
1452	3	251	45 169 196
1453	3	251	46 86 97
1454	3	251	46 86 161
1455	3	251	46 99 246
1456	3	251	46 124 200
1457	3	251	46 124 246
1458	3	251	46 130 200
1459	3	251	46 156 235
1460	3	251	46 158 235
1461	3	251	46 161 181
1462	3	251	46 161 246
1463	3	251	46 181 235
1464	3	251	46 200 246
1465	3	251	47 83 88
1466	3	251	47 84 159
1467	3	251	47 84 190
1468	3	251	47 88 124
1469	3	251	47 88 238
1470	3	251	47 94 157
1471	3	251	47 94 194
1472	3	251	47 94 205
1473	3	251	47 94 238
1474	3	251	47 102 202
1475	3	251	47 102 243
1476	3	251	47 145 205
1477	3	251	47 145 243
1478	3	251	47 152 176
1479	3	251	47 159 176
1480	3	251	47 190 205
1481	3	251	47 202 238
1482	3	251	47 205 249
1483	3	251	47 227 249
1484	3	251	48 79 105
1485	3	251	48 79 234
1486	3	251	48 79 235
1487	3	251	48 102 143
1488	3	251	48 102 229
1489	3	251	48 102 234
1490	3	251	48 105 173
1491	3	251	48 105 200
1492	3	251	48 114 124
1493	3	251	48 114 222
1494	3	251	48 114 229
1495	3	251	48 114 234
1496	3	251	48 124 200
1497	3	251	48 137 181
1498	3	251	48 143 198
1499	3	251	48 143 234
1500	3	251	48 143 235
1501	3	251	48 173 229
1502	3	251	48 180 200
1503	3	251	48 180 217
1504	3	251	48 180 220
1505	3	251	48 181 226
1506	3	251	48 181 235
1507	3	251	48 190 219
1508	3	251	48 200 217
1509	3	251	48 200 222
1510	3	251	48 229 232
1511	3	251	49 76 81
1512	3	251	49 81 168
1513	3	251	49 81 193
1514	3	251	49 81 211
1515	3	251	49 81 229
1516	3	251	49 97 206
1517	3	251	49 97 211
1518	3	251	49 97 220
1519	3	251	49 97 224
1520	3	251	49 120 168
1521	3	251	49 120 193
1522	3	251	49 131 132
1523	3	251	49 131 224
1524	3	251	49 153 154
1525	3	251	49 153 193
1526	3	251	49 154 204
1527	3	251	49 158 206
1528	3	251	49 168 220
1529	3	251	49 168 224
1530	3	251	49 168 230
1531	3	251	49 193 204
1532	3	251	49 193 224
1533	3	251	49 193 229
1534	3	251	49 194 206
1535	3	251	49 211 224
1536	3	251	49 211 229
1537	3	251	49 221 230
1538	3	251	50 57 71
1539	3	251	50 57 173
1540	3	251	50 57 233
1541	3	251	50 61 177
1542	3	251	50 61 223
1543	3	251	50 61 240
1544	3	251	50 63 70
1545	3	251	50 63 135
1546	3	251	50 71 91
1547	3	251	50 71 135
1548	3	251	50 71 199
1549	3	251	50 91 186
1550	3	251	50 93 199
1551	3	251	50 93 240
1552	3	251	50 173 184
1553	3	251	50 177 199
1554	3	251	50 186 199
1555	3	251	50 199 223
1556	3	251	52 60 177
1557	3	251	52 60 213
1558	3	251	52 64 97
1559	3	251	52 64 136
1560	3	251	52 70 136
1561	3	251	52 120 130
1562	3	251	52 120 168
1563	3	251	52 130 138
1564	3	251	52 130 153
1565	3	251	52 130 217
1566	3	251	52 138 241
1567	3	251	53 61 158
1568	3	251	53 61 223
1569	3	251	53 61 240
1570	3	251	53 91 142
1571	3	251	53 116 176
1572	3	251	53 116 240
1573	3	251	53 116 244
1574	3	251	53 127 142
1575	3	251	53 127 240
1576	3	251	53 142 176
1577	3	251	53 142 245
1578	3	251	53 176 223
1579	3	251	53 223 245
1580	3	251	54 87 94
1581	3	251	54 87 141
1582	3	251	54 87 233
1583	3	251	54 130 152
1584	3	251	54 130 217
1585	3	251	54 141 217
1586	3	251	54 152 201
1587	3	251	54 152 217
1588	3	251	54 152 220
1589	3	251	54 159 217
1590	3	251	55 103 181
1591	3	251	55 114 163
1592	3	251	55 114 230
1593	3	251	55 116 163
1594	3	251	55 136 209
1595	3	251	55 136 230
1596	3	251	55 139 209
1597	3	251	55 163 220
1598	3	251	55 181 188
1599	3	251	55 181 230
1600	3	251	55 188 198
1601	3	251	55 190 230
1602	3	251	56 74 146
1603	3	251	56 79 243
1604	3	251	56 133 203
1605	3	251	56 133 213
1606	3	251	56 219 236
1607	3	251	57 71 105
1608	3	251	57 71 202
1609	3	251	57 71 230
1610	3	251	57 94 111
1611	3	251	57 96 169
1612	3	251	57 96 202
1613	3	251	57 96 215
1614	3	251	57 101 233
1615	3	251	57 105 173
1616	3	251	57 105 233
1617	3	251	57 111 230
1618	3	251	57 149 202
1619	3	251	57 149 230
1620	3	251	57 149 233
1621	3	251	57 149 234
1622	3	251	57 154 202
1623	3	251	57 164 202
1624	3	251	57 165 215
1625	3	251	57 165 234
1626	3	251	57 169 173
1627	3	251	58 66 219
1628	3	251	58 68 169
1629	3	251	58 68 188
1630	3	251	58 77 136
1631	3	251	58 78 169
1632	3	251	58 81 115
1633	3	251	58 81 134
1634	3	251	58 81 151
1635	3	251	58 81 197
1636	3	251	58 115 169
1637	3	251	58 115 197
1638	3	251	58 127 149
1639	3	251	58 134 149
1640	3	251	58 134 169
1641	3	251	58 134 197
1642	3	251	58 134 208
1643	3	251	58 136 175
1644	3	251	58 136 209
1645	3	251	58 136 223
1646	3	251	58 136 239
1647	3	251	58 149 237
1648	3	251	58 149 239
1649	3	251	58 151 158
1650	3	251	58 158 216
1651	3	251	58 161 169
1652	3	251	58 161 223
1653	3	251	58 169 173
1654	3	251	58 169 175
1655	3	251	58 169 237
1656	3	251	58 173 209
1657	3	251	58 175 188
1658	3	251	58 175 197
1659	3	251	58 175 208
1660	3	251	58 208 223
1661	3	251	58 216 237
1662	3	251	58 219 239
1663	3	251	59 92 94
1664	3	251	59 94 157
1665	3	251	59 94 168
1666	3	251	59 94 178
1667	3	251	59 94 181
1668	3	251	59 94 199
1669	3	251	59 125 135
1670	3	251	59 125 190
1671	3	251	59 141 181
1672	3	251	59 157 178
1673	3	251	59 181 186
1674	3	251	59 181 221
1675	3	251	59 186 199
1676	3	251	60 71 171
1677	3	251	60 71 213
1678	3	251	60 71 227
1679	3	251	60 77 112
1680	3	251	60 82 213
1681	3	251	60 82 227
1682	3	251	60 96 196
1683	3	251	60 96 207
1684	3	251	60 112 123
1685	3	251	60 112 146
1686	3	251	60 112 211
1687	3	251	60 116 144
1688	3	251	60 116 196
1689	3	251	60 116 213
1690	3	251	60 122 175
1691	3	251	60 122 177
1692	3	251	60 123 175
1693	3	251	60 139 146
1694	3	251	60 139 213
1695	3	251	60 139 227
1696	3	251	60 144 146
1697	3	251	60 144 224
1698	3	251	60 145 196
1699	3	251	60 146 172
1700	3	251	60 146 196
1701	3	251	60 147 212
1702	3	251	60 211 224
1703	3	251	61 69 109
1704	3	251	61 69 209
1705	3	251	61 69 215
1706	3	251	61 69 223
1707	3	251	61 79 87
1708	3	251	61 87 129
1709	3	251	61 97 109
1710	3	251	61 97 112
1711	3	251	61 109 177
1712	3	251	61 112 123
1713	3	251	61 112 250
1714	3	251	61 123 158
1715	3	251	61 129 158
1716	3	251	61 215 250
1717	3	251	62 74 164
1718	3	251	62 77 203
1719	3	251	62 79 187
1720	3	251	62 117 203
1721	3	251	62 127 179
1722	3	251	62 208 221
1723	3	251	63 67 166
1724	3	251	63 70 104
1725	3	251	63 70 188
1726	3	251	63 70 227
1727	3	251	63 72 110
1728	3	251	63 87 110
1729	3	251	63 87 194
1730	3	251	63 87 200
1731	3	251	63 87 237
1732	3	251	63 98 131
1733	3	251	63 98 158
1734	3	251	63 98 194
1735	3	251	63 104 110
1736	3	251	63 104 111
1737	3	251	63 104 209
1738	3	251	63 110 160
1739	3	251	63 110 227
1740	3	251	63 110 237
1741	3	251	63 111 181
1742	3	251	63 111 188
1743	3	251	63 111 221
1744	3	251	63 131 139
1745	3	251	63 133 181
1746	3	251	63 133 227
1747	3	251	63 134 191
1748	3	251	63 134 200
1749	3	251	63 135 188
1750	3	251	63 139 194
1751	3	251	63 139 209
1752	3	251	63 139 227
1753	3	251	63 160 200
1754	3	251	63 166 191
1755	3	251	63 166 209
1756	3	251	63 181 188
1757	3	251	63 181 221
1758	3	251	63 194 237
1759	3	251	63 209 227
1760	3	251	63 221 237
1761	3	251	64 67 82
1762	3	251	64 67 101
1763	3	251	64 67 239
1764	3	251	64 74 114
1765	3	251	64 74 145
1766	3	251	64 81 222
1767	3	251	64 82 102
1768	3	251	64 82 133
1769	3	251	64 93 105
1770	3	251	64 93 136
1771	3	251	64 97 112
1772	3	251	64 97 222
1773	3	251	64 105 160
1774	3	251	64 112 114
1775	3	251	64 112 222
1776	3	251	64 114 222
1777	3	251	64 128 191
1778	3	251	64 128 239
1779	3	251	64 132 222
1780	3	251	64 133 145
1781	3	251	64 133 183
1782	3	251	64 136 145
1783	3	251	64 136 209
1784	3	251	64 136 239
1785	3	251	64 160 216
1786	3	251	64 167 219
1787	3	251	64 219 239
1788	3	251	65 66 171
1789	3	251	65 67 140
1790	3	251	65 67 170
1791	3	251	65 108 200
1792	3	251	65 140 150
1793	3	251	65 140 170
1794	3	251	65 148 200
1795	3	251	65 150 171
1796	3	251	65 150 246
1797	3	251	65 200 246
1798	3	251	66 85 224
1799	3	251	66 122 177
1800	3	251	66 122 195
1801	3	251	66 126 171
1802	3	251	66 143 184
1803	3	251	66 143 218
1804	3	251	66 156 171
1805	3	251	66 156 184
1806	3	251	66 156 224
1807	3	251	66 183 224
1808	3	251	67 69 82
1809	3	251	67 69 101
1810	3	251	67 69 120
1811	3	251	67 75 170
1812	3	251	67 75 224
1813	3	251	67 82 103
1814	3	251	67 82 164
1815	3	251	67 101 125
1816	3	251	67 101 198
1817	3	251	67 107 116
1818	3	251	67 107 211
1819	3	251	67 116 170
1820	3	251	67 116 235
1821	3	251	67 119 166
1822	3	251	67 120 125
1823	3	251	67 125 198
1824	3	251	67 140 170
1825	3	251	67 164 211
1826	3	251	67 164 235
1827	3	251	67 170 198
1828	3	251	67 211 224
1829	3	251	67 211 235
1830	3	251	67 211 239
1831	3	251	68 70 188
1832	3	251	68 70 206
1833	3	251	68 72 92
1834	3	251	68 72 126
1835	3	251	68 72 147
1836	3	251	68 80 85
1837	3	251	68 80 126
1838	3	251	68 85 155
1839	3	251	68 85 206
1840	3	251	68 92 126
1841	3	251	68 92 148
1842	3	251	68 126 206
1843	3	251	68 147 155
1844	3	251	68 155 169
1845	3	251	68 234 250
1846	3	251	69 83 88
1847	3	251	69 83 142
1848	3	251	69 83 215
1849	3	251	69 83 223
1850	3	251	69 83 228
1851	3	251	69 88 130
1852	3	251	69 88 154
1853	3	251	69 88 223
1854	3	251	69 88 238
1855	3	251	69 92 126
1856	3	251	69 92 209
1857	3	251	69 105 120
1858	3	251	69 105 142
1859	3	251	69 105 221
1860	3	251	69 120 126
1861	3	251	69 120 130
1862	3	251	69 120 142
1863	3	251	69 120 215
1864	3	251	69 120 242
1865	3	251	69 126 209
1866	3	251	69 126 241
1867	3	251	69 130 238
1868	3	251	69 142 209
1869	3	251	69 142 215
1870	3	251	69 142 221
1871	3	251	69 147 223
1872	3	251	69 154 223
1873	3	251	69 214 242
1874	3	251	70 78 132
1875	3	251	70 84 159
1876	3	251	70 84 219
1877	3	251	70 104 132
1878	3	251	70 104 206
1879	3	251	70 104 219
1880	3	251	70 132 196
1881	3	251	70 159 196
1882	3	251	70 188 224
1883	3	251	70 196 226
1884	3	251	70 206 216
1885	3	251	70 211 224
1886	3	251	70 219 249
1887	3	251	70 227 249
1888	3	251	71 87 180
1889	3	251	71 87 193
1890	3	251	71 87 200
1891	3	251	71 105 120
1892	3	251	71 105 185
1893	3	251	71 105 200
1894	3	251	71 105 227
1895	3	251	71 113 150
1896	3	251	71 113 178
1897	3	251	71 114 124
1898	3	251	71 114 135
1899	3	251	71 114 193
1900	3	251	71 114 230
1901	3	251	71 120 193
1902	3	251	71 124 200
1903	3	251	71 124 213
1904	3	251	71 135 202
1905	3	251	71 150 171
1906	3	251	71 150 202
1907	3	251	71 150 219
1908	3	251	71 171 181
1909	3	251	71 178 202
1910	3	251	71 180 200
1911	3	251	71 181 230
1912	3	251	71 190 219
1913	3	251	71 190 230
1914	3	251	71 193 200
1915	3	251	71 199 200
1916	3	251	71 199 230
1917	3	251	71 200 213
1918	3	251	71 202 228
1919	3	251	72 92 126
1920	3	251	72 108 126
1921	3	251	72 108 215
1922	3	251	72 110 119
1923	3	251	72 110 145
1924	3	251	72 110 174
1925	3	251	72 110 192
1926	3	251	72 110 215
1927	3	251	72 112 192
1928	3	251	72 119 192
1929	3	251	72 128 129
1930	3	251	72 147 192
1931	3	251	73 93 185
1932	3	251	73 106 144
1933	3	251	73 106 184
1934	3	251	73 106 229
1935	3	251	73 106 230
1936	3	251	73 114 229
1937	3	251	73 114 230
1938	3	251	73 128 184
1939	3	251	74 75 78
1940	3	251	74 75 241
1941	3	251	74 76 94
1942	3	251	74 76 162
1943	3	251	74 78 114
1944	3	251	74 78 153
1945	3	251	74 84 129
1946	3	251	74 84 162
1947	3	251	74 88 162
1948	3	251	74 88 200
1949	3	251	74 88 226
1950	3	251	74 94 157
1951	3	251	74 94 162
1952	3	251	74 114 214
1953	3	251	74 129 153
1954	3	251	74 129 242
1955	3	251	74 145 162
1956	3	251	74 146 164
1957	3	251	74 162 242
1958	3	251	74 186 242
1959	3	251	74 200 241
1960	3	251	74 214 242
1961	3	251	75 78 96
1962	3	251	75 79 170
1963	3	251	75 96 142
1964	3	251	75 96 222
1965	3	251	75 117 141
1966	3	251	75 117 227
1967	3	251	75 118 170
1968	3	251	75 123 142
1969	3	251	75 142 176
1970	3	251	75 148 192
1971	3	251	75 156 224
1972	3	251	75 156 227
1973	3	251	75 170 173
1974	3	251	75 222 241
1975	3	251	76 81 94
1976	3	251	76 81 205
1977	3	251	76 94 162
1978	3	251	76 94 167
1979	3	251	76 94 178
1980	3	251	76 94 205
1981	3	251	76 167 202
1982	3	251	76 178 202
1983	3	251	76 205 249
1984	3	251	77 83 136
1985	3	251	77 83 195
1986	3	251	77 112 170
1987	3	251	77 150 182
1988	3	251	77 150 229
1989	3	251	77 150 246
1990	3	251	78 91 98
1991	3	251	78 91 155
1992	3	251	78 91 174
1993	3	251	78 96 132
1994	3	251	78 96 169
1995	3	251	78 98 153
1996	3	251	78 98 169
1997	3	251	78 99 132
1998	3	251	78 114 169
1999	3	251	78 114 230
2000	3	251	78 114 234
2001	3	251	78 122 132
2002	3	251	78 143 169
2003	3	251	78 143 234
2004	3	251	78 147 155
2005	3	251	78 147 212
2006	3	251	78 150 171
2007	3	251	78 153 154
2008	3	251	78 153 155
2009	3	251	78 153 174
2010	3	251	78 154 174
2011	3	251	78 155 169
2012	3	251	78 169 212
2013	3	251	79 92 202
2014	3	251	79 139 202
2015	3	251	79 147 165
2016	3	251	79 165 234
2017	3	251	79 170 187
2018	3	251	80 85 102
2019	3	251	80 101 144
2020	3	251	80 101 218
2021	3	251	80 114 214
2022	3	251	80 115 144
2023	3	251	80 144 235
2024	3	251	80 196 226
2025	3	251	81 94 95
2026	3	251	81 94 116
2027	3	251	81 94 168
2028	3	251	81 94 196
2029	3	251	81 94 199
2030	3	251	81 94 205
2031	3	251	81 95 109
2032	3	251	81 106 229
2033	3	251	81 115 197
2034	3	251	81 115 222
2035	3	251	81 115 229
2036	3	251	81 116 134
2037	3	251	81 116 170
2038	3	251	81 116 196
2039	3	251	81 116 235
2040	3	251	81 134 195
2041	3	251	81 134 196
2042	3	251	81 134 197
2043	3	251	81 134 200
2044	3	251	81 137 156
2045	3	251	81 156 235
2046	3	251	81 170 205
2047	3	251	81 193 200
2048	3	251	81 193 222
2049	3	251	81 193 229
2050	3	251	81 195 235
2051	3	251	81 196 229
2052	3	251	81 196 241
2053	3	251	81 197 200
2054	3	251	81 197 211
2055	3	251	81 197 214
2056	3	251	81 199 200
2057	3	251	81 199 214
2058	3	251	81 200 211
2059	3	251	81 200 222
2060	3	251	81 200 241
2061	3	251	81 211 229
2062	3	251	81 211 235
2063	3	251	81 214 229
2064	3	251	81 222 241
2065	3	251	81 235 241
2066	3	251	82 84 159
2067	3	251	82 103 213
2068	3	251	82 133 213
2069	3	251	82 133 227
2070	3	251	82 161 169
2071	3	251	82 161 227
2072	3	251	83 88 161
2073	3	251	83 88 195
2074	3	251	83 88 196
2075	3	251	83 88 208
2076	3	251	83 88 223
2077	3	251	83 88 226
2078	3	251	83 100 195
2079	3	251	83 100 196
2080	3	251	83 118 225
2081	3	251	83 134 191
2082	3	251	83 134 195
2083	3	251	83 134 196
2084	3	251	83 134 208
2085	3	251	83 136 223
2086	3	251	83 142 153
2087	3	251	83 142 187
2088	3	251	83 142 188
2089	3	251	83 142 208
2090	3	251	83 142 215
2091	3	251	83 158 216
2092	3	251	83 158 235
2093	3	251	83 160 216
2094	3	251	83 160 226
2095	3	251	83 161 195
2096	3	251	83 161 223
2097	3	251	83 166 187
2098	3	251	83 166 191
2099	3	251	83 183 187
2100	3	251	83 183 226
2101	3	251	83 187 188
2102	3	251	83 187 226
2103	3	251	83 188 228
2104	3	251	83 195 235
2105	3	251	83 196 226
2106	3	251	83 208 215
2107	3	251	83 208 223
2108	3	251	83 215 235
2109	3	251	84 96 190
2110	3	251	84 105 231
2111	3	251	84 105 233
2112	3	251	84 115 131
2113	3	251	84 115 144
2114	3	251	84 115 154
2115	3	251	84 115 162
2116	3	251	84 129 181
2117	3	251	84 144 154
2118	3	251	84 144 183
2119	3	251	84 144 233
2120	3	251	84 190 219
2121	3	251	84 192 209
2122	3	251	84 192 219
2123	3	251	84 192 239
2124	3	251	84 219 239
2125	3	251	85 94 116
2126	3	251	85 94 212
2127	3	251	85 107 116
2128	3	251	85 130 135
2129	3	251	85 133 145
2130	3	251	85 135 197
2131	3	251	85 197 212
2132	3	251	86 97 112
2133	3	251	86 101 198
2134	3	251	86 101 244
2135	3	251	86 112 114
2136	3	251	86 112 186
2137	3	251	86 112 198
2138	3	251	86 114 168
2139	3	251	86 116 244
2140	3	251	86 137 238
2141	3	251	86 150 161
2142	3	251	86 150 198
2143	3	251	86 186 198
2144	3	251	86 186 238
2145	3	251	86 225 244
2146	3	251	87 94 194
2147	3	251	87 96 110
2148	3	251	87 96 180
2149	3	251	87 101 233
2150	3	251	87 101 244
2151	3	251	87 110 119
2152	3	251	87 110 179
2153	3	251	87 110 193
2154	3	251	87 110 203
2155	3	251	87 110 237
2156	3	251	87 115 180
2157	3	251	87 115 194
2158	3	251	87 115 197
2159	3	251	87 129 208
2160	3	251	87 129 244
2161	3	251	87 146 156
2162	3	251	87 146 233
2163	3	251	87 156 194
2164	3	251	87 156 237
2165	3	251	87 179 197
2166	3	251	87 180 200
2167	3	251	87 193 200
2168	3	251	87 194 237
2169	3	251	87 197 200
2170	3	251	87 197 203
2171	3	251	87 233 244
2172	3	251	88 93 96
2173	3	251	88 93 203
2174	3	251	88 96 196
2175	3	251	88 112 163
2176	3	251	88 112 200
2177	3	251	88 124 196
2178	3	251	88 124 200
2179	3	251	88 130 131
2180	3	251	88 130 195
2181	3	251	88 130 200
2182	3	251	88 130 238
2183	3	251	88 130 239
2184	3	251	88 131 172
2185	3	251	88 131 238
2186	3	251	88 151 154
2187	3	251	88 151 162
2188	3	251	88 151 182
2189	3	251	88 154 161
2190	3	251	88 154 203
2191	3	251	88 154 223
2192	3	251	88 154 226
2193	3	251	88 161 181
2194	3	251	88 161 195
2195	3	251	88 161 223
2196	3	251	88 162 238
2197	3	251	88 163 179
2198	3	251	88 163 203
2199	3	251	88 163 208
2200	3	251	88 177 203
2201	3	251	88 179 238
2202	3	251	88 179 239
2203	3	251	88 181 208
2204	3	251	88 181 226
2205	3	251	88 196 226
2206	3	251	88 208 223
2207	3	251	89 93 236
2208	3	251	89 101 159
2209	3	251	89 101 195
2210	3	251	89 110 174
2211	3	251	89 110 193
2212	3	251	89 110 235
2213	3	251	89 154 174
2214	3	251	89 155 193
2215	3	251	89 159 235
2216	3	251	89 166 209
2217	3	251	89 195 209
2218	3	251	89 195 235
2219	3	251	90 147 155
2220	3	251	90 147 223
2221	3	251	90 161 223
2222	3	251	90 196 230
2223	3	251	90 209 213
2224	3	251	90 214 225
2225	3	251	90 223 245
2226	3	251	91 100 174
2227	3	251	91 100 195
2228	3	251	91 117 141
2229	3	251	91 117 155
2230	3	251	91 117 195
2231	3	251	91 118 167
2232	3	251	91 151 186
2233	3	251	91 174 186
2234	3	251	92 94 111
2235	3	251	92 94 196
2236	3	251	92 102 106
2237	3	251	92 102 202
2238	3	251	92 106 126
2239	3	251	92 106 132
2240	3	251	92 106 148
2241	3	251	92 111 126
2242	3	251	92 126 209
2243	3	251	92 132 180
2244	3	251	92 132 196
2245	3	251	92 148 202
2246	3	251	93 96 190
2247	3	251	93 105 120
2248	3	251	93 105 185
2249	3	251	93 105 240
2250	3	251	93 170 185
2251	3	251	94 95 162
2252	3	251	94 111 178
2253	3	251	94 111 181
2254	3	251	94 111 205
2255	3	251	94 116 178
2256	3	251	94 116 196
2257	3	251	94 157 178
2258	3	251	94 157 187
2259	3	251	94 157 212
2260	3	251	94 162 238
2261	3	251	94 167 194
2262	3	251	94 167 238
2263	3	251	94 194 196
2264	3	251	95 96 169
2265	3	251	95 108 122
2266	3	251	95 108 153
2267	3	251	95 109 244
2268	3	251	95 112 123
2269	3	251	95 118 130
2270	3	251	95 118 169
2271	3	251	95 130 150
2272	3	251	95 130 153
2273	3	251	95 150 226
2274	3	251	95 153 174
2275	3	251	95 160 226
2276	3	251	95 169 173
2277	3	251	96 106 132
2278	3	251	96 110 215
2279	3	251	96 132 180
2280	3	251	96 132 196
2281	3	251	96 132 222
2282	3	251	96 132 248
2283	3	251	96 142 180
2284	3	251	96 142 190
2285	3	251	96 142 215
2286	3	251	96 169 196
2287	3	251	97 109 110
2288	3	251	97 110 227
2289	3	251	97 112 211
2290	3	251	97 112 222
2291	3	251	97 211 224
2292	3	251	98 152 176
2293	3	251	98 158 241
2294	3	251	98 159 176
2295	3	251	98 176 219
2296	3	251	98 219 248
2297	3	251	99 105 118
2298	3	251	99 105 175
2299	3	251	99 105 233
2300	3	251	99 105 246
2301	3	251	99 109 131
2302	3	251	99 109 175
2303	3	251	99 113 118
2304	3	251	99 118 175
2305	3	251	99 118 211
2306	3	251	99 118 246
2307	3	251	99 131 132
2308	3	251	99 175 195
2309	3	251	100 104 236
2310	3	251	100 236 239
2311	3	251	100 243 250
2312	3	251	101 125 198
2313	3	251	101 144 233
2314	3	251	101 233 244
2315	3	251	102 106 141
2316	3	251	102 106 143
2317	3	251	102 106 229
2318	3	251	102 106 234
2319	3	251	102 119 127
2320	3	251	102 119 143
2321	3	251	102 119 166
2322	3	251	102 127 228
2323	3	251	102 129 168
2324	3	251	102 143 188
2325	3	251	102 143 234
2326	3	251	102 143 243
2327	3	251	102 166 177
2328	3	251	102 166 234
2329	3	251	102 177 229
2330	3	251	102 188 228
2331	3	251	102 188 243
2332	3	251	102 202 228
2333	3	251	102 228 236
2334	3	251	103 122 195
2335	3	251	103 134 195
2336	3	251	103 202 218
2337	3	251	103 202 228
2338	3	251	104 110 203
2339	3	251	104 110 215
2340	3	251	104 110 228
2341	3	251	104 111 176
2342	3	251	104 111 230
2343	3	251	104 132 156
2344	3	251	104 132 180
2345	3	251	104 132 203
2346	3	251	104 146 156
2347	3	251	104 146 176
2348	3	251	104 146 228
2349	3	251	104 154 180
2350	3	251	104 154 203
2351	3	251	104 156 171
2352	3	251	104 156 206
2353	3	251	104 170 175
2354	3	251	104 171 206
2355	3	251	104 176 219
2356	3	251	104 206 209
2357	3	251	104 219 236
2358	3	251	104 228 236
2359	3	251	105 118 175
2360	3	251	105 118 246
2361	3	251	105 120 142
2362	3	251	105 142 221
2363	3	251	105 142 245
2364	3	251	105 160 185
2365	3	251	105 160 200
2366	3	251	105 160 233
2367	3	251	105 175 221
2368	3	251	105 185 249
2369	3	251	105 200 246
2370	3	251	105 227 245
2371	3	251	105 227 249
2372	3	251	105 231 245
2373	3	251	106 113 225
2374	3	251	106 113 234
2375	3	251	106 123 132
2376	3	251	106 123 158
2377	3	251	106 123 225
2378	3	251	106 124 246
2379	3	251	106 126 160
2380	3	251	106 141 181
2381	3	251	106 143 158
2382	3	251	106 143 184
2383	3	251	106 143 234
2384	3	251	106 153 227
2385	3	251	106 160 184
2386	3	251	106 160 226
2387	3	251	106 160 234
2388	3	251	106 181 226
2389	3	251	106 181 230
2390	3	251	106 184 226
2391	3	251	107 112 211
2392	3	251	107 148 202
2393	3	251	107 202 238
2394	3	251	107 211 238
2395	3	251	108 122 210
2396	3	251	108 126 151
2397	3	251	108 152 201
2398	3	251	108 200 201
2399	3	251	108 200 210
2400	3	251	109 110 145
2401	3	251	109 131 244
2402	3	251	109 177 190
2403	3	251	109 191 244
2404	3	251	109 225 244
2405	3	251	110 119 192
2406	3	251	110 120 179
2407	3	251	110 120 186
2408	3	251	110 120 193
2409	3	251	110 120 215
2410	3	251	110 145 235
2411	3	251	110 160 186
2412	3	251	110 174 186
2413	3	251	110 192 237
2414	3	251	110 203 235
2415	3	251	110 215 235
2416	3	251	111 114 124
2417	3	251	111 114 214
2418	3	251	111 114 230
2419	3	251	111 124 214
2420	3	251	111 126 151
2421	3	251	111 126 241
2422	3	251	111 130 150
2423	3	251	111 159 176
2424	3	251	111 159 230
2425	3	251	111 176 188
2426	3	251	111 176 221
2427	3	251	111 181 188
2428	3	251	111 181 221
2429	3	251	111 181 230
2430	3	251	111 188 214
2431	3	251	111 188 248
2432	3	251	111 205 249
2433	3	251	111 214 249
2434	3	251	111 221 230
2435	3	251	111 230 249
2436	3	251	112 114 163
2437	3	251	112 114 222
2438	3	251	112 114 250
2439	3	251	112 163 211
2440	3	251	112 170 198
2441	3	251	112 186 198
2442	3	251	112 186 222
2443	3	251	112 192 201
2444	3	251	112 200 201
2445	3	251	112 200 211
2446	3	251	112 200 222
2447	3	251	113 118 178
2448	3	251	113 118 225
2449	3	251	113 150 161
2450	3	251	113 154 161
2451	3	251	113 161 178
2452	3	251	113 166 234
2453	3	251	114 124 168
2454	3	251	114 124 214
2455	3	251	114 158 182
2456	3	251	114 163 175
2457	3	251	114 168 182
2458	3	251	114 168 230
2459	3	251	114 169 175
2460	3	251	114 175 250
2461	3	251	114 177 214
2462	3	251	114 177 222
2463	3	251	114 177 229
2464	3	251	114 193 222
2465	3	251	114 193 229
2466	3	251	114 214 229
2467	3	251	114 222 230
2468	3	251	114 234 250
2469	3	251	115 131 139
2470	3	251	115 131 222
2471	3	251	115 139 154
2472	3	251	115 139 194
2473	3	251	115 139 229
2474	3	251	115 144 154
2475	3	251	115 154 180
2476	3	251	115 162 229
2477	3	251	115 162 236
2478	3	251	115 169 212
2479	3	251	115 197 212
2480	3	251	115 212 229
2481	3	251	116 134 141
2482	3	251	116 134 178
2483	3	251	116 134 196
2484	3	251	116 138 141
2485	3	251	116 138 163
2486	3	251	116 138 196
2487	3	251	116 141 215
2488	3	251	116 144 235
2489	3	251	116 163 203
2490	3	251	116 196 240
2491	3	251	116 203 235
2492	3	251	116 215 235
2493	3	251	117 119 171
2494	3	251	117 119 220
2495	3	251	117 130 195
2496	3	251	117 133 203
2497	3	251	117 133 227
2498	3	251	117 136 162
2499	3	251	117 136 171
2500	3	251	117 154 203
2501	3	251	117 155 244
2502	3	251	117 162 227
2503	3	251	117 212 245
2504	3	251	117 220 225
2505	3	251	117 220 244
2506	3	251	117 225 244
2507	3	251	117 227 245
2508	3	251	117 231 244
2509	3	251	117 231 245
2510	3	251	118 130 238
2511	3	251	118 130 250
2512	3	251	118 139 242
2513	3	251	118 139 246
2514	3	251	118 143 165
2515	3	251	118 143 169
2516	3	251	118 147 165
2517	3	251	118 167 211
2518	3	251	118 167 238
2519	3	251	118 169 175
2520	3	251	118 170 175
2521	3	251	118 175 250
2522	3	251	118 211 238
2523	3	251	118 238 248
2524	3	251	118 242 248
2525	3	251	119 122 210
2526	3	251	119 127 205
2527	3	251	119 131 217
2528	3	251	119 143 165
2529	3	251	119 166 191
2530	3	251	119 166 192
2531	3	251	119 171 192
2532	3	251	119 171 210
2533	3	251	119 191 205
2534	3	251	119 191 210
2535	3	251	120 125 193
2536	3	251	120 139 242
2537	3	251	120 142 187
2538	3	251	120 142 215
2539	3	251	120 172 215
2540	3	251	120 186 242
2541	3	251	120 193 242
2542	3	251	122 136 175
2543	3	251	122 175 195
2544	3	251	122 194 210
2545	3	251	123 128 158
2546	3	251	123 128 166
2547	3	251	123 128 220
2548	3	251	123 142 182
2549	3	251	123 142 187
2550	3	251	123 142 245
2551	3	251	123 158 182
2552	3	251	123 166 187
2553	3	251	123 166 245
2554	3	251	123 182 220
2555	3	251	123 220 225
2556	3	251	124 168 207
2557	3	251	124 200 213
2558	3	251	124 200 246
2559	3	251	125 153 193
2560	3	251	125 193 229
2561	3	251	126 163 175
2562	3	251	126 163 207
2563	3	251	126 171 206
2564	3	251	126 206 209
2565	3	251	127 152 172
2566	3	251	127 170 205
2567	3	251	127 205 232
2568	3	251	127 228 240
2569	3	251	128 129 149
2570	3	251	128 129 155
2571	3	251	128 129 158
2572	3	251	128 129 168
2573	3	251	128 129 184
2574	3	251	128 131 184
2575	3	251	128 149 204
2576	3	251	128 149 239
2577	3	251	128 161 184
2578	3	251	128 161 246
2579	3	251	128 166 184
2580	3	251	128 166 191
2581	3	251	128 168 220
2582	3	251	128 168 239
2583	3	251	128 170 191
2584	3	251	128 184 239
2585	3	251	129 153 155
2586	3	251	129 155 218
2587	3	251	129 155 244
2588	3	251	129 158 218
2589	3	251	129 168 185
2590	3	251	129 168 224
2591	3	251	129 181 201
2592	3	251	129 181 208
2593	3	251	129 181 242
2594	3	251	130 131 217
2595	3	251	130 131 238
2596	3	251	130 135 138
2597	3	251	130 135 152
2598	3	251	130 138 150
2599	3	251	130 138 152
2600	3	251	130 138 250
2601	3	251	130 152 204
2602	3	251	130 152 217
2603	3	251	130 195 204
2604	3	251	130 200 217
2605	3	251	131 132 222
2606	3	251	131 136 238
2607	3	251	131 139 146
2608	3	251	131 139 249
2609	3	251	131 146 172
2610	3	251	131 184 217
2611	3	251	131 222 238
2612	3	251	132 203 205
2613	3	251	133 148 203
2614	3	251	133 183 199
2615	3	251	134 141 149
2616	3	251	134 141 169
2617	3	251	134 169 196
2618	3	251	134 171 197
2619	3	251	134 178 191
2620	3	251	134 197 200
2621	3	251	135 138 152
2622	3	251	135 142 188
2623	3	251	135 152 220
2624	3	251	136 140 145
2625	3	251	136 145 162
2626	3	251	136 145 243
2627	3	251	136 162 238
2628	3	251	136 171 223
2629	3	251	136 230 239
2630	3	251	137 142 203
2631	3	251	137 142 218
2632	3	251	137 218 238
2633	3	251	138 152 184
2634	3	251	138 166 184
2635	3	251	138 166 250
2636	3	251	138 184 236
2637	3	251	138 196 241
2638	3	251	138 228 236
2639	3	251	139 151 154
2640	3	251	139 151 194
2641	3	251	139 154 202
2642	3	251	139 195 209
2643	3	251	139 195 249
2644	3	251	139 209 213
2645	3	251	139 209 227
2646	3	251	139 227 249
2647	3	251	139 229 242
2648	3	251	140 145 204
2649	3	251	140 160 217
2650	3	251	140 197 227
2651	3	251	142 159 176
2652	3	251	142 159 245
2653	3	251	142 176 188
2654	3	251	142 176 221
2655	3	251	142 180 188
2656	3	251	142 187 188
2657	3	251	142 188 218
2658	3	251	142 190 208
2659	3	251	142 190 211
2660	3	251	142 208 215
2661	3	251	142 208 221
2662	3	251	142 209 218
2663	3	251	142 218 245
2664	3	251	143 158 218
2665	3	251	143 158 235
2666	3	251	143 165 188
2667	3	251	143 165 234
2668	3	251	143 172 185
2669	3	251	143 172 198
2670	3	251	143 172 235
2671	3	251	143 188 198
2672	3	251	143 188 214
2673	3	251	143 188 218
2674	3	251	143 188 243
2675	3	251	143 198 243
2676	3	251	144 146 233
2677	3	251	144 151 154
2678	3	251	144 183 224
2679	3	251	144 183 249
2680	3	251	144 224 233
2681	3	251	145 162 236
2682	3	251	145 182 220
2683	3	251	145 182 233
2684	3	251	145 204 235
2685	3	251	145 205 232
2686	3	251	145 205 233
2687	3	251	145 232 243
2688	3	251	146 152 172
2689	3	251	146 152 176
2690	3	251	146 152 204
2691	3	251	146 166 176
2692	3	251	147 152 155
2693	3	251	147 152 204
2694	3	251	147 152 220
2695	3	251	147 190 208
2696	3	251	147 192 240
2697	3	251	147 204 208
2698	3	251	147 208 223
2699	3	251	147 208 240
2700	3	251	148 149 202
2701	3	251	148 192 202
2702	3	251	148 200 217
2703	3	251	148 203 235
2704	3	251	149 156 237
2705	3	251	149 186 222
2706	3	251	149 204 222
2707	3	251	149 222 230
2708	3	251	149 230 239
2709	3	251	150 161 246
2710	3	251	150 164 202
2711	3	251	150 187 226
2712	3	251	151 158 182
2713	3	251	151 158 186
2714	3	251	151 182 186
2715	3	251	151 186 194
2716	3	251	152 172 178
2717	3	251	152 173 184
2718	3	251	152 173 207
2719	3	251	152 184 217
2720	3	251	152 207 220
2721	3	251	153 154 174
2722	3	251	153 155 193
2723	3	251	154 161 184
2724	3	251	154 161 223
2725	3	251	154 174 204
2726	3	251	154 184 226
2727	3	251	154 203 205
2728	3	251	155 187 244
2729	3	251	155 194 218
2730	3	251	156 167 194
2731	3	251	156 167 235
2732	3	251	156 171 206
2733	3	251	156 171 210
2734	3	251	156 194 206
2735	3	251	156 194 210
2736	3	251	156 194 237
2737	3	251	156 206 210
2738	3	251	156 206 235
2739	3	251	157 178 191
2740	3	251	157 179 239
2741	3	251	158 182 186
2742	3	251	158 206 216
2743	3	251	158 206 235
2744	3	251	158 235 241
2745	3	251	159 196 230
2746	3	251	159 200 217
2747	3	251	159 230 235
2748	3	251	160 184 217
2749	3	251	160 184 226
2750	3	251	160 185 186
2751	3	251	160 200 217
2752	3	251	161 195 249
2753	3	251	161 227 249
2754	3	251	162 229 238
2755	3	251	162 229 242
2756	3	251	163 175 208
2757	3	251	163 179 185
2758	3	251	163 180 220
2759	3	251	163 203 205
2760	3	251	163 207 220
2761	3	251	164 190 211
2762	3	251	164 211 235
2763	3	251	165 221 234
2764	3	251	166 187 192
2765	3	251	166 187 250
2766	3	251	166 191 231
2767	3	251	166 191 250
2768	3	251	166 192 209
2769	3	251	166 231 245
2770	3	251	166 234 250
2771	3	251	167 194 218
2772	3	251	167 202 218
2773	3	251	167 202 238
2774	3	251	167 211 235
2775	3	251	167 211 238
2776	3	251	167 218 238
2777	3	251	167 235 238
2778	3	251	168 182 220
2779	3	251	168 207 220
2780	3	251	168 230 239
2781	3	251	169 212 237
2782	3	251	169 232 237
2783	3	251	170 191 205
2784	3	251	170 191 231
2785	3	251	170 198 205
2786	3	251	171 192 240
2787	3	251	171 197 210
2788	3	251	171 206 210
2789	3	251	172 178 198
2790	3	251	172 215 235
2791	3	251	174 186 242
2792	3	251	175 197 221
2793	3	251	175 208 221
2794	3	251	176 188 198
2795	3	251	176 199 223
2796	3	251	177 199 214
2797	3	251	177 214 229
2798	3	251	179 236 239
2799	3	251	180 200 217
2800	3	251	181 186 208
2801	3	251	181 186 242
2802	3	251	181 208 221
2803	3	251	181 208 230
2804	3	251	181 221 230
2805	3	251	181 230 235
2806	3	251	183 187 226
2807	3	251	184 232 239
2808	3	251	184 236 239
2809	3	251	186 222 238
2810	3	251	187 192 240
2811	3	251	187 232 250
2812	3	251	188 198 243
2813	3	251	190 197 211
2814	3	251	190 208 230
2815	3	251	191 205 232
2816	3	251	191 205 250
2817	3	251	191 231 244
2818	3	251	191 232 250
2819	3	251	192 201 239
2820	3	251	192 219 239
2821	3	251	192 219 249
2822	3	251	192 237 240
2823	3	251	192 239 240
2824	3	251	192 239 249
2825	3	251	193 200 222
2826	3	251	193 204 222
2827	3	251	193 229 242
2828	3	251	194 206 210
2829	3	251	195 204 235
2830	3	251	196 229 242
2831	3	251	197 200 210
2832	3	251	197 200 211
2833	3	251	197 200 213
2834	3	251	197 213 221
2835	3	251	198 205 249
2836	3	251	200 210 241
2837	3	251	200 222 241
2838	3	251	202 218 238
2839	3	251	205 232 250
2840	3	251	205 234 249
2841	3	251	205 234 250
2842	3	251	207 220 225
2843	3	251	207 220 250
2844	3	251	208 221 230
2845	3	251	208 230 249
2846	3	251	211 229 238
2847	3	251	211 235 238
2848	3	251	214 229 242
2849	3	251	219 236 239
2850	3	251	219 239 249
2851	3	251	219 242 248
2852	3	251	220 225 244
2853	3	251	220 241 244
2854	3	251	221 232 237
2855	3	251	229 232 238
2856	3	251	230 239 249
2857	3	251	232 243 250
2858	2	1	1 3
2859	2	1	1 6
2860	2	1	1 18
2861	2	1	1 23
2862	2	1	1 39
2863	2	1	1 43
2864	2	1	1 55
2865	2	1	1 72
2866	2	1	1 79
2867	2	1	1 83
2868	2	1	1 90
2869	2	1	1 94
2870	2	1	1 123
2871	2	1	1 130
2872	2	1	1 155
2873	2	1	1 156
2874	2	1	1 163
2875	2	1	1 174
2876	2	1	1 181
2877	2	1	1 218
2878	2	1	1 225
2879	2	1	1 230
2880	2	1	1 231
2881	2	1	2 26
2882	2	1	2 34
2883	2	1	2 36
2884	2	1	2 39
2885	2	1	2 40
2886	2	1	2 48
2887	2	1	2 53
2888	2	1	2 68
2889	2	1	2 73
2890	2	1	2 75
2891	2	1	2 96
2892	2	1	2 110
2893	2	1	2 131
2894	2	1	2 138
2895	2	1	2 141
2896	2	1	2 145
2897	2	1	2 147
2898	2	1	2 148
2899	2	1	2 166
2900	2	1	2 169
2901	2	1	2 171
2902	2	1	2 193
2903	2	1	2 205
2904	2	1	2 208
2905	2	1	2 225
2906	2	1	2 226
2907	2	1	2 230
2908	2	1	2 249
2909	2	1	3 7
2910	2	1	3 11
2911	2	1	3 17
2912	2	1	3 20
2913	2	1	3 29
2914	2	1	3 30
2915	2	1	3 39
2916	2	1	3 42
2917	2	1	3 56
2918	2	1	3 65
2919	2	1	3 69
2920	2	1	3 70
2921	2	1	3 73
2922	2	1	3 78
2923	2	1	3 84
2924	2	1	3 87
2925	2	1	3 88
2926	2	1	3 95
2927	2	1	3 98
2928	2	1	3 101
2929	2	1	3 108
2930	2	1	3 118
2931	2	1	3 124
2932	2	1	3 131
2933	2	1	3 144
2934	2	1	3 145
2935	2	1	3 152
2936	2	1	3 154
2937	2	1	3 165
2938	2	1	3 174
2939	2	1	3 178
2940	2	1	3 184
2941	2	1	3 186
2942	2	1	3 192
2943	2	1	3 223
2944	2	1	3 225
2945	2	1	3 226
2946	2	1	3 238
2947	2	1	3 244
2948	2	1	3 246
2949	2	1	3 248
2950	2	1	5 8
2951	2	1	5 9
2952	2	1	5 16
2953	2	1	5 20
2954	2	1	5 32
2955	2	1	5 38
2956	2	1	5 48
2957	2	1	5 54
2958	2	1	5 58
2959	2	1	5 70
2960	2	1	5 72
2961	2	1	5 74
2962	2	1	5 76
2963	2	1	5 79
2964	2	1	5 86
2965	2	1	5 89
2966	2	1	5 114
2967	2	1	5 117
2968	2	1	5 118
2969	2	1	5 119
2970	2	1	5 120
2971	2	1	5 134
2972	2	1	5 146
2973	2	1	5 152
2974	2	1	5 158
2975	2	1	5 162
2976	2	1	5 176
2977	2	1	5 194
2978	2	1	5 216
2979	2	1	5 229
2980	2	1	5 234
2981	2	1	6 19
2982	2	1	6 25
2983	2	1	6 29
2984	2	1	6 39
2985	2	1	6 48
2986	2	1	6 67
2987	2	1	6 88
2988	2	1	6 94
2989	2	1	6 106
2990	2	1	6 118
2991	2	1	6 126
2992	2	1	6 133
2993	2	1	6 134
2994	2	1	6 137
2995	2	1	6 138
2996	2	1	6 142
2997	2	1	6 147
2998	2	1	6 150
2999	2	1	6 151
3000	2	1	6 157
3001	2	1	6 159
3002	2	1	6 170
3003	2	1	6 184
3004	2	1	6 193
3005	2	1	6 209
3006	2	1	6 210
3007	2	1	6 217
3008	2	1	6 223
3009	2	1	6 229
3010	2	1	6 230
3011	2	1	6 231
3012	2	1	6 232
3013	2	1	7 13
3014	2	1	7 50
3015	2	1	7 58
3016	2	1	7 65
3017	2	1	7 81
3018	2	1	7 86
3019	2	1	7 87
3020	2	1	7 95
3021	2	1	7 100
3022	2	1	7 106
3023	2	1	7 109
3024	2	1	7 112
3025	2	1	7 124
3026	2	1	7 132
3027	2	1	7 157
3028	2	1	7 170
3029	2	1	7 171
3030	2	1	7 175
3031	2	1	7 178
3032	2	1	7 180
3033	2	1	7 182
3034	2	1	7 184
3035	2	1	7 195
3036	2	1	7 210
3037	2	1	7 211
3038	2	1	7 213
3039	2	1	7 220
3040	2	1	7 242
3041	2	1	7 244
3042	2	1	7 246
3043	2	1	7 248
3044	2	1	7 250
3045	2	1	8 13
3046	2	1	8 17
3047	2	1	8 32
3048	2	1	8 48
3049	2	1	8 49
3050	2	1	8 73
3051	2	1	8 77
3052	2	1	8 80
3053	2	1	8 92
3054	2	1	8 102
3055	2	1	8 136
3056	2	1	8 138
3057	2	1	8 149
3058	2	1	8 155
3059	2	1	8 171
3060	2	1	8 172
3061	2	1	8 188
3062	2	1	8 196
3063	2	1	8 204
3064	2	1	8 206
3065	2	1	8 209
3066	2	1	8 224
3067	2	1	8 230
3068	2	1	8 244
3069	2	1	9 21
3070	2	1	9 22
3071	2	1	9 24
3072	2	1	9 54
3073	2	1	9 60
3074	2	1	9 68
3075	2	1	9 84
3076	2	1	9 87
3077	2	1	9 102
3078	2	1	9 109
3079	2	1	9 114
3080	2	1	9 116
3081	2	1	9 129
3082	2	1	9 136
3083	2	1	9 137
3084	2	1	9 140
3085	2	1	9 151
3086	2	1	9 153
3087	2	1	9 160
3088	2	1	9 164
3089	2	1	9 167
3090	2	1	9 174
3091	2	1	9 183
3092	2	1	9 201
3093	2	1	9 211
3094	2	1	9 214
3095	2	1	9 219
3096	2	1	9 228
3097	2	1	9 233
3098	2	1	9 235
3099	2	1	9 237
3100	2	1	9 239
3101	2	1	9 242
3102	2	1	10 15
3103	2	1	10 18
3104	2	1	10 35
3105	2	1	10 43
3106	2	1	10 45
3107	2	1	10 46
3108	2	1	10 96
3109	2	1	10 127
3110	2	1	10 130
3111	2	1	10 143
3112	2	1	10 152
3113	2	1	10 155
3114	2	1	10 158
3115	2	1	10 161
3116	2	1	10 204
3117	2	1	10 208
3118	2	1	10 218
3119	2	1	10 225
3120	2	1	10 244
3121	2	1	11 35
3122	2	1	11 41
3123	2	1	11 46
3124	2	1	11 49
3125	2	1	11 53
3126	2	1	11 65
3127	2	1	11 103
3128	2	1	11 129
3129	2	1	11 137
3130	2	1	11 157
3131	2	1	11 160
3132	2	1	11 167
3133	2	1	11 177
3134	2	1	11 186
3135	2	1	11 187
3136	2	1	11 193
3137	2	1	11 202
3138	2	1	11 214
3139	2	1	11 216
3140	2	1	11 217
3141	2	1	11 225
3142	2	1	11 228
3143	2	1	11 244
3144	2	1	12 20
3145	2	1	12 25
3146	2	1	12 29
3147	2	1	12 31
3148	2	1	12 48
3149	2	1	12 63
3150	2	1	12 75
3151	2	1	12 86
3152	2	1	12 88
3153	2	1	12 97
3154	2	1	12 126
3155	2	1	12 129
3156	2	1	12 138
3157	2	1	12 152
3158	2	1	12 159
3159	2	1	12 163
3160	2	1	12 174
3161	2	1	12 179
3162	2	1	12 196
3163	2	1	12 216
3164	2	1	12 224
3165	2	1	12 228
3166	2	1	12 230
3167	2	1	12 237
3168	2	1	13 19
3169	2	1	13 28
3170	2	1	13 38
3171	2	1	13 68
3172	2	1	13 76
3173	2	1	13 78
3174	2	1	13 79
3175	2	1	13 80
3176	2	1	13 84
3177	2	1	13 86
3178	2	1	13 93
3179	2	1	13 109
3180	2	1	13 117
3181	2	1	13 127
3182	2	1	13 139
3183	2	1	13 153
3184	2	1	13 156
3185	2	1	13 160
3186	2	1	13 161
3187	2	1	13 162
3188	2	1	13 172
3189	2	1	13 179
3190	2	1	13 190
3191	2	1	13 221
3192	2	1	13 236
3193	2	1	13 237
3194	2	1	13 250
3195	2	1	14 59
3196	2	1	14 66
3197	2	1	14 74
3198	2	1	14 75
3199	2	1	14 94
3200	2	1	14 97
3201	2	1	14 98
3202	2	1	14 99
3203	2	1	14 118
3204	2	1	14 131
3205	2	1	14 135
3206	2	1	14 167
3207	2	1	14 172
3208	2	1	14 180
3209	2	1	14 182
3210	2	1	14 184
3211	2	1	14 186
3212	2	1	14 188
3213	2	1	14 210
3214	2	1	14 223
3215	2	1	14 229
3216	2	1	15 18
3217	2	1	15 46
3218	2	1	15 49
3219	2	1	15 54
3220	2	1	15 86
3221	2	1	15 97
3222	2	1	15 99
3223	2	1	15 130
3224	2	1	15 141
3225	2	1	15 142
3226	2	1	15 143
3227	2	1	15 177
3228	2	1	15 178
3229	2	1	15 179
3230	2	1	15 194
3231	2	1	15 196
3232	2	1	15 210
3233	2	1	15 213
3234	2	1	15 214
3235	2	1	15 225
3236	2	1	15 232
3237	2	1	15 243
3238	2	1	16 17
3239	2	1	16 38
3240	2	1	16 49
3241	2	1	16 55
3242	2	1	16 60
3243	2	1	16 76
3244	2	1	16 79
3245	2	1	16 83
3246	2	1	16 98
3247	2	1	16 99
3248	2	1	16 105
3249	2	1	16 109
3250	2	1	16 112
3251	2	1	16 145
3252	2	1	16 150
3253	2	1	16 152
3254	2	1	16 182
3255	2	1	16 186
3256	2	1	16 194
3257	2	1	16 199
3258	2	1	16 200
3259	2	1	16 220
3260	2	1	16 222
3261	2	1	16 227
3262	2	1	16 239
3263	2	1	17 22
3264	2	1	17 43
3265	2	1	17 45
3266	2	1	17 47
3267	2	1	17 50
3268	2	1	17 69
3269	2	1	17 91
3270	2	1	17 92
3271	2	1	17 136
3272	2	1	17 143
3273	2	1	17 148
3274	2	1	17 157
3275	2	1	17 179
3276	2	1	17 191
3277	2	1	17 206
3278	2	1	17 225
3279	2	1	17 233
3280	2	1	17 248
3281	2	1	18 40
3282	2	1	18 41
3283	2	1	18 42
3284	2	1	18 55
3285	2	1	18 74
3286	2	1	18 104
3287	2	1	18 106
3288	2	1	18 144
3289	2	1	18 146
3290	2	1	18 166
3291	2	1	18 172
3292	2	1	18 175
3293	2	1	18 185
3294	2	1	18 191
3295	2	1	18 197
3296	2	1	18 208
3297	2	1	18 209
3298	2	1	18 226
3299	2	1	18 241
3300	2	1	18 243
3301	2	1	19 22
3302	2	1	19 46
3303	2	1	19 47
3304	2	1	19 54
3305	2	1	19 61
3306	2	1	19 62
3307	2	1	19 66
3308	2	1	19 67
3309	2	1	19 72
3310	2	1	19 73
3311	2	1	19 76
3312	2	1	19 101
3313	2	1	19 124
3314	2	1	19 133
3315	2	1	19 141
3316	2	1	19 142
3317	2	1	19 144
3318	2	1	19 146
3319	2	1	19 161
3320	2	1	19 162
3321	2	1	19 163
3322	2	1	19 166
3323	2	1	19 183
3324	2	1	19 186
3325	2	1	19 194
3326	2	1	19 197
3327	2	1	19 218
3328	2	1	20 22
3329	2	1	20 28
3330	2	1	20 29
3331	2	1	20 30
3332	2	1	20 31
3333	2	1	20 49
3334	2	1	20 56
3335	2	1	20 75
3336	2	1	20 85
3337	2	1	20 91
3338	2	1	20 99
3339	2	1	20 106
3340	2	1	20 125
3341	2	1	20 127
3342	2	1	20 130
3343	2	1	20 148
3344	2	1	20 166
3345	2	1	20 175
3346	2	1	20 183
3347	2	1	20 201
3348	2	1	20 235
3349	2	1	20 241
3350	2	1	20 244
3351	2	1	21 33
3352	2	1	21 34
3353	2	1	21 37
3354	2	1	21 48
3355	2	1	21 54
3356	2	1	21 59
3357	2	1	21 60
3358	2	1	21 67
3359	2	1	21 105
3360	2	1	21 125
3361	2	1	21 139
3362	2	1	21 149
3363	2	1	21 150
3364	2	1	21 151
3365	2	1	21 152
3366	2	1	21 159
3367	2	1	21 165
3368	2	1	21 174
3369	2	1	21 176
3370	2	1	21 185
3371	2	1	21 191
3372	2	1	21 215
3373	2	1	21 237
3374	2	1	22 30
3375	2	1	22 46
3376	2	1	22 47
3377	2	1	22 62
3378	2	1	22 103
3379	2	1	22 104
3380	2	1	22 105
3381	2	1	22 122
3382	2	1	22 133
3383	2	1	22 136
3384	2	1	22 144
3385	2	1	22 148
3386	2	1	22 158
3387	2	1	22 159
3388	2	1	22 165
3389	2	1	22 168
3390	2	1	22 171
3391	2	1	22 177
3392	2	1	22 200
3393	2	1	22 212
3394	2	1	22 227
3395	2	1	22 231
3396	2	1	23 43
3397	2	1	23 47
3398	2	1	23 56
3399	2	1	23 60
3400	2	1	23 73
3401	2	1	23 103
3402	2	1	23 114
3403	2	1	23 124
3404	2	1	23 145
3405	2	1	23 168
3406	2	1	23 175
3407	2	1	23 185
3408	2	1	23 201
3409	2	1	23 207
3410	2	1	23 210
3411	2	1	23 235
3412	2	1	23 243
3413	2	1	24 43
3414	2	1	24 46
3415	2	1	24 67
3416	2	1	24 108
3417	2	1	24 114
3418	2	1	24 115
3419	2	1	24 134
3420	2	1	24 143
3421	2	1	24 160
3422	2	1	24 163
3423	2	1	24 178
3424	2	1	24 204
3425	2	1	24 206
3426	2	1	24 208
3427	2	1	24 236
3428	2	1	24 239
3429	2	1	24 245
3430	2	1	25 33
3431	2	1	25 36
3432	2	1	25 44
3433	2	1	25 64
3434	2	1	25 67
3435	2	1	25 73
3436	2	1	25 87
3437	2	1	25 89
3438	2	1	25 92
3439	2	1	25 93
3440	2	1	25 95
3441	2	1	25 100
3442	2	1	25 122
3443	2	1	25 133
3444	2	1	25 155
3445	2	1	25 156
3446	2	1	25 161
3447	2	1	25 171
3448	2	1	25 176
3449	2	1	25 182
3450	2	1	25 188
3451	2	1	25 194
3452	2	1	25 199
3453	2	1	25 212
3454	2	1	25 228
3455	2	1	25 234
3456	2	1	25 242
3457	2	1	26 48
3458	2	1	26 57
3459	2	1	26 58
3460	2	1	26 64
3461	2	1	26 79
3462	2	1	26 81
3463	2	1	26 84
3464	2	1	26 96
3465	2	1	26 100
3466	2	1	26 105
3467	2	1	26 116
3468	2	1	26 131
3469	2	1	26 142
3470	2	1	26 153
3471	2	1	26 199
3472	2	1	26 215
3473	2	1	26 220
3474	2	1	26 244
3475	2	1	27 46
3476	2	1	27 49
3477	2	1	27 72
3478	2	1	27 76
3479	2	1	27 78
3480	2	1	27 87
3481	2	1	27 91
3482	2	1	27 99
3483	2	1	27 112
3484	2	1	27 119
3485	2	1	27 120
3486	2	1	27 122
3487	2	1	27 130
3488	2	1	27 133
3489	2	1	27 163
3490	2	1	27 174
3491	2	1	27 176
3492	2	1	27 187
3493	2	1	27 194
3494	2	1	27 199
3495	2	1	27 204
3496	2	1	27 207
3497	2	1	27 212
3498	2	1	27 213
3499	2	1	27 220
3500	2	1	27 245
3501	2	1	27 250
3502	2	1	28 48
3503	2	1	28 78
3504	2	1	28 88
3505	2	1	28 101
3506	2	1	28 108
3507	2	1	28 115
3508	2	1	28 123
3509	2	1	28 135
3510	2	1	28 145
3511	2	1	28 152
3512	2	1	28 157
3513	2	1	28 167
3514	2	1	28 172
3515	2	1	28 179
3516	2	1	28 192
3517	2	1	28 194
3518	2	1	28 199
3519	2	1	28 201
3520	2	1	28 203
3521	2	1	28 218
3522	2	1	28 238
3523	2	1	29 30
3524	2	1	29 39
3525	2	1	29 57
3526	2	1	29 65
3527	2	1	29 74
3528	2	1	29 75
3529	2	1	29 98
3530	2	1	29 116
3531	2	1	29 127
3532	2	1	29 133
3533	2	1	29 138
3534	2	1	29 140
3535	2	1	29 145
3536	2	1	29 149
3537	2	1	29 170
3538	2	1	29 172
3539	2	1	29 174
3540	2	1	29 184
3541	2	1	29 193
3542	2	1	29 230
3543	2	1	30 33
3544	2	1	30 34
3545	2	1	30 40
3546	2	1	30 55
3547	2	1	30 59
3548	2	1	30 74
3549	2	1	30 81
3550	2	1	30 130
3551	2	1	30 139
3552	2	1	30 157
3553	2	1	30 176
3554	2	1	30 177
3555	2	1	30 196
3556	2	1	30 213
3557	2	1	30 215
3558	2	1	30 222
3559	2	1	30 223
3560	2	1	30 225
3561	2	1	31 44
3562	2	1	31 53
3563	2	1	31 60
3564	2	1	31 73
3565	2	1	31 77
3566	2	1	31 94
3567	2	1	31 95
3568	2	1	31 134
3569	2	1	31 163
3570	2	1	31 167
3571	2	1	31 169
3572	2	1	31 178
3573	2	1	31 184
3574	2	1	31 190
3575	2	1	31 192
3576	2	1	31 197
3577	2	1	31 200
3578	2	1	31 204
3579	2	1	31 213
3580	2	1	31 220
3581	2	1	31 225
3582	2	1	31 228
3583	2	1	31 237
3584	2	1	31 248
3585	2	1	32 75
3586	2	1	32 76
3587	2	1	32 78
3588	2	1	32 84
3589	2	1	32 94
3590	2	1	32 97
3591	2	1	32 131
3592	2	1	32 138
3593	2	1	32 141
3594	2	1	32 153
3595	2	1	32 169
3596	2	1	32 172
3597	2	1	32 195
3598	2	1	32 204
3599	2	1	32 219
3600	2	1	32 233
3601	2	1	32 242
3602	2	1	33 43
3603	2	1	33 45
3604	2	1	33 50
3605	2	1	33 60
3606	2	1	33 64
3607	2	1	33 68
3608	2	1	33 69
3609	2	1	33 77
3610	2	1	33 78
3611	2	1	33 83
3612	2	1	33 103
3613	2	1	33 120
3614	2	1	33 126
3615	2	1	33 129
3616	2	1	33 135
3617	2	1	33 158
3618	2	1	33 195
3619	2	1	33 204
3620	2	1	33 209
3621	2	1	33 210
3622	2	1	33 218
3623	2	1	33 221
3624	2	1	33 237
3625	2	1	33 240
3626	2	1	34 41
3627	2	1	34 56
3628	2	1	34 60
3629	2	1	34 69
3630	2	1	34 72
3631	2	1	34 82
3632	2	1	34 84
3633	2	1	34 86
3634	2	1	34 93
3635	2	1	34 98
3636	2	1	34 99
3637	2	1	34 117
3638	2	1	34 125
3639	2	1	34 153
3640	2	1	34 156
3641	2	1	34 170
3642	2	1	34 184
3643	2	1	34 186
3644	2	1	34 202
3645	2	1	34 211
3646	2	1	34 219
3647	2	1	34 230
3648	2	1	34 233
3649	2	1	34 235
3650	2	1	34 236
3651	2	1	35 44
3652	2	1	35 48
3653	2	1	35 56
3654	2	1	35 57
3655	2	1	35 61
3656	2	1	35 77
3657	2	1	35 83
3658	2	1	35 104
3659	2	1	35 106
3660	2	1	35 113
3661	2	1	35 139
3662	2	1	35 140
3663	2	1	35 146
3664	2	1	35 169
3665	2	1	35 185
3666	2	1	35 188
3667	2	1	35 190
3668	2	1	35 192
3669	2	1	35 209
3670	2	1	35 214
3671	2	1	35 232
3672	2	1	35 234
3673	2	1	35 239
3674	2	1	35 250
3675	2	1	36 55
3676	2	1	36 90
3677	2	1	36 92
3678	2	1	36 117
3679	2	1	36 138
3680	2	1	36 146
3681	2	1	36 152
3682	2	1	36 154
3683	2	1	36 164
3684	2	1	36 184
3685	2	1	36 204
3686	2	1	36 219
3687	2	1	36 223
3688	2	1	36 230
3689	2	1	36 242
3690	2	1	36 245
3691	2	1	37 42
3692	2	1	37 52
3693	2	1	37 58
3694	2	1	37 61
3695	2	1	37 75
3696	2	1	37 103
3697	2	1	37 105
3698	2	1	37 106
3699	2	1	37 111
3700	2	1	37 127
3701	2	1	37 135
3702	2	1	37 147
3703	2	1	37 164
3704	2	1	37 167
3705	2	1	37 172
3706	2	1	37 181
3707	2	1	37 203
3708	2	1	37 210
3709	2	1	37 215
3710	2	1	37 217
3711	2	1	37 219
3712	2	1	37 245
3713	2	1	38 53
3714	2	1	38 57
3715	2	1	38 73
3716	2	1	38 87
3717	2	1	38 90
3718	2	1	38 91
3719	2	1	38 95
3720	2	1	38 96
3721	2	1	38 136
3722	2	1	38 165
3723	2	1	38 177
3724	2	1	38 199
3725	2	1	38 212
3726	2	1	38 217
3727	2	1	38 218
3728	2	1	38 229
3729	2	1	38 237
3730	2	1	38 250
3731	2	1	39 40
3732	2	1	39 44
3733	2	1	39 52
3734	2	1	39 58
3735	2	1	39 70
3736	2	1	39 71
3737	2	1	39 76
3738	2	1	39 87
3739	2	1	39 94
3740	2	1	39 113
3741	2	1	39 131
3742	2	1	39 135
3743	2	1	39 136
3744	2	1	39 147
3745	2	1	39 148
3746	2	1	39 152
3747	2	1	39 164
3748	2	1	39 172
3749	2	1	39 182
3750	2	1	39 186
3751	2	1	39 211
3752	2	1	39 227
3753	2	1	39 231
3754	2	1	39 232
3755	2	1	39 234
3756	2	1	39 238
3757	2	1	39 249
3758	2	1	40 45
3759	2	1	40 50
3760	2	1	40 53
3761	2	1	40 56
3762	2	1	40 60
3763	2	1	40 61
3764	2	1	40 75
3765	2	1	40 79
3766	2	1	40 99
3767	2	1	40 113
3768	2	1	40 136
3769	2	1	40 148
3770	2	1	40 156
3771	2	1	40 158
3772	2	1	40 162
3773	2	1	40 163
3774	2	1	40 166
3775	2	1	40 186
3776	2	1	40 198
3777	2	1	40 211
3778	2	1	40 235
3779	2	1	40 237
3780	2	1	40 249
3781	2	1	41 55
3782	2	1	41 60
3783	2	1	41 62
3784	2	1	41 70
3785	2	1	41 80
3786	2	1	41 106
3787	2	1	41 107
3788	2	1	41 125
3789	2	1	41 137
3790	2	1	41 141
3791	2	1	41 142
3792	2	1	41 147
3793	2	1	41 157
3794	2	1	41 158
3795	2	1	41 163
3796	2	1	41 165
3797	2	1	41 168
3798	2	1	41 174
3799	2	1	41 181
3800	2	1	41 200
3801	2	1	41 201
3802	2	1	41 214
3803	2	1	41 215
3804	2	1	41 225
3805	2	1	41 235
3806	2	1	41 238
3807	2	1	41 242
3808	2	1	41 245
3809	2	1	41 250
3810	2	1	42 47
3811	2	1	42 53
3812	2	1	42 63
3813	2	1	42 72
3814	2	1	42 78
3815	2	1	42 79
3816	2	1	42 85
3817	2	1	42 91
3818	2	1	42 94
3819	2	1	42 104
3820	2	1	42 131
3821	2	1	42 142
3822	2	1	42 171
3823	2	1	42 175
3824	2	1	42 176
3825	2	1	42 184
3826	2	1	42 185
3827	2	1	42 193
3828	2	1	42 201
3829	2	1	42 230
3830	2	1	42 235
3831	2	1	42 248
3832	2	1	43 46
3833	2	1	43 50
3834	2	1	43 53
3835	2	1	43 65
3836	2	1	43 73
3837	2	1	43 82
3838	2	1	43 86
3839	2	1	43 109
3840	2	1	43 145
3841	2	1	43 147
3842	2	1	43 157
3843	2	1	43 163
3844	2	1	43 183
3845	2	1	43 190
3846	2	1	43 230
3847	2	1	43 234
3848	2	1	44 50
3849	2	1	44 66
3850	2	1	44 67
3851	2	1	44 68
3852	2	1	44 76
3853	2	1	44 84
3854	2	1	44 86
3855	2	1	44 88
3856	2	1	44 93
3857	2	1	44 105
3858	2	1	44 108
3859	2	1	44 113
3860	2	1	44 147
3861	2	1	44 162
3862	2	1	44 164
3863	2	1	44 179
3864	2	1	44 181
3865	2	1	44 195
3866	2	1	44 196
3867	2	1	44 204
3868	2	1	44 206
3869	2	1	44 211
3870	2	1	44 225
3871	2	1	44 234
3872	2	1	44 237
3873	2	1	44 243
3874	2	1	44 248
3875	2	1	45 50
3876	2	1	45 52
3877	2	1	45 72
3878	2	1	45 79
3879	2	1	45 92
3880	2	1	45 93
3881	2	1	45 101
3882	2	1	45 107
3883	2	1	45 113
3884	2	1	45 131
3885	2	1	45 143
3886	2	1	45 167
3887	2	1	45 169
3888	2	1	45 171
3889	2	1	45 175
3890	2	1	45 180
3891	2	1	45 193
3892	2	1	45 196
3893	2	1	45 215
3894	2	1	45 231
3895	2	1	45 233
3896	2	1	45 243
3897	2	1	46 86
3898	2	1	46 97
3899	2	1	46 99
3900	2	1	46 124
3901	2	1	46 130
3902	2	1	46 156
3903	2	1	46 158
3904	2	1	46 161
3905	2	1	46 181
3906	2	1	46 200
3907	2	1	46 232
3908	2	1	46 235
3909	2	1	46 246
3910	2	1	47 67
3911	2	1	47 83
3912	2	1	47 84
3913	2	1	47 88
3914	2	1	47 94
3915	2	1	47 102
3916	2	1	47 124
3917	2	1	47 145
3918	2	1	47 152
3919	2	1	47 157
3920	2	1	47 159
3921	2	1	47 165
3922	2	1	47 176
3923	2	1	47 190
3924	2	1	47 194
3925	2	1	47 202
3926	2	1	47 205
3927	2	1	47 227
3928	2	1	47 238
3929	2	1	47 243
3930	2	1	47 244
3931	2	1	47 249
3932	2	1	48 79
3933	2	1	48 102
3934	2	1	48 105
3935	2	1	48 114
3936	2	1	48 124
3937	2	1	48 137
3938	2	1	48 143
3939	2	1	48 173
3940	2	1	48 180
3941	2	1	48 181
3942	2	1	48 190
3943	2	1	48 198
3944	2	1	48 200
3945	2	1	48 217
3946	2	1	48 219
3947	2	1	48 220
3948	2	1	48 222
3949	2	1	48 226
3950	2	1	48 229
3951	2	1	48 232
3952	2	1	48 234
3953	2	1	48 235
3954	2	1	49 76
3955	2	1	49 79
3956	2	1	49 81
3957	2	1	49 97
3958	2	1	49 120
3959	2	1	49 131
3960	2	1	49 132
3961	2	1	49 133
3962	2	1	49 153
3963	2	1	49 154
3964	2	1	49 158
3965	2	1	49 168
3966	2	1	49 193
3967	2	1	49 194
3968	2	1	49 204
3969	2	1	49 206
3970	2	1	49 211
3971	2	1	49 220
3972	2	1	49 221
3973	2	1	49 224
3974	2	1	49 229
3975	2	1	49 230
3976	2	1	50 57
3977	2	1	50 61
3978	2	1	50 63
3979	2	1	50 70
3980	2	1	50 71
3981	2	1	50 91
3982	2	1	50 93
3983	2	1	50 135
3984	2	1	50 148
3985	2	1	50 153
3986	2	1	50 157
3987	2	1	50 173
3988	2	1	50 177
3989	2	1	50 184
3990	2	1	50 186
3991	2	1	50 199
3992	2	1	50 210
3993	2	1	50 223
3994	2	1	50 233
3995	2	1	50 240
3996	2	1	52 60
3997	2	1	52 64
3998	2	1	52 70
3999	2	1	52 97
4000	2	1	52 120
4001	2	1	52 130
4002	2	1	52 136
4003	2	1	52 137
4004	2	1	52 138
4005	2	1	52 153
4006	2	1	52 164
4007	2	1	52 168
4008	2	1	52 177
4009	2	1	52 205
4010	2	1	52 213
4011	2	1	52 217
4012	2	1	52 231
4013	2	1	52 240
4014	2	1	52 241
4015	2	1	53 61
4016	2	1	53 91
4017	2	1	53 116
4018	2	1	53 127
4019	2	1	53 142
4020	2	1	53 158
4021	2	1	53 176
4022	2	1	53 214
4023	2	1	53 223
4024	2	1	53 240
4025	2	1	53 244
4026	2	1	53 245
4027	2	1	53 246
4028	2	1	54 87
4029	2	1	54 94
4030	2	1	54 103
4031	2	1	54 104
4032	2	1	54 130
4033	2	1	54 141
4034	2	1	54 152
4035	2	1	54 159
4036	2	1	54 201
4037	2	1	54 217
4038	2	1	54 220
4039	2	1	54 233
4040	2	1	55 103
4041	2	1	55 114
4042	2	1	55 116
4043	2	1	55 127
4044	2	1	55 136
4045	2	1	55 139
4046	2	1	55 163
4047	2	1	55 181
4048	2	1	55 188
4049	2	1	55 190
4050	2	1	55 198
4051	2	1	55 204
4052	2	1	55 209
4053	2	1	55 212
4054	2	1	55 220
4055	2	1	55 230
4056	2	1	56 74
4057	2	1	56 79
4058	2	1	56 83
4059	2	1	56 107
4060	2	1	56 133
4061	2	1	56 146
4062	2	1	56 169
4063	2	1	56 203
4064	2	1	56 207
4065	2	1	56 213
4066	2	1	56 219
4067	2	1	56 236
4068	2	1	56 243
4069	2	1	56 245
4070	2	1	57 71
4071	2	1	57 94
4072	2	1	57 96
4073	2	1	57 101
4074	2	1	57 105
4075	2	1	57 111
4076	2	1	57 149
4077	2	1	57 154
4078	2	1	57 164
4079	2	1	57 165
4080	2	1	57 169
4081	2	1	57 173
4082	2	1	57 179
4083	2	1	57 202
4084	2	1	57 215
4085	2	1	57 225
4086	2	1	57 230
4087	2	1	57 233
4088	2	1	57 234
4089	2	1	57 242
4090	2	1	58 66
4091	2	1	58 68
4092	2	1	58 77
4093	2	1	58 78
4094	2	1	58 81
4095	2	1	58 115
4096	2	1	58 120
4097	2	1	58 127
4098	2	1	58 134
4099	2	1	58 136
4100	2	1	58 149
4101	2	1	58 151
4102	2	1	58 158
4103	2	1	58 161
4104	2	1	58 169
4105	2	1	58 173
4106	2	1	58 175
4107	2	1	58 188
4108	2	1	58 197
4109	2	1	58 208
4110	2	1	58 209
4111	2	1	58 216
4112	2	1	58 219
4113	2	1	58 223
4114	2	1	58 237
4115	2	1	58 239
4116	2	1	59 92
4117	2	1	59 94
4118	2	1	59 98
4119	2	1	59 99
4120	2	1	59 125
4121	2	1	59 135
4122	2	1	59 141
4123	2	1	59 157
4124	2	1	59 168
4125	2	1	59 178
4126	2	1	59 181
4127	2	1	59 186
4128	2	1	59 190
4129	2	1	59 192
4130	2	1	59 199
4131	2	1	59 221
4132	2	1	59 243
4133	2	1	60 71
4134	2	1	60 77
4135	2	1	60 82
4136	2	1	60 96
4137	2	1	60 112
4138	2	1	60 116
4139	2	1	60 122
4140	2	1	60 123
4141	2	1	60 139
4142	2	1	60 144
4143	2	1	60 145
4144	2	1	60 146
4145	2	1	60 147
4146	2	1	60 171
4147	2	1	60 172
4148	2	1	60 174
4149	2	1	60 175
4150	2	1	60 177
4151	2	1	60 196
4152	2	1	60 207
4153	2	1	60 211
4154	2	1	60 212
4155	2	1	60 213
4156	2	1	60 224
4157	2	1	60 227
4158	2	1	61 69
4159	2	1	61 79
4160	2	1	61 87
4161	2	1	61 97
4162	2	1	61 109
4163	2	1	61 112
4164	2	1	61 123
4165	2	1	61 129
4166	2	1	61 152
4167	2	1	61 158
4168	2	1	61 177
4169	2	1	61 209
4170	2	1	61 215
4171	2	1	61 223
4172	2	1	61 240
4173	2	1	61 250
4174	2	1	62 71
4175	2	1	62 74
4176	2	1	62 77
4177	2	1	62 79
4178	2	1	62 117
4179	2	1	62 127
4180	2	1	62 128
4181	2	1	62 160
4182	2	1	62 164
4183	2	1	62 179
4184	2	1	62 187
4185	2	1	62 196
4186	2	1	62 203
4187	2	1	62 208
4188	2	1	62 221
4189	2	1	62 222
4190	2	1	63 67
4191	2	1	63 70
4192	2	1	63 72
4193	2	1	63 87
4194	2	1	63 98
4195	2	1	63 104
4196	2	1	63 110
4197	2	1	63 111
4198	2	1	63 131
4199	2	1	63 133
4200	2	1	63 134
4201	2	1	63 135
4202	2	1	63 139
4203	2	1	63 158
4204	2	1	63 160
4205	2	1	63 166
4206	2	1	63 181
4207	2	1	63 188
4208	2	1	63 191
4209	2	1	63 194
4210	2	1	63 200
4211	2	1	63 209
4212	2	1	63 221
4213	2	1	63 227
4214	2	1	63 237
4215	2	1	64 67
4216	2	1	64 68
4217	2	1	64 74
4218	2	1	64 81
4219	2	1	64 82
4220	2	1	64 93
4221	2	1	64 97
4222	2	1	64 101
4223	2	1	64 102
4224	2	1	64 105
4225	2	1	64 112
4226	2	1	64 114
4227	2	1	64 128
4228	2	1	64 132
4229	2	1	64 133
4230	2	1	64 136
4231	2	1	64 145
4232	2	1	64 160
4233	2	1	64 167
4234	2	1	64 183
4235	2	1	64 191
4236	2	1	64 209
4237	2	1	64 216
4238	2	1	64 219
4239	2	1	64 222
4240	2	1	64 239
4241	2	1	65 66
4242	2	1	65 67
4243	2	1	65 97
4244	2	1	65 108
4245	2	1	65 140
4246	2	1	65 144
4247	2	1	65 148
4248	2	1	65 150
4249	2	1	65 168
4250	2	1	65 169
4251	2	1	65 170
4252	2	1	65 171
4253	2	1	65 200
4254	2	1	65 216
4255	2	1	65 234
4256	2	1	65 246
4257	2	1	66 85
4258	2	1	66 113
4259	2	1	66 122
4260	2	1	66 126
4261	2	1	66 143
4262	2	1	66 147
4263	2	1	66 156
4264	2	1	66 162
4265	2	1	66 171
4266	2	1	66 177
4267	2	1	66 182
4268	2	1	66 183
4269	2	1	66 184
4270	2	1	66 195
4271	2	1	66 218
4272	2	1	66 219
4273	2	1	66 224
4274	2	1	67 69
4275	2	1	67 75
4276	2	1	67 82
4277	2	1	67 101
4278	2	1	67 103
4279	2	1	67 107
4280	2	1	67 116
4281	2	1	67 119
4282	2	1	67 120
4283	2	1	67 125
4284	2	1	67 140
4285	2	1	67 164
4286	2	1	67 166
4287	2	1	67 170
4288	2	1	67 198
4289	2	1	67 211
4290	2	1	67 224
4291	2	1	67 235
4292	2	1	67 239
4293	2	1	68 70
4294	2	1	68 72
4295	2	1	68 80
4296	2	1	68 85
4297	2	1	68 92
4298	2	1	68 126
4299	2	1	68 147
4300	2	1	68 148
4301	2	1	68 155
4302	2	1	68 169
4303	2	1	68 177
4304	2	1	68 188
4305	2	1	68 206
4306	2	1	68 234
4307	2	1	68 236
4308	2	1	68 250
4309	2	1	69 82
4310	2	1	69 83
4311	2	1	69 88
4312	2	1	69 92
4313	2	1	69 101
4314	2	1	69 105
4315	2	1	69 109
4316	2	1	69 120
4317	2	1	69 126
4318	2	1	69 130
4319	2	1	69 142
4320	2	1	69 147
4321	2	1	69 154
4322	2	1	69 209
4323	2	1	69 214
4324	2	1	69 215
4325	2	1	69 221
4326	2	1	69 223
4327	2	1	69 228
4328	2	1	69 238
4329	2	1	69 241
4330	2	1	69 242
4331	2	1	70 78
4332	2	1	70 84
4333	2	1	70 104
4334	2	1	70 132
4335	2	1	70 136
4336	2	1	70 149
4337	2	1	70 152
4338	2	1	70 159
4339	2	1	70 182
4340	2	1	70 188
4341	2	1	70 196
4342	2	1	70 206
4343	2	1	70 211
4344	2	1	70 216
4345	2	1	70 219
4346	2	1	70 224
4347	2	1	70 226
4348	2	1	70 227
4349	2	1	70 249
4350	2	1	71 87
4351	2	1	71 91
4352	2	1	71 105
4353	2	1	71 113
4354	2	1	71 114
4355	2	1	71 120
4356	2	1	71 124
4357	2	1	71 135
4358	2	1	71 150
4359	2	1	71 171
4360	2	1	71 178
4361	2	1	71 180
4362	2	1	71 181
4363	2	1	71 185
4364	2	1	71 190
4365	2	1	71 193
4366	2	1	71 199
4367	2	1	71 200
4368	2	1	71 202
4369	2	1	71 213
4370	2	1	71 216
4371	2	1	71 219
4372	2	1	71 227
4373	2	1	71 228
4374	2	1	71 230
4375	2	1	72 82
4376	2	1	72 92
4377	2	1	72 108
4378	2	1	72 110
4379	2	1	72 112
4380	2	1	72 119
4381	2	1	72 126
4382	2	1	72 128
4383	2	1	72 129
4384	2	1	72 130
4385	2	1	72 145
4386	2	1	72 147
4387	2	1	72 174
4388	2	1	72 192
4389	2	1	72 215
4390	2	1	72 229
4391	2	1	73 82
4392	2	1	73 93
4393	2	1	73 94
4394	2	1	73 99
4395	2	1	73 106
4396	2	1	73 114
4397	2	1	73 128
4398	2	1	73 144
4399	2	1	73 184
4400	2	1	73 185
4401	2	1	73 209
4402	2	1	73 229
4403	2	1	73 230
4404	2	1	74 75
4405	2	1	74 76
4406	2	1	74 78
4407	2	1	74 84
4408	2	1	74 88
4409	2	1	74 94
4410	2	1	74 114
4411	2	1	74 129
4412	2	1	74 145
4413	2	1	74 146
4414	2	1	74 153
4415	2	1	74 157
4416	2	1	74 162
4417	2	1	74 164
4418	2	1	74 186
4419	2	1	74 200
4420	2	1	74 214
4421	2	1	74 226
4422	2	1	74 241
4423	2	1	74 242
4424	2	1	75 78
4425	2	1	75 79
4426	2	1	75 80
4427	2	1	75 96
4428	2	1	75 117
4429	2	1	75 118
4430	2	1	75 123
4431	2	1	75 124
4432	2	1	75 141
4433	2	1	75 142
4434	2	1	75 148
4435	2	1	75 156
4436	2	1	75 170
4437	2	1	75 173
4438	2	1	75 176
4439	2	1	75 192
4440	2	1	75 222
4441	2	1	75 224
4442	2	1	75 227
4443	2	1	75 241
4444	2	1	76 81
4445	2	1	76 93
4446	2	1	76 94
4447	2	1	76 162
4448	2	1	76 167
4449	2	1	76 178
4450	2	1	76 202
4451	2	1	76 205
4452	2	1	76 249
4453	2	1	77 83
4454	2	1	77 112
4455	2	1	77 129
4456	2	1	77 136
4457	2	1	77 150
4458	2	1	77 170
4459	2	1	77 176
4460	2	1	77 182
4461	2	1	77 194
4462	2	1	77 195
4463	2	1	77 203
4464	2	1	77 229
4465	2	1	77 246
4466	2	1	78 91
4467	2	1	78 96
4468	2	1	78 98
4469	2	1	78 99
4470	2	1	78 114
4471	2	1	78 122
4472	2	1	78 132
4473	2	1	78 143
4474	2	1	78 147
4475	2	1	78 150
4476	2	1	78 153
4477	2	1	78 154
4478	2	1	78 155
4479	2	1	78 169
4480	2	1	78 171
4481	2	1	78 174
4482	2	1	78 201
4483	2	1	78 212
4484	2	1	78 230
4485	2	1	78 234
4486	2	1	79 87
4487	2	1	79 92
4488	2	1	79 98
4489	2	1	79 105
4490	2	1	79 139
4491	2	1	79 147
4492	2	1	79 165
4493	2	1	79 170
4494	2	1	79 187
4495	2	1	79 202
4496	2	1	79 210
4497	2	1	79 234
4498	2	1	79 235
4499	2	1	79 243
4500	2	1	80 85
4501	2	1	80 101
4502	2	1	80 102
4503	2	1	80 114
4504	2	1	80 115
4505	2	1	80 126
4506	2	1	80 144
4507	2	1	80 196
4508	2	1	80 201
4509	2	1	80 214
4510	2	1	80 218
4511	2	1	80 226
4512	2	1	80 235
4513	2	1	81 94
4514	2	1	81 95
4515	2	1	81 106
4516	2	1	81 109
4517	2	1	81 115
4518	2	1	81 116
4519	2	1	81 134
4520	2	1	81 137
4521	2	1	81 151
4522	2	1	81 156
4523	2	1	81 168
4524	2	1	81 170
4525	2	1	81 193
4526	2	1	81 195
4527	2	1	81 196
4528	2	1	81 197
4529	2	1	81 199
4530	2	1	81 200
4531	2	1	81 205
4532	2	1	81 211
4533	2	1	81 214
4534	2	1	81 222
4535	2	1	81 229
4536	2	1	81 235
4537	2	1	81 241
4538	2	1	82 84
4539	2	1	82 100
4540	2	1	82 102
4541	2	1	82 103
4542	2	1	82 133
4543	2	1	82 157
4544	2	1	82 158
4545	2	1	82 159
4546	2	1	82 161
4547	2	1	82 164
4548	2	1	82 169
4549	2	1	82 213
4550	2	1	82 227
4551	2	1	83 88
4552	2	1	83 100
4553	2	1	83 118
4554	2	1	83 134
4555	2	1	83 136
4556	2	1	83 142
4557	2	1	83 153
4558	2	1	83 158
4559	2	1	83 160
4560	2	1	83 161
4561	2	1	83 166
4562	2	1	83 183
4563	2	1	83 187
4564	2	1	83 188
4565	2	1	83 191
4566	2	1	83 195
4567	2	1	83 196
4568	2	1	83 208
4569	2	1	83 215
4570	2	1	83 216
4571	2	1	83 223
4572	2	1	83 225
4573	2	1	83 226
4574	2	1	83 228
4575	2	1	83 235
4576	2	1	84 86
4577	2	1	84 96
4578	2	1	84 105
4579	2	1	84 115
4580	2	1	84 127
4581	2	1	84 129
4582	2	1	84 131
4583	2	1	84 144
4584	2	1	84 154
4585	2	1	84 159
4586	2	1	84 162
4587	2	1	84 181
4588	2	1	84 183
4589	2	1	84 190
4590	2	1	84 192
4591	2	1	84 193
4592	2	1	84 209
4593	2	1	84 219
4594	2	1	84 231
4595	2	1	84 233
4596	2	1	84 239
4597	2	1	85 94
4598	2	1	85 102
4599	2	1	85 107
4600	2	1	85 108
4601	2	1	85 116
4602	2	1	85 130
4603	2	1	85 133
4604	2	1	85 135
4605	2	1	85 145
4606	2	1	85 146
4607	2	1	85 155
4608	2	1	85 185
4609	2	1	85 191
4610	2	1	85 192
4611	2	1	85 197
4612	2	1	85 206
4613	2	1	85 212
4614	2	1	85 224
4615	2	1	86 97
4616	2	1	86 101
4617	2	1	86 112
4618	2	1	86 114
4619	2	1	86 116
4620	2	1	86 137
4621	2	1	86 150
4622	2	1	86 161
4623	2	1	86 166
4624	2	1	86 168
4625	2	1	86 186
4626	2	1	86 198
4627	2	1	86 225
4628	2	1	86 238
4629	2	1	86 244
4630	2	1	87 94
4631	2	1	87 96
4632	2	1	87 101
4633	2	1	87 110
4634	2	1	87 115
4635	2	1	87 119
4636	2	1	87 129
4637	2	1	87 141
4638	2	1	87 146
4639	2	1	87 156
4640	2	1	87 179
4641	2	1	87 180
4642	2	1	87 183
4643	2	1	87 193
4644	2	1	87 194
4645	2	1	87 197
4646	2	1	87 200
4647	2	1	87 203
4648	2	1	87 208
4649	2	1	87 233
4650	2	1	87 237
4651	2	1	87 244
4652	2	1	87 245
4653	2	1	88 93
4654	2	1	88 96
4655	2	1	88 112
4656	2	1	88 124
4657	2	1	88 130
4658	2	1	88 131
4659	2	1	88 151
4660	2	1	88 154
4661	2	1	88 161
4662	2	1	88 162
4663	2	1	88 163
4664	2	1	88 172
4665	2	1	88 177
4666	2	1	88 179
4667	2	1	88 181
4668	2	1	88 182
4669	2	1	88 195
4670	2	1	88 196
4671	2	1	88 200
4672	2	1	88 203
4673	2	1	88 208
4674	2	1	88 223
4675	2	1	88 226
4676	2	1	88 238
4677	2	1	88 239
4678	2	1	89 93
4679	2	1	89 101
4680	2	1	89 110
4681	2	1	89 133
4682	2	1	89 137
4683	2	1	89 154
4684	2	1	89 155
4685	2	1	89 159
4686	2	1	89 166
4687	2	1	89 174
4688	2	1	89 193
4689	2	1	89 195
4690	2	1	89 209
4691	2	1	89 212
4692	2	1	89 235
4693	2	1	89 236
4694	2	1	90 147
4695	2	1	90 155
4696	2	1	90 161
4697	2	1	90 167
4698	2	1	90 196
4699	2	1	90 201
4700	2	1	90 205
4701	2	1	90 209
4702	2	1	90 213
4703	2	1	90 214
4704	2	1	90 223
4705	2	1	90 224
4706	2	1	90 225
4707	2	1	90 230
4708	2	1	90 245
4709	2	1	91 98
4710	2	1	91 100
4711	2	1	91 117
4712	2	1	91 118
4713	2	1	91 141
4714	2	1	91 142
4715	2	1	91 151
4716	2	1	91 155
4717	2	1	91 164
4718	2	1	91 167
4719	2	1	91 174
4720	2	1	91 186
4721	2	1	91 192
4722	2	1	91 195
4723	2	1	92 94
4724	2	1	92 102
4725	2	1	92 106
4726	2	1	92 111
4727	2	1	92 126
4728	2	1	92 132
4729	2	1	92 140
4730	2	1	92 148
4731	2	1	92 180
4732	2	1	92 183
4733	2	1	92 196
4734	2	1	92 202
4735	2	1	92 209
4736	2	1	92 231
4737	2	1	93 96
4738	2	1	93 105
4739	2	1	93 120
4740	2	1	93 136
4741	2	1	93 149
4742	2	1	93 170
4743	2	1	93 185
4744	2	1	93 190
4745	2	1	93 199
4746	2	1	93 203
4747	2	1	93 217
4748	2	1	93 236
4749	2	1	93 240
4750	2	1	93 241
4751	2	1	94 95
4752	2	1	94 97
4753	2	1	94 111
4754	2	1	94 116
4755	2	1	94 157
4756	2	1	94 162
4757	2	1	94 167
4758	2	1	94 168
4759	2	1	94 178
4760	2	1	94 181
4761	2	1	94 187
4762	2	1	94 194
4763	2	1	94 196
4764	2	1	94 199
4765	2	1	94 205
4766	2	1	94 212
4767	2	1	94 238
4768	2	1	94 246
4769	2	1	95 96
4770	2	1	95 104
4771	2	1	95 108
4772	2	1	95 109
4773	2	1	95 112
4774	2	1	95 118
4775	2	1	95 122
4776	2	1	95 123
4777	2	1	95 130
4778	2	1	95 150
4779	2	1	95 153
4780	2	1	95 159
4781	2	1	95 160
4782	2	1	95 162
4783	2	1	95 169
4784	2	1	95 173
4785	2	1	95 174
4786	2	1	95 179
4787	2	1	95 226
4788	2	1	95 244
4789	2	1	96 106
4790	2	1	96 110
4791	2	1	96 132
4792	2	1	96 142
4793	2	1	96 169
4794	2	1	96 180
4795	2	1	96 190
4796	2	1	96 196
4797	2	1	96 202
4798	2	1	96 207
4799	2	1	96 215
4800	2	1	96 222
4801	2	1	96 248
4802	2	1	97 109
4803	2	1	97 110
4804	2	1	97 112
4805	2	1	97 122
4806	2	1	97 206
4807	2	1	97 211
4808	2	1	97 220
4809	2	1	97 222
4810	2	1	97 224
4811	2	1	97 227
4812	2	1	98 131
4813	2	1	98 152
4814	2	1	98 153
4815	2	1	98 158
4816	2	1	98 159
4817	2	1	98 169
4818	2	1	98 176
4819	2	1	98 185
4820	2	1	98 194
4821	2	1	98 203
4822	2	1	98 213
4823	2	1	98 219
4824	2	1	98 231
4825	2	1	98 240
4826	2	1	98 241
4827	2	1	98 248
4828	2	1	99 102
4829	2	1	99 105
4830	2	1	99 109
4831	2	1	99 113
4832	2	1	99 116
4833	2	1	99 118
4834	2	1	99 131
4835	2	1	99 132
4836	2	1	99 140
4837	2	1	99 175
4838	2	1	99 195
4839	2	1	99 211
4840	2	1	99 233
4841	2	1	99 246
4842	2	1	100 104
4843	2	1	100 174
4844	2	1	100 195
4845	2	1	100 196
4846	2	1	100 236
4847	2	1	100 239
4848	2	1	100 243
4849	2	1	100 250
4850	2	1	101 125
4851	2	1	101 127
4852	2	1	101 144
4853	2	1	101 159
4854	2	1	101 184
4855	2	1	101 195
4856	2	1	101 198
4857	2	1	101 199
4858	2	1	101 218
4859	2	1	101 233
4860	2	1	101 244
4861	2	1	101 246
4862	2	1	102 106
4863	2	1	102 119
4864	2	1	102 127
4865	2	1	102 129
4866	2	1	102 141
4867	2	1	102 143
4868	2	1	102 166
4869	2	1	102 168
4870	2	1	102 177
4871	2	1	102 188
4872	2	1	102 202
4873	2	1	102 228
4874	2	1	102 229
4875	2	1	102 234
4876	2	1	102 236
4877	2	1	102 243
4878	2	1	103 113
4879	2	1	103 122
4880	2	1	103 134
4881	2	1	103 147
4882	2	1	103 181
4883	2	1	103 195
4884	2	1	103 199
4885	2	1	103 202
4886	2	1	103 213
4887	2	1	103 218
4888	2	1	103 228
4889	2	1	104 110
4890	2	1	104 111
4891	2	1	104 132
4892	2	1	104 146
4893	2	1	104 154
4894	2	1	104 156
4895	2	1	104 170
4896	2	1	104 171
4897	2	1	104 175
4898	2	1	104 176
4899	2	1	104 180
4900	2	1	104 203
4901	2	1	104 206
4902	2	1	104 209
4903	2	1	104 215
4904	2	1	104 219
4905	2	1	104 228
4906	2	1	104 230
4907	2	1	104 236
4908	2	1	104 245
4909	2	1	105 118
4910	2	1	105 120
4911	2	1	105 142
4912	2	1	105 160
4913	2	1	105 173
4914	2	1	105 175
4915	2	1	105 185
4916	2	1	105 200
4917	2	1	105 221
4918	2	1	105 227
4919	2	1	105 231
4920	2	1	105 233
4921	2	1	105 240
4922	2	1	105 245
4923	2	1	105 246
4924	2	1	105 249
4925	2	1	106 113
4926	2	1	106 123
4927	2	1	106 124
4928	2	1	106 126
4929	2	1	106 132
4930	2	1	106 141
4931	2	1	106 143
4932	2	1	106 144
4933	2	1	106 148
4934	2	1	106 153
4935	2	1	106 158
4936	2	1	106 160
4937	2	1	106 181
4938	2	1	106 184
4939	2	1	106 225
4940	2	1	106 226
4941	2	1	106 227
4942	2	1	106 229
4943	2	1	106 230
4944	2	1	106 234
4945	2	1	106 246
4946	2	1	107 112
4947	2	1	107 113
4948	2	1	107 116
4949	2	1	107 129
4950	2	1	107 147
4951	2	1	107 148
4952	2	1	107 171
4953	2	1	107 172
4954	2	1	107 182
4955	2	1	107 199
4956	2	1	107 202
4957	2	1	107 205
4958	2	1	107 211
4959	2	1	107 221
4960	2	1	107 238
4961	2	1	108 122
4962	2	1	108 126
4963	2	1	108 151
4964	2	1	108 152
4965	2	1	108 153
4966	2	1	108 166
4967	2	1	108 188
4968	2	1	108 200
4969	2	1	108 201
4970	2	1	108 210
4971	2	1	108 215
4972	2	1	108 223
4973	2	1	108 238
4974	2	1	109 110
4975	2	1	109 131
4976	2	1	109 145
4977	2	1	109 175
4978	2	1	109 177
4979	2	1	109 190
4980	2	1	109 191
4981	2	1	109 202
4982	2	1	109 225
4983	2	1	109 244
4984	2	1	109 248
4985	2	1	110 119
4986	2	1	110 120
4987	2	1	110 145
4988	2	1	110 150
4989	2	1	110 152
4990	2	1	110 160
4991	2	1	110 174
4992	2	1	110 179
4993	2	1	110 186
4994	2	1	110 192
4995	2	1	110 193
4996	2	1	110 203
4997	2	1	110 215
4998	2	1	110 227
4999	2	1	110 228
5000	2	1	110 235
5001	2	1	110 237
5002	2	1	111 114
5003	2	1	111 124
5004	2	1	111 126
5005	2	1	111 130
5006	2	1	111 150
5007	2	1	111 151
5008	2	1	111 159
5009	2	1	111 176
5010	2	1	111 178
5011	2	1	111 181
5012	2	1	111 184
5013	2	1	111 188
5014	2	1	111 205
5015	2	1	111 214
5016	2	1	111 221
5017	2	1	111 230
5018	2	1	111 241
5019	2	1	111 248
5020	2	1	111 249
5021	2	1	112 114
5022	2	1	112 123
5023	2	1	112 146
5024	2	1	112 163
5025	2	1	112 170
5026	2	1	112 186
5027	2	1	112 192
5028	2	1	112 198
5029	2	1	112 200
5030	2	1	112 201
5031	2	1	112 211
5032	2	1	112 222
5033	2	1	112 250
5034	2	1	113 118
5035	2	1	113 150
5036	2	1	113 154
5037	2	1	113 161
5038	2	1	113 166
5039	2	1	113 178
5040	2	1	113 188
5041	2	1	113 210
5042	2	1	113 225
5043	2	1	113 234
5044	2	1	114 124
5045	2	1	114 135
5046	2	1	114 148
5047	2	1	114 158
5048	2	1	114 163
5049	2	1	114 168
5050	2	1	114 169
5051	2	1	114 175
5052	2	1	114 177
5053	2	1	114 182
5054	2	1	114 193
5055	2	1	114 214
5056	2	1	114 222
5057	2	1	114 229
5058	2	1	114 230
5059	2	1	114 234
5060	2	1	114 250
5061	2	1	115 123
5062	2	1	115 131
5063	2	1	115 139
5064	2	1	115 144
5065	2	1	115 154
5066	2	1	115 162
5067	2	1	115 169
5068	2	1	115 180
5069	2	1	115 194
5070	2	1	115 197
5071	2	1	115 212
5072	2	1	115 222
5073	2	1	115 229
5074	2	1	115 236
5075	2	1	116 134
5076	2	1	116 138
5077	2	1	116 141
5078	2	1	116 144
5079	2	1	116 163
5080	2	1	116 170
5081	2	1	116 176
5082	2	1	116 178
5083	2	1	116 196
5084	2	1	116 203
5085	2	1	116 213
5086	2	1	116 215
5087	2	1	116 235
5088	2	1	116 240
5089	2	1	116 244
5090	2	1	117 119
5091	2	1	117 130
5092	2	1	117 133
5093	2	1	117 136
5094	2	1	117 141
5095	2	1	117 154
5096	2	1	117 155
5097	2	1	117 162
5098	2	1	117 171
5099	2	1	117 195
5100	2	1	117 203
5101	2	1	117 212
5102	2	1	117 220
5103	2	1	117 225
5104	2	1	117 227
5105	2	1	117 231
5106	2	1	117 234
5107	2	1	117 244
5108	2	1	117 245
5109	2	1	117 248
5110	2	1	118 130
5111	2	1	118 139
5112	2	1	118 143
5113	2	1	118 147
5114	2	1	118 165
5115	2	1	118 167
5116	2	1	118 169
5117	2	1	118 170
5118	2	1	118 175
5119	2	1	118 178
5120	2	1	118 199
5121	2	1	118 211
5122	2	1	118 225
5123	2	1	118 238
5124	2	1	118 242
5125	2	1	118 246
5126	2	1	118 248
5127	2	1	118 250
5128	2	1	119 122
5129	2	1	119 127
5130	2	1	119 131
5131	2	1	119 143
5132	2	1	119 161
5133	2	1	119 165
5134	2	1	119 166
5135	2	1	119 171
5136	2	1	119 191
5137	2	1	119 192
5138	2	1	119 205
5139	2	1	119 210
5140	2	1	119 217
5141	2	1	119 220
5142	2	1	120 125
5143	2	1	120 126
5144	2	1	120 130
5145	2	1	120 139
5146	2	1	120 142
5147	2	1	120 168
5148	2	1	120 172
5149	2	1	120 179
5150	2	1	120 186
5151	2	1	120 187
5152	2	1	120 193
5153	2	1	120 215
5154	2	1	120 234
5155	2	1	120 242
5156	2	1	122 132
5157	2	1	122 133
5158	2	1	122 135
5159	2	1	122 136
5160	2	1	122 175
5161	2	1	122 177
5162	2	1	122 194
5163	2	1	122 195
5164	2	1	122 210
5165	2	1	123 128
5166	2	1	123 132
5167	2	1	123 142
5168	2	1	123 158
5169	2	1	123 166
5170	2	1	123 175
5171	2	1	123 182
5172	2	1	123 187
5173	2	1	123 219
5174	2	1	123 220
5175	2	1	123 225
5176	2	1	123 245
5177	2	1	124 125
5178	2	1	124 168
5179	2	1	124 196
5180	2	1	124 200
5181	2	1	124 207
5182	2	1	124 213
5183	2	1	124 214
5184	2	1	124 246
5185	2	1	125 135
5186	2	1	125 136
5187	2	1	125 148
5188	2	1	125 153
5189	2	1	125 180
5190	2	1	125 182
5191	2	1	125 190
5192	2	1	125 193
5193	2	1	125 194
5194	2	1	125 198
5195	2	1	125 226
5196	2	1	125 229
5197	2	1	126 131
5198	2	1	126 151
5199	2	1	126 160
5200	2	1	126 163
5201	2	1	126 171
5202	2	1	126 175
5203	2	1	126 206
5204	2	1	126 207
5205	2	1	126 209
5206	2	1	126 241
5207	2	1	127 133
5208	2	1	127 142
5209	2	1	127 149
5210	2	1	127 152
5211	2	1	127 170
5212	2	1	127 172
5213	2	1	127 179
5214	2	1	127 205
5215	2	1	127 228
5216	2	1	127 232
5217	2	1	127 240
5218	2	1	127 241
5219	2	1	128 129
5220	2	1	128 131
5221	2	1	128 149
5222	2	1	128 155
5223	2	1	128 158
5224	2	1	128 161
5225	2	1	128 166
5226	2	1	128 168
5227	2	1	128 170
5228	2	1	128 184
5229	2	1	128 191
5230	2	1	128 204
5231	2	1	128 220
5232	2	1	128 239
5233	2	1	128 246
5234	2	1	129 149
5235	2	1	129 153
5236	2	1	129 155
5237	2	1	129 158
5238	2	1	129 168
5239	2	1	129 181
5240	2	1	129 184
5241	2	1	129 185
5242	2	1	129 201
5243	2	1	129 208
5244	2	1	129 218
5245	2	1	129 224
5246	2	1	129 242
5247	2	1	129 244
5248	2	1	130 131
5249	2	1	130 135
5250	2	1	130 138
5251	2	1	130 150
5252	2	1	130 152
5253	2	1	130 153
5254	2	1	130 195
5255	2	1	130 200
5256	2	1	130 204
5257	2	1	130 217
5258	2	1	130 238
5259	2	1	130 239
5260	2	1	130 250
5261	2	1	131 132
5262	2	1	131 136
5263	2	1	131 139
5264	2	1	131 146
5265	2	1	131 172
5266	2	1	131 184
5267	2	1	131 217
5268	2	1	131 222
5269	2	1	131 224
5270	2	1	131 238
5271	2	1	131 244
5272	2	1	131 249
5273	2	1	132 156
5274	2	1	132 157
5275	2	1	132 164
5276	2	1	132 180
5277	2	1	132 196
5278	2	1	132 203
5279	2	1	132 205
5280	2	1	132 222
5281	2	1	132 248
5282	2	1	133 145
5283	2	1	133 148
5284	2	1	133 181
5285	2	1	133 183
5286	2	1	133 199
5287	2	1	133 203
5288	2	1	133 213
5289	2	1	133 227
5290	2	1	133 250
5291	2	1	134 141
5292	2	1	134 149
5293	2	1	134 169
5294	2	1	134 171
5295	2	1	134 178
5296	2	1	134 191
5297	2	1	134 195
5298	2	1	134 196
5299	2	1	134 197
5300	2	1	134 200
5301	2	1	134 208
5302	2	1	134 220
5303	2	1	135 138
5304	2	1	135 142
5305	2	1	135 152
5306	2	1	135 156
5307	2	1	135 188
5308	2	1	135 197
5309	2	1	135 202
5310	2	1	135 220
5311	2	1	136 140
5312	2	1	136 145
5313	2	1	136 162
5314	2	1	136 171
5315	2	1	136 175
5316	2	1	136 209
5317	2	1	136 223
5318	2	1	136 230
5319	2	1	136 238
5320	2	1	136 239
5321	2	1	136 243
5322	2	1	137 142
5323	2	1	137 156
5324	2	1	137 181
5325	2	1	137 203
5326	2	1	137 218
5327	2	1	137 238
5328	2	1	138 141
5329	2	1	138 148
5330	2	1	138 150
5331	2	1	138 152
5332	2	1	138 163
5333	2	1	138 166
5334	2	1	138 184
5335	2	1	138 190
5336	2	1	138 196
5337	2	1	138 206
5338	2	1	138 228
5339	2	1	138 236
5340	2	1	138 241
5341	2	1	138 249
5342	2	1	138 250
5343	2	1	139 146
5344	2	1	139 151
5345	2	1	139 154
5346	2	1	139 194
5347	2	1	139 195
5348	2	1	139 202
5349	2	1	139 209
5350	2	1	139 213
5351	2	1	139 227
5352	2	1	139 229
5353	2	1	139 242
5354	2	1	139 246
5355	2	1	139 249
5356	2	1	140 143
5357	2	1	140 145
5358	2	1	140 150
5359	2	1	140 151
5360	2	1	140 160
5361	2	1	140 170
5362	2	1	140 192
5363	2	1	140 197
5364	2	1	140 204
5365	2	1	140 217
5366	2	1	140 227
5367	2	1	140 228
5368	2	1	141 145
5369	2	1	141 147
5370	2	1	141 149
5371	2	1	141 169
5372	2	1	141 181
5373	2	1	141 209
5374	2	1	141 215
5375	2	1	141 217
5376	2	1	142 153
5377	2	1	142 159
5378	2	1	142 176
5379	2	1	142 180
5380	2	1	142 182
5381	2	1	142 187
5382	2	1	142 188
5383	2	1	142 190
5384	2	1	142 203
5385	2	1	142 208
5386	2	1	142 209
5387	2	1	142 211
5388	2	1	142 215
5389	2	1	142 218
5390	2	1	142 221
5391	2	1	142 245
5392	2	1	143 158
5393	2	1	143 165
5394	2	1	143 169
5395	2	1	143 172
5396	2	1	143 184
5397	2	1	143 185
5398	2	1	143 188
5399	2	1	143 198
5400	2	1	143 214
5401	2	1	143 218
5402	2	1	143 234
5403	2	1	143 235
5404	2	1	143 243
5405	2	1	143 244
5406	2	1	144 146
5407	2	1	144 151
5408	2	1	144 154
5409	2	1	144 157
5410	2	1	144 183
5411	2	1	144 224
5412	2	1	144 233
5413	2	1	144 235
5414	2	1	144 249
5415	2	1	145 162
5416	2	1	145 178
5417	2	1	145 182
5418	2	1	145 196
5419	2	1	145 204
5420	2	1	145 205
5421	2	1	145 218
5422	2	1	145 220
5423	2	1	145 232
5424	2	1	145 233
5425	2	1	145 235
5426	2	1	145 236
5427	2	1	145 243
5428	2	1	146 152
5429	2	1	146 156
5430	2	1	146 164
5431	2	1	146 166
5432	2	1	146 172
5433	2	1	146 176
5434	2	1	146 196
5435	2	1	146 204
5436	2	1	146 218
5437	2	1	146 228
5438	2	1	146 233
5439	2	1	147 152
5440	2	1	147 155
5441	2	1	147 160
5442	2	1	147 165
5443	2	1	147 190
5444	2	1	147 192
5445	2	1	147 204
5446	2	1	147 208
5447	2	1	147 212
5448	2	1	147 220
5449	2	1	147 223
5450	2	1	147 240
5451	2	1	148 149
5452	2	1	148 185
5453	2	1	148 192
5454	2	1	148 200
5455	2	1	148 202
5456	2	1	148 203
5457	2	1	148 217
5458	2	1	148 235
5459	2	1	148 245
5460	2	1	148 248
5461	2	1	149 156
5462	2	1	149 176
5463	2	1	149 186
5464	2	1	149 202
5465	2	1	149 204
5466	2	1	149 207
5467	2	1	149 222
5468	2	1	149 230
5469	2	1	149 233
5470	2	1	149 234
5471	2	1	149 237
5472	2	1	149 239
5473	2	1	150 161
5474	2	1	150 164
5475	2	1	150 171
5476	2	1	150 175
5477	2	1	150 182
5478	2	1	150 187
5479	2	1	150 198
5480	2	1	150 202
5481	2	1	150 219
5482	2	1	150 226
5483	2	1	150 229
5484	2	1	150 246
5485	2	1	151 154
5486	2	1	151 158
5487	2	1	151 162
5488	2	1	151 182
5489	2	1	151 186
5490	2	1	151 194
5491	2	1	151 243
5492	2	1	151 245
5493	2	1	152 155
5494	2	1	152 172
5495	2	1	152 173
5496	2	1	152 176
5497	2	1	152 178
5498	2	1	152 184
5499	2	1	152 201
5500	2	1	152 204
5501	2	1	152 207
5502	2	1	152 217
5503	2	1	152 220
5504	2	1	153 154
5505	2	1	153 155
5506	2	1	153 163
5507	2	1	153 174
5508	2	1	153 193
5509	2	1	153 227
5510	2	1	154 161
5511	2	1	154 174
5512	2	1	154 180
5513	2	1	154 184
5514	2	1	154 202
5515	2	1	154 203
5516	2	1	154 204
5517	2	1	154 205
5518	2	1	154 223
5519	2	1	154 226
5520	2	1	155 169
5521	2	1	155 187
5522	2	1	155 193
5523	2	1	155 194
5524	2	1	155 215
5525	2	1	155 218
5526	2	1	155 219
5527	2	1	155 244
5528	2	1	156 167
5529	2	1	156 171
5530	2	1	156 184
5531	2	1	156 194
5532	2	1	156 206
5533	2	1	156 210
5534	2	1	156 224
5535	2	1	156 227
5536	2	1	156 235
5537	2	1	156 237
5538	2	1	157 171
5539	2	1	157 178
5540	2	1	157 179
5541	2	1	157 187
5542	2	1	157 191
5543	2	1	157 212
5544	2	1	157 218
5545	2	1	157 239
5546	2	1	158 182
5547	2	1	158 186
5548	2	1	158 206
5549	2	1	158 216
5550	2	1	158 218
5551	2	1	158 235
5552	2	1	158 241
5553	2	1	159 176
5554	2	1	159 196
5555	2	1	159 200
5556	2	1	159 217
5557	2	1	159 230
5558	2	1	159 235
5559	2	1	159 245
5560	2	1	160 178
5561	2	1	160 184
5562	2	1	160 185
5563	2	1	160 186
5564	2	1	160 200
5565	2	1	160 214
5566	2	1	160 216
5567	2	1	160 217
5568	2	1	160 226
5569	2	1	160 233
5570	2	1	160 234
5571	2	1	160 248
5572	2	1	161 169
5573	2	1	161 178
5574	2	1	161 181
5575	2	1	161 184
5576	2	1	161 195
5577	2	1	161 223
5578	2	1	161 227
5579	2	1	161 246
5580	2	1	161 249
5581	2	1	162 188
5582	2	1	162 227
5583	2	1	162 229
5584	2	1	162 236
5585	2	1	162 238
5586	2	1	162 242
5587	2	1	163 175
5588	2	1	163 179
5589	2	1	163 180
5590	2	1	163 185
5591	2	1	163 203
5592	2	1	163 205
5593	2	1	163 207
5594	2	1	163 208
5595	2	1	163 211
5596	2	1	163 216
5597	2	1	163 219
5598	2	1	163 220
5599	2	1	164 184
5600	2	1	164 190
5601	2	1	164 202
5602	2	1	164 211
5603	2	1	164 235
5604	2	1	164 245
5605	2	1	165 174
5606	2	1	165 188
5607	2	1	165 215
5608	2	1	165 216
5609	2	1	165 221
5610	2	1	165 229
5611	2	1	165 234
5612	2	1	166 176
5613	2	1	166 177
5614	2	1	166 184
5615	2	1	166 187
5616	2	1	166 191
5617	2	1	166 192
5618	2	1	166 209
5619	2	1	166 231
5620	2	1	166 234
5621	2	1	166 245
5622	2	1	166 250
5623	2	1	167 194
5624	2	1	167 202
5625	2	1	167 211
5626	2	1	167 218
5627	2	1	167 219
5628	2	1	167 235
5629	2	1	167 238
5630	2	1	168 174
5631	2	1	168 182
5632	2	1	168 185
5633	2	1	168 207
5634	2	1	168 220
5635	2	1	168 224
5636	2	1	168 230
5637	2	1	168 239
5638	2	1	168 245
5639	2	1	169 173
5640	2	1	169 175
5641	2	1	169 196
5642	2	1	169 212
5643	2	1	169 232
5644	2	1	169 237
5645	2	1	170 173
5646	2	1	170 175
5647	2	1	170 185
5648	2	1	170 187
5649	2	1	170 191
5650	2	1	170 198
5651	2	1	170 205
5652	2	1	170 231
5653	2	1	171 181
5654	2	1	171 192
5655	2	1	171 197
5656	2	1	171 206
5657	2	1	171 210
5658	2	1	171 223
5659	2	1	171 232
5660	2	1	171 240
5661	2	1	172 178
5662	2	1	172 185
5663	2	1	172 198
5664	2	1	172 210
5665	2	1	172 215
5666	2	1	172 235
5667	2	1	173 184
5668	2	1	173 207
5669	2	1	173 209
5670	2	1	173 229
5671	2	1	173 243
5672	2	1	174 186
5673	2	1	174 204
5674	2	1	174 242
5675	2	1	175 188
5676	2	1	175 195
5677	2	1	175 197
5678	2	1	175 208
5679	2	1	175 217
5680	2	1	175 221
5681	2	1	175 250
5682	2	1	176 188
5683	2	1	176 193
5684	2	1	176 198
5685	2	1	176 199
5686	2	1	176 219
5687	2	1	176 221
5688	2	1	176 223
5689	2	1	177 190
5690	2	1	177 199
5691	2	1	177 203
5692	2	1	177 214
5693	2	1	177 220
5694	2	1	177 222
5695	2	1	177 229
5696	2	1	178 183
5697	2	1	178 191
5698	2	1	178 198
5699	2	1	178 202
5700	2	1	179 185
5701	2	1	179 197
5702	2	1	179 236
5703	2	1	179 238
5704	2	1	179 239
5705	2	1	180 186
5706	2	1	180 188
5707	2	1	180 200
5708	2	1	180 217
5709	2	1	180 220
5710	2	1	181 186
5711	2	1	181 188
5712	2	1	181 201
5713	2	1	181 208
5714	2	1	181 221
5715	2	1	181 226
5716	2	1	181 230
5717	2	1	181 235
5718	2	1	181 242
5719	2	1	182 186
5720	2	1	182 212
5721	2	1	182 220
5722	2	1	182 233
5723	2	1	183 187
5724	2	1	183 199
5725	2	1	183 212
5726	2	1	183 224
5727	2	1	183 226
5728	2	1	183 242
5729	2	1	183 249
5730	2	1	184 217
5731	2	1	184 226
5732	2	1	184 232
5733	2	1	184 236
5734	2	1	184 239
5735	2	1	185 186
5736	2	1	185 204
5737	2	1	185 249
5738	2	1	186 194
5739	2	1	186 198
5740	2	1	186 199
5741	2	1	186 208
5742	2	1	186 222
5743	2	1	186 238
5744	2	1	186 242
5745	2	1	187 188
5746	2	1	187 192
5747	2	1	187 226
5748	2	1	187 232
5749	2	1	187 240
5750	2	1	187 244
5751	2	1	187 250
5752	2	1	188 198
5753	2	1	188 214
5754	2	1	188 218
5755	2	1	188 224
5756	2	1	188 228
5757	2	1	188 243
5758	2	1	188 248
5759	2	1	190 197
5760	2	1	190 205
5761	2	1	190 208
5762	2	1	190 211
5763	2	1	190 219
5764	2	1	190 230
5765	2	1	191 205
5766	2	1	191 210
5767	2	1	191 231
5768	2	1	191 232
5769	2	1	191 244
5770	2	1	191 250
5771	2	1	192 201
5772	2	1	192 202
5773	2	1	192 209
5774	2	1	192 219
5775	2	1	192 237
5776	2	1	192 239
5777	2	1	192 240
5778	2	1	192 249
5779	2	1	193 200
5780	2	1	193 204
5781	2	1	193 207
5782	2	1	193 222
5783	2	1	193 224
5784	2	1	193 229
5785	2	1	193 242
5786	2	1	193 249
5787	2	1	194 196
5788	2	1	194 206
5789	2	1	194 210
5790	2	1	194 218
5791	2	1	194 237
5792	2	1	195 201
5793	2	1	195 204
5794	2	1	195 207
5795	2	1	195 209
5796	2	1	195 235
5797	2	1	195 249
5798	2	1	196 198
5799	2	1	196 226
5800	2	1	196 229
5801	2	1	196 230
5802	2	1	196 240
5803	2	1	196 241
5804	2	1	196 242
5805	2	1	197 200
5806	2	1	197 203
5807	2	1	197 210
5808	2	1	197 211
5809	2	1	197 212
5810	2	1	197 213
5811	2	1	197 214
5812	2	1	197 218
5813	2	1	197 221
5814	2	1	197 227
5815	2	1	198 205
5816	2	1	198 206
5817	2	1	198 243
5818	2	1	198 249
5819	2	1	199 200
5820	2	1	199 214
5821	2	1	199 215
5822	2	1	199 223
5823	2	1	199 230
5824	2	1	200 201
5825	2	1	200 210
5826	2	1	200 211
5827	2	1	200 213
5828	2	1	200 217
5829	2	1	200 222
5830	2	1	200 241
5831	2	1	200 246
5832	2	1	201 203
5833	2	1	201 216
5834	2	1	201 239
5835	2	1	202 206
5836	2	1	202 218
5837	2	1	202 228
5838	2	1	202 238
5839	2	1	203 205
5840	2	1	203 235
5841	2	1	204 208
5842	2	1	204 210
5843	2	1	204 222
5844	2	1	204 235
5845	2	1	205 232
5846	2	1	205 233
5847	2	1	205 234
5848	2	1	205 249
5849	2	1	205 250
5850	2	1	206 209
5851	2	1	206 210
5852	2	1	206 216
5853	2	1	206 235
5854	2	1	207 220
5855	2	1	207 225
5856	2	1	207 250
5857	2	1	208 215
5858	2	1	208 221
5859	2	1	208 223
5860	2	1	208 230
5861	2	1	208 240
5862	2	1	208 249
5863	2	1	209 213
5864	2	1	209 218
5865	2	1	209 227
5866	2	1	209 232
5867	2	1	210 228
5868	2	1	210 241
5869	2	1	210 248
5870	2	1	211 224
5871	2	1	211 229
5872	2	1	211 235
5873	2	1	211 237
5874	2	1	211 238
5875	2	1	211 239
5876	2	1	212 229
5877	2	1	212 237
5878	2	1	212 243
5879	2	1	212 245
5880	2	1	213 221
5881	2	1	214 225
5882	2	1	214 229
5883	2	1	214 242
5884	2	1	214 249
5885	2	1	215 235
5886	2	1	215 250
5887	2	1	216 237
5888	2	1	216 238
5889	2	1	216 243
5890	2	1	218 230
5891	2	1	218 238
5892	2	1	218 245
5893	2	1	219 236
5894	2	1	219 239
5895	2	1	219 242
5896	2	1	219 248
5897	2	1	219 249
5898	2	1	220 225
5899	2	1	220 241
5900	2	1	220 244
5901	2	1	220 250
5902	2	1	221 230
5903	2	1	221 232
5904	2	1	221 234
5905	2	1	221 237
5906	2	1	221 244
5907	2	1	222 228
5908	2	1	222 230
5909	2	1	222 231
5910	2	1	222 238
5911	2	1	222 241
5912	2	1	222 243
5913	2	1	223 229
5914	2	1	223 245
5915	2	1	224 233
5916	2	1	224 234
5917	2	1	225 237
5918	2	1	225 244
5919	2	1	226 231
5920	2	1	226 237
5921	2	1	227 245
5922	2	1	227 249
5923	2	1	228 236
5924	2	1	228 240
5925	2	1	229 232
5926	2	1	229 238
5927	2	1	229 242
5928	2	1	230 235
5929	2	1	230 239
5930	2	1	230 249
5931	2	1	231 242
5932	2	1	231 244
5933	2	1	231 245
5934	2	1	232 237
5935	2	1	232 238
5936	2	1	232 239
5937	2	1	232 243
5938	2	1	232 250
5939	2	1	233 244
5940	2	1	234 249
5941	2	1	234 250
5942	2	1	235 238
5943	2	1	235 241
5944	2	1	236 239
5945	2	1	237 240
5946	2	1	237 246
5947	2	1	238 248
5948	2	1	239 240
5949	2	1	239 249
5950	2	1	241 244
5951	2	1	242 248
5952	2	1	243 250
