column_id	size	score	vertices
0	4	63001	1 6 39 94
1	4	63001	1 6 39 231
2	4	63001	1 55 181 230
3	4	63001	2 39 40 148
4	4	63001	2 39 40 249
5	4	63001	2 39 131 249
6	4	63001	2 40 75 148
7	4	63001	2 208 230 249
8	4	63001	5 48 79 234
9	4	63001	5 48 114 229
10	4	63001	5 48 114 234
11	4	63001	5 58 158 216
12	4	63001	5 74 76 162
13	4	63001	5 146 152 176
14	4	63001	6 29 138 184
15	4	63001	6 48 229 232
16	4	63001	7 81 95 109
17	4	63001	7 95 109 244
18	4	63001	7 106 124 246
19	4	63001	9 21 60 174
20	4	63001	9 54 87 233
21	4	63001	9 84 219 239
22	4	63001	9 164 211 235
23	4	63001	9 167 211 235
24	4	63001	10 15 46 130
25	4	63001	10 130 152 204
26	4	63001	10 143 158 218
27	4	63001	11 41 214 225
28	4	63001	11 103 202 228
29	4	63001	12 20 29 75
30	4	63001	12 159 196 230
31	4	63001	13 19 76 162
32	4	63001	15 46 86 97
33	4	63001	16 112 186 222
34	4	63001	16 112 200 222
35	4	63001	16 145 182 220
36	4	63001	17 43 50 157
37	4	63001	17 45 50 233
38	4	63001	18 42 104 175
39	4	63001	23 47 145 243
40	4	63001	23 114 124 168
41	4	63001	23 124 168 207
42	4	63001	25 87 156 194
43	4	63001	26 48 79 105
44	4	63001	26 57 96 215
45	4	63001	26 96 142 215
46	4	63001	27 78 91 174
47	4	63001	27 163 207 220
48	4	63001	27 207 220 250
49	4	63001	28 108 152 201
50	4	63001	28 167 194 218
51	4	63001	28 167 218 238
52	4	63001	29 57 149 230
53	4	63001	29 65 140 170
54	4	63001	31 44 225 237
55	4	63001	31 134 197 200
56	4	63001	31 197 200 213
57	4	63001	33 77 83 195
58	4	63001	33 129 158 218
59	4	63001	34 56 219 236
60	4	63001	35 44 113 234
61	4	63001	35 106 113 234
62	4	63001	36 138 152 184
63	4	63001	36 146 152 204
64	4	63001	39 44 113 234
65	4	63001	39 44 164 211
66	4	63001	39 52 70 136
67	4	63001	39 70 227 249
68	4	63001	39 131 136 238
69	4	63001	40 53 61 158
70	4	63001	41 106 141 181
71	4	63001	42 53 91 142
72	4	63001	42 53 142 176
73	4	63001	44 67 164 211
74	4	63001	46 124 200 246
75	4	63001	48 102 143 234
76	4	63001	48 180 200 217
77	4	63001	49 81 193 229
78	4	63001	49 81 211 229
79	4	63001	49 97 211 224
80	4	63001	54 130 152 217
81	4	63001	58 81 115 197
82	4	63001	58 81 134 197
83	4	63001	59 94 157 178
84	4	63001	63 87 110 237
85	4	63001	63 87 194 237
86	4	63001	63 111 181 188
87	4	63001	63 111 181 221
88	4	63001	63 139 209 227
89	4	63001	64 97 112 222
90	4	63001	64 112 114 222
91	4	63001	65 67 140 170
92	4	63001	67 101 125 198
93	4	63001	67 164 211 235
94	4	63001	68 72 92 126
95	4	63001	71 87 180 200
96	4	63001	71 87 193 200
97	4	63001	71 124 200 213
98	4	63001	72 110 119 192
99	4	63001	74 76 94 162
100	4	63001	76 81 94 205
101	4	63001	81 94 116 196
102	4	63001	81 116 134 196
103	4	63001	81 134 197 200
104	4	63001	81 193 200 222
105	4	63001	81 197 200 211
106	4	63001	81 200 222 241
107	4	63001	83 142 187 188
108	4	63001	83 142 208 215
109	4	63001	83 183 187 226
110	4	63001	84 192 219 239
111	4	63001	86 112 186 198
112	4	63001	87 101 233 244
113	4	63001	87 156 194 237
114	4	63001	99 105 118 175
115	4	63001	99 105 118 246
116	4	63001	102 106 143 234
117	4	63001	102 143 188 243
118	4	63001	104 156 171 206
119	4	63001	106 160 184 226
120	4	63001	111 114 124 214
121	4	63001	111 181 221 230
122	4	63001	114 177 214 229
123	4	63001	117 220 225 244
124	4	63001	118 167 211 238
125	4	63001	130 135 138 152
126	4	63001	143 188 198 243
127	4	63001	151 158 182 186
128	4	63001	156 171 206 210
129	4	63001	156 194 206 210
130	4	63001	167 202 218 238
131	4	63001	167 211 235 238
132	4	63001	181 208 221 230
133	4	63001	191 205 232 250
134	4	63001	192 219 239 249
135	3	251	1 6 39
136	3	251	1 6 94
137	3	251	1 6 230
138	3	251	1 6 231
139	3	251	1 18 55
140	3	251	1 23 43
141	3	251	1 39 94
142	3	251	1 39 231
143	3	251	1 43 163
144	3	251	1 43 230
145	3	251	1 55 163
146	3	251	1 55 181
147	3	251	1 55 230
148	3	251	1 72 130
149	3	251	1 72 174
150	3	251	1 83 225
151	3	251	1 90 155
152	3	251	1 90 225
153	3	251	1 90 230
154	3	251	1 94 181
155	3	251	1 123 225
156	3	251	1 155 218
157	3	251	1 181 230
158	3	251	1 218 230
159	3	251	2 26 48
160	3	251	2 26 96
161	3	251	2 26 131
162	3	251	2 34 230
163	3	251	2 36 138
164	3	251	2 36 230
165	3	251	2 39 40
166	3	251	2 39 131
167	3	251	2 39 147
168	3	251	2 39 148
169	3	251	2 39 249
170	3	251	2 40 53
171	3	251	2 40 75
172	3	251	2 40 148
173	3	251	2 40 166
174	3	251	2 40 249
175	3	251	2 48 226
176	3	251	2 68 147
177	3	251	2 68 148
178	3	251	2 68 169
179	3	251	2 73 230
180	3	251	2 75 96
181	3	251	2 75 141
182	3	251	2 75 148
183	3	251	2 96 110
184	3	251	2 96 169
185	3	251	2 110 145
186	3	251	2 110 193
187	3	251	2 131 249
188	3	251	2 138 141
189	3	251	2 138 148
190	3	251	2 138 166
191	3	251	2 138 249
192	3	251	2 141 145
193	3	251	2 141 147
194	3	251	2 141 169
195	3	251	2 145 205
196	3	251	2 147 208
197	3	251	2 193 249
198	3	251	2 205 249
199	3	251	2 208 230
200	3	251	2 208 249
201	3	251	2 230 249
202	3	251	5 8 32
203	3	251	5 8 48
204	3	251	5 9 54
205	3	251	5 9 114
206	3	251	5 16 38
207	3	251	5 16 76
208	3	251	5 16 79
209	3	251	5 16 152
210	3	251	5 16 194
211	3	251	5 32 76
212	3	251	5 38 229
213	3	251	5 48 79
214	3	251	5 48 114
215	3	251	5 48 229
216	3	251	5 48 234
217	3	251	5 54 152
218	3	251	5 58 120
219	3	251	5 58 134
220	3	251	5 58 158
221	3	251	5 58 216
222	3	251	5 70 152
223	3	251	5 70 216
224	3	251	5 72 119
225	3	251	5 72 229
226	3	251	5 74 76
227	3	251	5 74 114
228	3	251	5 74 146
229	3	251	5 74 162
230	3	251	5 76 162
231	3	251	5 79 234
232	3	251	5 86 114
233	3	251	5 114 158
234	3	251	5 114 229
235	3	251	5 114 234
236	3	251	5 117 119
237	3	251	5 117 162
238	3	251	5 117 234
239	3	251	5 120 234
240	3	251	5 146 152
241	3	251	5 146 176
242	3	251	5 152 176
243	3	251	5 158 216
244	3	251	5 162 229
245	3	251	6 19 67
246	3	251	6 19 133
247	3	251	6 19 142
248	3	251	6 25 67
249	3	251	6 25 133
250	3	251	6 29 39
251	3	251	6 29 133
252	3	251	6 29 138
253	3	251	6 29 170
254	3	251	6 29 184
255	3	251	6 29 193
256	3	251	6 29 230
257	3	251	6 39 94
258	3	251	6 39 147
259	3	251	6 39 231
260	3	251	6 39 232
261	3	251	6 48 137
262	3	251	6 48 217
263	3	251	6 48 229
264	3	251	6 48 232
265	3	251	6 67 170
266	3	251	6 94 157
267	3	251	6 106 126
268	3	251	6 106 184
269	3	251	6 106 229
270	3	251	6 106 230
271	3	251	6 118 147
272	3	251	6 118 170
273	3	251	6 126 151
274	3	251	6 126 209
275	3	251	6 137 142
276	3	251	6 138 150
277	3	251	6 138 184
278	3	251	6 142 159
279	3	251	6 142 209
280	3	251	6 150 229
281	3	251	6 159 217
282	3	251	6 159 230
283	3	251	6 170 231
284	3	251	6 184 217
285	3	251	6 184 232
286	3	251	6 193 229
287	3	251	6 209 232
288	3	251	6 229 232
289	3	251	7 13 86
290	3	251	7 13 109
291	3	251	7 13 250
292	3	251	7 50 157
293	3	251	7 50 184
294	3	251	7 50 210
295	3	251	7 58 81
296	3	251	7 58 175
297	3	251	7 65 170
298	3	251	7 65 171
299	3	251	7 65 246
300	3	251	7 81 95
301	3	251	7 81 106
302	3	251	7 81 109
303	3	251	7 81 170
304	3	251	7 81 195
305	3	251	7 81 211
306	3	251	7 86 112
307	3	251	7 86 244
308	3	251	7 87 180
309	3	251	7 87 244
310	3	251	7 95 109
311	3	251	7 95 112
312	3	251	7 95 244
313	3	251	7 100 195
314	3	251	7 100 250
315	3	251	7 106 124
316	3	251	7 106 132
317	3	251	7 106 184
318	3	251	7 106 246
319	3	251	7 109 175
320	3	251	7 109 244
321	3	251	7 109 248
322	3	251	7 112 170
323	3	251	7 112 211
324	3	251	7 112 250
325	3	251	7 124 213
326	3	251	7 124 246
327	3	251	7 132 157
328	3	251	7 132 180
329	3	251	7 132 248
330	3	251	7 157 171
331	3	251	7 157 178
332	3	251	7 170 175
333	3	251	7 171 210
334	3	251	7 175 195
335	3	251	7 175 250
336	3	251	7 180 220
337	3	251	7 182 220
338	3	251	7 210 248
339	3	251	7 220 244
340	3	251	7 220 250
341	3	251	7 242 248
342	3	251	8 13 80
343	3	251	8 13 172
344	3	251	8 17 92
345	3	251	8 17 136
346	3	251	8 17 206
347	3	251	8 32 138
348	3	251	8 32 172
349	3	251	8 32 204
350	3	251	8 48 102
351	3	251	8 49 204
352	3	251	8 49 206
353	3	251	8 49 224
354	3	251	8 49 230
355	3	251	8 73 209
356	3	251	8 73 230
357	3	251	8 77 136
358	3	251	8 80 102
359	3	251	8 80 196
360	3	251	8 92 102
361	3	251	8 92 196
362	3	251	8 92 209
363	3	251	8 102 188
364	3	251	8 136 171
365	3	251	8 136 209
366	3	251	8 136 230
367	3	251	8 138 196
368	3	251	8 138 206
369	3	251	8 149 204
370	3	251	8 149 230
371	3	251	8 155 244
372	3	251	8 171 206
373	3	251	8 188 224
374	3	251	8 196 230
375	3	251	8 206 209
376	3	251	9 21 54
377	3	251	9 21 60
378	3	251	9 21 151
379	3	251	9 21 174
380	3	251	9 21 237
381	3	251	9 22 136
382	3	251	9 24 114
383	3	251	9 24 160
384	3	251	9 24 239
385	3	251	9 54 87
386	3	251	9 54 201
387	3	251	9 54 233
388	3	251	9 60 116
389	3	251	9 60 174
390	3	251	9 60 211
391	3	251	9 84 129
392	3	251	9 84 183
393	3	251	9 84 219
394	3	251	9 84 233
395	3	251	9 84 239
396	3	251	9 87 129
397	3	251	9 87 183
398	3	251	9 87 233
399	3	251	9 87 237
400	3	251	9 102 129
401	3	251	9 102 228
402	3	251	9 114 214
403	3	251	9 116 235
404	3	251	9 129 153
405	3	251	9 129 201
406	3	251	9 129 242
407	3	251	9 136 140
408	3	251	9 136 239
409	3	251	9 140 151
410	3	251	9 140 160
411	3	251	9 140 228
412	3	251	9 153 174
413	3	251	9 160 214
414	3	251	9 160 233
415	3	251	9 164 211
416	3	251	9 164 235
417	3	251	9 167 211
418	3	251	9 167 219
419	3	251	9 167 235
420	3	251	9 174 242
421	3	251	9 183 242
422	3	251	9 201 239
423	3	251	9 211 235
424	3	251	9 211 237
425	3	251	9 211 239
426	3	251	9 214 242
427	3	251	9 219 239
428	3	251	9 219 242
429	3	251	10 15 18
430	3	251	10 15 46
431	3	251	10 15 130
432	3	251	10 15 143
433	3	251	10 15 225
434	3	251	10 18 208
435	3	251	10 43 46
436	3	251	10 45 143
437	3	251	10 46 130
438	3	251	10 46 158
439	3	251	10 46 161
440	3	251	10 127 152
441	3	251	10 130 152
442	3	251	10 130 204
443	3	251	10 143 158
444	3	251	10 143 218
445	3	251	10 143 244
446	3	251	10 152 155
447	3	251	10 152 204
448	3	251	10 155 218
449	3	251	10 155 244
450	3	251	10 158 218
451	3	251	10 204 208
452	3	251	10 225 244
453	3	251	11 35 214
454	3	251	11 41 137
455	3	251	11 41 157
456	3	251	11 41 214
457	3	251	11 41 225
458	3	251	11 49 193
459	3	251	11 53 214
460	3	251	11 53 244
461	3	251	11 65 216
462	3	251	11 103 202
463	3	251	11 103 228
464	3	251	11 129 244
465	3	251	11 157 187
466	3	251	11 160 186
467	3	251	11 160 214
468	3	251	11 160 216
469	3	251	11 160 217
470	3	251	11 167 202
471	3	251	11 177 214
472	3	251	11 187 244
473	3	251	11 202 228
474	3	251	11 214 225
475	3	251	11 225 244
476	3	251	12 20 29
477	3	251	12 20 31
478	3	251	12 20 75
479	3	251	12 25 228
480	3	251	12 29 75
481	3	251	12 29 138
482	3	251	12 29 174
483	3	251	12 29 230
484	3	251	12 31 163
485	3	251	12 31 228
486	3	251	12 31 237
487	3	251	12 63 237
488	3	251	12 75 224
489	3	251	12 86 97
490	3	251	12 97 224
491	3	251	12 126 163
492	3	251	12 129 224
493	3	251	12 138 152
494	3	251	12 138 163
495	3	251	12 138 196
496	3	251	12 138 228
497	3	251	12 159 196
498	3	251	12 159 230
499	3	251	12 163 179
500	3	251	12 163 216
501	3	251	12 196 230
502	3	251	12 216 237
503	3	251	13 19 76
504	3	251	13 19 161
505	3	251	13 19 162
506	3	251	13 28 78
507	3	251	13 28 172
508	3	251	13 28 179
509	3	251	13 38 237
510	3	251	13 38 250
511	3	251	13 68 80
512	3	251	13 68 236
513	3	251	13 68 250
514	3	251	13 76 93
515	3	251	13 76 162
516	3	251	13 78 153
517	3	251	13 79 139
518	3	251	13 84 86
519	3	251	13 84 127
520	3	251	13 84 162
521	3	251	13 84 190
522	3	251	13 86 161
523	3	251	13 93 190
524	3	251	13 93 236
525	3	251	13 109 190
526	3	251	13 117 162
527	3	251	13 127 172
528	3	251	13 127 179
529	3	251	13 156 237
530	3	251	13 162 236
531	3	251	13 179 236
532	3	251	13 221 237
533	3	251	14 59 94
534	3	251	14 59 98
535	3	251	14 59 99
536	3	251	14 59 135
537	3	251	14 59 186
538	3	251	14 66 182
539	3	251	14 66 184
540	3	251	14 74 75
541	3	251	14 74 94
542	3	251	14 74 186
543	3	251	14 75 118
544	3	251	14 94 97
545	3	251	14 94 167
546	3	251	14 98 131
547	3	251	14 99 118
548	3	251	14 99 131
549	3	251	14 118 167
550	3	251	14 131 172
551	3	251	14 131 184
552	3	251	14 135 188
553	3	251	14 172 210
554	3	251	14 180 186
555	3	251	14 180 188
556	3	251	14 182 186
557	3	251	15 18 243
558	3	251	15 46 86
559	3	251	15 46 97
560	3	251	15 46 99
561	3	251	15 46 130
562	3	251	15 46 232
563	3	251	15 49 97
564	3	251	15 49 194
565	3	251	15 54 130
566	3	251	15 54 141
567	3	251	15 86 97
568	3	251	15 86 225
569	3	251	15 143 214
570	3	251	15 143 243
571	3	251	15 177 214
572	3	251	15 194 196
573	3	251	15 194 210
574	3	251	15 214 225
575	3	251	15 232 243
576	3	251	16 38 199
577	3	251	16 49 76
578	3	251	16 49 79
579	3	251	16 49 194
580	3	251	16 49 220
581	3	251	16 55 220
582	3	251	16 60 112
583	3	251	16 60 145
584	3	251	16 60 227
585	3	251	16 79 98
586	3	251	16 79 105
587	3	251	16 98 152
588	3	251	16 98 194
589	3	251	16 99 105
590	3	251	16 99 109
591	3	251	16 105 200
592	3	251	16 105 227
593	3	251	16 109 145
594	3	251	16 112 186
595	3	251	16 112 200
596	3	251	16 112 222
597	3	251	16 145 182
598	3	251	16 145 220
599	3	251	16 150 182
600	3	251	16 152 220
601	3	251	16 182 186
602	3	251	16 182 220
603	3	251	16 186 194
604	3	251	16 186 199
605	3	251	16 186 222
606	3	251	16 199 200
607	3	251	16 200 222
608	3	251	17 22 47
609	3	251	17 22 136
610	3	251	17 22 148
611	3	251	17 43 50
612	3	251	17 43 157
613	3	251	17 45 50
614	3	251	17 45 92
615	3	251	17 45 143
616	3	251	17 45 233
617	3	251	17 47 157
618	3	251	17 50 91
619	3	251	17 50 148
620	3	251	17 50 157
621	3	251	17 50 233
622	3	251	17 92 148
623	3	251	17 148 248
624	3	251	17 157 179
625	3	251	17 157 191
626	3	251	18 40 166
627	3	251	18 41 55
628	3	251	18 41 106
629	3	251	18 42 104
630	3	251	18 42 175
631	3	251	18 42 185
632	3	251	18 55 209
633	3	251	18 74 146
634	3	251	18 74 226
635	3	251	18 74 241
636	3	251	18 104 146
637	3	251	18 104 175
638	3	251	18 104 209
639	3	251	18 106 144
640	3	251	18 106 226
641	3	251	18 144 146
642	3	251	18 146 166
643	3	251	18 146 172
644	3	251	18 166 191
645	3	251	18 166 209
646	3	251	18 172 185
647	3	251	18 175 197
648	3	251	18 175 208
649	3	251	19 22 46
650	3	251	19 22 47
651	3	251	19 22 62
652	3	251	19 22 133
653	3	251	19 22 144
654	3	251	19 46 124
655	3	251	19 46 161
656	3	251	19 47 67
657	3	251	19 47 124
658	3	251	19 47 194
659	3	251	19 54 141
660	3	251	19 66 162
661	3	251	19 66 183
662	3	251	19 66 218
663	3	251	19 67 101
664	3	251	19 67 166
665	3	251	19 73 144
666	3	251	19 76 162
667	3	251	19 101 144
668	3	251	19 101 218
669	3	251	19 133 183
670	3	251	19 142 218
671	3	251	19 144 146
672	3	251	19 144 183
673	3	251	19 146 166
674	3	251	19 146 218
675	3	251	19 186 194
676	3	251	19 194 218
677	3	251	19 197 218
678	3	251	20 22 30
679	3	251	20 22 148
680	3	251	20 28 201
681	3	251	20 29 30
682	3	251	20 29 75
683	3	251	20 29 127
684	3	251	20 30 130
685	3	251	20 75 148
686	3	251	20 75 241
687	3	251	20 85 130
688	3	251	20 99 175
689	3	251	20 106 148
690	3	251	20 125 148
691	3	251	20 127 241
692	3	251	20 148 235
693	3	251	20 235 241
694	3	251	20 241 244
695	3	251	21 33 60
696	3	251	21 33 237
697	3	251	21 34 60
698	3	251	21 34 125
699	3	251	21 37 105
700	3	251	21 37 215
701	3	251	21 48 105
702	3	251	21 54 152
703	3	251	21 54 159
704	3	251	21 59 125
705	3	251	21 60 139
706	3	251	21 60 174
707	3	251	21 67 125
708	3	251	21 105 185
709	3	251	21 139 151
710	3	251	21 149 176
711	3	251	21 149 237
712	3	251	21 152 176
713	3	251	21 159 176
714	3	251	21 165 174
715	3	251	21 165 215
716	3	251	22 30 177
717	3	251	22 46 158
718	3	251	22 46 200
719	3	251	22 47 159
720	3	251	22 47 165
721	3	251	22 47 227
722	3	251	22 103 122
723	3	251	22 104 171
724	3	251	22 105 200
725	3	251	22 105 227
726	3	251	22 105 231
727	3	251	22 122 133
728	3	251	22 122 136
729	3	251	22 122 177
730	3	251	22 133 148
731	3	251	22 133 227
732	3	251	22 136 171
733	3	251	22 148 200
734	3	251	22 159 200
735	3	251	23 43 73
736	3	251	23 43 145
737	3	251	23 47 124
738	3	251	23 47 145
739	3	251	23 47 243
740	3	251	23 56 207
741	3	251	23 56 243
742	3	251	23 60 145
743	3	251	23 60 175
744	3	251	23 60 207
745	3	251	23 73 114
746	3	251	23 73 185
747	3	251	23 114 124
748	3	251	23 114 168
749	3	251	23 114 175
750	3	251	23 124 168
751	3	251	23 124 207
752	3	251	23 145 235
753	3	251	23 145 243
754	3	251	23 168 185
755	3	251	23 168 207
756	3	251	24 43 46
757	3	251	24 43 163
758	3	251	24 67 239
759	3	251	24 114 163
760	3	251	24 115 236
761	3	251	24 134 178
762	3	251	24 134 208
763	3	251	24 160 178
764	3	251	24 163 208
765	3	251	24 204 208
766	3	251	24 236 239
767	3	251	25 33 64
768	3	251	25 36 92
769	3	251	25 36 242
770	3	251	25 44 67
771	3	251	25 44 93
772	3	251	25 44 234
773	3	251	25 64 67
774	3	251	25 64 93
775	3	251	25 64 133
776	3	251	25 73 93
777	3	251	25 87 156
778	3	251	25 87 194
779	3	251	25 89 93
780	3	251	25 89 133
781	3	251	25 89 155
782	3	251	25 89 212
783	3	251	25 93 199
784	3	251	25 95 122
785	3	251	25 122 133
786	3	251	25 122 194
787	3	251	25 133 199
788	3	251	25 155 194
789	3	251	25 156 171
790	3	251	25 156 194
791	3	251	25 176 188
792	3	251	25 176 199
793	3	251	25 182 212
794	3	251	25 188 228
795	3	251	26 48 79
796	3	251	26 48 105
797	3	251	26 48 220
798	3	251	26 57 96
799	3	251	26 57 105
800	3	251	26 57 215
801	3	251	26 58 81
802	3	251	26 64 81
803	3	251	26 64 105
804	3	251	26 79 105
805	3	251	26 81 116
806	3	251	26 81 199
807	3	251	26 84 96
808	3	251	26 84 105
809	3	251	26 84 131
810	3	251	26 96 142
811	3	251	26 96 215
812	3	251	26 105 142
813	3	251	26 116 215
814	3	251	26 116 244
815	3	251	26 131 244
816	3	251	26 142 153
817	3	251	26 142 215
818	3	251	26 199 215
819	3	251	26 220 244
820	3	251	27 46 99
821	3	251	27 46 130
822	3	251	27 49 76
823	3	251	27 49 120
824	3	251	27 49 133
825	3	251	27 49 194
826	3	251	27 49 204
827	3	251	27 49 220
828	3	251	27 72 112
829	3	251	27 72 119
830	3	251	27 72 130
831	3	251	27 72 174
832	3	251	27 78 91
833	3	251	27 78 99
834	3	251	27 78 122
835	3	251	27 78 174
836	3	251	27 78 212
837	3	251	27 87 119
838	3	251	27 87 194
839	3	251	27 87 245
840	3	251	27 91 174
841	3	251	27 112 163
842	3	251	27 112 250
843	3	251	27 119 122
844	3	251	27 119 220
845	3	251	27 120 130
846	3	251	27 120 187
847	3	251	27 122 133
848	3	251	27 122 194
849	3	251	27 130 204
850	3	251	27 130 250
851	3	251	27 133 199
852	3	251	27 133 213
853	3	251	27 133 250
854	3	251	27 163 207
855	3	251	27 163 220
856	3	251	27 174 204
857	3	251	27 176 199
858	3	251	27 187 250
859	3	251	27 207 220
860	3	251	27 207 250
861	3	251	27 212 245
862	3	251	27 220 250
863	3	251	28 78 201
864	3	251	28 101 199
865	3	251	28 101 218
866	3	251	28 108 152
867	3	251	28 108 201
868	3	251	28 108 238
869	3	251	28 115 123
870	3	251	28 115 194
871	3	251	28 135 152
872	3	251	28 145 218
873	3	251	28 152 172
874	3	251	28 152 201
875	3	251	28 157 179
876	3	251	28 157 218
877	3	251	28 167 194
878	3	251	28 167 218
879	3	251	28 167 238
880	3	251	28 179 238
881	3	251	28 192 201
882	3	251	28 194 218
883	3	251	28 201 203
884	3	251	28 218 238
885	3	251	29 30 74
886	3	251	29 39 172
887	3	251	29 57 149
888	3	251	29 57 230
889	3	251	29 65 140
890	3	251	29 65 170
891	3	251	29 74 75
892	3	251	29 74 145
893	3	251	29 75 170
894	3	251	29 116 138
895	3	251	29 116 170
896	3	251	29 127 133
897	3	251	29 127 149
898	3	251	29 127 170
899	3	251	29 127 172
900	3	251	29 133 145
901	3	251	29 138 184
902	3	251	29 140 145
903	3	251	29 140 170
904	3	251	29 149 230
905	3	251	30 55 139
906	3	251	30 59 157
907	3	251	30 74 157
908	3	251	30 81 196
909	3	251	30 81 222
910	3	251	30 139 213
911	3	251	30 177 222
912	3	251	31 44 204
913	3	251	31 44 225
914	3	251	31 44 237
915	3	251	31 44 248
916	3	251	31 60 77
917	3	251	31 60 213
918	3	251	31 73 94
919	3	251	31 73 184
920	3	251	31 94 95
921	3	251	31 94 167
922	3	251	31 94 178
923	3	251	31 95 169
924	3	251	31 134 169
925	3	251	31 134 178
926	3	251	31 134 197
927	3	251	31 134 200
928	3	251	31 134 220
929	3	251	31 163 220
930	3	251	31 169 237
931	3	251	31 190 197
932	3	251	31 192 237
933	3	251	31 197 200
934	3	251	31 197 213
935	3	251	31 200 213
936	3	251	31 220 225
937	3	251	31 225 237
938	3	251	32 75 78
939	3	251	32 75 141
940	3	251	32 76 94
941	3	251	32 78 153
942	3	251	32 78 169
943	3	251	32 84 131
944	3	251	32 84 219
945	3	251	32 84 233
946	3	251	32 94 97
947	3	251	32 131 172
948	3	251	32 138 141
949	3	251	32 141 169
950	3	251	32 195 204
951	3	251	32 219 242
952	3	251	33 43 50
953	3	251	33 45 50
954	3	251	33 50 135
955	3	251	33 50 210
956	3	251	33 50 240
957	3	251	33 60 77
958	3	251	33 64 68
959	3	251	33 64 209
960	3	251	33 68 126
961	3	251	33 77 83
962	3	251	33 77 129
963	3	251	33 77 195
964	3	251	33 83 158
965	3	251	33 83 195
966	3	251	33 103 195
967	3	251	33 103 218
968	3	251	33 120 126
969	3	251	33 126 209
970	3	251	33 129 158
971	3	251	33 129 218
972	3	251	33 158 218
973	3	251	33 195 204
974	3	251	33 195 209
975	3	251	33 204 210
976	3	251	33 209 218
977	3	251	33 221 237
978	3	251	33 237 240
979	3	251	34 41 60
980	3	251	34 41 125
981	3	251	34 41 235
982	3	251	34 56 219
983	3	251	34 56 236
984	3	251	34 60 82
985	3	251	34 60 211
986	3	251	34 72 82
987	3	251	34 82 84
988	3	251	34 84 86
989	3	251	34 84 219
990	3	251	34 84 233
991	3	251	34 86 186
992	3	251	34 93 170
993	3	251	34 93 236
994	3	251	34 98 153
995	3	251	34 98 219
996	3	251	34 99 211
997	3	251	34 99 233
998	3	251	34 125 153
999	3	251	34 156 184
1000	3	251	34 156 235
1001	3	251	34 184 236
1002	3	251	34 211 235
1003	3	251	34 219 236
1004	3	251	34 230 235
1005	3	251	35 44 113
1006	3	251	35 44 234
1007	3	251	35 48 190
1008	3	251	35 48 232
1009	3	251	35 48 234
1010	3	251	35 56 83
1011	3	251	35 56 146
1012	3	251	35 56 169
1013	3	251	35 57 169
1014	3	251	35 57 234
1015	3	251	35 61 209
1016	3	251	35 61 250
1017	3	251	35 77 83
1018	3	251	35 83 188
1019	3	251	35 104 146
1020	3	251	35 104 209
1021	3	251	35 106 113
1022	3	251	35 106 234
1023	3	251	35 113 188
1024	3	251	35 113 234
1025	3	251	35 139 146
1026	3	251	35 139 209
1027	3	251	35 140 192
1028	3	251	35 169 232
1029	3	251	35 188 214
1030	3	251	35 192 209
1031	3	251	35 192 239
1032	3	251	35 209 232
1033	3	251	35 232 239
1034	3	251	35 232 250
1035	3	251	35 234 250
1036	3	251	36 55 204
1037	3	251	36 55 230
1038	3	251	36 90 230
1039	3	251	36 90 245
1040	3	251	36 117 245
1041	3	251	36 138 152
1042	3	251	36 138 184
1043	3	251	36 146 152
1044	3	251	36 146 164
1045	3	251	36 146 204
1046	3	251	36 152 184
1047	3	251	36 152 204
1048	3	251	36 164 184
1049	3	251	36 164 245
1050	3	251	36 219 242
1051	3	251	37 52 164
1052	3	251	37 52 217
1053	3	251	37 58 127
1054	3	251	37 58 219
1055	3	251	37 61 215
1056	3	251	37 103 147
1057	3	251	37 103 181
1058	3	251	37 105 245
1059	3	251	37 106 181
1060	3	251	37 111 181
1061	3	251	37 127 172
1062	3	251	37 164 245
1063	3	251	37 167 219
1064	3	251	37 172 210
1065	3	251	37 172 215
1066	3	251	38 53 91
1067	3	251	38 57 96
1068	3	251	38 57 165
1069	3	251	38 73 229
1070	3	251	38 87 96
1071	3	251	38 87 237
1072	3	251	38 95 96
1073	3	251	38 165 229
1074	3	251	38 177 199
1075	3	251	38 177 229
1076	3	251	38 212 229
1077	3	251	38 212 237
1078	3	251	39 40 113
1079	3	251	39 40 136
1080	3	251	39 40 148
1081	3	251	39 40 186
1082	3	251	39 40 211
1083	3	251	39 40 249
1084	3	251	39 44 76
1085	3	251	39 44 113
1086	3	251	39 44 147
1087	3	251	39 44 164
1088	3	251	39 44 211
1089	3	251	39 44 234
1090	3	251	39 52 70
1091	3	251	39 52 136
1092	3	251	39 52 164
1093	3	251	39 52 231
1094	3	251	39 58 136
1095	3	251	39 70 136
1096	3	251	39 70 152
1097	3	251	39 70 182
1098	3	251	39 70 211
1099	3	251	39 70 227
1100	3	251	39 70 249
1101	3	251	39 71 87
1102	3	251	39 71 113
1103	3	251	39 71 135
1104	3	251	39 71 227
1105	3	251	39 76 94
1106	3	251	39 76 249
1107	3	251	39 87 94
1108	3	251	39 94 238
1109	3	251	39 113 234
1110	3	251	39 131 136
1111	3	251	39 131 172
1112	3	251	39 131 238
1113	3	251	39 131 249
1114	3	251	39 135 152
1115	3	251	39 136 238
1116	3	251	39 147 152
1117	3	251	39 152 172
1118	3	251	39 164 211
1119	3	251	39 182 186
1120	3	251	39 186 238
1121	3	251	39 211 238
1122	3	251	39 227 249
1123	3	251	39 232 238
1124	3	251	39 234 249
1125	3	251	40 45 50
1126	3	251	40 45 79
1127	3	251	40 45 113
1128	3	251	40 50 61
1129	3	251	40 50 148
1130	3	251	40 50 186
1131	3	251	40 53 61
1132	3	251	40 53 158
1133	3	251	40 56 79
1134	3	251	40 60 211
1135	3	251	40 61 79
1136	3	251	40 61 158
1137	3	251	40 75 79
1138	3	251	40 75 148
1139	3	251	40 75 156
1140	3	251	40 79 235
1141	3	251	40 99 113
1142	3	251	40 99 211
1143	3	251	40 113 166
1144	3	251	40 136 162
1145	3	251	40 148 235
1146	3	251	40 156 235
1147	3	251	40 156 237
1148	3	251	40 158 186
1149	3	251	40 158 235
1150	3	251	40 163 211
1151	3	251	40 186 198
1152	3	251	40 198 249
1153	3	251	40 211 235
1154	3	251	40 211 237
1155	3	251	41 55 163
1156	3	251	41 55 181
1157	3	251	41 60 147
1158	3	251	41 60 174
1159	3	251	41 80 201
1160	3	251	41 80 214
1161	3	251	41 80 235
1162	3	251	41 106 141
1163	3	251	41 106 158
1164	3	251	41 106 181
1165	3	251	41 106 225
1166	3	251	41 107 147
1167	3	251	41 107 238
1168	3	251	41 137 142
1169	3	251	41 137 181
1170	3	251	41 137 238
1171	3	251	41 141 147
1172	3	251	41 141 181
1173	3	251	41 141 215
1174	3	251	41 142 215
1175	3	251	41 142 245
1176	3	251	41 147 165
1177	3	251	41 158 235
1178	3	251	41 165 174
1179	3	251	41 165 215
1180	3	251	41 168 174
1181	3	251	41 168 245
1182	3	251	41 174 242
1183	3	251	41 181 201
1184	3	251	41 181 235
1185	3	251	41 181 242
1186	3	251	41 200 201
1187	3	251	41 214 225
1188	3	251	41 214 242
1189	3	251	41 215 235
1190	3	251	41 215 250
1191	3	251	41 235 238
1192	3	251	42 47 94
1193	3	251	42 47 176
1194	3	251	42 53 91
1195	3	251	42 53 142
1196	3	251	42 53 176
1197	3	251	42 63 72
1198	3	251	42 63 104
1199	3	251	42 63 131
1200	3	251	42 78 91
1201	3	251	42 78 171
1202	3	251	42 78 201
1203	3	251	42 78 230
1204	3	251	42 79 235
1205	3	251	42 85 94
1206	3	251	42 85 185
1207	3	251	42 91 142
1208	3	251	42 104 171
1209	3	251	42 104 175
1210	3	251	42 104 176
1211	3	251	42 104 230
1212	3	251	42 131 184
1213	3	251	42 142 176
1214	3	251	42 176 193
1215	3	251	42 230 235
1216	3	251	43 46 86
1217	3	251	43 50 157
1218	3	251	43 65 234
1219	3	251	43 73 82
1220	3	251	43 73 230
1221	3	251	43 82 157
1222	3	251	43 109 145
1223	3	251	43 109 190
1224	3	251	43 147 190
1225	3	251	43 190 230
1226	3	251	44 50 93
1227	3	251	44 66 113
1228	3	251	44 66 147
1229	3	251	44 66 162
1230	3	251	44 66 195
1231	3	251	44 67 164
1232	3	251	44 67 211
1233	3	251	44 68 147
1234	3	251	44 68 206
1235	3	251	44 68 234
1236	3	251	44 76 93
1237	3	251	44 76 162
1238	3	251	44 84 86
1239	3	251	44 84 105
1240	3	251	44 84 162
1241	3	251	44 84 181
1242	3	251	44 86 225
1243	3	251	44 93 105
1244	3	251	44 113 225
1245	3	251	44 113 234
1246	3	251	44 147 204
1247	3	251	44 164 211
1248	3	251	44 195 204
1249	3	251	44 211 237
1250	3	251	44 225 237
1251	3	251	45 50 93
1252	3	251	45 50 233
1253	3	251	45 52 231
1254	3	251	45 72 92
1255	3	251	45 72 215
1256	3	251	45 79 92
1257	3	251	45 79 243
1258	3	251	45 92 180
1259	3	251	45 92 196
1260	3	251	45 92 231
1261	3	251	45 101 233
1262	3	251	45 107 113
1263	3	251	45 107 171
1264	3	251	45 143 169
1265	3	251	45 143 243
1266	3	251	45 169 175
1267	3	251	45 169 196
1268	3	251	46 86 97
1269	3	251	46 86 161
1270	3	251	46 99 246
1271	3	251	46 124 200
1272	3	251	46 124 246
1273	3	251	46 130 200
1274	3	251	46 156 235
1275	3	251	46 158 235
1276	3	251	46 161 181
1277	3	251	46 161 246
1278	3	251	46 181 235
1279	3	251	46 200 246
1280	3	251	47 84 159
1281	3	251	47 84 190
1282	3	251	47 94 157
1283	3	251	47 94 194
1284	3	251	47 94 205
1285	3	251	47 94 238
1286	3	251	47 102 202
1287	3	251	47 102 243
1288	3	251	47 145 205
1289	3	251	47 145 243
1290	3	251	47 152 176
1291	3	251	47 159 176
1292	3	251	47 190 205
1293	3	251	47 202 238
1294	3	251	47 205 249
1295	3	251	47 227 249
1296	3	251	48 79 105
1297	3	251	48 79 234
1298	3	251	48 79 235
1299	3	251	48 102 143
1300	3	251	48 102 229
1301	3	251	48 102 234
1302	3	251	48 105 173
1303	3	251	48 105 200
1304	3	251	48 114 124
1305	3	251	48 114 222
1306	3	251	48 114 229
1307	3	251	48 114 234
1308	3	251	48 124 200
1309	3	251	48 137 181
1310	3	251	48 143 198
1311	3	251	48 143 234
1312	3	251	48 143 235
1313	3	251	48 173 229
1314	3	251	48 180 200
1315	3	251	48 180 217
1316	3	251	48 180 220
1317	3	251	48 181 226
1318	3	251	48 181 235
1319	3	251	48 190 219
1320	3	251	48 200 217
1321	3	251	48 200 222
1322	3	251	48 229 232
1323	3	251	49 76 81
1324	3	251	49 81 168
1325	3	251	49 81 193
1326	3	251	49 81 211
1327	3	251	49 81 229
1328	3	251	49 97 206
1329	3	251	49 97 211
1330	3	251	49 97 220
1331	3	251	49 97 224
1332	3	251	49 120 168
1333	3	251	49 120 193
1334	3	251	49 131 132
1335	3	251	49 131 224
1336	3	251	49 153 193
1337	3	251	49 158 206
1338	3	251	49 168 220
1339	3	251	49 168 224
1340	3	251	49 168 230
1341	3	251	49 193 204
1342	3	251	49 193 224
1343	3	251	49 193 229
1344	3	251	49 194 206
1345	3	251	49 211 224
1346	3	251	49 211 229
1347	3	251	49 221 230
1348	3	251	50 57 71
1349	3	251	50 57 173
1350	3	251	50 57 233
1351	3	251	50 61 177
1352	3	251	50 61 240
1353	3	251	50 63 70
1354	3	251	50 63 135
1355	3	251	50 71 91
1356	3	251	50 71 135
1357	3	251	50 71 199
1358	3	251	50 91 186
1359	3	251	50 93 199
1360	3	251	50 93 240
1361	3	251	50 173 184
1362	3	251	50 177 199
1363	3	251	50 186 199
1364	3	251	52 60 177
1365	3	251	52 60 213
1366	3	251	52 64 97
1367	3	251	52 64 136
1368	3	251	52 70 136
1369	3	251	52 120 130
1370	3	251	52 120 168
1371	3	251	52 130 138
1372	3	251	52 130 153
1373	3	251	52 130 217
1374	3	251	52 138 241
1375	3	251	53 61 158
1376	3	251	53 61 240
1377	3	251	53 91 142
1378	3	251	53 116 176
1379	3	251	53 116 240
1380	3	251	53 116 244
1381	3	251	53 127 142
1382	3	251	53 127 240
1383	3	251	53 142 176
1384	3	251	53 142 245
1385	3	251	54 87 94
1386	3	251	54 87 141
1387	3	251	54 87 233
1388	3	251	54 130 152
1389	3	251	54 130 217
1390	3	251	54 141 217
1391	3	251	54 152 201
1392	3	251	54 152 217
1393	3	251	54 152 220
1394	3	251	54 159 217
1395	3	251	55 103 181
1396	3	251	55 114 163
1397	3	251	55 114 230
1398	3	251	55 116 163
1399	3	251	55 136 209
1400	3	251	55 136 230
1401	3	251	55 139 209
1402	3	251	55 163 220
1403	3	251	55 181 188
1404	3	251	55 181 230
1405	3	251	55 188 198
1406	3	251	55 190 230
1407	3	251	56 74 146
1408	3	251	56 79 243
1409	3	251	56 133 203
1410	3	251	56 133 213
1411	3	251	56 219 236
1412	3	251	57 71 105
1413	3	251	57 71 202
1414	3	251	57 71 230
1415	3	251	57 94 111
1416	3	251	57 96 169
1417	3	251	57 96 202
1418	3	251	57 96 215
1419	3	251	57 101 233
1420	3	251	57 105 173
1421	3	251	57 105 233
1422	3	251	57 111 230
1423	3	251	57 149 202
1424	3	251	57 149 230
1425	3	251	57 149 233
1426	3	251	57 149 234
1427	3	251	57 164 202
1428	3	251	57 165 215
1429	3	251	57 165 234
1430	3	251	57 169 173
1431	3	251	58 66 219
1432	3	251	58 68 169
1433	3	251	58 68 188
1434	3	251	58 77 136
1435	3	251	58 78 169
1436	3	251	58 81 115
1437	3	251	58 81 134
1438	3	251	58 81 151
1439	3	251	58 81 197
1440	3	251	58 115 169
1441	3	251	58 115 197
1442	3	251	58 127 149
1443	3	251	58 134 149
1444	3	251	58 134 169
1445	3	251	58 134 197
1446	3	251	58 134 208
1447	3	251	58 136 175
1448	3	251	58 136 209
1449	3	251	58 136 239
1450	3	251	58 149 237
1451	3	251	58 149 239
1452	3	251	58 151 158
1453	3	251	58 158 216
1454	3	251	58 161 169
1455	3	251	58 169 173
1456	3	251	58 169 175
1457	3	251	58 169 237
1458	3	251	58 173 209
1459	3	251	58 175 188
1460	3	251	58 175 197
1461	3	251	58 175 208
1462	3	251	58 216 237
1463	3	251	58 219 239
1464	3	251	59 92 94
1465	3	251	59 94 157
1466	3	251	59 94 168
1467	3	251	59 94 178
1468	3	251	59 94 181
1469	3	251	59 94 199
1470	3	251	59 125 135
1471	3	251	59 125 190
1472	3	251	59 141 181
1473	3	251	59 157 178
1474	3	251	59 181 186
1475	3	251	59 181 221
1476	3	251	59 186 199
1477	3	251	60 71 171
1478	3	251	60 71 213
1479	3	251	60 71 227
1480	3	251	60 77 112
1481	3	251	60 82 213
1482	3	251	60 82 227
1483	3	251	60 96 196
1484	3	251	60 96 207
1485	3	251	60 112 123
1486	3	251	60 112 146
1487	3	251	60 112 211
1488	3	251	60 116 144
1489	3	251	60 116 196
1490	3	251	60 116 213
1491	3	251	60 122 175
1492	3	251	60 122 177
1493	3	251	60 123 175
1494	3	251	60 139 146
1495	3	251	60 139 213
1496	3	251	60 139 227
1497	3	251	60 144 146
1498	3	251	60 144 224
1499	3	251	60 145 196
1500	3	251	60 146 172
1501	3	251	60 146 196
1502	3	251	60 147 212
1503	3	251	60 211 224
1504	3	251	61 79 87
1505	3	251	61 87 129
1506	3	251	61 97 109
1507	3	251	61 97 112
1508	3	251	61 109 177
1509	3	251	61 112 123
1510	3	251	61 112 250
1511	3	251	61 123 158
1512	3	251	61 129 158
1513	3	251	61 215 250
1514	3	251	62 74 164
1515	3	251	62 77 203
1516	3	251	62 79 187
1517	3	251	62 117 203
1518	3	251	62 127 179
1519	3	251	62 208 221
1520	3	251	63 67 166
1521	3	251	63 70 104
1522	3	251	63 70 188
1523	3	251	63 70 227
1524	3	251	63 72 110
1525	3	251	63 87 110
1526	3	251	63 87 194
1527	3	251	63 87 200
1528	3	251	63 87 237
1529	3	251	63 98 131
1530	3	251	63 98 158
1531	3	251	63 98 194
1532	3	251	63 104 110
1533	3	251	63 104 111
1534	3	251	63 104 209
1535	3	251	63 110 160
1536	3	251	63 110 227
1537	3	251	63 110 237
1538	3	251	63 111 181
1539	3	251	63 111 188
1540	3	251	63 111 221
1541	3	251	63 131 139
1542	3	251	63 133 181
1543	3	251	63 133 227
1544	3	251	63 134 191
1545	3	251	63 134 200
1546	3	251	63 135 188
1547	3	251	63 139 194
1548	3	251	63 139 209
1549	3	251	63 139 227
1550	3	251	63 160 200
1551	3	251	63 166 191
1552	3	251	63 166 209
1553	3	251	63 181 188
1554	3	251	63 181 221
1555	3	251	63 194 237
1556	3	251	63 209 227
1557	3	251	63 221 237
1558	3	251	64 67 82
1559	3	251	64 67 101
1560	3	251	64 67 239
1561	3	251	64 74 114
1562	3	251	64 74 145
1563	3	251	64 81 222
1564	3	251	64 82 102
1565	3	251	64 82 133
1566	3	251	64 93 105
1567	3	251	64 93 136
1568	3	251	64 97 112
1569	3	251	64 97 222
1570	3	251	64 105 160
1571	3	251	64 112 114
1572	3	251	64 112 222
1573	3	251	64 114 222
1574	3	251	64 128 191
1575	3	251	64 128 239
1576	3	251	64 132 222
1577	3	251	64 133 145
1578	3	251	64 133 183
1579	3	251	64 136 145
1580	3	251	64 136 209
1581	3	251	64 136 239
1582	3	251	64 160 216
1583	3	251	64 167 219
1584	3	251	64 219 239
1585	3	251	65 66 171
1586	3	251	65 67 140
1587	3	251	65 67 170
1588	3	251	65 108 200
1589	3	251	65 140 150
1590	3	251	65 140 170
1591	3	251	65 148 200
1592	3	251	65 150 171
1593	3	251	65 150 246
1594	3	251	65 200 246
1595	3	251	66 85 224
1596	3	251	66 122 177
1597	3	251	66 122 195
1598	3	251	66 126 171
1599	3	251	66 143 184
1600	3	251	66 143 218
1601	3	251	66 156 171
1602	3	251	66 156 184
1603	3	251	66 156 224
1604	3	251	66 183 224
1605	3	251	67 75 170
1606	3	251	67 75 224
1607	3	251	67 82 103
1608	3	251	67 82 164
1609	3	251	67 101 125
1610	3	251	67 101 198
1611	3	251	67 107 116
1612	3	251	67 107 211
1613	3	251	67 116 170
1614	3	251	67 116 235
1615	3	251	67 119 166
1616	3	251	67 120 125
1617	3	251	67 125 198
1618	3	251	67 140 170
1619	3	251	67 164 211
1620	3	251	67 164 235
1621	3	251	67 170 198
1622	3	251	67 211 224
1623	3	251	67 211 235
1624	3	251	67 211 239
1625	3	251	68 70 188
1626	3	251	68 70 206
1627	3	251	68 72 92
1628	3	251	68 72 126
1629	3	251	68 72 147
1630	3	251	68 80 85
1631	3	251	68 80 126
1632	3	251	68 85 155
1633	3	251	68 85 206
1634	3	251	68 92 126
1635	3	251	68 92 148
1636	3	251	68 126 206
1637	3	251	68 147 155
1638	3	251	68 155 169
1639	3	251	68 234 250
1640	3	251	70 78 132
1641	3	251	70 84 159
1642	3	251	70 84 219
1643	3	251	70 104 132
1644	3	251	70 104 206
1645	3	251	70 104 219
1646	3	251	70 132 196
1647	3	251	70 159 196
1648	3	251	70 188 224
1649	3	251	70 196 226
1650	3	251	70 206 216
1651	3	251	70 211 224
1652	3	251	70 219 249
1653	3	251	70 227 249
1654	3	251	71 87 180
1655	3	251	71 87 193
1656	3	251	71 87 200
1657	3	251	71 105 120
1658	3	251	71 105 185
1659	3	251	71 105 200
1660	3	251	71 105 227
1661	3	251	71 113 150
1662	3	251	71 113 178
1663	3	251	71 114 124
1664	3	251	71 114 135
1665	3	251	71 114 193
1666	3	251	71 114 230
1667	3	251	71 120 193
1668	3	251	71 124 200
1669	3	251	71 124 213
1670	3	251	71 135 202
1671	3	251	71 150 171
1672	3	251	71 150 202
1673	3	251	71 150 219
1674	3	251	71 171 181
1675	3	251	71 178 202
1676	3	251	71 180 200
1677	3	251	71 181 230
1678	3	251	71 190 219
1679	3	251	71 190 230
1680	3	251	71 193 200
1681	3	251	71 199 200
1682	3	251	71 199 230
1683	3	251	71 200 213
1684	3	251	71 202 228
1685	3	251	72 92 126
1686	3	251	72 108 126
1687	3	251	72 108 215
1688	3	251	72 110 119
1689	3	251	72 110 145
1690	3	251	72 110 174
1691	3	251	72 110 192
1692	3	251	72 110 215
1693	3	251	72 112 192
1694	3	251	72 119 192
1695	3	251	72 128 129
1696	3	251	72 147 192
1697	3	251	73 93 185
1698	3	251	73 106 144
1699	3	251	73 106 184
1700	3	251	73 106 229
1701	3	251	73 106 230
1702	3	251	73 114 229
1703	3	251	73 114 230
1704	3	251	73 128 184
1705	3	251	74 75 78
1706	3	251	74 75 241
1707	3	251	74 76 94
1708	3	251	74 76 162
1709	3	251	74 78 114
1710	3	251	74 78 153
1711	3	251	74 84 129
1712	3	251	74 84 162
1713	3	251	74 94 157
1714	3	251	74 94 162
1715	3	251	74 114 214
1716	3	251	74 129 153
1717	3	251	74 129 242
1718	3	251	74 145 162
1719	3	251	74 146 164
1720	3	251	74 162 242
1721	3	251	74 186 242
1722	3	251	74 200 241
1723	3	251	74 214 242
1724	3	251	75 78 96
1725	3	251	75 79 170
1726	3	251	75 96 142
1727	3	251	75 96 222
1728	3	251	75 117 141
1729	3	251	75 117 227
1730	3	251	75 118 170
1731	3	251	75 123 142
1732	3	251	75 142 176
1733	3	251	75 148 192
1734	3	251	75 156 224
1735	3	251	75 156 227
1736	3	251	75 170 173
1737	3	251	75 222 241
1738	3	251	76 81 94
1739	3	251	76 81 205
1740	3	251	76 94 162
1741	3	251	76 94 167
1742	3	251	76 94 178
1743	3	251	76 94 205
1744	3	251	76 167 202
1745	3	251	76 178 202
1746	3	251	76 205 249
1747	3	251	77 83 136
1748	3	251	77 83 195
1749	3	251	77 112 170
1750	3	251	77 150 182
1751	3	251	77 150 229
1752	3	251	77 150 246
1753	3	251	78 91 98
1754	3	251	78 91 155
1755	3	251	78 91 174
1756	3	251	78 96 132
1757	3	251	78 96 169
1758	3	251	78 98 153
1759	3	251	78 98 169
1760	3	251	78 99 132
1761	3	251	78 114 169
1762	3	251	78 114 230
1763	3	251	78 114 234
1764	3	251	78 122 132
1765	3	251	78 143 169
1766	3	251	78 143 234
1767	3	251	78 147 155
1768	3	251	78 147 212
1769	3	251	78 150 171
1770	3	251	78 153 155
1771	3	251	78 153 174
1772	3	251	78 155 169
1773	3	251	78 169 212
1774	3	251	79 92 202
1775	3	251	79 139 202
1776	3	251	79 147 165
1777	3	251	79 165 234
1778	3	251	79 170 187
1779	3	251	80 85 102
1780	3	251	80 101 144
1781	3	251	80 101 218
1782	3	251	80 114 214
1783	3	251	80 115 144
1784	3	251	80 144 235
1785	3	251	80 196 226
1786	3	251	81 94 95
1787	3	251	81 94 116
1788	3	251	81 94 168
1789	3	251	81 94 196
1790	3	251	81 94 199
1791	3	251	81 94 205
1792	3	251	81 95 109
1793	3	251	81 106 229
1794	3	251	81 115 197
1795	3	251	81 115 222
1796	3	251	81 115 229
1797	3	251	81 116 134
1798	3	251	81 116 170
1799	3	251	81 116 196
1800	3	251	81 116 235
1801	3	251	81 134 195
1802	3	251	81 134 196
1803	3	251	81 134 197
1804	3	251	81 134 200
1805	3	251	81 137 156
1806	3	251	81 156 235
1807	3	251	81 170 205
1808	3	251	81 193 200
1809	3	251	81 193 222
1810	3	251	81 193 229
1811	3	251	81 195 235
1812	3	251	81 196 229
1813	3	251	81 196 241
1814	3	251	81 197 200
1815	3	251	81 197 211
1816	3	251	81 197 214
1817	3	251	81 199 200
1818	3	251	81 199 214
1819	3	251	81 200 211
1820	3	251	81 200 222
1821	3	251	81 200 241
1822	3	251	81 211 229
1823	3	251	81 211 235
1824	3	251	81 214 229
1825	3	251	81 222 241
1826	3	251	81 235 241
1827	3	251	82 84 159
1828	3	251	82 103 213
1829	3	251	82 133 213
1830	3	251	82 133 227
1831	3	251	82 161 169
1832	3	251	82 161 227
1833	3	251	83 100 195
1834	3	251	83 100 196
1835	3	251	83 118 225
1836	3	251	83 134 191
1837	3	251	83 134 195
1838	3	251	83 134 196
1839	3	251	83 134 208
1840	3	251	83 142 153
1841	3	251	83 142 187
1842	3	251	83 142 188
1843	3	251	83 142 208
1844	3	251	83 142 215
1845	3	251	83 158 216
1846	3	251	83 158 235
1847	3	251	83 160 216
1848	3	251	83 160 226
1849	3	251	83 161 195
1850	3	251	83 166 187
1851	3	251	83 166 191
1852	3	251	83 183 187
1853	3	251	83 183 226
1854	3	251	83 187 188
1855	3	251	83 187 226
1856	3	251	83 188 228
1857	3	251	83 195 235
1858	3	251	83 196 226
1859	3	251	83 208 215
1860	3	251	83 215 235
1861	3	251	84 96 190
1862	3	251	84 105 231
1863	3	251	84 105 233
1864	3	251	84 115 131
1865	3	251	84 115 144
1866	3	251	84 115 162
1867	3	251	84 129 181
1868	3	251	84 144 183
1869	3	251	84 144 233
1870	3	251	84 190 219
1871	3	251	84 192 209
1872	3	251	84 192 219
1873	3	251	84 192 239
1874	3	251	84 219 239
1875	3	251	85 94 116
1876	3	251	85 94 212
1877	3	251	85 107 116
1878	3	251	85 130 135
1879	3	251	85 133 145
1880	3	251	85 135 197
1881	3	251	85 197 212
1882	3	251	86 97 112
1883	3	251	86 101 198
1884	3	251	86 101 244
1885	3	251	86 112 114
1886	3	251	86 112 186
1887	3	251	86 112 198
1888	3	251	86 114 168
1889	3	251	86 116 244
1890	3	251	86 137 238
1891	3	251	86 150 161
1892	3	251	86 150 198
1893	3	251	86 186 198
1894	3	251	86 186 238
1895	3	251	86 225 244
1896	3	251	87 94 194
1897	3	251	87 96 110
1898	3	251	87 96 180
1899	3	251	87 101 233
1900	3	251	87 101 244
1901	3	251	87 110 119
1902	3	251	87 110 179
1903	3	251	87 110 193
1904	3	251	87 110 203
1905	3	251	87 110 237
1906	3	251	87 115 180
1907	3	251	87 115 194
1908	3	251	87 115 197
1909	3	251	87 129 208
1910	3	251	87 129 244
1911	3	251	87 146 156
1912	3	251	87 146 233
1913	3	251	87 156 194
1914	3	251	87 156 237
1915	3	251	87 179 197
1916	3	251	87 180 200
1917	3	251	87 193 200
1918	3	251	87 194 237
1919	3	251	87 197 200
1920	3	251	87 197 203
1921	3	251	87 233 244
1922	3	251	89 93 236
1923	3	251	89 101 159
1924	3	251	89 101 195
1925	3	251	89 110 174
1926	3	251	89 110 193
1927	3	251	89 110 235
1928	3	251	89 155 193
1929	3	251	89 159 235
1930	3	251	89 166 209
1931	3	251	89 195 209
1932	3	251	89 195 235
1933	3	251	90 147 155
1934	3	251	90 196 230
1935	3	251	90 209 213
1936	3	251	90 214 225
1937	3	251	91 100 174
1938	3	251	91 100 195
1939	3	251	91 117 141
1940	3	251	91 117 155
1941	3	251	91 117 195
1942	3	251	91 118 167
1943	3	251	91 151 186
1944	3	251	91 174 186
1945	3	251	92 94 111
1946	3	251	92 94 196
1947	3	251	92 102 106
1948	3	251	92 102 202
1949	3	251	92 106 126
1950	3	251	92 106 132
1951	3	251	92 106 148
1952	3	251	92 111 126
1953	3	251	92 126 209
1954	3	251	92 132 180
1955	3	251	92 132 196
1956	3	251	92 148 202
1957	3	251	93 96 190
1958	3	251	93 105 120
1959	3	251	93 105 185
1960	3	251	93 105 240
1961	3	251	93 170 185
1962	3	251	94 95 162
1963	3	251	94 111 178
1964	3	251	94 111 181
1965	3	251	94 111 205
1966	3	251	94 116 178
1967	3	251	94 116 196
1968	3	251	94 157 178
1969	3	251	94 157 187
1970	3	251	94 157 212
1971	3	251	94 162 238
1972	3	251	94 167 194
1973	3	251	94 167 238
1974	3	251	94 194 196
1975	3	251	95 96 169
1976	3	251	95 108 122
1977	3	251	95 108 153
1978	3	251	95 109 244
1979	3	251	95 112 123
1980	3	251	95 118 130
1981	3	251	95 118 169
1982	3	251	95 130 150
1983	3	251	95 130 153
1984	3	251	95 150 226
1985	3	251	95 153 174
1986	3	251	95 160 226
1987	3	251	95 169 173
1988	3	251	96 106 132
1989	3	251	96 110 215
1990	3	251	96 132 180
1991	3	251	96 132 196
1992	3	251	96 132 222
1993	3	251	96 132 248
1994	3	251	96 142 180
1995	3	251	96 142 190
1996	3	251	96 142 215
1997	3	251	96 169 196
1998	3	251	97 109 110
1999	3	251	97 110 227
2000	3	251	97 112 211
2001	3	251	97 112 222
2002	3	251	97 211 224
2003	3	251	98 152 176
2004	3	251	98 158 241
2005	3	251	98 159 176
2006	3	251	98 176 219
2007	3	251	98 219 248
2008	3	251	99 105 118
2009	3	251	99 105 175
2010	3	251	99 105 233
2011	3	251	99 105 246
2012	3	251	99 109 131
2013	3	251	99 109 175
2014	3	251	99 113 118
2015	3	251	99 118 175
2016	3	251	99 118 211
2017	3	251	99 118 246
2018	3	251	99 131 132
2019	3	251	99 175 195
2020	3	251	100 104 236
2021	3	251	100 236 239
2022	3	251	100 243 250
2023	3	251	101 125 198
2024	3	251	101 144 233
2025	3	251	101 233 244
2026	3	251	102 106 141
2027	3	251	102 106 143
2028	3	251	102 106 229
2029	3	251	102 106 234
2030	3	251	102 119 127
2031	3	251	102 119 143
2032	3	251	102 119 166
2033	3	251	102 127 228
2034	3	251	102 129 168
2035	3	251	102 143 188
2036	3	251	102 143 234
2037	3	251	102 143 243
2038	3	251	102 166 177
2039	3	251	102 166 234
2040	3	251	102 177 229
2041	3	251	102 188 228
2042	3	251	102 188 243
2043	3	251	102 202 228
2044	3	251	102 228 236
2045	3	251	103 122 195
2046	3	251	103 134 195
2047	3	251	103 202 218
2048	3	251	103 202 228
2049	3	251	104 110 203
2050	3	251	104 110 215
2051	3	251	104 110 228
2052	3	251	104 111 176
2053	3	251	104 111 230
2054	3	251	104 132 156
2055	3	251	104 132 180
2056	3	251	104 132 203
2057	3	251	104 146 156
2058	3	251	104 146 176
2059	3	251	104 146 228
2060	3	251	104 156 171
2061	3	251	104 156 206
2062	3	251	104 170 175
2063	3	251	104 171 206
2064	3	251	104 176 219
2065	3	251	104 206 209
2066	3	251	104 219 236
2067	3	251	104 228 236
2068	3	251	105 118 175
2069	3	251	105 118 246
2070	3	251	105 120 142
2071	3	251	105 142 221
2072	3	251	105 142 245
2073	3	251	105 160 185
2074	3	251	105 160 200
2075	3	251	105 160 233
2076	3	251	105 175 221
2077	3	251	105 185 249
2078	3	251	105 200 246
2079	3	251	105 227 245
2080	3	251	105 227 249
2081	3	251	105 231 245
2082	3	251	106 113 225
2083	3	251	106 113 234
2084	3	251	106 123 132
2085	3	251	106 123 158
2086	3	251	106 123 225
2087	3	251	106 124 246
2088	3	251	106 126 160
2089	3	251	106 141 181
2090	3	251	106 143 158
2091	3	251	106 143 184
2092	3	251	106 143 234
2093	3	251	106 153 227
2094	3	251	106 160 184
2095	3	251	106 160 226
2096	3	251	106 160 234
2097	3	251	106 181 226
2098	3	251	106 181 230
2099	3	251	106 184 226
2100	3	251	107 112 211
2101	3	251	107 148 202
2102	3	251	107 202 238
2103	3	251	107 211 238
2104	3	251	108 122 210
2105	3	251	108 126 151
2106	3	251	108 152 201
2107	3	251	108 200 201
2108	3	251	108 200 210
2109	3	251	109 110 145
2110	3	251	109 131 244
2111	3	251	109 177 190
2112	3	251	109 191 244
2113	3	251	109 225 244
2114	3	251	110 119 192
2115	3	251	110 120 179
2116	3	251	110 120 186
2117	3	251	110 120 193
2118	3	251	110 120 215
2119	3	251	110 145 235
2120	3	251	110 160 186
2121	3	251	110 174 186
2122	3	251	110 192 237
2123	3	251	110 203 235
2124	3	251	110 215 235
2125	3	251	111 114 124
2126	3	251	111 114 214
2127	3	251	111 114 230
2128	3	251	111 124 214
2129	3	251	111 126 151
2130	3	251	111 126 241
2131	3	251	111 130 150
2132	3	251	111 159 176
2133	3	251	111 159 230
2134	3	251	111 176 188
2135	3	251	111 176 221
2136	3	251	111 181 188
2137	3	251	111 181 221
2138	3	251	111 181 230
2139	3	251	111 188 214
2140	3	251	111 188 248
2141	3	251	111 205 249
2142	3	251	111 214 249
2143	3	251	111 221 230
2144	3	251	111 230 249
2145	3	251	112 114 163
2146	3	251	112 114 222
2147	3	251	112 114 250
2148	3	251	112 163 211
2149	3	251	112 170 198
2150	3	251	112 186 198
2151	3	251	112 186 222
2152	3	251	112 192 201
2153	3	251	112 200 201
2154	3	251	112 200 211
2155	3	251	112 200 222
2156	3	251	113 118 178
2157	3	251	113 118 225
2158	3	251	113 150 161
2159	3	251	113 161 178
2160	3	251	113 166 234
2161	3	251	114 124 168
2162	3	251	114 124 214
2163	3	251	114 158 182
2164	3	251	114 163 175
2165	3	251	114 168 182
2166	3	251	114 168 230
2167	3	251	114 169 175
2168	3	251	114 175 250
2169	3	251	114 177 214
2170	3	251	114 177 222
2171	3	251	114 177 229
2172	3	251	114 193 222
2173	3	251	114 193 229
2174	3	251	114 214 229
2175	3	251	114 222 230
2176	3	251	114 234 250
2177	3	251	115 131 139
2178	3	251	115 131 222
2179	3	251	115 139 194
2180	3	251	115 139 229
2181	3	251	115 162 229
2182	3	251	115 162 236
2183	3	251	115 169 212
2184	3	251	115 197 212
2185	3	251	115 212 229
2186	3	251	116 134 141
2187	3	251	116 134 178
2188	3	251	116 134 196
2189	3	251	116 138 141
2190	3	251	116 138 163
2191	3	251	116 138 196
2192	3	251	116 141 215
2193	3	251	116 144 235
2194	3	251	116 163 203
2195	3	251	116 196 240
2196	3	251	116 203 235
2197	3	251	116 215 235
2198	3	251	117 119 171
2199	3	251	117 119 220
2200	3	251	117 130 195
2201	3	251	117 133 203
2202	3	251	117 133 227
2203	3	251	117 136 162
2204	3	251	117 136 171
2205	3	251	117 155 244
2206	3	251	117 162 227
2207	3	251	117 212 245
2208	3	251	117 220 225
2209	3	251	117 220 244
2210	3	251	117 225 244
2211	3	251	117 227 245
2212	3	251	117 231 244
2213	3	251	117 231 245
2214	3	251	118 130 238
2215	3	251	118 130 250
2216	3	251	118 139 242
2217	3	251	118 139 246
2218	3	251	118 143 165
2219	3	251	118 143 169
2220	3	251	118 147 165
2221	3	251	118 167 211
2222	3	251	118 167 238
2223	3	251	118 169 175
2224	3	251	118 170 175
2225	3	251	118 175 250
2226	3	251	118 211 238
2227	3	251	118 238 248
2228	3	251	118 242 248
2229	3	251	119 122 210
2230	3	251	119 127 205
2231	3	251	119 131 217
2232	3	251	119 143 165
2233	3	251	119 166 191
2234	3	251	119 166 192
2235	3	251	119 171 192
2236	3	251	119 171 210
2237	3	251	119 191 205
2238	3	251	119 191 210
2239	3	251	120 125 193
2240	3	251	120 139 242
2241	3	251	120 142 187
2242	3	251	120 142 215
2243	3	251	120 172 215
2244	3	251	120 186 242
2245	3	251	120 193 242
2246	3	251	122 136 175
2247	3	251	122 175 195
2248	3	251	122 194 210
2249	3	251	123 128 158
2250	3	251	123 128 166
2251	3	251	123 128 220
2252	3	251	123 142 182
2253	3	251	123 142 187
2254	3	251	123 142 245
2255	3	251	123 158 182
2256	3	251	123 166 187
2257	3	251	123 166 245
2258	3	251	123 182 220
2259	3	251	123 220 225
2260	3	251	124 168 207
2261	3	251	124 200 213
2262	3	251	124 200 246
2263	3	251	125 153 193
2264	3	251	125 193 229
2265	3	251	126 163 175
2266	3	251	126 163 207
2267	3	251	126 171 206
2268	3	251	126 206 209
2269	3	251	127 152 172
2270	3	251	127 170 205
2271	3	251	127 205 232
2272	3	251	127 228 240
2273	3	251	128 129 149
2274	3	251	128 129 155
2275	3	251	128 129 158
2276	3	251	128 129 168
2277	3	251	128 129 184
2278	3	251	128 131 184
2279	3	251	128 149 204
2280	3	251	128 149 239
2281	3	251	128 161 184
2282	3	251	128 161 246
2283	3	251	128 166 184
2284	3	251	128 166 191
2285	3	251	128 168 220
2286	3	251	128 168 239
2287	3	251	128 170 191
2288	3	251	128 184 239
2289	3	251	129 153 155
2290	3	251	129 155 218
2291	3	251	129 155 244
2292	3	251	129 158 218
2293	3	251	129 168 185
2294	3	251	129 168 224
2295	3	251	129 181 201
2296	3	251	129 181 208
2297	3	251	129 181 242
2298	3	251	130 131 217
2299	3	251	130 131 238
2300	3	251	130 135 138
2301	3	251	130 135 152
2302	3	251	130 138 150
2303	3	251	130 138 152
2304	3	251	130 138 250
2305	3	251	130 152 204
2306	3	251	130 152 217
2307	3	251	130 195 204
2308	3	251	130 200 217
2309	3	251	131 132 222
2310	3	251	131 136 238
2311	3	251	131 139 146
2312	3	251	131 139 249
2313	3	251	131 146 172
2314	3	251	131 184 217
2315	3	251	131 222 238
2316	3	251	132 203 205
2317	3	251	133 148 203
2318	3	251	133 183 199
2319	3	251	134 141 149
2320	3	251	134 141 169
2321	3	251	134 169 196
2322	3	251	134 171 197
2323	3	251	134 178 191
2324	3	251	134 197 200
2325	3	251	135 138 152
2326	3	251	135 142 188
2327	3	251	135 152 220
2328	3	251	136 140 145
2329	3	251	136 145 162
2330	3	251	136 145 243
2331	3	251	136 162 238
2332	3	251	136 230 239
2333	3	251	137 142 203
2334	3	251	137 142 218
2335	3	251	137 218 238
2336	3	251	138 152 184
2337	3	251	138 166 184
2338	3	251	138 166 250
2339	3	251	138 184 236
2340	3	251	138 196 241
2341	3	251	138 228 236
2342	3	251	139 151 194
2343	3	251	139 195 209
2344	3	251	139 195 249
2345	3	251	139 209 213
2346	3	251	139 209 227
2347	3	251	139 227 249
2348	3	251	139 229 242
2349	3	251	140 145 204
2350	3	251	140 160 217
2351	3	251	140 197 227
2352	3	251	142 159 176
2353	3	251	142 159 245
2354	3	251	142 176 188
2355	3	251	142 176 221
2356	3	251	142 180 188
2357	3	251	142 187 188
2358	3	251	142 188 218
2359	3	251	142 190 208
2360	3	251	142 190 211
2361	3	251	142 208 215
2362	3	251	142 208 221
2363	3	251	142 209 218
2364	3	251	142 218 245
2365	3	251	143 158 218
2366	3	251	143 158 235
2367	3	251	143 165 188
2368	3	251	143 165 234
2369	3	251	143 172 185
2370	3	251	143 172 198
2371	3	251	143 172 235
2372	3	251	143 188 198
2373	3	251	143 188 214
2374	3	251	143 188 218
2375	3	251	143 188 243
2376	3	251	143 198 243
2377	3	251	144 146 233
2378	3	251	144 183 224
2379	3	251	144 183 249
2380	3	251	144 224 233
2381	3	251	145 162 236
2382	3	251	145 182 220
2383	3	251	145 182 233
2384	3	251	145 204 235
2385	3	251	145 205 232
2386	3	251	145 205 233
2387	3	251	145 232 243
2388	3	251	146 152 172
2389	3	251	146 152 176
2390	3	251	146 152 204
2391	3	251	146 166 176
2392	3	251	147 152 155
2393	3	251	147 152 204
2394	3	251	147 152 220
2395	3	251	147 190 208
2396	3	251	147 192 240
2397	3	251	147 204 208
2398	3	251	147 208 240
2399	3	251	148 149 202
2400	3	251	148 192 202
2401	3	251	148 200 217
2402	3	251	148 203 235
2403	3	251	149 156 237
2404	3	251	149 186 222
2405	3	251	149 204 222
2406	3	251	149 222 230
2407	3	251	149 230 239
2408	3	251	150 161 246
2409	3	251	150 164 202
2410	3	251	150 187 226
2411	3	251	151 158 182
2412	3	251	151 158 186
2413	3	251	151 182 186
2414	3	251	151 186 194
2415	3	251	152 172 178
2416	3	251	152 173 184
2417	3	251	152 173 207
2418	3	251	152 184 217
2419	3	251	152 207 220
2420	3	251	153 155 193
2421	3	251	155 187 244
2422	3	251	155 194 218
2423	3	251	156 167 194
2424	3	251	156 167 235
2425	3	251	156 171 206
2426	3	251	156 171 210
2427	3	251	156 194 206
2428	3	251	156 194 210
2429	3	251	156 194 237
2430	3	251	156 206 210
2431	3	251	156 206 235
2432	3	251	157 178 191
2433	3	251	157 179 239
2434	3	251	158 182 186
2435	3	251	158 206 216
2436	3	251	158 206 235
2437	3	251	158 235 241
2438	3	251	159 196 230
2439	3	251	159 200 217
2440	3	251	159 230 235
2441	3	251	160 184 217
2442	3	251	160 184 226
2443	3	251	160 185 186
2444	3	251	160 200 217
2445	3	251	161 195 249
2446	3	251	161 227 249
2447	3	251	162 229 238
2448	3	251	162 229 242
2449	3	251	163 175 208
2450	3	251	163 179 185
2451	3	251	163 180 220
2452	3	251	163 203 205
2453	3	251	163 207 220
2454	3	251	164 190 211
2455	3	251	164 211 235
2456	3	251	165 221 234
2457	3	251	166 187 192
2458	3	251	166 187 250
2459	3	251	166 191 231
2460	3	251	166 191 250
2461	3	251	166 192 209
2462	3	251	166 231 245
2463	3	251	166 234 250
2464	3	251	167 194 218
2465	3	251	167 202 218
2466	3	251	167 202 238
2467	3	251	167 211 235
2468	3	251	167 211 238
2469	3	251	167 218 238
2470	3	251	167 235 238
2471	3	251	168 182 220
2472	3	251	168 207 220
2473	3	251	168 230 239
2474	3	251	169 212 237
2475	3	251	169 232 237
2476	3	251	170 191 205
2477	3	251	170 191 231
2478	3	251	170 198 205
2479	3	251	171 192 240
2480	3	251	171 197 210
2481	3	251	171 206 210
2482	3	251	172 178 198
2483	3	251	172 215 235
2484	3	251	174 186 242
2485	3	251	175 197 221
2486	3	251	175 208 221
2487	3	251	176 188 198
2488	3	251	177 199 214
2489	3	251	177 214 229
2490	3	251	179 236 239
2491	3	251	180 200 217
2492	3	251	181 186 208
2493	3	251	181 186 242
2494	3	251	181 208 221
2495	3	251	181 208 230
2496	3	251	181 221 230
2497	3	251	181 230 235
2498	3	251	183 187 226
2499	3	251	184 232 239
2500	3	251	184 236 239
2501	3	251	186 222 238
2502	3	251	187 192 240
2503	3	251	187 232 250
2504	3	251	188 198 243
2505	3	251	190 197 211
2506	3	251	190 208 230
2507	3	251	191 205 232
2508	3	251	191 205 250
2509	3	251	191 231 244
2510	3	251	191 232 250
2511	3	251	192 201 239
2512	3	251	192 219 239
2513	3	251	192 219 249
2514	3	251	192 237 240
2515	3	251	192 239 240
2516	3	251	192 239 249
2517	3	251	193 200 222
2518	3	251	193 204 222
2519	3	251	193 229 242
2520	3	251	194 206 210
2521	3	251	195 204 235
2522	3	251	196 229 242
2523	3	251	197 200 210
2524	3	251	197 200 211
2525	3	251	197 200 213
2526	3	251	197 213 221
2527	3	251	198 205 249
2528	3	251	200 210 241
2529	3	251	200 222 241
2530	3	251	202 218 238
2531	3	251	205 232 250
2532	3	251	205 234 249
2533	3	251	205 234 250
2534	3	251	207 220 225
2535	3	251	207 220 250
2536	3	251	208 221 230
2537	3	251	208 230 249
2538	3	251	211 229 238
2539	3	251	211 235 238
2540	3	251	214 229 242
2541	3	251	219 236 239
2542	3	251	219 239 249
2543	3	251	219 242 248
2544	3	251	220 225 244
2545	3	251	220 241 244
2546	3	251	221 232 237
2547	3	251	229 232 238
2548	3	251	230 239 249
2549	3	251	232 243 250
2550	2	1	1 6
2551	2	1	1 18
2552	2	1	1 23
2553	2	1	1 39
2554	2	1	1 43
2555	2	1	1 55
2556	2	1	1 72
2557	2	1	1 79
2558	2	1	1 83
2559	2	1	1 90
2560	2	1	1 94
2561	2	1	1 123
2562	2	1	1 130
2563	2	1	1 155
2564	2	1	1 156
2565	2	1	1 163
2566	2	1	1 174
2567	2	1	1 181
2568	2	1	1 218
2569	2	1	1 225
2570	2	1	1 230
2571	2	1	1 231
2572	2	1	2 26
2573	2	1	2 34
2574	2	1	2 36
2575	2	1	2 39
2576	2	1	2 40
2577	2	1	2 48
2578	2	1	2 53
2579	2	1	2 68
2580	2	1	2 73
2581	2	1	2 75
2582	2	1	2 96
2583	2	1	2 110
2584	2	1	2 131
2585	2	1	2 138
2586	2	1	2 141
2587	2	1	2 145
2588	2	1	2 147
2589	2	1	2 148
2590	2	1	2 166
2591	2	1	2 169
2592	2	1	2 171
2593	2	1	2 193
2594	2	1	2 205
2595	2	1	2 208
2596	2	1	2 225
2597	2	1	2 226
2598	2	1	2 230
2599	2	1	2 249
2600	2	1	5 8
2601	2	1	5 9
2602	2	1	5 16
2603	2	1	5 20
2604	2	1	5 32
2605	2	1	5 38
2606	2	1	5 48
2607	2	1	5 54
2608	2	1	5 58
2609	2	1	5 70
2610	2	1	5 72
2611	2	1	5 74
2612	2	1	5 76
2613	2	1	5 79
2614	2	1	5 86
2615	2	1	5 89
2616	2	1	5 114
2617	2	1	5 117
2618	2	1	5 118
2619	2	1	5 119
2620	2	1	5 120
2621	2	1	5 134
2622	2	1	5 146
2623	2	1	5 152
2624	2	1	5 158
2625	2	1	5 162
2626	2	1	5 176
2627	2	1	5 194
2628	2	1	5 216
2629	2	1	5 229
2630	2	1	5 234
2631	2	1	6 19
2632	2	1	6 25
2633	2	1	6 29
2634	2	1	6 39
2635	2	1	6 48
2636	2	1	6 67
2637	2	1	6 94
2638	2	1	6 106
2639	2	1	6 118
2640	2	1	6 126
2641	2	1	6 133
2642	2	1	6 134
2643	2	1	6 137
2644	2	1	6 138
2645	2	1	6 142
2646	2	1	6 147
2647	2	1	6 150
2648	2	1	6 151
2649	2	1	6 157
2650	2	1	6 159
2651	2	1	6 170
2652	2	1	6 184
2653	2	1	6 193
2654	2	1	6 209
2655	2	1	6 210
2656	2	1	6 217
2657	2	1	6 229
2658	2	1	6 230
2659	2	1	6 231
2660	2	1	6 232
2661	2	1	7 13
2662	2	1	7 50
2663	2	1	7 58
2664	2	1	7 65
2665	2	1	7 81
2666	2	1	7 86
2667	2	1	7 87
2668	2	1	7 95
2669	2	1	7 100
2670	2	1	7 106
2671	2	1	7 109
2672	2	1	7 112
2673	2	1	7 124
2674	2	1	7 132
2675	2	1	7 157
2676	2	1	7 170
2677	2	1	7 171
2678	2	1	7 175
2679	2	1	7 178
2680	2	1	7 180
2681	2	1	7 182
2682	2	1	7 184
2683	2	1	7 195
2684	2	1	7 210
2685	2	1	7 211
2686	2	1	7 213
2687	2	1	7 220
2688	2	1	7 242
2689	2	1	7 244
2690	2	1	7 246
2691	2	1	7 248
2692	2	1	7 250
2693	2	1	8 13
2694	2	1	8 17
2695	2	1	8 32
2696	2	1	8 48
2697	2	1	8 49
2698	2	1	8 73
2699	2	1	8 77
2700	2	1	8 80
2701	2	1	8 92
2702	2	1	8 102
2703	2	1	8 136
2704	2	1	8 138
2705	2	1	8 149
2706	2	1	8 155
2707	2	1	8 171
2708	2	1	8 172
2709	2	1	8 188
2710	2	1	8 196
2711	2	1	8 204
2712	2	1	8 206
2713	2	1	8 209
2714	2	1	8 224
2715	2	1	8 230
2716	2	1	8 244
2717	2	1	9 21
2718	2	1	9 22
2719	2	1	9 24
2720	2	1	9 54
2721	2	1	9 60
2722	2	1	9 68
2723	2	1	9 84
2724	2	1	9 87
2725	2	1	9 102
2726	2	1	9 109
2727	2	1	9 114
2728	2	1	9 116
2729	2	1	9 129
2730	2	1	9 136
2731	2	1	9 137
2732	2	1	9 140
2733	2	1	9 151
2734	2	1	9 153
2735	2	1	9 160
2736	2	1	9 164
2737	2	1	9 167
2738	2	1	9 174
2739	2	1	9 183
2740	2	1	9 201
2741	2	1	9 211
2742	2	1	9 214
2743	2	1	9 219
2744	2	1	9 228
2745	2	1	9 233
2746	2	1	9 235
2747	2	1	9 237
2748	2	1	9 239
2749	2	1	9 242
2750	2	1	10 15
2751	2	1	10 18
2752	2	1	10 35
2753	2	1	10 43
2754	2	1	10 45
2755	2	1	10 46
2756	2	1	10 96
2757	2	1	10 127
2758	2	1	10 130
2759	2	1	10 143
2760	2	1	10 152
2761	2	1	10 155
2762	2	1	10 158
2763	2	1	10 161
2764	2	1	10 204
2765	2	1	10 208
2766	2	1	10 218
2767	2	1	10 225
2768	2	1	10 244
2769	2	1	11 35
2770	2	1	11 41
2771	2	1	11 46
2772	2	1	11 49
2773	2	1	11 53
2774	2	1	11 65
2775	2	1	11 103
2776	2	1	11 129
2777	2	1	11 137
2778	2	1	11 157
2779	2	1	11 160
2780	2	1	11 167
2781	2	1	11 177
2782	2	1	11 186
2783	2	1	11 187
2784	2	1	11 193
2785	2	1	11 202
2786	2	1	11 214
2787	2	1	11 216
2788	2	1	11 217
2789	2	1	11 225
2790	2	1	11 228
2791	2	1	11 244
2792	2	1	12 20
2793	2	1	12 25
2794	2	1	12 29
2795	2	1	12 31
2796	2	1	12 48
2797	2	1	12 63
2798	2	1	12 75
2799	2	1	12 86
2800	2	1	12 97
2801	2	1	12 126
2802	2	1	12 129
2803	2	1	12 138
2804	2	1	12 152
2805	2	1	12 159
2806	2	1	12 163
2807	2	1	12 174
2808	2	1	12 179
2809	2	1	12 196
2810	2	1	12 216
2811	2	1	12 224
2812	2	1	12 228
2813	2	1	12 230
2814	2	1	12 237
2815	2	1	13 19
2816	2	1	13 28
2817	2	1	13 38
2818	2	1	13 68
2819	2	1	13 76
2820	2	1	13 78
2821	2	1	13 79
2822	2	1	13 80
2823	2	1	13 84
2824	2	1	13 86
2825	2	1	13 93
2826	2	1	13 109
2827	2	1	13 117
2828	2	1	13 127
2829	2	1	13 139
2830	2	1	13 153
2831	2	1	13 156
2832	2	1	13 160
2833	2	1	13 161
2834	2	1	13 162
2835	2	1	13 172
2836	2	1	13 179
2837	2	1	13 190
2838	2	1	13 221
2839	2	1	13 236
2840	2	1	13 237
2841	2	1	13 250
2842	2	1	14 59
2843	2	1	14 66
2844	2	1	14 74
2845	2	1	14 75
2846	2	1	14 94
2847	2	1	14 97
2848	2	1	14 98
2849	2	1	14 99
2850	2	1	14 118
2851	2	1	14 131
2852	2	1	14 135
2853	2	1	14 167
2854	2	1	14 172
2855	2	1	14 180
2856	2	1	14 182
2857	2	1	14 184
2858	2	1	14 186
2859	2	1	14 188
2860	2	1	14 210
2861	2	1	14 229
2862	2	1	15 18
2863	2	1	15 46
2864	2	1	15 49
2865	2	1	15 54
2866	2	1	15 86
2867	2	1	15 97
2868	2	1	15 99
2869	2	1	15 130
2870	2	1	15 141
2871	2	1	15 142
2872	2	1	15 143
2873	2	1	15 177
2874	2	1	15 178
2875	2	1	15 179
2876	2	1	15 194
2877	2	1	15 196
2878	2	1	15 210
2879	2	1	15 213
2880	2	1	15 214
2881	2	1	15 225
2882	2	1	15 232
2883	2	1	15 243
2884	2	1	16 17
2885	2	1	16 38
2886	2	1	16 49
2887	2	1	16 55
2888	2	1	16 60
2889	2	1	16 76
2890	2	1	16 79
2891	2	1	16 83
2892	2	1	16 98
2893	2	1	16 99
2894	2	1	16 105
2895	2	1	16 109
2896	2	1	16 112
2897	2	1	16 145
2898	2	1	16 150
2899	2	1	16 152
2900	2	1	16 182
2901	2	1	16 186
2902	2	1	16 194
2903	2	1	16 199
2904	2	1	16 200
2905	2	1	16 220
2906	2	1	16 222
2907	2	1	16 227
2908	2	1	16 239
2909	2	1	17 22
2910	2	1	17 43
2911	2	1	17 45
2912	2	1	17 47
2913	2	1	17 50
2914	2	1	17 91
2915	2	1	17 92
2916	2	1	17 136
2917	2	1	17 143
2918	2	1	17 148
2919	2	1	17 157
2920	2	1	17 179
2921	2	1	17 191
2922	2	1	17 206
2923	2	1	17 225
2924	2	1	17 233
2925	2	1	17 248
2926	2	1	18 40
2927	2	1	18 41
2928	2	1	18 42
2929	2	1	18 55
2930	2	1	18 74
2931	2	1	18 104
2932	2	1	18 106
2933	2	1	18 144
2934	2	1	18 146
2935	2	1	18 166
2936	2	1	18 172
2937	2	1	18 175
2938	2	1	18 185
2939	2	1	18 191
2940	2	1	18 197
2941	2	1	18 208
2942	2	1	18 209
2943	2	1	18 226
2944	2	1	18 241
2945	2	1	18 243
2946	2	1	19 22
2947	2	1	19 46
2948	2	1	19 47
2949	2	1	19 54
2950	2	1	19 61
2951	2	1	19 62
2952	2	1	19 66
2953	2	1	19 67
2954	2	1	19 72
2955	2	1	19 73
2956	2	1	19 76
2957	2	1	19 101
2958	2	1	19 124
2959	2	1	19 133
2960	2	1	19 141
2961	2	1	19 142
2962	2	1	19 144
2963	2	1	19 146
2964	2	1	19 161
2965	2	1	19 162
2966	2	1	19 163
2967	2	1	19 166
2968	2	1	19 183
2969	2	1	19 186
2970	2	1	19 194
2971	2	1	19 197
2972	2	1	19 218
2973	2	1	20 22
2974	2	1	20 28
2975	2	1	20 29
2976	2	1	20 30
2977	2	1	20 31
2978	2	1	20 49
2979	2	1	20 56
2980	2	1	20 75
2981	2	1	20 85
2982	2	1	20 91
2983	2	1	20 99
2984	2	1	20 106
2985	2	1	20 125
2986	2	1	20 127
2987	2	1	20 130
2988	2	1	20 148
2989	2	1	20 166
2990	2	1	20 175
2991	2	1	20 183
2992	2	1	20 201
2993	2	1	20 235
2994	2	1	20 241
2995	2	1	20 244
2996	2	1	21 33
2997	2	1	21 34
2998	2	1	21 37
2999	2	1	21 48
3000	2	1	21 54
3001	2	1	21 59
3002	2	1	21 60
3003	2	1	21 67
3004	2	1	21 105
3005	2	1	21 125
3006	2	1	21 139
3007	2	1	21 149
3008	2	1	21 150
3009	2	1	21 151
3010	2	1	21 152
3011	2	1	21 159
3012	2	1	21 165
3013	2	1	21 174
3014	2	1	21 176
3015	2	1	21 185
3016	2	1	21 191
3017	2	1	21 215
3018	2	1	21 237
3019	2	1	22 30
3020	2	1	22 46
3021	2	1	22 47
3022	2	1	22 62
3023	2	1	22 103
3024	2	1	22 104
3025	2	1	22 105
3026	2	1	22 122
3027	2	1	22 133
3028	2	1	22 136
3029	2	1	22 144
3030	2	1	22 148
3031	2	1	22 158
3032	2	1	22 159
3033	2	1	22 165
3034	2	1	22 168
3035	2	1	22 171
3036	2	1	22 177
3037	2	1	22 200
3038	2	1	22 212
3039	2	1	22 227
3040	2	1	22 231
3041	2	1	23 43
3042	2	1	23 47
3043	2	1	23 56
3044	2	1	23 60
3045	2	1	23 73
3046	2	1	23 103
3047	2	1	23 114
3048	2	1	23 124
3049	2	1	23 145
3050	2	1	23 168
3051	2	1	23 175
3052	2	1	23 185
3053	2	1	23 201
3054	2	1	23 207
3055	2	1	23 210
3056	2	1	23 235
3057	2	1	23 243
3058	2	1	24 43
3059	2	1	24 46
3060	2	1	24 67
3061	2	1	24 108
3062	2	1	24 114
3063	2	1	24 115
3064	2	1	24 134
3065	2	1	24 143
3066	2	1	24 160
3067	2	1	24 163
3068	2	1	24 178
3069	2	1	24 204
3070	2	1	24 206
3071	2	1	24 208
3072	2	1	24 236
3073	2	1	24 239
3074	2	1	24 245
3075	2	1	25 33
3076	2	1	25 36
3077	2	1	25 44
3078	2	1	25 64
3079	2	1	25 67
3080	2	1	25 73
3081	2	1	25 87
3082	2	1	25 89
3083	2	1	25 92
3084	2	1	25 93
3085	2	1	25 95
3086	2	1	25 100
3087	2	1	25 122
3088	2	1	25 133
3089	2	1	25 155
3090	2	1	25 156
3091	2	1	25 161
3092	2	1	25 171
3093	2	1	25 176
3094	2	1	25 182
3095	2	1	25 188
3096	2	1	25 194
3097	2	1	25 199
3098	2	1	25 212
3099	2	1	25 228
3100	2	1	25 234
3101	2	1	25 242
3102	2	1	26 48
3103	2	1	26 57
3104	2	1	26 58
3105	2	1	26 64
3106	2	1	26 79
3107	2	1	26 81
3108	2	1	26 84
3109	2	1	26 96
3110	2	1	26 100
3111	2	1	26 105
3112	2	1	26 116
3113	2	1	26 131
3114	2	1	26 142
3115	2	1	26 153
3116	2	1	26 199
3117	2	1	26 215
3118	2	1	26 220
3119	2	1	26 244
3120	2	1	27 46
3121	2	1	27 49
3122	2	1	27 72
3123	2	1	27 76
3124	2	1	27 78
3125	2	1	27 87
3126	2	1	27 91
3127	2	1	27 99
3128	2	1	27 112
3129	2	1	27 119
3130	2	1	27 120
3131	2	1	27 122
3132	2	1	27 130
3133	2	1	27 133
3134	2	1	27 163
3135	2	1	27 174
3136	2	1	27 176
3137	2	1	27 187
3138	2	1	27 194
3139	2	1	27 199
3140	2	1	27 204
3141	2	1	27 207
3142	2	1	27 212
3143	2	1	27 213
3144	2	1	27 220
3145	2	1	27 245
3146	2	1	27 250
3147	2	1	28 48
3148	2	1	28 78
3149	2	1	28 101
3150	2	1	28 108
3151	2	1	28 115
3152	2	1	28 123
3153	2	1	28 135
3154	2	1	28 145
3155	2	1	28 152
3156	2	1	28 157
3157	2	1	28 167
3158	2	1	28 172
3159	2	1	28 179
3160	2	1	28 192
3161	2	1	28 194
3162	2	1	28 199
3163	2	1	28 201
3164	2	1	28 203
3165	2	1	28 218
3166	2	1	28 238
3167	2	1	29 30
3168	2	1	29 39
3169	2	1	29 57
3170	2	1	29 65
3171	2	1	29 74
3172	2	1	29 75
3173	2	1	29 98
3174	2	1	29 116
3175	2	1	29 127
3176	2	1	29 133
3177	2	1	29 138
3178	2	1	29 140
3179	2	1	29 145
3180	2	1	29 149
3181	2	1	29 170
3182	2	1	29 172
3183	2	1	29 174
3184	2	1	29 184
3185	2	1	29 193
3186	2	1	29 230
3187	2	1	30 33
3188	2	1	30 34
3189	2	1	30 40
3190	2	1	30 55
3191	2	1	30 59
3192	2	1	30 74
3193	2	1	30 81
3194	2	1	30 130
3195	2	1	30 139
3196	2	1	30 157
3197	2	1	30 176
3198	2	1	30 177
3199	2	1	30 196
3200	2	1	30 213
3201	2	1	30 215
3202	2	1	30 222
3203	2	1	30 225
3204	2	1	31 44
3205	2	1	31 53
3206	2	1	31 60
3207	2	1	31 73
3208	2	1	31 77
3209	2	1	31 94
3210	2	1	31 95
3211	2	1	31 134
3212	2	1	31 163
3213	2	1	31 167
3214	2	1	31 169
3215	2	1	31 178
3216	2	1	31 184
3217	2	1	31 190
3218	2	1	31 192
3219	2	1	31 197
3220	2	1	31 200
3221	2	1	31 204
3222	2	1	31 213
3223	2	1	31 220
3224	2	1	31 225
3225	2	1	31 228
3226	2	1	31 237
3227	2	1	31 248
3228	2	1	32 75
3229	2	1	32 76
3230	2	1	32 78
3231	2	1	32 84
3232	2	1	32 94
3233	2	1	32 97
3234	2	1	32 131
3235	2	1	32 138
3236	2	1	32 141
3237	2	1	32 153
3238	2	1	32 169
3239	2	1	32 172
3240	2	1	32 195
3241	2	1	32 204
3242	2	1	32 219
3243	2	1	32 233
3244	2	1	32 242
3245	2	1	33 43
3246	2	1	33 45
3247	2	1	33 50
3248	2	1	33 60
3249	2	1	33 64
3250	2	1	33 68
3251	2	1	33 77
3252	2	1	33 78
3253	2	1	33 83
3254	2	1	33 103
3255	2	1	33 120
3256	2	1	33 126
3257	2	1	33 129
3258	2	1	33 135
3259	2	1	33 158
3260	2	1	33 195
3261	2	1	33 204
3262	2	1	33 209
3263	2	1	33 210
3264	2	1	33 218
3265	2	1	33 221
3266	2	1	33 237
3267	2	1	33 240
3268	2	1	34 41
3269	2	1	34 56
3270	2	1	34 60
3271	2	1	34 72
3272	2	1	34 82
3273	2	1	34 84
3274	2	1	34 86
3275	2	1	34 93
3276	2	1	34 98
3277	2	1	34 99
3278	2	1	34 117
3279	2	1	34 125
3280	2	1	34 153
3281	2	1	34 156
3282	2	1	34 170
3283	2	1	34 184
3284	2	1	34 186
3285	2	1	34 202
3286	2	1	34 211
3287	2	1	34 219
3288	2	1	34 230
3289	2	1	34 233
3290	2	1	34 235
3291	2	1	34 236
3292	2	1	35 44
3293	2	1	35 48
3294	2	1	35 56
3295	2	1	35 57
3296	2	1	35 61
3297	2	1	35 77
3298	2	1	35 83
3299	2	1	35 104
3300	2	1	35 106
3301	2	1	35 113
3302	2	1	35 139
3303	2	1	35 140
3304	2	1	35 146
3305	2	1	35 169
3306	2	1	35 185
3307	2	1	35 188
3308	2	1	35 190
3309	2	1	35 192
3310	2	1	35 209
3311	2	1	35 214
3312	2	1	35 232
3313	2	1	35 234
3314	2	1	35 239
3315	2	1	35 250
3316	2	1	36 55
3317	2	1	36 90
3318	2	1	36 92
3319	2	1	36 117
3320	2	1	36 138
3321	2	1	36 146
3322	2	1	36 152
3323	2	1	36 164
3324	2	1	36 184
3325	2	1	36 204
3326	2	1	36 219
3327	2	1	36 230
3328	2	1	36 242
3329	2	1	36 245
3330	2	1	37 42
3331	2	1	37 52
3332	2	1	37 58
3333	2	1	37 61
3334	2	1	37 75
3335	2	1	37 103
3336	2	1	37 105
3337	2	1	37 106
3338	2	1	37 111
3339	2	1	37 127
3340	2	1	37 135
3341	2	1	37 147
3342	2	1	37 164
3343	2	1	37 167
3344	2	1	37 172
3345	2	1	37 181
3346	2	1	37 203
3347	2	1	37 210
3348	2	1	37 215
3349	2	1	37 217
3350	2	1	37 219
3351	2	1	37 245
3352	2	1	38 53
3353	2	1	38 57
3354	2	1	38 73
3355	2	1	38 87
3356	2	1	38 90
3357	2	1	38 91
3358	2	1	38 95
3359	2	1	38 96
3360	2	1	38 136
3361	2	1	38 165
3362	2	1	38 177
3363	2	1	38 199
3364	2	1	38 212
3365	2	1	38 217
3366	2	1	38 218
3367	2	1	38 229
3368	2	1	38 237
3369	2	1	38 250
3370	2	1	39 40
3371	2	1	39 44
3372	2	1	39 52
3373	2	1	39 58
3374	2	1	39 70
3375	2	1	39 71
3376	2	1	39 76
3377	2	1	39 87
3378	2	1	39 94
3379	2	1	39 113
3380	2	1	39 131
3381	2	1	39 135
3382	2	1	39 136
3383	2	1	39 147
3384	2	1	39 148
3385	2	1	39 152
3386	2	1	39 164
3387	2	1	39 172
3388	2	1	39 182
3389	2	1	39 186
3390	2	1	39 211
3391	2	1	39 227
3392	2	1	39 231
3393	2	1	39 232
3394	2	1	39 234
3395	2	1	39 238
3396	2	1	39 249
3397	2	1	40 45
3398	2	1	40 50
3399	2	1	40 53
3400	2	1	40 56
3401	2	1	40 60
3402	2	1	40 61
3403	2	1	40 75
3404	2	1	40 79
3405	2	1	40 99
3406	2	1	40 113
3407	2	1	40 136
3408	2	1	40 148
3409	2	1	40 156
3410	2	1	40 158
3411	2	1	40 162
3412	2	1	40 163
3413	2	1	40 166
3414	2	1	40 186
3415	2	1	40 198
3416	2	1	40 211
3417	2	1	40 235
3418	2	1	40 237
3419	2	1	40 249
3420	2	1	41 55
3421	2	1	41 60
3422	2	1	41 62
3423	2	1	41 70
3424	2	1	41 80
3425	2	1	41 106
3426	2	1	41 107
3427	2	1	41 125
3428	2	1	41 137
3429	2	1	41 141
3430	2	1	41 142
3431	2	1	41 147
3432	2	1	41 157
3433	2	1	41 158
3434	2	1	41 163
3435	2	1	41 165
3436	2	1	41 168
3437	2	1	41 174
3438	2	1	41 181
3439	2	1	41 200
3440	2	1	41 201
3441	2	1	41 214
3442	2	1	41 215
3443	2	1	41 225
3444	2	1	41 235
3445	2	1	41 238
3446	2	1	41 242
3447	2	1	41 245
3448	2	1	41 250
3449	2	1	42 47
3450	2	1	42 53
3451	2	1	42 63
3452	2	1	42 72
3453	2	1	42 78
3454	2	1	42 79
3455	2	1	42 85
3456	2	1	42 91
3457	2	1	42 94
3458	2	1	42 104
3459	2	1	42 131
3460	2	1	42 142
3461	2	1	42 171
3462	2	1	42 175
3463	2	1	42 176
3464	2	1	42 184
3465	2	1	42 185
3466	2	1	42 193
3467	2	1	42 201
3468	2	1	42 230
3469	2	1	42 235
3470	2	1	42 248
3471	2	1	43 46
3472	2	1	43 50
3473	2	1	43 53
3474	2	1	43 65
3475	2	1	43 73
3476	2	1	43 82
3477	2	1	43 86
3478	2	1	43 109
3479	2	1	43 145
3480	2	1	43 147
3481	2	1	43 157
3482	2	1	43 163
3483	2	1	43 183
3484	2	1	43 190
3485	2	1	43 230
3486	2	1	43 234
3487	2	1	44 50
3488	2	1	44 66
3489	2	1	44 67
3490	2	1	44 68
3491	2	1	44 76
3492	2	1	44 84
3493	2	1	44 86
3494	2	1	44 93
3495	2	1	44 105
3496	2	1	44 108
3497	2	1	44 113
3498	2	1	44 147
3499	2	1	44 162
3500	2	1	44 164
3501	2	1	44 179
3502	2	1	44 181
3503	2	1	44 195
3504	2	1	44 196
3505	2	1	44 204
3506	2	1	44 206
3507	2	1	44 211
3508	2	1	44 225
3509	2	1	44 234
3510	2	1	44 237
3511	2	1	44 243
3512	2	1	44 248
3513	2	1	45 50
3514	2	1	45 52
3515	2	1	45 72
3516	2	1	45 79
3517	2	1	45 92
3518	2	1	45 93
3519	2	1	45 101
3520	2	1	45 107
3521	2	1	45 113
3522	2	1	45 131
3523	2	1	45 143
3524	2	1	45 167
3525	2	1	45 169
3526	2	1	45 171
3527	2	1	45 175
3528	2	1	45 180
3529	2	1	45 193
3530	2	1	45 196
3531	2	1	45 215
3532	2	1	45 231
3533	2	1	45 233
3534	2	1	45 243
3535	2	1	46 86
3536	2	1	46 97
3537	2	1	46 99
3538	2	1	46 124
3539	2	1	46 130
3540	2	1	46 156
3541	2	1	46 158
3542	2	1	46 161
3543	2	1	46 181
3544	2	1	46 200
3545	2	1	46 232
3546	2	1	46 235
3547	2	1	46 246
3548	2	1	47 67
3549	2	1	47 83
3550	2	1	47 84
3551	2	1	47 94
3552	2	1	47 102
3553	2	1	47 124
3554	2	1	47 145
3555	2	1	47 152
3556	2	1	47 157
3557	2	1	47 159
3558	2	1	47 165
3559	2	1	47 176
3560	2	1	47 190
3561	2	1	47 194
3562	2	1	47 202
3563	2	1	47 205
3564	2	1	47 227
3565	2	1	47 238
3566	2	1	47 243
3567	2	1	47 244
3568	2	1	47 249
3569	2	1	48 79
3570	2	1	48 102
3571	2	1	48 105
3572	2	1	48 114
3573	2	1	48 124
3574	2	1	48 137
3575	2	1	48 143
3576	2	1	48 173
3577	2	1	48 180
3578	2	1	48 181
3579	2	1	48 190
3580	2	1	48 198
3581	2	1	48 200
3582	2	1	48 217
3583	2	1	48 219
3584	2	1	48 220
3585	2	1	48 222
3586	2	1	48 226
3587	2	1	48 229
3588	2	1	48 232
3589	2	1	48 234
3590	2	1	48 235
3591	2	1	49 76
3592	2	1	49 79
3593	2	1	49 81
3594	2	1	49 97
3595	2	1	49 120
3596	2	1	49 131
3597	2	1	49 132
3598	2	1	49 133
3599	2	1	49 153
3600	2	1	49 158
3601	2	1	49 168
3602	2	1	49 193
3603	2	1	49 194
3604	2	1	49 204
3605	2	1	49 206
3606	2	1	49 211
3607	2	1	49 220
3608	2	1	49 221
3609	2	1	49 224
3610	2	1	49 229
3611	2	1	49 230
3612	2	1	50 57
3613	2	1	50 61
3614	2	1	50 63
3615	2	1	50 70
3616	2	1	50 71
3617	2	1	50 91
3618	2	1	50 93
3619	2	1	50 135
3620	2	1	50 148
3621	2	1	50 153
3622	2	1	50 157
3623	2	1	50 173
3624	2	1	50 177
3625	2	1	50 184
3626	2	1	50 186
3627	2	1	50 199
3628	2	1	50 210
3629	2	1	50 233
3630	2	1	50 240
3631	2	1	52 60
3632	2	1	52 64
3633	2	1	52 70
3634	2	1	52 97
3635	2	1	52 120
3636	2	1	52 130
3637	2	1	52 136
3638	2	1	52 137
3639	2	1	52 138
3640	2	1	52 153
3641	2	1	52 164
3642	2	1	52 168
3643	2	1	52 177
3644	2	1	52 205
3645	2	1	52 213
3646	2	1	52 217
3647	2	1	52 231
3648	2	1	52 240
3649	2	1	52 241
3650	2	1	53 61
3651	2	1	53 91
3652	2	1	53 116
3653	2	1	53 127
3654	2	1	53 142
3655	2	1	53 158
3656	2	1	53 176
3657	2	1	53 214
3658	2	1	53 240
3659	2	1	53 244
3660	2	1	53 245
3661	2	1	53 246
3662	2	1	54 87
3663	2	1	54 94
3664	2	1	54 103
3665	2	1	54 104
3666	2	1	54 130
3667	2	1	54 141
3668	2	1	54 152
3669	2	1	54 159
3670	2	1	54 201
3671	2	1	54 217
3672	2	1	54 220
3673	2	1	54 233
3674	2	1	55 103
3675	2	1	55 114
3676	2	1	55 116
3677	2	1	55 127
3678	2	1	55 136
3679	2	1	55 139
3680	2	1	55 163
3681	2	1	55 181
3682	2	1	55 188
3683	2	1	55 190
3684	2	1	55 198
3685	2	1	55 204
3686	2	1	55 209
3687	2	1	55 212
3688	2	1	55 220
3689	2	1	55 230
3690	2	1	56 74
3691	2	1	56 79
3692	2	1	56 83
3693	2	1	56 107
3694	2	1	56 133
3695	2	1	56 146
3696	2	1	56 169
3697	2	1	56 203
3698	2	1	56 207
3699	2	1	56 213
3700	2	1	56 219
3701	2	1	56 236
3702	2	1	56 243
3703	2	1	56 245
3704	2	1	57 71
3705	2	1	57 94
3706	2	1	57 96
3707	2	1	57 101
3708	2	1	57 105
3709	2	1	57 111
3710	2	1	57 149
3711	2	1	57 164
3712	2	1	57 165
3713	2	1	57 169
3714	2	1	57 173
3715	2	1	57 179
3716	2	1	57 202
3717	2	1	57 215
3718	2	1	57 225
3719	2	1	57 230
3720	2	1	57 233
3721	2	1	57 234
3722	2	1	57 242
3723	2	1	58 66
3724	2	1	58 68
3725	2	1	58 77
3726	2	1	58 78
3727	2	1	58 81
3728	2	1	58 115
3729	2	1	58 120
3730	2	1	58 127
3731	2	1	58 134
3732	2	1	58 136
3733	2	1	58 149
3734	2	1	58 151
3735	2	1	58 158
3736	2	1	58 161
3737	2	1	58 169
3738	2	1	58 173
3739	2	1	58 175
3740	2	1	58 188
3741	2	1	58 197
3742	2	1	58 208
3743	2	1	58 209
3744	2	1	58 216
3745	2	1	58 219
3746	2	1	58 237
3747	2	1	58 239
3748	2	1	59 92
3749	2	1	59 94
3750	2	1	59 98
3751	2	1	59 99
3752	2	1	59 125
3753	2	1	59 135
3754	2	1	59 141
3755	2	1	59 157
3756	2	1	59 168
3757	2	1	59 178
3758	2	1	59 181
3759	2	1	59 186
3760	2	1	59 190
3761	2	1	59 192
3762	2	1	59 199
3763	2	1	59 221
3764	2	1	59 243
3765	2	1	60 71
3766	2	1	60 77
3767	2	1	60 82
3768	2	1	60 96
3769	2	1	60 112
3770	2	1	60 116
3771	2	1	60 122
3772	2	1	60 123
3773	2	1	60 139
3774	2	1	60 144
3775	2	1	60 145
3776	2	1	60 146
3777	2	1	60 147
3778	2	1	60 171
3779	2	1	60 172
3780	2	1	60 174
3781	2	1	60 175
3782	2	1	60 177
3783	2	1	60 196
3784	2	1	60 207
3785	2	1	60 211
3786	2	1	60 212
3787	2	1	60 213
3788	2	1	60 224
3789	2	1	60 227
3790	2	1	61 79
3791	2	1	61 87
3792	2	1	61 97
3793	2	1	61 109
3794	2	1	61 112
3795	2	1	61 123
3796	2	1	61 129
3797	2	1	61 152
3798	2	1	61 158
3799	2	1	61 177
3800	2	1	61 209
3801	2	1	61 215
3802	2	1	61 240
3803	2	1	61 250
3804	2	1	62 71
3805	2	1	62 74
3806	2	1	62 77
3807	2	1	62 79
3808	2	1	62 117
3809	2	1	62 127
3810	2	1	62 128
3811	2	1	62 160
3812	2	1	62 164
3813	2	1	62 179
3814	2	1	62 187
3815	2	1	62 196
3816	2	1	62 203
3817	2	1	62 208
3818	2	1	62 221
3819	2	1	62 222
3820	2	1	63 67
3821	2	1	63 70
3822	2	1	63 72
3823	2	1	63 87
3824	2	1	63 98
3825	2	1	63 104
3826	2	1	63 110
3827	2	1	63 111
3828	2	1	63 131
3829	2	1	63 133
3830	2	1	63 134
3831	2	1	63 135
3832	2	1	63 139
3833	2	1	63 158
3834	2	1	63 160
3835	2	1	63 166
3836	2	1	63 181
3837	2	1	63 188
3838	2	1	63 191
3839	2	1	63 194
3840	2	1	63 200
3841	2	1	63 209
3842	2	1	63 221
3843	2	1	63 227
3844	2	1	63 237
3845	2	1	64 67
3846	2	1	64 68
3847	2	1	64 74
3848	2	1	64 81
3849	2	1	64 82
3850	2	1	64 93
3851	2	1	64 97
3852	2	1	64 101
3853	2	1	64 102
3854	2	1	64 105
3855	2	1	64 112
3856	2	1	64 114
3857	2	1	64 128
3858	2	1	64 132
3859	2	1	64 133
3860	2	1	64 136
3861	2	1	64 145
3862	2	1	64 160
3863	2	1	64 167
3864	2	1	64 183
3865	2	1	64 191
3866	2	1	64 209
3867	2	1	64 216
3868	2	1	64 219
3869	2	1	64 222
3870	2	1	64 239
3871	2	1	65 66
3872	2	1	65 67
3873	2	1	65 97
3874	2	1	65 108
3875	2	1	65 140
3876	2	1	65 144
3877	2	1	65 148
3878	2	1	65 150
3879	2	1	65 168
3880	2	1	65 169
3881	2	1	65 170
3882	2	1	65 171
3883	2	1	65 200
3884	2	1	65 216
3885	2	1	65 234
3886	2	1	65 246
3887	2	1	66 85
3888	2	1	66 113
3889	2	1	66 122
3890	2	1	66 126
3891	2	1	66 143
3892	2	1	66 147
3893	2	1	66 156
3894	2	1	66 162
3895	2	1	66 171
3896	2	1	66 177
3897	2	1	66 182
3898	2	1	66 183
3899	2	1	66 184
3900	2	1	66 195
3901	2	1	66 218
3902	2	1	66 219
3903	2	1	66 224
3904	2	1	67 75
3905	2	1	67 82
3906	2	1	67 101
3907	2	1	67 103
3908	2	1	67 107
3909	2	1	67 116
3910	2	1	67 119
3911	2	1	67 120
3912	2	1	67 125
3913	2	1	67 140
3914	2	1	67 164
3915	2	1	67 166
3916	2	1	67 170
3917	2	1	67 198
3918	2	1	67 211
3919	2	1	67 224
3920	2	1	67 235
3921	2	1	67 239
3922	2	1	68 70
3923	2	1	68 72
3924	2	1	68 80
3925	2	1	68 85
3926	2	1	68 92
3927	2	1	68 126
3928	2	1	68 147
3929	2	1	68 148
3930	2	1	68 155
3931	2	1	68 169
3932	2	1	68 177
3933	2	1	68 188
3934	2	1	68 206
3935	2	1	68 234
3936	2	1	68 236
3937	2	1	68 250
3938	2	1	70 78
3939	2	1	70 84
3940	2	1	70 104
3941	2	1	70 132
3942	2	1	70 136
3943	2	1	70 149
3944	2	1	70 152
3945	2	1	70 159
3946	2	1	70 182
3947	2	1	70 188
3948	2	1	70 196
3949	2	1	70 206
3950	2	1	70 211
3951	2	1	70 216
3952	2	1	70 219
3953	2	1	70 224
3954	2	1	70 226
3955	2	1	70 227
3956	2	1	70 249
3957	2	1	71 87
3958	2	1	71 91
3959	2	1	71 105
3960	2	1	71 113
3961	2	1	71 114
3962	2	1	71 120
3963	2	1	71 124
3964	2	1	71 135
3965	2	1	71 150
3966	2	1	71 171
3967	2	1	71 178
3968	2	1	71 180
3969	2	1	71 181
3970	2	1	71 185
3971	2	1	71 190
3972	2	1	71 193
3973	2	1	71 199
3974	2	1	71 200
3975	2	1	71 202
3976	2	1	71 213
3977	2	1	71 216
3978	2	1	71 219
3979	2	1	71 227
3980	2	1	71 228
3981	2	1	71 230
3982	2	1	72 82
3983	2	1	72 92
3984	2	1	72 108
3985	2	1	72 110
3986	2	1	72 112
3987	2	1	72 119
3988	2	1	72 126
3989	2	1	72 128
3990	2	1	72 129
3991	2	1	72 130
3992	2	1	72 145
3993	2	1	72 147
3994	2	1	72 174
3995	2	1	72 192
3996	2	1	72 215
3997	2	1	72 229
3998	2	1	73 82
3999	2	1	73 93
4000	2	1	73 94
4001	2	1	73 99
4002	2	1	73 106
4003	2	1	73 114
4004	2	1	73 128
4005	2	1	73 144
4006	2	1	73 184
4007	2	1	73 185
4008	2	1	73 209
4009	2	1	73 229
4010	2	1	73 230
4011	2	1	74 75
4012	2	1	74 76
4013	2	1	74 78
4014	2	1	74 84
4015	2	1	74 94
4016	2	1	74 114
4017	2	1	74 129
4018	2	1	74 145
4019	2	1	74 146
4020	2	1	74 153
4021	2	1	74 157
4022	2	1	74 162
4023	2	1	74 164
4024	2	1	74 186
4025	2	1	74 200
4026	2	1	74 214
4027	2	1	74 226
4028	2	1	74 241
4029	2	1	74 242
4030	2	1	75 78
4031	2	1	75 79
4032	2	1	75 80
4033	2	1	75 96
4034	2	1	75 117
4035	2	1	75 118
4036	2	1	75 123
4037	2	1	75 124
4038	2	1	75 141
4039	2	1	75 142
4040	2	1	75 148
4041	2	1	75 156
4042	2	1	75 170
4043	2	1	75 173
4044	2	1	75 176
4045	2	1	75 192
4046	2	1	75 222
4047	2	1	75 224
4048	2	1	75 227
4049	2	1	75 241
4050	2	1	76 81
4051	2	1	76 93
4052	2	1	76 94
4053	2	1	76 162
4054	2	1	76 167
4055	2	1	76 178
4056	2	1	76 202
4057	2	1	76 205
4058	2	1	76 249
4059	2	1	77 83
4060	2	1	77 112
4061	2	1	77 129
4062	2	1	77 136
4063	2	1	77 150
4064	2	1	77 170
4065	2	1	77 176
4066	2	1	77 182
4067	2	1	77 194
4068	2	1	77 195
4069	2	1	77 203
4070	2	1	77 229
4071	2	1	77 246
4072	2	1	78 91
4073	2	1	78 96
4074	2	1	78 98
4075	2	1	78 99
4076	2	1	78 114
4077	2	1	78 122
4078	2	1	78 132
4079	2	1	78 143
4080	2	1	78 147
4081	2	1	78 150
4082	2	1	78 153
4083	2	1	78 155
4084	2	1	78 169
4085	2	1	78 171
4086	2	1	78 174
4087	2	1	78 201
4088	2	1	78 212
4089	2	1	78 230
4090	2	1	78 234
4091	2	1	79 87
4092	2	1	79 92
4093	2	1	79 98
4094	2	1	79 105
4095	2	1	79 139
4096	2	1	79 147
4097	2	1	79 165
4098	2	1	79 170
4099	2	1	79 187
4100	2	1	79 202
4101	2	1	79 210
4102	2	1	79 234
4103	2	1	79 235
4104	2	1	79 243
4105	2	1	80 85
4106	2	1	80 101
4107	2	1	80 102
4108	2	1	80 114
4109	2	1	80 115
4110	2	1	80 126
4111	2	1	80 144
4112	2	1	80 196
4113	2	1	80 201
4114	2	1	80 214
4115	2	1	80 218
4116	2	1	80 226
4117	2	1	80 235
4118	2	1	81 94
4119	2	1	81 95
4120	2	1	81 106
4121	2	1	81 109
4122	2	1	81 115
4123	2	1	81 116
4124	2	1	81 134
4125	2	1	81 137
4126	2	1	81 151
4127	2	1	81 156
4128	2	1	81 168
4129	2	1	81 170
4130	2	1	81 193
4131	2	1	81 195
4132	2	1	81 196
4133	2	1	81 197
4134	2	1	81 199
4135	2	1	81 200
4136	2	1	81 205
4137	2	1	81 211
4138	2	1	81 214
4139	2	1	81 222
4140	2	1	81 229
4141	2	1	81 235
4142	2	1	81 241
4143	2	1	82 84
4144	2	1	82 100
4145	2	1	82 102
4146	2	1	82 103
4147	2	1	82 133
4148	2	1	82 157
4149	2	1	82 158
4150	2	1	82 159
4151	2	1	82 161
4152	2	1	82 164
4153	2	1	82 169
4154	2	1	82 213
4155	2	1	82 227
4156	2	1	83 100
4157	2	1	83 118
4158	2	1	83 134
4159	2	1	83 136
4160	2	1	83 142
4161	2	1	83 153
4162	2	1	83 158
4163	2	1	83 160
4164	2	1	83 161
4165	2	1	83 166
4166	2	1	83 183
4167	2	1	83 187
4168	2	1	83 188
4169	2	1	83 191
4170	2	1	83 195
4171	2	1	83 196
4172	2	1	83 208
4173	2	1	83 215
4174	2	1	83 216
4175	2	1	83 225
4176	2	1	83 226
4177	2	1	83 228
4178	2	1	83 235
4179	2	1	84 86
4180	2	1	84 96
4181	2	1	84 105
4182	2	1	84 115
4183	2	1	84 127
4184	2	1	84 129
4185	2	1	84 131
4186	2	1	84 144
4187	2	1	84 159
4188	2	1	84 162
4189	2	1	84 181
4190	2	1	84 183
4191	2	1	84 190
4192	2	1	84 192
4193	2	1	84 193
4194	2	1	84 209
4195	2	1	84 219
4196	2	1	84 231
4197	2	1	84 233
4198	2	1	84 239
4199	2	1	85 94
4200	2	1	85 102
4201	2	1	85 107
4202	2	1	85 108
4203	2	1	85 116
4204	2	1	85 130
4205	2	1	85 133
4206	2	1	85 135
4207	2	1	85 145
4208	2	1	85 146
4209	2	1	85 155
4210	2	1	85 185
4211	2	1	85 191
4212	2	1	85 192
4213	2	1	85 197
4214	2	1	85 206
4215	2	1	85 212
4216	2	1	85 224
4217	2	1	86 97
4218	2	1	86 101
4219	2	1	86 112
4220	2	1	86 114
4221	2	1	86 116
4222	2	1	86 137
4223	2	1	86 150
4224	2	1	86 161
4225	2	1	86 166
4226	2	1	86 168
4227	2	1	86 186
4228	2	1	86 198
4229	2	1	86 225
4230	2	1	86 238
4231	2	1	86 244
4232	2	1	87 94
4233	2	1	87 96
4234	2	1	87 101
4235	2	1	87 110
4236	2	1	87 115
4237	2	1	87 119
4238	2	1	87 129
4239	2	1	87 141
4240	2	1	87 146
4241	2	1	87 156
4242	2	1	87 179
4243	2	1	87 180
4244	2	1	87 183
4245	2	1	87 193
4246	2	1	87 194
4247	2	1	87 197
4248	2	1	87 200
4249	2	1	87 203
4250	2	1	87 208
4251	2	1	87 233
4252	2	1	87 237
4253	2	1	87 244
4254	2	1	87 245
4255	2	1	89 93
4256	2	1	89 101
4257	2	1	89 110
4258	2	1	89 133
4259	2	1	89 137
4260	2	1	89 155
4261	2	1	89 159
4262	2	1	89 166
4263	2	1	89 174
4264	2	1	89 193
4265	2	1	89 195
4266	2	1	89 209
4267	2	1	89 212
4268	2	1	89 235
4269	2	1	89 236
4270	2	1	90 147
4271	2	1	90 155
4272	2	1	90 161
4273	2	1	90 167
4274	2	1	90 196
4275	2	1	90 201
4276	2	1	90 205
4277	2	1	90 209
4278	2	1	90 213
4279	2	1	90 214
4280	2	1	90 224
4281	2	1	90 225
4282	2	1	90 230
4283	2	1	90 245
4284	2	1	91 98
4285	2	1	91 100
4286	2	1	91 117
4287	2	1	91 118
4288	2	1	91 141
4289	2	1	91 142
4290	2	1	91 151
4291	2	1	91 155
4292	2	1	91 164
4293	2	1	91 167
4294	2	1	91 174
4295	2	1	91 186
4296	2	1	91 192
4297	2	1	91 195
4298	2	1	92 94
4299	2	1	92 102
4300	2	1	92 106
4301	2	1	92 111
4302	2	1	92 126
4303	2	1	92 132
4304	2	1	92 140
4305	2	1	92 148
4306	2	1	92 180
4307	2	1	92 183
4308	2	1	92 196
4309	2	1	92 202
4310	2	1	92 209
4311	2	1	92 231
4312	2	1	93 96
4313	2	1	93 105
4314	2	1	93 120
4315	2	1	93 136
4316	2	1	93 149
4317	2	1	93 170
4318	2	1	93 185
4319	2	1	93 190
4320	2	1	93 199
4321	2	1	93 203
4322	2	1	93 217
4323	2	1	93 236
4324	2	1	93 240
4325	2	1	93 241
4326	2	1	94 95
4327	2	1	94 97
4328	2	1	94 111
4329	2	1	94 116
4330	2	1	94 157
4331	2	1	94 162
4332	2	1	94 167
4333	2	1	94 168
4334	2	1	94 178
4335	2	1	94 181
4336	2	1	94 187
4337	2	1	94 194
4338	2	1	94 196
4339	2	1	94 199
4340	2	1	94 205
4341	2	1	94 212
4342	2	1	94 238
4343	2	1	94 246
4344	2	1	95 96
4345	2	1	95 104
4346	2	1	95 108
4347	2	1	95 109
4348	2	1	95 112
4349	2	1	95 118
4350	2	1	95 122
4351	2	1	95 123
4352	2	1	95 130
4353	2	1	95 150
4354	2	1	95 153
4355	2	1	95 159
4356	2	1	95 160
4357	2	1	95 162
4358	2	1	95 169
4359	2	1	95 173
4360	2	1	95 174
4361	2	1	95 179
4362	2	1	95 226
4363	2	1	95 244
4364	2	1	96 106
4365	2	1	96 110
4366	2	1	96 132
4367	2	1	96 142
4368	2	1	96 169
4369	2	1	96 180
4370	2	1	96 190
4371	2	1	96 196
4372	2	1	96 202
4373	2	1	96 207
4374	2	1	96 215
4375	2	1	96 222
4376	2	1	96 248
4377	2	1	97 109
4378	2	1	97 110
4379	2	1	97 112
4380	2	1	97 122
4381	2	1	97 206
4382	2	1	97 211
4383	2	1	97 220
4384	2	1	97 222
4385	2	1	97 224
4386	2	1	97 227
4387	2	1	98 131
4388	2	1	98 152
4389	2	1	98 153
4390	2	1	98 158
4391	2	1	98 159
4392	2	1	98 169
4393	2	1	98 176
4394	2	1	98 185
4395	2	1	98 194
4396	2	1	98 203
4397	2	1	98 213
4398	2	1	98 219
4399	2	1	98 231
4400	2	1	98 240
4401	2	1	98 241
4402	2	1	98 248
4403	2	1	99 102
4404	2	1	99 105
4405	2	1	99 109
4406	2	1	99 113
4407	2	1	99 116
4408	2	1	99 118
4409	2	1	99 131
4410	2	1	99 132
4411	2	1	99 140
4412	2	1	99 175
4413	2	1	99 195
4414	2	1	99 211
4415	2	1	99 233
4416	2	1	99 246
4417	2	1	100 104
4418	2	1	100 174
4419	2	1	100 195
4420	2	1	100 196
4421	2	1	100 236
4422	2	1	100 239
4423	2	1	100 243
4424	2	1	100 250
4425	2	1	101 125
4426	2	1	101 127
4427	2	1	101 144
4428	2	1	101 159
4429	2	1	101 184
4430	2	1	101 195
4431	2	1	101 198
4432	2	1	101 199
4433	2	1	101 218
4434	2	1	101 233
4435	2	1	101 244
4436	2	1	101 246
4437	2	1	102 106
4438	2	1	102 119
4439	2	1	102 127
4440	2	1	102 129
4441	2	1	102 141
4442	2	1	102 143
4443	2	1	102 166
4444	2	1	102 168
4445	2	1	102 177
4446	2	1	102 188
4447	2	1	102 202
4448	2	1	102 228
4449	2	1	102 229
4450	2	1	102 234
4451	2	1	102 236
4452	2	1	102 243
4453	2	1	103 113
4454	2	1	103 122
4455	2	1	103 134
4456	2	1	103 147
4457	2	1	103 181
4458	2	1	103 195
4459	2	1	103 199
4460	2	1	103 202
4461	2	1	103 213
4462	2	1	103 218
4463	2	1	103 228
4464	2	1	104 110
4465	2	1	104 111
4466	2	1	104 132
4467	2	1	104 146
4468	2	1	104 156
4469	2	1	104 170
4470	2	1	104 171
4471	2	1	104 175
4472	2	1	104 176
4473	2	1	104 180
4474	2	1	104 203
4475	2	1	104 206
4476	2	1	104 209
4477	2	1	104 215
4478	2	1	104 219
4479	2	1	104 228
4480	2	1	104 230
4481	2	1	104 236
4482	2	1	104 245
4483	2	1	105 118
4484	2	1	105 120
4485	2	1	105 142
4486	2	1	105 160
4487	2	1	105 173
4488	2	1	105 175
4489	2	1	105 185
4490	2	1	105 200
4491	2	1	105 221
4492	2	1	105 227
4493	2	1	105 231
4494	2	1	105 233
4495	2	1	105 240
4496	2	1	105 245
4497	2	1	105 246
4498	2	1	105 249
4499	2	1	106 113
4500	2	1	106 123
4501	2	1	106 124
4502	2	1	106 126
4503	2	1	106 132
4504	2	1	106 141
4505	2	1	106 143
4506	2	1	106 144
4507	2	1	106 148
4508	2	1	106 153
4509	2	1	106 158
4510	2	1	106 160
4511	2	1	106 181
4512	2	1	106 184
4513	2	1	106 225
4514	2	1	106 226
4515	2	1	106 227
4516	2	1	106 229
4517	2	1	106 230
4518	2	1	106 234
4519	2	1	106 246
4520	2	1	107 112
4521	2	1	107 113
4522	2	1	107 116
4523	2	1	107 129
4524	2	1	107 147
4525	2	1	107 148
4526	2	1	107 171
4527	2	1	107 172
4528	2	1	107 182
4529	2	1	107 199
4530	2	1	107 202
4531	2	1	107 205
4532	2	1	107 211
4533	2	1	107 221
4534	2	1	107 238
4535	2	1	108 122
4536	2	1	108 126
4537	2	1	108 151
4538	2	1	108 152
4539	2	1	108 153
4540	2	1	108 166
4541	2	1	108 188
4542	2	1	108 200
4543	2	1	108 201
4544	2	1	108 210
4545	2	1	108 215
4546	2	1	108 238
4547	2	1	109 110
4548	2	1	109 131
4549	2	1	109 145
4550	2	1	109 175
4551	2	1	109 177
4552	2	1	109 190
4553	2	1	109 191
4554	2	1	109 202
4555	2	1	109 225
4556	2	1	109 244
4557	2	1	109 248
4558	2	1	110 119
4559	2	1	110 120
4560	2	1	110 145
4561	2	1	110 150
4562	2	1	110 152
4563	2	1	110 160
4564	2	1	110 174
4565	2	1	110 179
4566	2	1	110 186
4567	2	1	110 192
4568	2	1	110 193
4569	2	1	110 203
4570	2	1	110 215
4571	2	1	110 227
4572	2	1	110 228
4573	2	1	110 235
4574	2	1	110 237
4575	2	1	111 114
4576	2	1	111 124
4577	2	1	111 126
4578	2	1	111 130
4579	2	1	111 150
4580	2	1	111 151
4581	2	1	111 159
4582	2	1	111 176
4583	2	1	111 178
4584	2	1	111 181
4585	2	1	111 184
4586	2	1	111 188
4587	2	1	111 205
4588	2	1	111 214
4589	2	1	111 221
4590	2	1	111 230
4591	2	1	111 241
4592	2	1	111 248
4593	2	1	111 249
4594	2	1	112 114
4595	2	1	112 123
4596	2	1	112 146
4597	2	1	112 163
4598	2	1	112 170
4599	2	1	112 186
4600	2	1	112 192
4601	2	1	112 198
4602	2	1	112 200
4603	2	1	112 201
4604	2	1	112 211
4605	2	1	112 222
4606	2	1	112 250
4607	2	1	113 118
4608	2	1	113 150
4609	2	1	113 161
4610	2	1	113 166
4611	2	1	113 178
4612	2	1	113 188
4613	2	1	113 210
4614	2	1	113 225
4615	2	1	113 234
4616	2	1	114 124
4617	2	1	114 135
4618	2	1	114 148
4619	2	1	114 158
4620	2	1	114 163
4621	2	1	114 168
4622	2	1	114 169
4623	2	1	114 175
4624	2	1	114 177
4625	2	1	114 182
4626	2	1	114 193
4627	2	1	114 214
4628	2	1	114 222
4629	2	1	114 229
4630	2	1	114 230
4631	2	1	114 234
4632	2	1	114 250
4633	2	1	115 123
4634	2	1	115 131
4635	2	1	115 139
4636	2	1	115 144
4637	2	1	115 162
4638	2	1	115 169
4639	2	1	115 180
4640	2	1	115 194
4641	2	1	115 197
4642	2	1	115 212
4643	2	1	115 222
4644	2	1	115 229
4645	2	1	115 236
4646	2	1	116 134
4647	2	1	116 138
4648	2	1	116 141
4649	2	1	116 144
4650	2	1	116 163
4651	2	1	116 170
4652	2	1	116 176
4653	2	1	116 178
4654	2	1	116 196
4655	2	1	116 203
4656	2	1	116 213
4657	2	1	116 215
4658	2	1	116 235
4659	2	1	116 240
4660	2	1	116 244
4661	2	1	117 119
4662	2	1	117 130
4663	2	1	117 133
4664	2	1	117 136
4665	2	1	117 141
4666	2	1	117 155
4667	2	1	117 162
4668	2	1	117 171
4669	2	1	117 195
4670	2	1	117 203
4671	2	1	117 212
4672	2	1	117 220
4673	2	1	117 225
4674	2	1	117 227
4675	2	1	117 231
4676	2	1	117 234
4677	2	1	117 244
4678	2	1	117 245
4679	2	1	117 248
4680	2	1	118 130
4681	2	1	118 139
4682	2	1	118 143
4683	2	1	118 147
4684	2	1	118 165
4685	2	1	118 167
4686	2	1	118 169
4687	2	1	118 170
4688	2	1	118 175
4689	2	1	118 178
4690	2	1	118 199
4691	2	1	118 211
4692	2	1	118 225
4693	2	1	118 238
4694	2	1	118 242
4695	2	1	118 246
4696	2	1	118 248
4697	2	1	118 250
4698	2	1	119 122
4699	2	1	119 127
4700	2	1	119 131
4701	2	1	119 143
4702	2	1	119 161
4703	2	1	119 165
4704	2	1	119 166
4705	2	1	119 171
4706	2	1	119 191
4707	2	1	119 192
4708	2	1	119 205
4709	2	1	119 210
4710	2	1	119 217
4711	2	1	119 220
4712	2	1	120 125
4713	2	1	120 126
4714	2	1	120 130
4715	2	1	120 139
4716	2	1	120 142
4717	2	1	120 168
4718	2	1	120 172
4719	2	1	120 179
4720	2	1	120 186
4721	2	1	120 187
4722	2	1	120 193
4723	2	1	120 215
4724	2	1	120 234
4725	2	1	120 242
4726	2	1	122 132
4727	2	1	122 133
4728	2	1	122 135
4729	2	1	122 136
4730	2	1	122 175
4731	2	1	122 177
4732	2	1	122 194
4733	2	1	122 195
4734	2	1	122 210
4735	2	1	123 128
4736	2	1	123 132
4737	2	1	123 142
4738	2	1	123 158
4739	2	1	123 166
4740	2	1	123 175
4741	2	1	123 182
4742	2	1	123 187
4743	2	1	123 219
4744	2	1	123 220
4745	2	1	123 225
4746	2	1	123 245
4747	2	1	124 125
4748	2	1	124 168
4749	2	1	124 196
4750	2	1	124 200
4751	2	1	124 207
4752	2	1	124 213
4753	2	1	124 214
4754	2	1	124 246
4755	2	1	125 135
4756	2	1	125 136
4757	2	1	125 148
4758	2	1	125 153
4759	2	1	125 180
4760	2	1	125 182
4761	2	1	125 190
4762	2	1	125 193
4763	2	1	125 194
4764	2	1	125 198
4765	2	1	125 226
4766	2	1	125 229
4767	2	1	126 131
4768	2	1	126 151
4769	2	1	126 160
4770	2	1	126 163
4771	2	1	126 171
4772	2	1	126 175
4773	2	1	126 206
4774	2	1	126 207
4775	2	1	126 209
4776	2	1	126 241
4777	2	1	127 133
4778	2	1	127 142
4779	2	1	127 149
4780	2	1	127 152
4781	2	1	127 170
4782	2	1	127 172
4783	2	1	127 179
4784	2	1	127 205
4785	2	1	127 228
4786	2	1	127 232
4787	2	1	127 240
4788	2	1	127 241
4789	2	1	128 129
4790	2	1	128 131
4791	2	1	128 149
4792	2	1	128 155
4793	2	1	128 158
4794	2	1	128 161
4795	2	1	128 166
4796	2	1	128 168
4797	2	1	128 170
4798	2	1	128 184
4799	2	1	128 191
4800	2	1	128 204
4801	2	1	128 220
4802	2	1	128 239
4803	2	1	128 246
4804	2	1	129 149
4805	2	1	129 153
4806	2	1	129 155
4807	2	1	129 158
4808	2	1	129 168
4809	2	1	129 181
4810	2	1	129 184
4811	2	1	129 185
4812	2	1	129 201
4813	2	1	129 208
4814	2	1	129 218
4815	2	1	129 224
4816	2	1	129 242
4817	2	1	129 244
4818	2	1	130 131
4819	2	1	130 135
4820	2	1	130 138
4821	2	1	130 150
4822	2	1	130 152
4823	2	1	130 153
4824	2	1	130 195
4825	2	1	130 200
4826	2	1	130 204
4827	2	1	130 217
4828	2	1	130 238
4829	2	1	130 239
4830	2	1	130 250
4831	2	1	131 132
4832	2	1	131 136
4833	2	1	131 139
4834	2	1	131 146
4835	2	1	131 172
4836	2	1	131 184
4837	2	1	131 217
4838	2	1	131 222
4839	2	1	131 224
4840	2	1	131 238
4841	2	1	131 244
4842	2	1	131 249
4843	2	1	132 156
4844	2	1	132 157
4845	2	1	132 164
4846	2	1	132 180
4847	2	1	132 196
4848	2	1	132 203
4849	2	1	132 205
4850	2	1	132 222
4851	2	1	132 248
4852	2	1	133 145
4853	2	1	133 148
4854	2	1	133 181
4855	2	1	133 183
4856	2	1	133 199
4857	2	1	133 203
4858	2	1	133 213
4859	2	1	133 227
4860	2	1	133 250
4861	2	1	134 141
4862	2	1	134 149
4863	2	1	134 169
4864	2	1	134 171
4865	2	1	134 178
4866	2	1	134 191
4867	2	1	134 195
4868	2	1	134 196
4869	2	1	134 197
4870	2	1	134 200
4871	2	1	134 208
4872	2	1	134 220
4873	2	1	135 138
4874	2	1	135 142
4875	2	1	135 152
4876	2	1	135 156
4877	2	1	135 188
4878	2	1	135 197
4879	2	1	135 202
4880	2	1	135 220
4881	2	1	136 140
4882	2	1	136 145
4883	2	1	136 162
4884	2	1	136 171
4885	2	1	136 175
4886	2	1	136 209
4887	2	1	136 230
4888	2	1	136 238
4889	2	1	136 239
4890	2	1	136 243
4891	2	1	137 142
4892	2	1	137 156
4893	2	1	137 181
4894	2	1	137 203
4895	2	1	137 218
4896	2	1	137 238
4897	2	1	138 141
4898	2	1	138 148
4899	2	1	138 150
4900	2	1	138 152
4901	2	1	138 163
4902	2	1	138 166
4903	2	1	138 184
4904	2	1	138 190
4905	2	1	138 196
4906	2	1	138 206
4907	2	1	138 228
4908	2	1	138 236
4909	2	1	138 241
4910	2	1	138 249
4911	2	1	138 250
4912	2	1	139 146
4913	2	1	139 151
4914	2	1	139 194
4915	2	1	139 195
4916	2	1	139 202
4917	2	1	139 209
4918	2	1	139 213
4919	2	1	139 227
4920	2	1	139 229
4921	2	1	139 242
4922	2	1	139 246
4923	2	1	139 249
4924	2	1	140 143
4925	2	1	140 145
4926	2	1	140 150
4927	2	1	140 151
4928	2	1	140 160
4929	2	1	140 170
4930	2	1	140 192
4931	2	1	140 197
4932	2	1	140 204
4933	2	1	140 217
4934	2	1	140 227
4935	2	1	140 228
4936	2	1	141 145
4937	2	1	141 147
4938	2	1	141 149
4939	2	1	141 169
4940	2	1	141 181
4941	2	1	141 209
4942	2	1	141 215
4943	2	1	141 217
4944	2	1	142 153
4945	2	1	142 159
4946	2	1	142 176
4947	2	1	142 180
4948	2	1	142 182
4949	2	1	142 187
4950	2	1	142 188
4951	2	1	142 190
4952	2	1	142 203
4953	2	1	142 208
4954	2	1	142 209
4955	2	1	142 211
4956	2	1	142 215
4957	2	1	142 218
4958	2	1	142 221
4959	2	1	142 245
4960	2	1	143 158
4961	2	1	143 165
4962	2	1	143 169
4963	2	1	143 172
4964	2	1	143 184
4965	2	1	143 185
4966	2	1	143 188
4967	2	1	143 198
4968	2	1	143 214
4969	2	1	143 218
4970	2	1	143 234
4971	2	1	143 235
4972	2	1	143 243
4973	2	1	143 244
4974	2	1	144 146
4975	2	1	144 151
4976	2	1	144 157
4977	2	1	144 183
4978	2	1	144 224
4979	2	1	144 233
4980	2	1	144 235
4981	2	1	144 249
4982	2	1	145 162
4983	2	1	145 178
4984	2	1	145 182
4985	2	1	145 196
4986	2	1	145 204
4987	2	1	145 205
4988	2	1	145 218
4989	2	1	145 220
4990	2	1	145 232
4991	2	1	145 233
4992	2	1	145 235
4993	2	1	145 236
4994	2	1	145 243
4995	2	1	146 152
4996	2	1	146 156
4997	2	1	146 164
4998	2	1	146 166
4999	2	1	146 172
5000	2	1	146 176
5001	2	1	146 196
5002	2	1	146 204
5003	2	1	146 218
5004	2	1	146 228
5005	2	1	146 233
5006	2	1	147 152
5007	2	1	147 155
5008	2	1	147 160
5009	2	1	147 165
5010	2	1	147 190
5011	2	1	147 192
5012	2	1	147 204
5013	2	1	147 208
5014	2	1	147 212
5015	2	1	147 220
5016	2	1	147 240
5017	2	1	148 149
5018	2	1	148 185
5019	2	1	148 192
5020	2	1	148 200
5021	2	1	148 202
5022	2	1	148 203
5023	2	1	148 217
5024	2	1	148 235
5025	2	1	148 245
5026	2	1	148 248
5027	2	1	149 156
5028	2	1	149 176
5029	2	1	149 186
5030	2	1	149 202
5031	2	1	149 204
5032	2	1	149 207
5033	2	1	149 222
5034	2	1	149 230
5035	2	1	149 233
5036	2	1	149 234
5037	2	1	149 237
5038	2	1	149 239
5039	2	1	150 161
5040	2	1	150 164
5041	2	1	150 171
5042	2	1	150 175
5043	2	1	150 182
5044	2	1	150 187
5045	2	1	150 198
5046	2	1	150 202
5047	2	1	150 219
5048	2	1	150 226
5049	2	1	150 229
5050	2	1	150 246
5051	2	1	151 158
5052	2	1	151 162
5053	2	1	151 182
5054	2	1	151 186
5055	2	1	151 194
5056	2	1	151 243
5057	2	1	151 245
5058	2	1	152 155
5059	2	1	152 172
5060	2	1	152 173
5061	2	1	152 176
5062	2	1	152 178
5063	2	1	152 184
5064	2	1	152 201
5065	2	1	152 204
5066	2	1	152 207
5067	2	1	152 217
5068	2	1	152 220
5069	2	1	153 155
5070	2	1	153 163
5071	2	1	153 174
5072	2	1	153 193
5073	2	1	153 227
5074	2	1	155 169
5075	2	1	155 187
5076	2	1	155 193
5077	2	1	155 194
5078	2	1	155 215
5079	2	1	155 218
5080	2	1	155 219
5081	2	1	155 244
5082	2	1	156 167
5083	2	1	156 171
5084	2	1	156 184
5085	2	1	156 194
5086	2	1	156 206
5087	2	1	156 210
5088	2	1	156 224
5089	2	1	156 227
5090	2	1	156 235
5091	2	1	156 237
5092	2	1	157 171
5093	2	1	157 178
5094	2	1	157 179
5095	2	1	157 187
5096	2	1	157 191
5097	2	1	157 212
5098	2	1	157 218
5099	2	1	157 239
5100	2	1	158 182
5101	2	1	158 186
5102	2	1	158 206
5103	2	1	158 216
5104	2	1	158 218
5105	2	1	158 235
5106	2	1	158 241
5107	2	1	159 176
5108	2	1	159 196
5109	2	1	159 200
5110	2	1	159 217
5111	2	1	159 230
5112	2	1	159 235
5113	2	1	159 245
5114	2	1	160 178
5115	2	1	160 184
5116	2	1	160 185
5117	2	1	160 186
5118	2	1	160 200
5119	2	1	160 214
5120	2	1	160 216
5121	2	1	160 217
5122	2	1	160 226
5123	2	1	160 233
5124	2	1	160 234
5125	2	1	160 248
5126	2	1	161 169
5127	2	1	161 178
5128	2	1	161 181
5129	2	1	161 184
5130	2	1	161 195
5131	2	1	161 227
5132	2	1	161 246
5133	2	1	161 249
5134	2	1	162 188
5135	2	1	162 227
5136	2	1	162 229
5137	2	1	162 236
5138	2	1	162 238
5139	2	1	162 242
5140	2	1	163 175
5141	2	1	163 179
5142	2	1	163 180
5143	2	1	163 185
5144	2	1	163 203
5145	2	1	163 205
5146	2	1	163 207
5147	2	1	163 208
5148	2	1	163 211
5149	2	1	163 216
5150	2	1	163 219
5151	2	1	163 220
5152	2	1	164 184
5153	2	1	164 190
5154	2	1	164 202
5155	2	1	164 211
5156	2	1	164 235
5157	2	1	164 245
5158	2	1	165 174
5159	2	1	165 188
5160	2	1	165 215
5161	2	1	165 216
5162	2	1	165 221
5163	2	1	165 229
5164	2	1	165 234
5165	2	1	166 176
5166	2	1	166 177
5167	2	1	166 184
5168	2	1	166 187
5169	2	1	166 191
5170	2	1	166 192
5171	2	1	166 209
5172	2	1	166 231
5173	2	1	166 234
5174	2	1	166 245
5175	2	1	166 250
5176	2	1	167 194
5177	2	1	167 202
5178	2	1	167 211
5179	2	1	167 218
5180	2	1	167 219
5181	2	1	167 235
5182	2	1	167 238
5183	2	1	168 174
5184	2	1	168 182
5185	2	1	168 185
5186	2	1	168 207
5187	2	1	168 220
5188	2	1	168 224
5189	2	1	168 230
5190	2	1	168 239
5191	2	1	168 245
5192	2	1	169 173
5193	2	1	169 175
5194	2	1	169 196
5195	2	1	169 212
5196	2	1	169 232
5197	2	1	169 237
5198	2	1	170 173
5199	2	1	170 175
5200	2	1	170 185
5201	2	1	170 187
5202	2	1	170 191
5203	2	1	170 198
5204	2	1	170 205
5205	2	1	170 231
5206	2	1	171 181
5207	2	1	171 192
5208	2	1	171 197
5209	2	1	171 206
5210	2	1	171 210
5211	2	1	171 232
5212	2	1	171 240
5213	2	1	172 178
5214	2	1	172 185
5215	2	1	172 198
5216	2	1	172 210
5217	2	1	172 215
5218	2	1	172 235
5219	2	1	173 184
5220	2	1	173 207
5221	2	1	173 209
5222	2	1	173 229
5223	2	1	173 243
5224	2	1	174 186
5225	2	1	174 204
5226	2	1	174 242
5227	2	1	175 188
5228	2	1	175 195
5229	2	1	175 197
5230	2	1	175 208
5231	2	1	175 217
5232	2	1	175 221
5233	2	1	175 250
5234	2	1	176 188
5235	2	1	176 193
5236	2	1	176 198
5237	2	1	176 199
5238	2	1	176 219
5239	2	1	176 221
5240	2	1	177 190
5241	2	1	177 199
5242	2	1	177 203
5243	2	1	177 214
5244	2	1	177 220
5245	2	1	177 222
5246	2	1	177 229
5247	2	1	178 183
5248	2	1	178 191
5249	2	1	178 198
5250	2	1	178 202
5251	2	1	179 185
5252	2	1	179 197
5253	2	1	179 236
5254	2	1	179 238
5255	2	1	179 239
5256	2	1	180 186
5257	2	1	180 188
5258	2	1	180 200
5259	2	1	180 217
5260	2	1	180 220
5261	2	1	181 186
5262	2	1	181 188
5263	2	1	181 201
5264	2	1	181 208
5265	2	1	181 221
5266	2	1	181 226
5267	2	1	181 230
5268	2	1	181 235
5269	2	1	181 242
5270	2	1	182 186
5271	2	1	182 212
5272	2	1	182 220
5273	2	1	182 233
5274	2	1	183 187
5275	2	1	183 199
5276	2	1	183 212
5277	2	1	183 224
5278	2	1	183 226
5279	2	1	183 242
5280	2	1	183 249
5281	2	1	184 217
5282	2	1	184 226
5283	2	1	184 232
5284	2	1	184 236
5285	2	1	184 239
5286	2	1	185 186
5287	2	1	185 204
5288	2	1	185 249
5289	2	1	186 194
5290	2	1	186 198
5291	2	1	186 199
5292	2	1	186 208
5293	2	1	186 222
5294	2	1	186 238
5295	2	1	186 242
5296	2	1	187 188
5297	2	1	187 192
5298	2	1	187 226
5299	2	1	187 232
5300	2	1	187 240
5301	2	1	187 244
5302	2	1	187 250
5303	2	1	188 198
5304	2	1	188 214
5305	2	1	188 218
5306	2	1	188 224
5307	2	1	188 228
5308	2	1	188 243
5309	2	1	188 248
5310	2	1	190 197
5311	2	1	190 205
5312	2	1	190 208
5313	2	1	190 211
5314	2	1	190 219
5315	2	1	190 230
5316	2	1	191 205
5317	2	1	191 210
5318	2	1	191 231
5319	2	1	191 232
5320	2	1	191 244
5321	2	1	191 250
5322	2	1	192 201
5323	2	1	192 202
5324	2	1	192 209
5325	2	1	192 219
5326	2	1	192 237
5327	2	1	192 239
5328	2	1	192 240
5329	2	1	192 249
5330	2	1	193 200
5331	2	1	193 204
5332	2	1	193 207
5333	2	1	193 222
5334	2	1	193 224
5335	2	1	193 229
5336	2	1	193 242
5337	2	1	193 249
5338	2	1	194 196
5339	2	1	194 206
5340	2	1	194 210
5341	2	1	194 218
5342	2	1	194 237
5343	2	1	195 201
5344	2	1	195 204
5345	2	1	195 207
5346	2	1	195 209
5347	2	1	195 235
5348	2	1	195 249
5349	2	1	196 198
5350	2	1	196 226
5351	2	1	196 229
5352	2	1	196 230
5353	2	1	196 240
5354	2	1	196 241
5355	2	1	196 242
5356	2	1	197 200
5357	2	1	197 203
5358	2	1	197 210
5359	2	1	197 211
5360	2	1	197 212
5361	2	1	197 213
5362	2	1	197 214
5363	2	1	197 218
5364	2	1	197 221
5365	2	1	197 227
5366	2	1	198 205
5367	2	1	198 206
5368	2	1	198 243
5369	2	1	198 249
5370	2	1	199 200
5371	2	1	199 214
5372	2	1	199 215
5373	2	1	199 230
5374	2	1	200 201
5375	2	1	200 210
5376	2	1	200 211
5377	2	1	200 213
5378	2	1	200 217
5379	2	1	200 222
5380	2	1	200 241
5381	2	1	200 246
5382	2	1	201 203
5383	2	1	201 216
5384	2	1	201 239
5385	2	1	202 206
5386	2	1	202 218
5387	2	1	202 228
5388	2	1	202 238
5389	2	1	203 205
5390	2	1	203 235
5391	2	1	204 208
5392	2	1	204 210
5393	2	1	204 222
5394	2	1	204 235
5395	2	1	205 232
5396	2	1	205 233
5397	2	1	205 234
5398	2	1	205 249
5399	2	1	205 250
5400	2	1	206 209
5401	2	1	206 210
5402	2	1	206 216
5403	2	1	206 235
5404	2	1	207 220
5405	2	1	207 225
5406	2	1	207 250
5407	2	1	208 215
5408	2	1	208 221
5409	2	1	208 230
5410	2	1	208 240
5411	2	1	208 249
5412	2	1	209 213
5413	2	1	209 218
5414	2	1	209 227
5415	2	1	209 232
5416	2	1	210 228
5417	2	1	210 241
5418	2	1	210 248
5419	2	1	211 224
5420	2	1	211 229
5421	2	1	211 235
5422	2	1	211 237
5423	2	1	211 238
5424	2	1	211 239
5425	2	1	212 229
5426	2	1	212 237
5427	2	1	212 243
5428	2	1	212 245
5429	2	1	213 221
5430	2	1	214 225
5431	2	1	214 229
5432	2	1	214 242
5433	2	1	214 249
5434	2	1	215 235
5435	2	1	215 250
5436	2	1	216 237
5437	2	1	216 238
5438	2	1	216 243
5439	2	1	218 230
5440	2	1	218 238
5441	2	1	218 245
5442	2	1	219 236
5443	2	1	219 239
5444	2	1	219 242
5445	2	1	219 248
5446	2	1	219 249
5447	2	1	220 225
5448	2	1	220 241
5449	2	1	220 244
5450	2	1	220 250
5451	2	1	221 230
5452	2	1	221 232
5453	2	1	221 234
5454	2	1	221 237
5455	2	1	221 244
5456	2	1	222 228
5457	2	1	222 230
5458	2	1	222 231
5459	2	1	222 238
5460	2	1	222 241
5461	2	1	222 243
5462	2	1	224 233
5463	2	1	224 234
5464	2	1	225 237
5465	2	1	225 244
5466	2	1	226 231
5467	2	1	226 237
5468	2	1	227 245
5469	2	1	227 249
5470	2	1	228 236
5471	2	1	228 240
5472	2	1	229 232
5473	2	1	229 238
5474	2	1	229 242
5475	2	1	230 235
5476	2	1	230 239
5477	2	1	230 249
5478	2	1	231 242
5479	2	1	231 244
5480	2	1	231 245
5481	2	1	232 237
5482	2	1	232 238
5483	2	1	232 239
5484	2	1	232 243
5485	2	1	232 250
5486	2	1	233 244
5487	2	1	234 249
5488	2	1	234 250
5489	2	1	235 238
5490	2	1	235 241
5491	2	1	236 239
5492	2	1	237 240
5493	2	1	237 246
5494	2	1	238 248
5495	2	1	239 240
5496	2	1	239 249
5497	2	1	241 244
5498	2	1	242 248
5499	2	1	243 250
