column_id	size	score	vertices
0	4	251001	1 33 141 186
1	4	251001	1 51 346 494
2	4	251001	1 62 72 92
3	4	251001	1 62 92 323
4	4	251001	1 68 186 237
5	4	251001	1 68 237 244
6	4	251001	1 148 237 387
7	4	251001	1 181 237 405
8	4	251001	1 186 236 237
9	4	251001	1 236 237 387
10	4	251001	1 237 244 387
11	4	251001	1 237 394 417
12	4	251001	1 244 313 431
13	4	251001	1 244 323 337
14	4	251001	1 244 377 387
15	4	251001	1 258 394 431
16	4	251001	1 346 377 387
17	4	251001	2 7 33 294
18	4	251001	2 7 68 94
19	4	251001	2 7 94 294
20	4	251001	2 7 294 463
21	4	251001	2 33 192 294
22	4	251001	2 33 192 473
23	4	251001	2 33 304 473
24	4	251001	2 53 330 332
25	4	251001	2 114 166 397
26	4	251001	2 114 192 302
27	4	251001	2 119 187 362
28	4	251001	2 119 187 400
29	4	251001	2 122 156 167
30	4	251001	2 122 192 294
31	4	251001	2 122 369 426
32	4	251001	2 156 167 284
33	4	251001	2 156 181 473
34	4	251001	2 156 291 404
35	4	251001	2 181 192 473
36	4	251001	2 181 237 467
37	4	251001	2 181 304 473
38	4	251001	2 187 362 374
39	4	251001	2 192 302 428
40	4	251001	2 284 369 374
41	4	251001	2 291 362 446
42	4	251001	2 302 428 463
43	4	251001	2 428 446 463
44	4	251001	3 10 275 279
45	4	251001	3 10 353 453
46	4	251001	3 10 385 453
47	4	251001	3 29 37 385
48	4	251001	3 37 44 497
49	4	251001	3 37 166 385
50	4	251001	3 37 245 497
51	4	251001	3 37 385 453
52	4	251001	3 44 89 462
53	4	251001	3 69 166 349
54	4	251001	3 130 245 497
55	4	251001	3 169 342 435
56	4	251001	3 225 275 345
57	4	251001	3 279 397 472
58	4	251001	4 92 101 149
59	4	251001	4 92 149 367
60	4	251001	4 94 183 385
61	4	251001	4 100 346 387
62	4	251001	4 101 124 320
63	4	251001	4 101 183 320
64	4	251001	4 101 183 404
65	4	251001	4 149 350 491
66	4	251001	4 183 276 320
67	4	251001	4 183 320 385
68	4	251001	4 183 346 387
69	4	251001	4 183 387 404
70	4	251001	4 234 320 466
71	4	251001	4 242 297 466
72	4	251001	4 276 297 300
73	4	251001	4 276 367 453
74	4	251001	4 320 333 466
75	4	251001	5 30 170 410
76	4	251001	5 33 172 432
77	4	251001	5 33 286 410
78	4	251001	5 33 286 432
79	4	251001	5 35 77 112
80	4	251001	5 35 183 440
81	4	251001	5 53 172 440
82	4	251001	5 53 183 440
83	4	251001	5 53 236 440
84	4	251001	5 103 245 288
85	4	251001	5 112 341 373
86	4	251001	5 112 364 373
87	4	251001	5 150 251 286
88	4	251001	5 150 364 373
89	4	251001	5 150 373 395
90	4	251001	5 160 236 440
91	4	251001	5 170 286 410
92	4	251001	5 172 341 373
93	4	251001	5 189 251 341
94	4	251001	5 204 222 286
95	4	251001	6 16 157 394
96	4	251001	6 98 281 380
97	4	251001	6 104 192 302
98	4	251001	6 104 192 389
99	4	251001	6 157 161 314
100	4	251001	6 157 310 314
101	4	251001	6 190 281 380
102	4	251001	6 190 380 398
103	4	251001	6 192 314 389
104	4	251001	7 50 108 287
105	4	251001	7 57 149 240
106	4	251001	7 57 216 439
107	4	251001	7 57 216 488
108	4	251001	7 57 240 329
109	4	251001	7 68 94 120
110	4	251001	7 83 116 486
111	4	251001	7 88 163 298
112	4	251001	7 92 149 367
113	4	251001	7 94 171 385
114	4	251001	7 94 243 385
115	4	251001	7 94 294 298
116	4	251001	7 106 163 298
117	4	251001	7 171 385 440
118	4	251001	7 171 440 447
119	4	251001	7 197 321 367
120	4	251001	7 212 216 486
121	4	251001	7 212 463 486
122	4	251001	7 232 329 485
123	4	251001	7 329 447 485
124	4	251001	7 367 439 453
125	4	251001	8 65 97 372
126	4	251001	9 22 158 212
127	4	251001	9 22 353 413
128	4	251001	9 45 81 90
129	4	251001	9 45 90 134
130	4	251001	9 142 353 429
131	4	251001	9 269 322 445
132	4	251001	10 22 400 479
133	4	251001	10 102 400 479
134	4	251001	10 128 209 321
135	4	251001	10 128 279 321
136	4	251001	10 162 169 400
137	4	251001	10 233 353 465
138	4	251001	11 12 158 212
139	4	251001	11 12 412 476
140	4	251001	11 38 163 174
141	4	251001	11 56 105 138
142	4	251001	11 56 138 187
143	4	251001	11 84 244 436
144	4	251001	11 84 244 447
145	4	251001	11 84 412 447
146	4	251001	11 104 361 472
147	4	251001	11 104 436 459
148	4	251001	11 161 253 337
149	4	251001	11 163 174 298
150	4	251001	11 212 342 371
151	4	251001	11 244 253 337
152	4	251001	11 244 253 439
153	4	251001	11 244 323 337
154	4	251001	11 244 323 455
155	4	251001	11 253 298 439
156	4	251001	11 271 371 411
157	4	251001	11 271 412 476
158	4	251001	11 342 371 451
159	4	251001	11 361 411 472
160	4	251001	11 361 412 447
161	4	251001	12 53 82 158
162	4	251001	12 53 158 319
163	4	251001	12 53 319 483
164	4	251001	12 57 59 236
165	4	251001	12 57 116 234
166	4	251001	12 57 149 240
167	4	251001	12 59 349 376
168	4	251001	12 158 212 325
169	4	251001	12 305 376 412
170	4	251001	13 75 221 267
171	4	251001	13 221 236 264
172	4	251001	13 221 264 299
173	4	251001	13 221 264 418
174	4	251001	13 221 267 299
175	4	251001	13 221 267 418
176	4	251001	13 267 289 299
177	4	251001	15 44 108 176
178	4	251001	15 47 296 462
179	4	251001	15 77 122 335
180	4	251001	15 77 122 439
181	4	251001	15 77 249 335
182	4	251001	15 77 328 335
183	4	251001	15 176 219 349
184	4	251001	15 176 253 325
185	4	251001	15 185 328 335
186	4	251001	15 185 335 343
187	4	251001	15 185 335 497
188	4	251001	15 185 351 497
189	4	251001	15 249 253 343
190	4	251001	15 249 253 351
191	4	251001	15 249 335 343
192	4	251001	16 33 389 464
193	4	251001	16 34 86 106
194	4	251001	16 34 268 469
195	4	251001	16 42 177 454
196	4	251001	16 42 316 495
197	4	251001	16 47 68 411
198	4	251001	16 47 124 239
199	4	251001	16 57 116 234
200	4	251001	16 57 234 464
201	4	251001	16 77 246 469
202	4	251001	16 177 188 337
203	4	251001	16 177 426 454
204	4	251001	16 268 464 469
205	4	251001	16 272 447 454
206	4	251001	16 272 464 469
207	4	251001	16 389 426 454
208	4	251001	17 18 248 497
209	4	251001	17 20 278 404
210	4	251001	17 36 171 304
211	4	251001	17 60 86 319
212	4	251001	17 130 216 497
213	4	251001	17 171 292 449
214	4	251001	17 175 219 449
215	4	251001	18 31 249 399
216	4	251001	18 112 249 464
217	4	251001	18 112 289 344
218	4	251001	18 206 349 376
219	4	251001	18 206 349 495
220	4	251001	18 249 281 454
221	4	251001	18 258 287 297
222	4	251001	18 287 297 495
223	4	251001	18 287 344 399
224	4	251001	19 29 287 312
225	4	251001	19 62 303 369
226	4	251001	19 62 303 484
227	4	251001	19 62 439 484
228	4	251001	19 79 159 437
229	4	251001	19 79 464 484
230	4	251001	19 98 357 432
231	4	251001	19 98 405 432
232	4	251001	19 98 406 416
233	4	251001	19 123 292 369
234	4	251001	19 124 204 497
235	4	251001	19 140 248 310
236	4	251001	19 145 159 369
237	4	251001	19 159 324 432
238	4	251001	19 159 369 437
239	4	251001	19 161 292 370
240	4	251001	19 248 272 324
241	4	251001	19 248 287 324
242	4	251001	19 248 310 437
243	4	251001	19 272 324 370
244	4	251001	19 370 406 416
245	4	251001	19 406 416 476
246	4	251001	20 25 291 423
247	4	251001	20 91 244 278
248	4	251001	20 91 278 333
249	4	251001	20 93 333 346
250	4	251001	20 99 157 423
251	4	251001	20 141 142 399
252	4	251001	20 155 291 372
253	4	251001	20 244 278 287
254	4	251001	20 244 287 399
255	4	251001	20 251 271 278
256	4	251001	20 291 372 423
257	4	251001	22 62 349 378
258	4	251001	22 62 378 479
259	4	251001	22 62 400 479
260	4	251001	22 105 422 423
261	4	251001	22 130 216 400
262	4	251001	22 216 353 413
263	4	251001	22 349 378 413
264	4	251001	23 38 297 302
265	4	251001	23 38 297 326
266	4	251001	23 63 76 155
267	4	251001	23 63 76 458
268	4	251001	23 63 155 162
269	4	251001	23 63 155 326
270	4	251001	23 76 351 458
271	4	251001	23 135 160 428
272	4	251001	23 160 377 444
273	4	251001	23 160 428 444
274	4	251001	23 162 310 410
275	4	251001	23 297 302 428
276	4	251001	23 310 410 459
277	4	251001	24 93 365 396
278	4	251001	24 180 418 430
279	4	251001	24 260 418 430
280	4	251001	24 304 393 458
281	4	251001	25 33 464 465
282	4	251001	25 47 61 462
283	4	251001	25 47 129 462
284	4	251001	25 47 296 462
285	4	251001	25 233 291 465
286	4	251001	25 233 409 437
287	4	251001	25 406 423 428
288	4	251001	25 406 428 446
289	4	251001	26 57 75 158
290	4	251001	26 57 75 355
291	4	251001	26 57 240 263
292	4	251001	26 75 139 355
293	4	251001	26 75 183 387
294	4	251001	26 139 251 355
295	4	251001	26 183 387 400
296	4	251001	26 219 240 486
297	4	251001	26 237 295 312
298	4	251001	26 245 253 469
299	4	251001	28 71 282 485
300	4	251001	28 257 292 311
301	4	251001	28 257 292 423
302	4	251001	28 257 311 327
303	4	251001	28 258 297 450
304	4	251001	28 258 327 450
305	4	251001	28 282 328 335
306	4	251001	28 297 300 326
307	4	251001	28 297 326 450
308	4	251001	28 297 326 466
309	4	251001	28 311 383 416
310	4	251001	28 326 466 475
311	4	251001	29 186 237 359
312	4	251001	29 237 312 359
313	4	251001	30 116 260 397
314	4	251001	30 124 174 225
315	4	251001	30 124 207 225
316	4	251001	30 149 322 357
317	4	251001	30 193 397 472
318	4	251001	30 287 397 472
319	4	251001	31 38 140 397
320	4	251001	31 38 397 424
321	4	251001	31 46 353 435
322	4	251001	31 98 353 426
323	4	251001	31 140 249 391
324	4	251001	31 140 249 426
325	4	251001	31 188 208 500
326	4	251001	31 208 209 376
327	4	251001	31 353 376 435
328	4	251001	31 376 423 435
329	4	251001	33 48 153 211
330	4	251001	33 59 101 261
331	4	251001	33 59 137 261
332	4	251001	33 59 137 484
333	4	251001	33 59 409 484
334	4	251001	33 69 172 246
335	4	251001	33 79 464 484
336	4	251001	33 101 261 465
337	4	251001	33 101 389 464
338	4	251001	33 101 464 465
339	4	251001	33 136 186 465
340	4	251001	33 141 186 465
341	4	251001	33 141 389 457
342	4	251001	33 208 261 473
343	4	251001	33 211 409 411
344	4	251001	33 315 389 464
345	4	251001	34 69 268 469
346	4	251001	34 107 134 386
347	4	251001	34 109 261 480
348	4	251001	34 109 268 332
349	4	251001	34 109 268 469
350	4	251001	34 159 260 489
351	4	251001	34 170 423 489
352	4	251001	34 208 409 437
353	4	251001	34 268 332 423
354	4	251001	34 332 409 423
355	4	251001	34 372 423 489
356	4	251001	34 372 480 489
357	4	251001	35 77 112 448
358	4	251001	36 52 126 489
359	4	251001	36 52 135 274
360	4	251001	36 52 237 295
361	4	251001	36 126 153 363
362	4	251001	36 126 153 489
363	4	251001	36 153 156 337
364	4	251001	36 240 329 495
365	4	251001	36 286 386 410
366	4	251001	37 44 248 497
367	4	251001	37 161 217 224
368	4	251001	37 263 449 500
369	4	251001	37 278 351 497
370	4	251001	37 281 449 500
371	4	251001	38 139 297 430
372	4	251001	38 253 397 424
373	4	251001	38 397 424 472
374	4	251001	40 41 89 201
375	4	251001	40 41 201 485
376	4	251001	40 89 274 291
377	4	251001	40 102 267 464
378	4	251001	40 233 291 391
379	4	251001	41 43 152 281
380	4	251001	41 66 201 485
381	4	251001	41 281 324 485
382	4	251001	41 281 324 486
383	4	251001	42 50 405 443
384	4	251001	42 105 437 495
385	4	251001	42 120 368 387
386	4	251001	42 160 444 486
387	4	251001	42 175 283 326
388	4	251001	42 190 268 431
389	4	251001	43 106 277 397
390	4	251001	43 138 238 351
391	4	251001	43 140 434 455
392	4	251001	43 277 366 434
393	4	251001	43 293 434 455
394	4	251001	43 412 476 496
395	4	251001	44 108 176 189
396	4	251001	44 302 328 329
397	4	251001	44 337 437 462
398	4	251001	45 49 51 367
399	4	251001	45 49 51 443
400	4	251001	45 49 228 443
401	4	251001	45 49 332 367
402	4	251001	45 51 90 162
403	4	251001	45 89 206 251
404	4	251001	45 90 162 232
405	4	251001	45 91 128 272
406	4	251001	45 91 383 468
407	4	251001	45 99 134 148
408	4	251001	45 99 148 367
409	4	251001	45 99 148 383
410	4	251001	45 232 266 409
411	4	251001	45 256 445 482
412	4	251001	45 266 332 409
413	4	251001	45 366 383 468
414	4	251001	46 66 405 485
415	4	251001	46 83 116 342
416	4	251001	46 83 116 486
417	4	251001	46 83 342 435
418	4	251001	46 89 162 281
419	4	251001	46 104 116 406
420	4	251001	46 104 242 459
421	4	251001	46 116 170 342
422	4	251001	46 162 281 485
423	4	251001	46 170 342 445
424	4	251001	47 56 76 129
425	4	251001	47 61 326 448
426	4	251001	47 64 412 448
427	4	251001	47 70 103 367
428	4	251001	47 76 129 355
429	4	251001	47 76 139 355
430	4	251001	47 103 109 318
431	4	251001	47 103 218 318
432	4	251001	47 139 209 462
433	4	251001	47 326 412 448
434	4	251001	48 79 116 430
435	4	251001	48 96 240 430
436	4	251001	48 148 240 430
437	4	251001	48 150 228 242
438	4	251001	48 150 242 479
439	4	251001	48 153 157 251
440	4	251001	48 153 211 251
441	4	251001	48 176 219 486
442	4	251001	48 219 240 486
443	4	251001	48 242 445 479
444	4	251001	49 51 346 443
445	4	251001	49 51 367 384
446	4	251001	49 57 321 395
447	4	251001	49 78 346 443
448	4	251001	49 258 429 488
449	4	251001	50 56 75 475
450	4	251001	50 70 75 139
451	4	251001	50 70 75 286
452	4	251001	50 75 108 139
453	4	251001	50 75 108 183
454	4	251001	50 75 108 287
455	4	251001	50 75 108 475
456	4	251001	50 138 287 489
457	4	251001	50 143 285 429
458	4	251001	50 261 285 411
459	4	251001	50 261 413 475
460	4	251001	50 279 321 405
461	4	251001	51 367 384 494
462	4	251001	52 126 129 285
463	4	251001	52 126 129 489
464	4	251001	52 130 237 242
465	4	251001	52 142 295 301
466	4	251001	52 217 237 295
467	4	251001	52 237 295 301
468	4	251001	52 368 452 477
469	4	251001	53 149 239 491
470	4	251001	53 158 218 430
471	4	251001	53 172 313 315
472	4	251001	53 183 422 423
473	4	251001	53 297 395 428
474	4	251001	53 297 395 483
475	4	251001	54 92 367 384
476	4	251001	54 126 282 341
477	4	251001	54 126 341 489
478	4	251001	54 189 251 341
479	4	251001	54 367 384 494
480	4	251001	54 384 452 494
481	4	251001	56 63 98 169
482	4	251001	56 76 129 481
483	4	251001	56 76 217 481
484	4	251001	56 88 201 363
485	4	251001	56 98 169 295
486	4	251001	56 129 169 295
487	4	251001	56 129 169 481
488	4	251001	56 138 187 340
489	4	251001	56 138 187 441
490	4	251001	56 169 180 481
491	4	251001	56 169 344 481
492	4	251001	56 217 344 481
493	4	251001	56 301 344 481
494	4	251001	57 132 282 445
495	4	251001	57 162 310 481
496	4	251001	57 216 371 432
497	4	251001	57 236 445 471
498	4	251001	57 240 282 310
499	4	251001	57 321 395 412
500	4	251001	57 395 412 479
501	4	251001	59 74 83 221
502	4	251001	59 83 136 365
503	4	251001	59 83 337 365
504	4	251001	59 83 349 376
505	4	251001	59 99 297 496
506	4	251001	59 101 106 308
507	4	251001	59 101 145 238
508	4	251001	59 101 238 243
509	4	251001	59 101 243 261
510	4	251001	59 101 261 480
511	4	251001	59 109 243 261
512	4	251001	59 109 261 480
513	4	251001	59 137 261 313
514	4	251001	59 145 238 496
515	4	251001	59 337 365 403
516	4	251001	60 64 172 313
517	4	251001	60 66 95 319
518	4	251001	60 66 95 333
519	4	251001	60 66 95 446
520	4	251001	60 66 187 333
521	4	251001	60 66 221 319
522	4	251001	60 76 129 369
523	4	251001	60 86 106 319
524	4	251001	60 86 313 488
525	4	251001	60 104 302 313
526	4	251001	60 141 185 187
527	4	251001	60 185 328 369
528	4	251001	60 328 369 418
529	4	251001	61 128 298 344
530	4	251001	61 260 374 422
531	4	251001	62 72 92 149
532	4	251001	62 72 92 354
533	4	251001	62 72 149 479
534	4	251001	62 72 354 362
535	4	251001	62 102 400 479
536	4	251001	62 163 378 479
537	4	251001	62 166 340 484
538	4	251001	62 202 318 362
539	4	251001	62 318 340 484
540	4	251001	63 76 365 458
541	4	251001	63 100 148 458
542	4	251001	63 296 308 467
543	4	251001	64 135 412 433
544	4	251001	64 181 304 473
545	4	251001	64 182 370 482
546	4	251001	64 202 296 327
547	4	251001	64 202 296 439
548	4	251001	64 202 333 448
549	4	251001	64 212 303 484
550	4	251001	65 88 267 372
551	4	251001	65 97 372 489
552	4	251001	65 97 455 467
553	4	251001	65 192 227 305
554	4	251001	65 211 324 380
555	4	251001	65 263 324 457
556	4	251001	65 324 380 457
557	4	251001	66 91 221 406
558	4	251001	66 91 325 333
559	4	251001	66 152 405 443
560	4	251001	66 180 221 236
561	4	251001	66 180 221 485
562	4	251001	66 187 232 429
563	4	251001	66 201 405 485
564	4	251001	66 209 221 319
565	4	251001	66 243 296 454
566	4	251001	67 82 302 323
567	4	251001	68 173 176 203
568	4	251001	68 174 188 237
569	4	251001	69 94 268 298
570	4	251001	69 94 268 426
571	4	251001	69 166 268 469
572	4	251001	69 166 349 495
573	4	251001	69 172 246 469
574	4	251001	70 77 246 455
575	4	251001	70 82 94 159
576	4	251001	70 139 159 470
577	4	251001	70 139 465 470
578	4	251001	70 159 189 460
579	4	251001	70 221 386 406
580	4	251001	71 182 396 496
581	4	251001	71 224 282 341
582	4	251001	72 92 149 367
583	4	251001	72 92 210 367
584	4	251001	73 77 122 167
585	4	251001	73 77 167 477
586	4	251001	73 122 167 299
587	4	251001	73 122 347 446
588	4	251001	73 122 446 471
589	4	251001	73 163 261 393
590	4	251001	73 165 167 299
591	4	251001	73 167 295 312
592	4	251001	73 167 299 312
593	4	251001	73 167 299 477
594	4	251001	73 299 343 477
595	4	251001	73 406 446 471
596	4	251001	73 406 471 476
597	4	251001	73 471 476 477
598	4	251001	74 292 445 477
599	4	251001	75 86 192 294
600	4	251001	75 108 183 372
601	4	251001	75 122 192 294
602	4	251001	75 192 221 305
603	4	251001	76 83 219 365
604	4	251001	76 157 230 325
605	4	251001	76 170 286 355
606	4	251001	76 170 334 366
607	4	251001	76 170 362 365
608	4	251001	76 219 286 338
609	4	251001	76 230 338 368
610	4	251001	76 334 366 368
611	4	251001	76 338 366 368
612	4	251001	77 99 157 496
613	4	251001	77 110 357 396
614	4	251001	77 112 328 448
615	4	251001	77 157 310 314
616	4	251001	77 157 480 496
617	4	251001	77 174 250 335
618	4	251001	77 202 256 294
619	4	251001	77 202 256 439
620	4	251001	77 202 310 494
621	4	251001	77 202 328 448
622	4	251001	78 95 188 398
623	4	251001	78 137 256 313
624	4	251001	78 162 387 432
625	4	251001	78 163 446 455
626	4	251001	78 170 366 436
627	4	251001	78 322 351 450
628	4	251001	78 322 393 450
629	4	251001	78 330 332 351
630	4	251001	78 330 351 450
631	4	251001	79 116 208 394
632	4	251001	79 116 394 430
633	4	251001	79 208 394 417
634	4	251001	79 230 464 484
635	4	251001	79 285 422 437
636	4	251001	80 183 320 385
637	4	251001	80 183 383 385
638	4	251001	81 130 427 497
639	4	251001	81 249 281 324
640	4	251001	81 253 337 397
641	4	251001	81 281 324 462
642	4	251001	82 190 277 465
643	4	251001	83 91 185 221
644	4	251001	83 116 122 342
645	4	251001	83 122 156 355
646	4	251001	83 190 219 486
647	4	251001	83 219 225 483
648	4	251001	83 219 349 376
649	4	251001	84 86 115 412
650	4	251001	84 86 412 447
651	4	251001	84 102 399 432
652	4	251001	84 115 244 399
653	4	251001	84 115 399 412
654	4	251001	84 171 412 447
655	4	251001	84 201 227 244
656	4	251001	84 201 227 485
657	4	251001	84 227 244 447
658	4	251001	84 227 447 485
659	4	251001	84 229 318 436
660	4	251001	84 244 345 436
661	4	251001	84 244 399 432
662	4	251001	84 265 395 412
663	4	251001	84 265 436 491
664	4	251001	86 88 321 412
665	4	251001	86 106 275 300
666	4	251001	86 106 319 397
667	4	251001	86 115 216 488
668	4	251001	86 115 412 433
669	4	251001	86 135 412 433
670	4	251001	86 202 294 321
671	4	251001	86 279 321 397
672	4	251001	87 161 372 480
673	4	251001	89 119 240 471
674	4	251001	89 234 291 465
675	4	251001	89 258 297 308
676	4	251001	89 258 297 489
677	4	251001	90 119 224 229
678	4	251001	90 245 340 359
679	4	251001	91 141 185 395
680	4	251001	91 141 370 395
681	4	251001	91 141 395 479
682	4	251001	91 185 244 468
683	4	251001	91 221 312 406
684	4	251001	91 245 272 333
685	4	251001	91 245 312 376
686	4	251001	91 257 470 480
687	4	251001	92 101 149 389
688	4	251001	93 132 296 302
689	4	251001	93 171 199 447
690	4	251001	93 177 296 308
691	4	251001	93 199 202 447
692	4	251001	93 202 333 448
693	4	251001	93 202 441 447
694	4	251001	93 202 447 448
695	4	251001	93 396 447 448
696	4	251001	94 268 295 298
697	4	251001	94 342 344 399
698	4	251001	95 98 241 427
699	4	251001	95 105 266 371
700	4	251001	95 127 241 427
701	4	251001	95 127 399 430
702	4	251001	95 127 427 430
703	4	251001	95 188 237 467
704	4	251001	95 188 266 371
705	4	251001	95 203 213 264
706	4	251001	95 213 237 322
707	4	251001	95 237 300 322
708	4	251001	95 246 427 446
709	4	251001	95 324 350 430
710	4	251001	96 115 403 430
711	4	251001	96 126 155 201
712	4	251001	96 173 403 487
713	4	251001	96 201 275 485
714	4	251001	96 217 240 344
715	4	251001	96 285 357 391
716	4	251001	96 291 391 417
717	4	251001	97 104 287 489
718	4	251001	97 116 372 486
719	4	251001	97 138 234 287
720	4	251001	97 138 287 489
721	4	251001	97 160 455 467
722	4	251001	97 308 372 486
723	4	251001	97 351 357 362
724	4	251001	97 351 357 429
725	4	251001	98 219 364 380
726	4	251001	98 233 353 426
727	4	251001	98 295 357 432
728	4	251001	99 134 264 457
729	4	251001	99 157 297 496
730	4	251001	99 394 417 432
731	4	251001	100 332 460 494
732	4	251001	100 346 454 460
733	4	251001	100 346 460 494
734	4	251001	101 102 183 464
735	4	251001	101 124 239 434
736	4	251001	101 145 149 185
737	4	251001	101 149 185 244
738	4	251001	101 150 243 330
739	4	251001	101 150 330 480
740	4	251001	101 238 243 330
741	4	251001	101 243 250 291
742	4	251001	101 243 303 330
743	4	251001	102 183 260 399
744	4	251001	102 183 399 432
745	4	251001	103 234 256 350
746	4	251001	104 233 242 459
747	4	251001	104 233 242 472
748	4	251001	104 242 279 472
749	4	251001	104 395 475 479
750	4	251001	105 134 307 439
751	4	251001	105 162 197 311
752	4	251001	105 276 439 453
753	4	251001	105 285 422 437
754	4	251001	105 285 437 461
755	4	251001	105 288 380 384
756	4	251001	105 288 380 476
757	4	251001	105 303 325 495
758	4	251001	106 156 169 472
759	4	251001	106 209 229 237
760	4	251001	106 229 237 310
761	4	251001	106 275 310 468
762	4	251001	107 303 330 399
763	4	251001	107 303 353 369
764	4	251001	107 303 369 384
765	4	251001	107 303 384 430
766	4	251001	107 303 399 430
767	4	251001	107 303 427 430
768	4	251001	107 427 430 453
769	4	251001	108 150 395 475
770	4	251001	108 183 372 423
771	4	251001	108 366 451 481
772	4	251001	108 372 423 435
773	4	251001	109 152 174 199
774	4	251001	109 152 174 443
775	4	251001	109 152 219 453
776	4	251001	109 152 320 410
777	4	251001	109 180 233 296
778	4	251001	109 183 320 410
779	4	251001	109 207 233 410
780	4	251001	109 243 268 460
781	4	251001	109 243 296 460
782	4	251001	109 261 413 480
783	4	251001	109 268 332 460
784	4	251001	109 318 330 480
785	4	251001	109 330 332 399
786	4	251001	110 124 207 329
787	4	251001	110 129 462 488
788	4	251001	110 150 190 479
789	4	251001	110 150 296 396
790	4	251001	110 150 296 462
791	4	251001	110 190 403 465
792	4	251001	110 190 403 479
793	4	251001	110 224 315 452
794	4	251001	110 329 357 479
795	4	251001	110 384 396 452
796	4	251001	112 133 328 448
797	4	251001	112 145 160 175
798	4	251001	112 145 267 468
799	4	251001	112 174 296 350
800	4	251001	112 227 344 364
801	4	251001	112 341 373 462
802	4	251001	112 364 373 462
803	4	251001	114 119 268 289
804	4	251001	114 119 276 439
805	4	251001	114 152 174 199
806	4	251001	114 174 199 364
807	4	251001	114 192 263 268
808	4	251001	115 152 439 453
809	4	251001	115 216 217 413
810	4	251001	115 217 278 304
811	4	251001	115 244 399 403
812	4	251001	115 399 403 430
813	4	251001	115 427 430 453
814	4	251001	116 186 406 428
815	4	251001	116 406 428 446
816	4	251001	119 124 250 400
817	4	251001	119 124 400 471
818	4	251001	119 187 250 400
819	4	251001	119 224 229 399
820	4	251001	119 240 398 471
821	4	251001	119 268 464 469
822	4	251001	119 276 439 444
823	4	251001	120 142 232 409
824	4	251001	120 368 387 435
825	4	251001	121 136 361 417
826	4	251001	121 142 295 301
827	4	251001	121 222 225 246
828	4	251001	121 222 301 472
829	4	251001	121 225 441 473
830	4	251001	121 361 417 472
831	4	251001	123 346 454 460
832	4	251001	124 130 400 461
833	4	251001	124 320 400 471
834	4	251001	126 153 346 363
835	4	251001	126 172 248 341
836	4	251001	126 172 315 341
837	4	251001	126 224 249 282
838	4	251001	126 224 282 341
839	4	251001	126 224 315 341
840	4	251001	126 240 282 341
841	4	251001	126 249 282 363
842	4	251001	126 341 372 489
843	4	251001	127 172 329 447
844	4	251001	127 396 444 448
845	4	251001	127 396 447 448
846	4	251001	128 221 342 494
847	4	251001	128 279 321 397
848	4	251001	128 287 298 344
849	4	251001	129 211 324 355
850	4	251001	129 324 462 488
851	4	251001	130 139 242 297
852	4	251001	130 216 245 497
853	4	251001	130 216 318 400
854	4	251001	130 242 262 267
855	4	251001	130 315 318 400
856	4	251001	132 174 250 335
857	4	251001	132 203 262 373
858	4	251001	132 282 335 445
859	4	251001	134 153 420 439
860	4	251001	134 264 420 468
861	4	251001	135 140 310 426
862	4	251001	136 293 374 455
863	4	251001	137 200 313 454
864	4	251001	137 309 330 451
865	4	251001	138 187 287 441
866	4	251001	138 229 237 276
867	4	251001	138 234 350 430
868	4	251001	138 343 470 477
869	4	251001	139 208 209 436
870	4	251001	139 370 465 470
871	4	251001	140 143 285 391
872	4	251001	140 248 310 426
873	4	251001	140 278 434 455
874	4	251001	141 142 149 389
875	4	251001	141 149 190 479
876	4	251001	141 149 350 458
877	4	251001	141 186 190 465
878	4	251001	141 293 409 434
879	4	251001	142 143 149 429
880	4	251001	142 149 240 389
881	4	251001	142 295 301 459
882	4	251001	142 338 436 496
883	4	251001	143 293 409 454
884	4	251001	145 160 477 483
885	4	251001	145 250 353 369
886	4	251001	145 250 366 369
887	4	251001	145 338 393 500
888	4	251001	148 166 250 267
889	4	251001	148 190 245 473
890	4	251001	148 233 237 440
891	4	251001	148 250 267 363
892	4	251001	150 243 364 373
893	4	251001	150 286 296 396
894	4	251001	150 337 374 462
895	4	251001	150 364 373 462
896	4	251001	150 395 475 479
897	4	251001	152 172 176 344
898	4	251001	152 176 219 344
899	4	251001	153 157 447 485
900	4	251001	153 163 225 311
901	4	251001	153 211 251 356
902	4	251001	153 271 347 363
903	4	251001	155 164 186 301
904	4	251001	155 164 186 326
905	4	251001	155 186 216 301
906	4	251001	155 186 301 313
907	4	251001	155 192 269 473
908	4	251001	155 192 291 465
909	4	251001	155 289 301 372
910	4	251001	155 291 353 465
911	4	251001	158 193 411 433
912	4	251001	158 218 378 411
913	4	251001	158 276 300 454
914	4	251001	158 300 322 411
915	4	251001	158 322 411 433
916	4	251001	159 199 437 461
917	4	251001	159 260 281 500
918	4	251001	160 236 440 467
919	4	251001	160 236 440 477
920	4	251001	160 236 445 477
921	4	251001	160 329 398 470
922	4	251001	160 377 440 444
923	4	251001	160 440 455 467
924	4	251001	160 440 470 477
925	4	251001	160 445 470 477
926	4	251001	161 217 224 345
927	4	251001	161 253 337 397
928	4	251001	162 169 472 481
929	4	251001	162 197 292 311
930	4	251001	162 201 250 400
931	4	251001	162 201 400 417
932	4	251001	162 310 472 481
933	4	251001	163 261 285 422
934	4	251001	163 264 285 422
935	4	251001	163 301 325 403
936	4	251001	163 301 403 479
937	4	251001	163 446 455 463
938	4	251001	165 167 282 299
939	4	251001	165 221 319 322
940	4	251001	165 275 282 310
941	4	251001	165 275 282 322
942	4	251001	166 208 268 394
943	4	251001	166 219 364 373
944	4	251001	167 284 295 312
945	4	251001	167 284 312 487
946	4	251001	169 342 344 445
947	4	251001	169 342 344 481
948	4	251001	170 172 248 436
949	4	251001	170 197 293 365
950	4	251001	170 199 286 293
951	4	251001	170 286 293 410
952	4	251001	171 199 307 377
953	4	251001	171 199 437 461
954	4	251001	171 285 437 461
955	4	251001	171 292 307 377
956	4	251001	171 412 440 447
957	4	251001	172 234 248 341
958	4	251001	172 234 315 341
959	4	251001	174 181 237 467
960	4	251001	174 188 237 467
961	4	251001	176 219 344 361
962	4	251001	180 279 418 457
963	4	251001	180 349 413 487
964	4	251001	180 380 389 457
965	4	251001	183 246 276 403
966	4	251001	183 400 461 488
967	4	251001	185 187 335 484
968	4	251001	185 187 340 484
969	4	251001	185 189 323 497
970	4	251001	185 244 287 377
971	4	251001	185 244 287 468
972	4	251001	185 328 369 448
973	4	251001	186 217 237 458
974	4	251001	186 217 304 458
975	4	251001	186 243 250 369
976	4	251001	188 189 467 500
977	4	251001	188 237 395 479
978	4	251001	188 266 371 462
979	4	251001	188 326 371 383
980	4	251001	189 216 251 413
981	4	251001	189 251 341 356
982	4	251001	189 272 333 356
983	4	251001	190 211 380 398
984	4	251001	192 197 264 356
985	4	251001	192 197 268 424
986	4	251001	192 197 389 454
987	4	251001	192 221 342 424
988	4	251001	192 264 291 356
989	4	251001	193 240 370 472
990	4	251001	193 240 472 495
991	4	251001	193 253 298 470
992	4	251001	193 370 465 470
993	4	251001	197 240 324 389
994	4	251001	197 293 324 365
995	4	251001	199 202 310 494
996	4	251001	199 202 447 494
997	4	251001	201 275 305 418
998	4	251001	201 395 475 479
999	4	251001	202 219 328 333
1000	4	251001	202 219 328 373
1001	4	251001	202 219 384 494
1002	4	251001	202 219 460 494
1003	4	251001	202 256 384 426
1004	4	251001	202 282 310 494
1005	4	251001	202 284 384 452
1006	4	251001	202 320 362 476
1007	4	251001	202 328 333 448
1008	4	251001	202 384 452 494
1009	4	251001	203 268 341 451
1010	4	251001	206 251 349 413
1011	4	251001	208 268 394 424
1012	4	251001	209 229 237 312
1013	4	251001	209 287 312 356
1014	4	251001	209 312 356 372
1015	4	251001	209 312 356 380
1016	4	251001	210 343 347 424
1017	4	251001	210 373 386 431
1018	4	251001	211 356 380 411
1019	4	251001	211 356 380 464
1020	4	251001	211 380 398 411
1021	4	251001	212 216 371 486
1022	4	251001	212 216 396 416
1023	4	251001	212 303 316 495
1024	4	251001	212 303 325 495
1025	4	251001	216 230 318 484
1026	4	251001	216 236 271 353
1027	4	251001	216 236 353 413
1028	4	251001	216 351 353 497
1029	4	251001	216 351 488 497
1030	4	251001	216 366 486 497
1031	4	251001	217 219 240 344
1032	4	251001	217 219 344 364
1033	4	251001	217 240 278 344
1034	4	251001	219 264 333 364
1035	4	251001	219 288 380 384
1036	4	251001	219 380 384 483
1037	4	251001	221 264 338 418
1038	4	251001	221 305 338 418
1039	4	251001	221 305 418 471
1040	4	251001	222 225 275 345
1041	4	251001	222 272 356 435
1042	4	251001	224 249 370 399
1043	4	251001	225 275 387 473
1044	4	251001	226 302 428 463
1045	4	251001	227 294 376 378
1046	4	251001	227 359 364 376
1047	4	251001	227 364 376 378
1048	4	251001	227 364 446 447
1049	4	251001	228 258 308 371
1050	4	251001	228 380 389 476
1051	4	251001	229 237 301 310
1052	4	251001	230 234 464 484
1053	4	251001	230 318 436 484
1054	4	251001	232 260 418 430
1055	4	251001	232 266 409 463
1056	4	251001	232 329 359 418
1057	4	251001	232 409 437 451
1058	4	251001	233 291 353 465
1059	4	251001	236 237 440 467
1060	4	251001	236 322 404 445
1061	4	251001	236 445 471 477
1062	4	251001	237 301 310 479
1063	4	251001	237 395 475 479
1064	4	251001	238 307 330 351
1065	4	251001	238 330 332 351
1066	4	251001	238 330 351 429
1067	4	251001	238 332 351 458
1068	4	251001	238 351 429 458
1069	4	251001	240 324 380 389
1070	4	251001	241 303 316 427
1071	4	251001	242 325 356 380
1072	4	251001	242 341 356 451
1073	4	251001	243 281 454 460
1074	4	251001	243 296 454 460
1075	4	251001	243 303 330 495
1076	4	251001	244 253 439 481
1077	4	251001	244 287 399 468
1078	4	251001	245 312 359 376
1079	4	251001	246 262 330 446
1080	4	251001	248 310 426 437
1081	4	251001	249 253 284 369
1082	4	251001	249 284 369 374
1083	4	251001	249 305 363 426
1084	4	251001	249 335 343 428
1085	4	251001	249 343 428 461
1086	4	251001	249 351 429 458
1087	4	251001	253 276 439 453
1088	4	251001	256 313 350 491
1089	4	251001	258 287 297 489
1090	4	251001	258 297 308 450
1091	4	251001	258 308 327 450
1092	4	251001	258 330 429 450
1093	4	251001	260 281 430 500
1094	4	251001	261 285 411 422
1095	4	251001	261 313 393 458
1096	4	251001	261 380 398 411
1097	4	251001	262 303 325 353
1098	4	251001	262 303 330 332
1099	4	251001	262 314 364 373
1100	4	251001	262 364 446 447
1101	4	251001	267 284 463 487
1102	4	251001	267 289 308 372
1103	4	251001	268 285 298 461
1104	4	251001	268 451 464 469
1105	4	251001	271 278 353 435
1106	4	251001	271 285 435 461
1107	4	251001	272 356 380 464
1108	4	251001	275 282 328 418
1109	4	251001	275 300 307 326
1110	4	251001	275 300 307 399
1111	4	251001	275 305 418 468
1112	4	251001	275 328 418 467
1113	4	251001	276 297 300 326
1114	4	251001	276 297 300 454
1115	4	251001	276 367 439 453
1116	4	251001	278 293 434 455
1117	4	251001	278 351 353 497
1118	4	251001	281 322 404 433
1119	4	251001	281 324 350 430
1120	4	251001	281 404 430 500
1121	4	251001	282 418 469 494
1122	4	251001	284 312 450 487
1123	4	251001	291 325 353 356
1124	4	251001	291 353 356 417
1125	4	251001	292 307 377 445
1126	4	251001	299 343 470 477
1127	4	251001	301 310 314 459
1128	4	251001	301 310 314 472
1129	4	251001	301 310 365 403
1130	4	251001	301 310 403 479
1131	4	251001	301 310 472 481
1132	4	251001	303 325 353 356
1133	4	251001	303 330 332 399
1134	4	251001	307 346 377 445
1135	4	251001	308 325 445 471
1136	4	251001	312 323 406 423
1137	4	251001	318 340 436 484
1138	4	251001	319 329 466 470
1139	4	251001	320 332 479 485
1140	4	251001	321 405 464 466
1141	4	251001	324 380 389 457
1142	4	251001	325 333 353 356
1143	4	251001	325 342 445 471
1144	4	251001	328 329 369 418
1145	4	251001	330 351 429 450
1146	4	251001	332 409 479 485
1147	4	251001	340 389 461 476
1148	4	251001	341 353 356 411
1149	4	251001	341 353 356 417
1150	4	251001	344 366 450 481
1151	4	251001	351 357 362 432
1152	4	251001	353 354 376 459
1153	4	251001	356 372 470 480
1154	4	251001	359 370 418 453
1155	4	251001	403 405 430 500
1156	3	501	1 33 141
1157	3	501	1 33 186
1158	3	501	1 44 108
1159	3	501	1 44 109
1160	3	501	1 44 121
1161	3	501	1 44 329
1162	3	501	1 44 337
1163	3	501	1 51 157
1164	3	501	1 51 346
1165	3	501	1 51 427
1166	3	501	1 51 494
1167	3	501	1 62 72
1168	3	501	1 62 92
1169	3	501	1 62 121
1170	3	501	1 62 297
1171	3	501	1 62 323
1172	3	501	1 62 429
1173	3	501	1 62 431
1174	3	501	1 68 186
1175	3	501	1 68 237
1176	3	501	1 68 244
1177	3	501	1 72 92
1178	3	501	1 72 222
1179	3	501	1 92 323
1180	3	501	1 92 346
1181	3	501	1 108 372
1182	3	501	1 121 222
1183	3	501	1 121 417
1184	3	501	1 121 427
1185	3	501	1 141 186
1186	3	501	1 141 405
1187	3	501	1 148 237
1188	3	501	1 148 387
1189	3	501	1 157 206
1190	3	501	1 157 226
1191	3	501	1 157 297
1192	3	501	1 157 394
1193	3	501	1 181 237
1194	3	501	1 181 249
1195	3	501	1 181 313
1196	3	501	1 181 323
1197	3	501	1 181 405
1198	3	501	1 181 427
1199	3	501	1 186 236
1200	3	501	1 186 237
1201	3	501	1 186 258
1202	3	501	1 186 313
1203	3	501	1 206 431
1204	3	501	1 222 244
1205	3	501	1 226 337
1206	3	501	1 236 237
1207	3	501	1 236 271
1208	3	501	1 236 387
1209	3	501	1 237 244
1210	3	501	1 237 387
1211	3	501	1 237 394
1212	3	501	1 237 405
1213	3	501	1 237 417
1214	3	501	1 244 313
1215	3	501	1 244 323
1216	3	501	1 244 337
1217	3	501	1 244 377
1218	3	501	1 244 387
1219	3	501	1 244 431
1220	3	501	1 244 494
1221	3	501	1 249 374
1222	3	501	1 249 429
1223	3	501	1 256 297
1224	3	501	1 256 313
1225	3	501	1 256 427
1226	3	501	1 258 297
1227	3	501	1 258 323
1228	3	501	1 258 394
1229	3	501	1 258 429
1230	3	501	1 258 431
1231	3	501	1 271 377
1232	3	501	1 271 431
1233	3	501	1 313 431
1234	3	501	1 323 337
1235	3	501	1 329 427
1236	3	501	1 337 374
1237	3	501	1 342 494
1238	3	501	1 346 377
1239	3	501	1 346 387
1240	3	501	1 346 494
1241	3	501	1 377 387
1242	3	501	1 394 417
1243	3	501	1 394 431
1244	3	501	2 7 33
1245	3	501	2 7 68
1246	3	501	2 7 94
1247	3	501	2 7 294
1248	3	501	2 7 463
1249	3	501	2 8 52
1250	3	501	2 8 166
1251	3	501	2 8 181
1252	3	501	2 8 376
1253	3	501	2 8 446
1254	3	501	2 33 192
1255	3	501	2 33 294
1256	3	501	2 33 304
1257	3	501	2 33 307
1258	3	501	2 33 473
1259	3	501	2 37 44
1260	3	501	2 37 166
1261	3	501	2 44 302
1262	3	501	2 44 307
1263	3	501	2 44 376
1264	3	501	2 52 63
1265	3	501	2 52 237
1266	3	501	2 52 362
1267	3	501	2 52 452
1268	3	501	2 53 324
1269	3	501	2 53 330
1270	3	501	2 53 332
1271	3	501	2 53 369
1272	3	501	2 53 428
1273	3	501	2 63 302
1274	3	501	2 63 467
1275	3	501	2 68 94
1276	3	501	2 68 156
1277	3	501	2 68 237
1278	3	501	2 68 304
1279	3	501	2 68 446
1280	3	501	2 94 190
1281	3	501	2 94 294
1282	3	501	2 94 324
1283	3	501	2 94 426
1284	3	501	2 114 119
1285	3	501	2 114 166
1286	3	501	2 114 192
1287	3	501	2 114 302
1288	3	501	2 114 397
1289	3	501	2 119 187
1290	3	501	2 119 207
1291	3	501	2 119 330
1292	3	501	2 119 362
1293	3	501	2 119 400
1294	3	501	2 122 156
1295	3	501	2 122 167
1296	3	501	2 122 192
1297	3	501	2 122 283
1298	3	501	2 122 294
1299	3	501	2 122 369
1300	3	501	2 122 426
1301	3	501	2 122 446
1302	3	501	2 156 167
1303	3	501	2 156 181
1304	3	501	2 156 284
1305	3	501	2 156 291
1306	3	501	2 156 404
1307	3	501	2 156 473
1308	3	501	2 166 291
1309	3	501	2 166 304
1310	3	501	2 166 397
1311	3	501	2 167 207
1312	3	501	2 167 284
1313	3	501	2 167 307
1314	3	501	2 167 332
1315	3	501	2 167 400
1316	3	501	2 167 428
1317	3	501	2 181 192
1318	3	501	2 181 237
1319	3	501	2 181 257
1320	3	501	2 181 304
1321	3	501	2 181 361
1322	3	501	2 181 467
1323	3	501	2 181 473
1324	3	501	2 187 222
1325	3	501	2 187 362
1326	3	501	2 187 374
1327	3	501	2 187 400
1328	3	501	2 190 397
1329	3	501	2 190 403
1330	3	501	2 190 463
1331	3	501	2 190 473
1332	3	501	2 192 291
1333	3	501	2 192 294
1334	3	501	2 192 302
1335	3	501	2 192 428
1336	3	501	2 192 473
1337	3	501	2 222 403
1338	3	501	2 222 452
1339	3	501	2 237 467
1340	3	501	2 283 330
1341	3	501	2 284 369
1342	3	501	2 284 374
1343	3	501	2 284 452
1344	3	501	2 284 463
1345	3	501	2 291 362
1346	3	501	2 291 404
1347	3	501	2 291 446
1348	3	501	2 294 376
1349	3	501	2 294 463
1350	3	501	2 302 404
1351	3	501	2 302 428
1352	3	501	2 302 463
1353	3	501	2 304 428
1354	3	501	2 304 473
1355	3	501	2 307 324
1356	3	501	2 307 330
1357	3	501	2 307 463
1358	3	501	2 324 376
1359	3	501	2 330 332
1360	3	501	2 330 446
1361	3	501	2 332 376
1362	3	501	2 332 452
1363	3	501	2 362 374
1364	3	501	2 362 446
1365	3	501	2 362 467
1366	3	501	2 369 374
1367	3	501	2 369 426
1368	3	501	2 374 376
1369	3	501	2 397 400
1370	3	501	2 400 426
1371	3	501	2 404 426
1372	3	501	2 426 467
1373	3	501	2 428 446
1374	3	501	2 428 463
1375	3	501	2 446 452
1376	3	501	2 446 463
1377	3	501	2 463 467
1378	3	501	3 10 65
1379	3	501	3 10 169
1380	3	501	3 10 275
1381	3	501	3 10 279
1382	3	501	3 10 353
1383	3	501	3 10 385
1384	3	501	3 10 396
1385	3	501	3 10 453
1386	3	501	3 29 37
1387	3	501	3 29 130
1388	3	501	3 29 143
1389	3	501	3 29 385
1390	3	501	3 37 44
1391	3	501	3 37 166
1392	3	501	3 37 245
1393	3	501	3 37 342
1394	3	501	3 37 385
1395	3	501	3 37 453
1396	3	501	3 37 497
1397	3	501	3 44 89
1398	3	501	3 44 328
1399	3	501	3 44 462
1400	3	501	3 44 497
1401	3	501	3 63 92
1402	3	501	3 63 148
1403	3	501	3 63 169
1404	3	501	3 63 497
1405	3	501	3 65 69
1406	3	501	3 65 133
1407	3	501	3 65 305
1408	3	501	3 69 130
1409	3	501	3 69 166
1410	3	501	3 69 185
1411	3	501	3 69 225
1412	3	501	3 69 279
1413	3	501	3 69 349
1414	3	501	3 89 206
1415	3	501	3 89 345
1416	3	501	3 89 435
1417	3	501	3 89 462
1418	3	501	3 92 379
1419	3	501	3 92 385
1420	3	501	3 92 472
1421	3	501	3 130 245
1422	3	501	3 130 379
1423	3	501	3 130 462
1424	3	501	3 130 497
1425	3	501	3 133 328
1426	3	501	3 143 148
1427	3	501	3 143 225
1428	3	501	3 143 349
1429	3	501	3 148 166
1430	3	501	3 148 245
1431	3	501	3 148 435
1432	3	501	3 150 169
1433	3	501	3 150 305
1434	3	501	3 150 396
1435	3	501	3 150 462
1436	3	501	3 166 169
1437	3	501	3 166 349
1438	3	501	3 166 385
1439	3	501	3 166 397
1440	3	501	3 169 342
1441	3	501	3 169 403
1442	3	501	3 169 435
1443	3	501	3 169 472
1444	3	501	3 185 328
1445	3	501	3 185 497
1446	3	501	3 206 349
1447	3	501	3 225 275
1448	3	501	3 225 294
1449	3	501	3 225 345
1450	3	501	3 226 403
1451	3	501	3 245 497
1452	3	501	3 275 279
1453	3	501	3 275 305
1454	3	501	3 275 328
1455	3	501	3 275 345
1456	3	501	3 279 342
1457	3	501	3 279 397
1458	3	501	3 279 472
1459	3	501	3 294 406
1460	3	501	3 294 472
1461	3	501	3 305 416
1462	3	501	3 328 416
1463	3	501	3 342 349
1464	3	501	3 342 435
1465	3	501	3 349 452
1466	3	501	3 353 435
1467	3	501	3 353 453
1468	3	501	3 353 497
1469	3	501	3 385 452
1470	3	501	3 385 453
1471	3	501	3 396 416
1472	3	501	3 396 452
1473	3	501	3 397 472
1474	3	501	3 406 416
1475	3	501	4 5 160
1476	3	501	4 5 183
1477	3	501	4 5 197
1478	3	501	4 5 466
1479	3	501	4 15 343
1480	3	501	4 48 140
1481	3	501	4 48 200
1482	3	501	4 48 242
1483	3	501	4 71 166
1484	3	501	4 71 300
1485	3	501	4 71 310
1486	3	501	4 71 320
1487	3	501	4 71 428
1488	3	501	4 73 343
1489	3	501	4 73 466
1490	3	501	4 92 101
1491	3	501	4 92 149
1492	3	501	4 92 300
1493	3	501	4 92 346
1494	3	501	4 92 367
1495	3	501	4 92 385
1496	3	501	4 92 466
1497	3	501	4 94 183
1498	3	501	4 94 297
1499	3	501	4 94 350
1500	3	501	4 94 385
1501	3	501	4 100 346
1502	3	501	4 100 387
1503	3	501	4 101 124
1504	3	501	4 101 149
1505	3	501	4 101 183
1506	3	501	4 101 320
1507	3	501	4 101 404
1508	3	501	4 123 297
1509	3	501	4 123 346
1510	3	501	4 123 376
1511	3	501	4 124 297
1512	3	501	4 124 320
1513	3	501	4 140 149
1514	3	501	4 140 166
1515	3	501	4 140 285
1516	3	501	4 140 310
1517	3	501	4 149 322
1518	3	501	4 149 350
1519	3	501	4 149 367
1520	3	501	4 149 376
1521	3	501	4 149 387
1522	3	501	4 149 491
1523	3	501	4 160 428
1524	3	501	4 166 367
1525	3	501	4 166 385
1526	3	501	4 183 242
1527	3	501	4 183 276
1528	3	501	4 183 320
1529	3	501	4 183 346
1530	3	501	4 183 385
1531	3	501	4 183 387
1532	3	501	4 183 404
1533	3	501	4 197 367
1534	3	501	4 197 376
1535	3	501	4 200 322
1536	3	501	4 200 366
1537	3	501	4 200 376
1538	3	501	4 234 320
1539	3	501	4 234 350
1540	3	501	4 234 367
1541	3	501	4 234 387
1542	3	501	4 234 466
1543	3	501	4 242 297
1544	3	501	4 242 466
1545	3	501	4 276 283
1546	3	501	4 276 297
1547	3	501	4 276 300
1548	3	501	4 276 320
1549	3	501	4 276 367
1550	3	501	4 276 453
1551	3	501	4 283 350
1552	3	501	4 283 366
1553	3	501	4 285 297
1554	3	501	4 297 300
1555	3	501	4 297 428
1556	3	501	4 297 466
1557	3	501	4 300 322
1558	3	501	4 320 333
1559	3	501	4 320 385
1560	3	501	4 320 466
1561	3	501	4 320 491
1562	3	501	4 322 404
1563	3	501	4 333 346
1564	3	501	4 333 466
1565	3	501	4 343 428
1566	3	501	4 346 387
1567	3	501	4 350 491
1568	3	501	4 367 453
1569	3	501	4 385 453
1570	3	501	4 387 404
1571	3	501	4 404 409
1572	3	501	5 6 103
1573	3	501	5 6 222
1574	3	501	5 6 236
1575	3	501	5 6 368
1576	3	501	5 6 389
1577	3	501	5 6 416
1578	3	501	5 30 170
1579	3	501	5 30 287
1580	3	501	5 30 410
1581	3	501	5 33 172
1582	3	501	5 33 211
1583	3	501	5 33 261
1584	3	501	5 33 286
1585	3	501	5 33 389
1586	3	501	5 33 410
1587	3	501	5 33 432
1588	3	501	5 33 466
1589	3	501	5 34 170
1590	3	501	5 34 261
1591	3	501	5 34 440
1592	3	501	5 35 77
1593	3	501	5 35 103
1594	3	501	5 35 112
1595	3	501	5 35 183
1596	3	501	5 35 251
1597	3	501	5 35 440
1598	3	501	5 53 172
1599	3	501	5 53 173
1600	3	501	5 53 183
1601	3	501	5 53 236
1602	3	501	5 53 269
1603	3	501	5 53 330
1604	3	501	5 53 395
1605	3	501	5 53 440
1606	3	501	5 77 99
1607	3	501	5 77 112
1608	3	501	5 77 238
1609	3	501	5 78 90
1610	3	501	5 78 170
1611	3	501	5 78 330
1612	3	501	5 78 432
1613	3	501	5 90 222
1614	3	501	5 90 245
1615	3	501	5 90 261
1616	3	501	5 90 278
1617	3	501	5 90 391
1618	3	501	5 90 440
1619	3	501	5 99 103
1620	3	501	5 99 364
1621	3	501	5 99 432
1622	3	501	5 103 160
1623	3	501	5 103 172
1624	3	501	5 103 204
1625	3	501	5 103 245
1626	3	501	5 103 288
1627	3	501	5 103 395
1628	3	501	5 103 410
1629	3	501	5 112 160
1630	3	501	5 112 337
1631	3	501	5 112 341
1632	3	501	5 112 364
1633	3	501	5 112 373
1634	3	501	5 112 466
1635	3	501	5 142 150
1636	3	501	5 142 245
1637	3	501	5 142 389
1638	3	501	5 142 405
1639	3	501	5 150 251
1640	3	501	5 150 286
1641	3	501	5 150 330
1642	3	501	5 150 337
1643	3	501	5 150 364
1644	3	501	5 150 373
1645	3	501	5 150 395
1646	3	501	5 156 170
1647	3	501	5 156 337
1648	3	501	5 156 364
1649	3	501	5 160 222
1650	3	501	5 160 236
1651	3	501	5 160 391
1652	3	501	5 160 440
1653	3	501	5 170 172
1654	3	501	5 170 197
1655	3	501	5 170 286
1656	3	501	5 170 395
1657	3	501	5 170 410
1658	3	501	5 172 341
1659	3	501	5 172 373
1660	3	501	5 172 432
1661	3	501	5 172 440
1662	3	501	5 173 432
1663	3	501	5 183 410
1664	3	501	5 183 432
1665	3	501	5 183 440
1666	3	501	5 189 251
1667	3	501	5 189 341
1668	3	501	5 197 389
1669	3	501	5 204 222
1670	3	501	5 204 286
1671	3	501	5 204 337
1672	3	501	5 211 251
1673	3	501	5 211 275
1674	3	501	5 222 275
1675	3	501	5 222 286
1676	3	501	5 236 440
1677	3	501	5 238 330
1678	3	501	5 238 416
1679	3	501	5 238 440
1680	3	501	5 245 288
1681	3	501	5 251 278
1682	3	501	5 251 286
1683	3	501	5 251 341
1684	3	501	5 269 288
1685	3	501	5 269 410
1686	3	501	5 275 466
1687	3	501	5 278 287
1688	3	501	5 278 288
1689	3	501	5 286 410
1690	3	501	5 286 432
1691	3	501	5 287 337
1692	3	501	5 288 440
1693	3	501	5 341 373
1694	3	501	5 364 373
1695	3	501	5 368 391
1696	3	501	5 373 395
1697	3	501	5 373 405
1698	3	501	5 391 416
1699	3	501	5 405 410
1700	3	501	5 405 432
1701	3	501	5 405 466
1702	3	501	6 13 136
1703	3	501	6 13 236
1704	3	501	6 16 124
1705	3	501	6 16 157
1706	3	501	6 16 177
1707	3	501	6 16 389
1708	3	501	6 16 394
1709	3	501	6 26 253
1710	3	501	6 26 355
1711	3	501	6 26 500
1712	3	501	6 40 201
1713	3	501	6 40 376
1714	3	501	6 79 103
1715	3	501	6 79 110
1716	3	501	6 79 394
1717	3	501	6 87 161
1718	3	501	6 87 416
1719	3	501	6 98 104
1720	3	501	6 98 136
1721	3	501	6 98 157
1722	3	501	6 98 202
1723	3	501	6 98 281
1724	3	501	6 98 380
1725	3	501	6 98 416
1726	3	501	6 103 177
1727	3	501	6 103 367
1728	3	501	6 104 192
1729	3	501	6 104 302
1730	3	501	6 104 389
1731	3	501	6 110 124
1732	3	501	6 110 190
1733	3	501	6 110 222
1734	3	501	6 110 315
1735	3	501	6 110 335
1736	3	501	6 115 217
1737	3	501	6 115 319
1738	3	501	6 124 176
1739	3	501	6 136 362
1740	3	501	6 157 161
1741	3	501	6 157 310
1742	3	501	6 157 314
1743	3	501	6 157 394
1744	3	501	6 157 398
1745	3	501	6 161 217
1746	3	501	6 161 222
1747	3	501	6 161 253
1748	3	501	6 161 314
1749	3	501	6 176 253
1750	3	501	6 176 335
1751	3	501	6 176 394
1752	3	501	6 177 308
1753	3	501	6 177 362
1754	3	501	6 190 281
1755	3	501	6 190 380
1756	3	501	6 190 398
1757	3	501	6 190 416
1758	3	501	6 192 217
1759	3	501	6 192 302
1760	3	501	6 192 314
1761	3	501	6 192 389
1762	3	501	6 202 310
1763	3	501	6 202 362
1764	3	501	6 202 448
1765	3	501	6 202 500
1766	3	501	6 222 448
1767	3	501	6 236 355
1768	3	501	6 281 380
1769	3	501	6 281 500
1770	3	501	6 302 500
1771	3	501	6 308 314
1772	3	501	6 308 319
1773	3	501	6 308 416
1774	3	501	6 310 314
1775	3	501	6 310 315
1776	3	501	6 314 335
1777	3	501	6 314 389
1778	3	501	6 315 389
1779	3	501	6 315 398
1780	3	501	6 319 367
1781	3	501	6 319 394
1782	3	501	6 355 367
1783	3	501	6 355 389
1784	3	501	6 380 389
1785	3	501	6 380 398
1786	3	501	7 9 197
1787	3	501	7 9 212
1788	3	501	7 9 221
1789	3	501	7 9 298
1790	3	501	7 20 33
1791	3	501	7 20 57
1792	3	501	7 20 193
1793	3	501	7 20 287
1794	3	501	7 20 346
1795	3	501	7 33 246
1796	3	501	7 33 294
1797	3	501	7 33 457
1798	3	501	7 38 57
1799	3	501	7 38 163
1800	3	501	7 38 453
1801	3	501	7 38 457
1802	3	501	7 50 56
1803	3	501	7 50 108
1804	3	501	7 50 287
1805	3	501	7 50 321
1806	3	501	7 56 88
1807	3	501	7 57 116
1808	3	501	7 57 149
1809	3	501	7 57 216
1810	3	501	7 57 240
1811	3	501	7 57 321
1812	3	501	7 57 329
1813	3	501	7 57 439
1814	3	501	7 57 488
1815	3	501	7 68 94
1816	3	501	7 68 120
1817	3	501	7 68 163
1818	3	501	7 68 197
1819	3	501	7 68 212
1820	3	501	7 71 108
1821	3	501	7 71 298
1822	3	501	7 71 485
1823	3	501	7 83 116
1824	3	501	7 83 193
1825	3	501	7 83 221
1826	3	501	7 83 346
1827	3	501	7 83 457
1828	3	501	7 83 486
1829	3	501	7 88 163
1830	3	501	7 88 298
1831	3	501	7 88 321
1832	3	501	7 88 440
1833	3	501	7 92 149
1834	3	501	7 92 232
1835	3	501	7 92 346
1836	3	501	7 92 367
1837	3	501	7 92 385
1838	3	501	7 94 120
1839	3	501	7 94 171
1840	3	501	7 94 243
1841	3	501	7 94 294
1842	3	501	7 94 298
1843	3	501	7 94 385
1844	3	501	7 106 108
1845	3	501	7 106 163
1846	3	501	7 106 246
1847	3	501	7 106 298
1848	3	501	7 108 116
1849	3	501	7 108 149
1850	3	501	7 108 197
1851	3	501	7 108 287
1852	3	501	7 116 394
1853	3	501	7 116 486
1854	3	501	7 120 232
1855	3	501	7 149 240
1856	3	501	7 149 246
1857	3	501	7 149 367
1858	3	501	7 163 245
1859	3	501	7 163 298
1860	3	501	7 163 346
1861	3	501	7 163 378
1862	3	501	7 163 463
1863	3	501	7 163 485
1864	3	501	7 171 367
1865	3	501	7 171 385
1866	3	501	7 171 440
1867	3	501	7 171 447
1868	3	501	7 193 212
1869	3	501	7 193 240
1870	3	501	7 193 243
1871	3	501	7 193 298
1872	3	501	7 193 453
1873	3	501	7 197 240
1874	3	501	7 197 321
1875	3	501	7 197 367
1876	3	501	7 212 216
1877	3	501	7 212 346
1878	3	501	7 212 463
1879	3	501	7 212 486
1880	3	501	7 213 232
1881	3	501	7 213 240
1882	3	501	7 213 298
1883	3	501	7 216 245
1884	3	501	7 216 439
1885	3	501	7 216 486
1886	3	501	7 216 488
1887	3	501	7 221 485
1888	3	501	7 232 329
1889	3	501	7 232 440
1890	3	501	7 232 463
1891	3	501	7 232 485
1892	3	501	7 240 329
1893	3	501	7 240 440
1894	3	501	7 240 486
1895	3	501	7 243 385
1896	3	501	7 246 287
1897	3	501	7 246 485
1898	3	501	7 246 486
1899	3	501	7 287 298
1900	3	501	7 287 329
1901	3	501	7 294 298
1902	3	501	7 294 321
1903	3	501	7 294 378
1904	3	501	7 294 394
1905	3	501	7 294 463
1906	3	501	7 298 439
1907	3	501	7 298 488
1908	3	501	7 321 367
1909	3	501	7 329 447
1910	3	501	7 329 485
1911	3	501	7 335 447
1912	3	501	7 335 463
1913	3	501	7 367 439
1914	3	501	7 367 453
1915	3	501	7 378 439
1916	3	501	7 385 440
1917	3	501	7 385 453
1918	3	501	7 439 453
1919	3	501	7 440 447
1920	3	501	7 440 488
1921	3	501	7 447 485
1922	3	501	7 453 486
1923	3	501	7 463 486
1924	3	501	8 15 185
1925	3	501	8 15 439
1926	3	501	8 28 233
1927	3	501	8 28 282
1928	3	501	8 35 371
1929	3	501	8 35 440
1930	3	501	8 35 448
1931	3	501	8 35 454
1932	3	501	8 48 185
1933	3	501	8 50 143
1934	3	501	8 50 185
1935	3	501	8 52 97
1936	3	501	8 54 97
1937	3	501	8 54 193
1938	3	501	8 54 225
1939	3	501	8 54 282
1940	3	501	8 54 440
1941	3	501	8 61 128
1942	3	501	8 61 260
1943	3	501	8 61 372
1944	3	501	8 61 448
1945	3	501	8 65 97
1946	3	501	8 65 310
1947	3	501	8 65 372
1948	3	501	8 74 181
1949	3	501	8 74 233
1950	3	501	8 97 128
1951	3	501	8 97 234
1952	3	501	8 97 309
1953	3	501	8 97 372
1954	3	501	8 128 313
1955	3	501	8 143 181
1956	3	501	8 143 225
1957	3	501	8 143 440
1958	3	501	8 143 454
1959	3	501	8 155 313
1960	3	501	8 155 372
1961	3	501	8 155 440
1962	3	501	8 161 372
1963	3	501	8 166 394
1964	3	501	8 181 185
1965	3	501	8 181 313
1966	3	501	8 181 371
1967	3	501	8 185 310
1968	3	501	8 185 448
1969	3	501	8 193 309
1970	3	501	8 225 233
1971	3	501	8 225 246
1972	3	501	8 225 312
1973	3	501	8 229 309
1974	3	501	8 229 310
1975	3	501	8 229 312
1976	3	501	8 229 399
1977	3	501	8 233 440
1978	3	501	8 234 312
1979	3	501	8 234 439
1980	3	501	8 236 440
1981	3	501	8 246 371
1982	3	501	8 246 372
1983	3	501	8 246 446
1984	3	501	8 260 399
1985	3	501	8 282 310
1986	3	501	8 282 376
1987	3	501	8 312 372
1988	3	501	8 312 376
1989	3	501	8 313 454
1990	3	501	8 394 424
1991	3	501	8 399 448
1992	3	501	8 440 446
1993	3	501	9 22 158
1994	3	501	9 22 197
1995	3	501	9 22 212
1996	3	501	9 22 353
1997	3	501	9 22 413
1998	3	501	9 22 423
1999	3	501	9 45 81
2000	3	501	9 45 90
2001	3	501	9 45 134
2002	3	501	9 45 181
2003	3	501	9 45 445
2004	3	501	9 69 231
2005	3	501	9 69 269
2006	3	501	9 69 298
2007	3	501	9 81 90
2008	3	501	9 81 197
2009	3	501	9 81 231
2010	3	501	9 81 263
2011	3	501	9 81 322
2012	3	501	9 90 134
2013	3	501	9 134 284
2014	3	501	9 134 494
2015	3	501	9 139 297
2016	3	501	9 142 295
2017	3	501	9 142 353
2018	3	501	9 142 429
2019	3	501	9 158 212
2020	3	501	9 158 322
2021	3	501	9 158 494
2022	3	501	9 181 221
2023	3	501	9 197 305
2024	3	501	9 221 267
2025	3	501	9 221 305
2026	3	501	9 221 322
2027	3	501	9 221 494
2028	3	501	9 231 445
2029	3	501	9 263 269
2030	3	501	9 263 500
2031	3	501	9 267 284
2032	3	501	9 269 322
2033	3	501	9 269 445
2034	3	501	9 284 295
2035	3	501	9 284 305
2036	3	501	9 284 322
2037	3	501	9 284 344
2038	3	501	9 284 429
2039	3	501	9 295 298
2040	3	501	9 297 364
2041	3	501	9 298 344
2042	3	501	9 322 445
2043	3	501	9 344 364
2044	3	501	9 344 445
2045	3	501	9 353 413
2046	3	501	9 353 429
2047	3	501	9 353 500
2048	3	501	9 413 494
2049	3	501	10 22 73
2050	3	501	10 22 161
2051	3	501	10 22 353
2052	3	501	10 22 400
2053	3	501	10 22 479
2054	3	501	10 60 258
2055	3	501	10 60 453
2056	3	501	10 60 476
2057	3	501	10 65 400
2058	3	501	10 65 455
2059	3	501	10 73 75
2060	3	501	10 73 128
2061	3	501	10 73 295
2062	3	501	10 73 476
2063	3	501	10 87 161
2064	3	501	10 87 277
2065	3	501	10 87 385
2066	3	501	10 102 228
2067	3	501	10 102 400
2068	3	501	10 102 455
2069	3	501	10 102 479
2070	3	501	10 112 384
2071	3	501	10 128 209
2072	3	501	10 128 241
2073	3	501	10 128 258
2074	3	501	10 128 279
2075	3	501	10 128 321
2076	3	501	10 161 321
2077	3	501	10 162 169
2078	3	501	10 162 281
2079	3	501	10 162 400
2080	3	501	10 169 295
2081	3	501	10 169 400
2082	3	501	10 209 321
2083	3	501	10 228 258
2084	3	501	10 228 476
2085	3	501	10 233 353
2086	3	501	10 233 465
2087	3	501	10 234 248
2088	3	501	10 234 258
2089	3	501	10 234 411
2090	3	501	10 234 455
2091	3	501	10 234 465
2092	3	501	10 241 400
2093	3	501	10 268 295
2094	3	501	10 268 455
2095	3	501	10 275 279
2096	3	501	10 276 453
2097	3	501	10 277 284
2098	3	501	10 277 396
2099	3	501	10 277 465
2100	3	501	10 279 321
2101	3	501	10 281 396
2102	3	501	10 281 476
2103	3	501	10 284 295
2104	3	501	10 284 321
2105	3	501	10 284 384
2106	3	501	10 321 396
2107	3	501	10 353 411
2108	3	501	10 353 453
2109	3	501	10 353 465
2110	3	501	10 384 396
2111	3	501	10 385 453
2112	3	501	10 400 479
2113	3	501	11 12 158
2114	3	501	11 12 187
2115	3	501	11 12 212
2116	3	501	11 12 412
2117	3	501	11 12 476
2118	3	501	11 38 100
2119	3	501	11 38 163
2120	3	501	11 38 174
2121	3	501	11 38 253
2122	3	501	11 38 302
2123	3	501	11 38 431
2124	3	501	11 38 472
2125	3	501	11 56 105
2126	3	501	11 56 138
2127	3	501	11 56 174
2128	3	501	11 56 187
2129	3	501	11 56 244
2130	3	501	11 56 475
2131	3	501	11 62 163
2132	3	501	11 62 323
2133	3	501	11 62 371
2134	3	501	11 62 431
2135	3	501	11 62 439
2136	3	501	11 84 174
2137	3	501	11 84 244
2138	3	501	11 84 412
2139	3	501	11 84 436
2140	3	501	11 84 447
2141	3	501	11 84 472
2142	3	501	11 100 138
2143	3	501	11 104 302
2144	3	501	11 104 361
2145	3	501	11 104 436
2146	3	501	11 104 459
2147	3	501	11 104 464
2148	3	501	11 104 472
2149	3	501	11 104 475
2150	3	501	11 105 138
2151	3	501	11 105 161
2152	3	501	11 105 371
2153	3	501	11 105 439
2154	3	501	11 105 476
2155	3	501	11 138 187
2156	3	501	11 138 412
2157	3	501	11 158 161
2158	3	501	11 158 212
2159	3	501	11 158 411
2160	3	501	11 161 253
2161	3	501	11 161 329
2162	3	501	11 161 337
2163	3	501	11 161 431
2164	3	501	11 163 174
2165	3	501	11 163 298
2166	3	501	11 163 455
2167	3	501	11 174 296
2168	3	501	11 174 298
2169	3	501	11 187 253
2170	3	501	11 187 379
2171	3	501	11 187 455
2172	3	501	11 212 244
2173	3	501	11 212 342
2174	3	501	11 212 371
2175	3	501	11 212 416
2176	3	501	11 244 253
2177	3	501	11 244 323
2178	3	501	11 244 337
2179	3	501	11 244 431
2180	3	501	11 244 436
2181	3	501	11 244 439
2182	3	501	11 244 447
2183	3	501	11 244 455
2184	3	501	11 253 298
2185	3	501	11 253 337
2186	3	501	11 253 439
2187	3	501	11 271 371
2188	3	501	11 271 411
2189	3	501	11 271 412
2190	3	501	11 271 431
2191	3	501	11 271 476
2192	3	501	11 282 436
2193	3	501	11 296 302
2194	3	501	11 296 342
2195	3	501	11 296 411
2196	3	501	11 296 439
2197	3	501	11 296 462
2198	3	501	11 298 302
2199	3	501	11 298 439
2200	3	501	11 302 323
2201	3	501	11 302 329
2202	3	501	11 302 451
2203	3	501	11 323 337
2204	3	501	11 323 455
2205	3	501	11 329 379
2206	3	501	11 329 447
2207	3	501	11 337 462
2208	3	501	11 342 371
2209	3	501	11 342 451
2210	3	501	11 342 459
2211	3	501	11 361 411
2212	3	501	11 361 412
2213	3	501	11 361 447
2214	3	501	11 361 451
2215	3	501	11 361 472
2216	3	501	11 371 411
2217	3	501	11 371 451
2218	3	501	11 371 455
2219	3	501	11 371 462
2220	3	501	11 411 472
2221	3	501	11 412 447
2222	3	501	11 412 476
2223	3	501	11 416 475
2224	3	501	11 416 476
2225	3	501	11 431 462
2226	3	501	11 436 459
2227	3	501	11 451 464
2228	3	501	11 459 462
2229	3	501	11 462 476
2230	3	501	12 23 63
2231	3	501	12 23 377
2232	3	501	12 29 443
2233	3	501	12 29 483
2234	3	501	12 52 63
2235	3	501	12 52 285
2236	3	501	12 53 82
2237	3	501	12 53 149
2238	3	501	12 53 158
2239	3	501	12 53 236
2240	3	501	12 53 319
2241	3	501	12 53 443
2242	3	501	12 53 483
2243	3	501	12 57 59
2244	3	501	12 57 116
2245	3	501	12 57 149
2246	3	501	12 57 158
2247	3	501	12 57 234
2248	3	501	12 57 236
2249	3	501	12 57 240
2250	3	501	12 57 412
2251	3	501	12 59 187
2252	3	501	12 59 236
2253	3	501	12 59 349
2254	3	501	12 59 376
2255	3	501	12 63 240
2256	3	501	12 63 258
2257	3	501	12 63 412
2258	3	501	12 68 212
2259	3	501	12 68 476
2260	3	501	12 82 158
2261	3	501	12 82 187
2262	3	501	12 82 356
2263	3	501	12 82 376
2264	3	501	12 116 187
2265	3	501	12 116 234
2266	3	501	12 149 240
2267	3	501	12 149 376
2268	3	501	12 149 476
2269	3	501	12 150 305
2270	3	501	12 158 212
2271	3	501	12 158 319
2272	3	501	12 158 325
2273	3	501	12 158 343
2274	3	501	12 177 443
2275	3	501	12 180 236
2276	3	501	12 180 343
2277	3	501	12 180 349
2278	3	501	12 212 325
2279	3	501	12 212 376
2280	3	501	12 212 404
2281	3	501	12 234 258
2282	3	501	12 236 307
2283	3	501	12 236 404
2284	3	501	12 258 376
2285	3	501	12 305 376
2286	3	501	12 305 412
2287	3	501	12 307 377
2288	3	501	12 319 483
2289	3	501	12 325 356
2290	3	501	12 343 483
2291	3	501	12 349 376
2292	3	501	12 356 417
2293	3	501	12 376 412
2294	3	501	12 377 404
2295	3	501	12 404 412
2296	3	501	12 412 476
2297	3	501	13 46 299
2298	3	501	13 46 435
2299	3	501	13 47 226
2300	3	501	13 47 366
2301	3	501	13 63 169
2302	3	501	13 63 418
2303	3	501	13 71 169
2304	3	501	13 71 282
2305	3	501	13 71 300
2306	3	501	13 75 183
2307	3	501	13 75 221
2308	3	501	13 75 267
2309	3	501	13 75 475
2310	3	501	13 119 289
2311	3	501	13 126 282
2312	3	501	13 126 435
2313	3	501	13 126 475
2314	3	501	13 136 264
2315	3	501	13 136 417
2316	3	501	13 136 455
2317	3	501	13 169 435
2318	3	501	13 183 383
2319	3	501	13 183 422
2320	3	501	13 200 347
2321	3	501	13 200 366
2322	3	501	13 200 475
2323	3	501	13 204 267
2324	3	501	13 204 455
2325	3	501	13 221 226
2326	3	501	13 221 236
2327	3	501	13 221 264
2328	3	501	13 221 267
2329	3	501	13 221 299
2330	3	501	13 221 418
2331	3	501	13 236 237
2332	3	501	13 236 264
2333	3	501	13 236 266
2334	3	501	13 237 299
2335	3	501	13 237 300
2336	3	501	13 237 417
2337	3	501	13 237 475
2338	3	501	13 264 299
2339	3	501	13 264 418
2340	3	501	13 264 422
2341	3	501	13 267 289
2342	3	501	13 267 299
2343	3	501	13 267 347
2344	3	501	13 267 418
2345	3	501	13 282 299
2346	3	501	13 282 383
2347	3	501	13 282 418
2348	3	501	13 289 299
2349	3	501	13 289 383
2350	3	501	13 366 383
2351	3	501	13 418 453
2352	3	501	15 22 40
2353	3	501	15 22 158
2354	3	501	15 22 349
2355	3	501	15 44 86
2356	3	501	15 44 108
2357	3	501	15 44 176
2358	3	501	15 44 243
2359	3	501	15 44 328
2360	3	501	15 44 439
2361	3	501	15 44 462
2362	3	501	15 44 497
2363	3	501	15 45 328
2364	3	501	15 47 296
2365	3	501	15 47 462
2366	3	501	15 47 497
2367	3	501	15 69 185
2368	3	501	15 69 249
2369	3	501	15 69 349
2370	3	501	15 77 122
2371	3	501	15 77 249
2372	3	501	15 77 328
2373	3	501	15 77 335
2374	3	501	15 77 439
2375	3	501	15 77 455
2376	3	501	15 77 496
2377	3	501	15 86 447
2378	3	501	15 108 176
2379	3	501	15 122 335
2380	3	501	15 122 439
2381	3	501	15 158 219
2382	3	501	15 158 325
2383	3	501	15 158 343
2384	3	501	15 176 219
2385	3	501	15 176 253
2386	3	501	15 176 296
2387	3	501	15 176 325
2388	3	501	15 176 335
2389	3	501	15 176 349
2390	3	501	15 185 221
2391	3	501	15 185 243
2392	3	501	15 185 328
2393	3	501	15 185 335
2394	3	501	15 185 343
2395	3	501	15 185 351
2396	3	501	15 185 497
2397	3	501	15 219 328
2398	3	501	15 219 349
2399	3	501	15 219 483
2400	3	501	15 243 296
2401	3	501	15 249 253
2402	3	501	15 249 335
2403	3	501	15 249 343
2404	3	501	15 249 351
2405	3	501	15 253 325
2406	3	501	15 253 343
2407	3	501	15 253 351
2408	3	501	15 253 439
2409	3	501	15 296 439
2410	3	501	15 296 462
2411	3	501	15 325 463
2412	3	501	15 328 335
2413	3	501	15 335 343
2414	3	501	15 335 447
2415	3	501	15 335 463
2416	3	501	15 335 497
2417	3	501	15 343 483
2418	3	501	15 349 455
2419	3	501	15 351 462
2420	3	501	15 351 497
2421	3	501	15 455 463
2422	3	501	16 23 38
2423	3	501	16 23 44
2424	3	501	16 23 394
2425	3	501	16 23 410
2426	3	501	16 33 246
2427	3	501	16 33 389
2428	3	501	16 33 410
2429	3	501	16 33 411
2430	3	501	16 33 464
2431	3	501	16 34 86
2432	3	501	16 34 92
2433	3	501	16 34 106
2434	3	501	16 34 268
2435	3	501	16 34 305
2436	3	501	16 34 396
2437	3	501	16 34 469
2438	3	501	16 38 57
2439	3	501	16 38 124
2440	3	501	16 42 177
2441	3	501	16 42 185
2442	3	501	16 42 268
2443	3	501	16 42 316
2444	3	501	16 42 454
2445	3	501	16 42 495
2446	3	501	16 44 86
2447	3	501	16 44 243
2448	3	501	16 44 337
2449	3	501	16 47 68
2450	3	501	16 47 124
2451	3	501	16 47 239
2452	3	501	16 47 411
2453	3	501	16 57 116
2454	3	501	16 57 234
2455	3	501	16 57 464
2456	3	501	16 68 188
2457	3	501	16 68 411
2458	3	501	16 68 469
2459	3	501	16 77 157
2460	3	501	16 77 246
2461	3	501	16 77 396
2462	3	501	16 77 469
2463	3	501	16 86 106
2464	3	501	16 86 234
2465	3	501	16 86 374
2466	3	501	16 86 426
2467	3	501	16 86 447
2468	3	501	16 92 389
2469	3	501	16 106 246
2470	3	501	16 116 234
2471	3	501	16 116 322
2472	3	501	16 116 394
2473	3	501	16 124 239
2474	3	501	16 124 268
2475	3	501	16 157 394
2476	3	501	16 157 447
2477	3	501	16 177 188
2478	3	501	16 177 322
2479	3	501	16 177 337
2480	3	501	16 177 426
2481	3	501	16 177 454
2482	3	501	16 185 243
2483	3	501	16 188 234
2484	3	501	16 188 337
2485	3	501	16 234 411
2486	3	501	16 234 464
2487	3	501	16 239 410
2488	3	501	16 239 426
2489	3	501	16 243 268
2490	3	501	16 243 454
2491	3	501	16 243 495
2492	3	501	16 246 426
2493	3	501	16 246 469
2494	3	501	16 268 394
2495	3	501	16 268 410
2496	3	501	16 268 426
2497	3	501	16 268 464
2498	3	501	16 268 469
2499	3	501	16 272 311
2500	3	501	16 272 447
2501	3	501	16 272 454
2502	3	501	16 272 464
2503	3	501	16 272 469
2504	3	501	16 305 337
2505	3	501	16 305 426
2506	3	501	16 316 411
2507	3	501	16 316 495
2508	3	501	16 322 411
2509	3	501	16 322 447
2510	3	501	16 337 374
2511	3	501	16 337 396
2512	3	501	16 374 483
2513	3	501	16 389 426
2514	3	501	16 389 454
2515	3	501	16 389 464
2516	3	501	16 396 447
2517	3	501	16 396 483
2518	3	501	16 410 447
2519	3	501	16 426 454
2520	3	501	16 447 454
2521	3	501	16 447 495
2522	3	501	16 464 469
2523	3	501	17 18 50
2524	3	501	17 18 171
2525	3	501	17 18 248
2526	3	501	17 18 497
2527	3	501	17 20 278
2528	3	501	17 20 284
2529	3	501	17 20 404
2530	3	501	17 36 171
2531	3	501	17 36 304
2532	3	501	17 36 406
2533	3	501	17 60 86
2534	3	501	17 60 319
2535	3	501	17 60 328
2536	3	501	17 60 364
2537	3	501	17 86 216
2538	3	501	17 86 319
2539	3	501	17 123 292
2540	3	501	17 123 319
2541	3	501	17 123 406
2542	3	501	17 127 471
2543	3	501	17 130 175
2544	3	501	17 130 197
2545	3	501	17 130 216
2546	3	501	17 130 497
2547	3	501	17 148 197
2548	3	501	17 148 233
2549	3	501	17 171 292
2550	3	501	17 171 304
2551	3	501	17 171 449
2552	3	501	17 175 219
2553	3	501	17 175 449
2554	3	501	17 177 278
2555	3	501	17 197 292
2556	3	501	17 197 424
2557	3	501	17 216 497
2558	3	501	17 219 328
2559	3	501	17 219 364
2560	3	501	17 219 449
2561	3	501	17 219 471
2562	3	501	17 224 471
2563	3	501	17 233 409
2564	3	501	17 248 409
2565	3	501	17 248 497
2566	3	501	17 278 304
2567	3	501	17 278 404
2568	3	501	17 278 497
2569	3	501	17 284 424
2570	3	501	17 284 463
2571	3	501	17 292 409
2572	3	501	17 292 449
2573	3	501	17 304 424
2574	3	501	17 328 409
2575	3	501	17 364 409
2576	3	501	17 404 409
2577	3	501	17 406 424
2578	3	501	17 406 471
2579	3	501	17 409 463
2580	3	501	17 449 497
2581	3	501	18 31 193
2582	3	501	18 31 249
2583	3	501	18 31 376
2584	3	501	18 31 399
2585	3	501	18 41 171
2586	3	501	18 41 201
2587	3	501	18 41 258
2588	3	501	18 41 281
2589	3	501	18 41 344
2590	3	501	18 49 193
2591	3	501	18 49 257
2592	3	501	18 49 258
2593	3	501	18 49 384
2594	3	501	18 50 286
2595	3	501	18 50 287
2596	3	501	18 68 434
2597	3	501	18 93 171
2598	3	501	18 93 287
2599	3	501	18 93 365
2600	3	501	18 93 455
2601	3	501	18 112 249
2602	3	501	18 112 257
2603	3	501	18 112 289
2604	3	501	18 112 344
2605	3	501	18 112 384
2606	3	501	18 112 464
2607	3	501	18 135 201
2608	3	501	18 171 377
2609	3	501	18 171 464
2610	3	501	18 193 248
2611	3	501	18 193 354
2612	3	501	18 193 495
2613	3	501	18 206 213
2614	3	501	18 206 248
2615	3	501	18 206 289
2616	3	501	18 206 349
2617	3	501	18 206 376
2618	3	501	18 206 495
2619	3	501	18 213 380
2620	3	501	18 248 287
2621	3	501	18 248 497
2622	3	501	18 249 281
2623	3	501	18 249 282
2624	3	501	18 249 399
2625	3	501	18 249 454
2626	3	501	18 249 464
2627	3	501	18 257 365
2628	3	501	18 257 377
2629	3	501	18 257 454
2630	3	501	18 258 287
2631	3	501	18 258 297
2632	3	501	18 258 376
2633	3	501	18 281 366
2634	3	501	18 281 380
2635	3	501	18 281 454
2636	3	501	18 282 376
2637	3	501	18 282 410
2638	3	501	18 286 355
2639	3	501	18 286 410
2640	3	501	18 286 434
2641	3	501	18 286 495
2642	3	501	18 287 297
2643	3	501	18 287 344
2644	3	501	18 287 377
2645	3	501	18 287 399
2646	3	501	18 287 495
2647	3	501	18 289 344
2648	3	501	18 289 372
2649	3	501	18 295 497
2650	3	501	18 297 454
2651	3	501	18 297 464
2652	3	501	18 297 495
2653	3	501	18 344 366
2654	3	501	18 344 399
2655	3	501	18 349 376
2656	3	501	18 349 410
2657	3	501	18 349 455
2658	3	501	18 349 495
2659	3	501	18 354 376
2660	3	501	18 354 384
2661	3	501	18 355 372
2662	3	501	18 366 434
2663	3	501	18 366 497
2664	3	501	18 380 384
2665	3	501	18 380 464
2666	3	501	18 384 434
2667	3	501	18 399 497
2668	3	501	18 434 455
2669	3	501	18 455 467
2670	3	501	18 467 495
2671	3	501	19 23 310
2672	3	501	19 23 439
2673	3	501	19 25 90
2674	3	501	19 25 406
2675	3	501	19 25 437
2676	3	501	19 25 464
2677	3	501	19 29 62
2678	3	501	19 29 161
2679	3	501	19 29 186
2680	3	501	19 29 204
2681	3	501	19 29 287
2682	3	501	19 29 312
2683	3	501	19 29 448
2684	3	501	19 62 303
2685	3	501	19 62 369
2686	3	501	19 62 439
2687	3	501	19 62 484
2688	3	501	19 77 79
2689	3	501	19 77 310
2690	3	501	19 77 357
2691	3	501	19 77 439
2692	3	501	19 77 448
2693	3	501	19 79 159
2694	3	501	19 79 437
2695	3	501	19 79 464
2696	3	501	19 79 484
2697	3	501	19 90 310
2698	3	501	19 90 325
2699	3	501	19 90 412
2700	3	501	19 90 486
2701	3	501	19 98 357
2702	3	501	19 98 405
2703	3	501	19 98 406
2704	3	501	19 98 416
2705	3	501	19 98 432
2706	3	501	19 123 292
2707	3	501	19 123 369
2708	3	501	19 123 398
2709	3	501	19 123 406
2710	3	501	19 123 439
2711	3	501	19 124 204
2712	3	501	19 124 434
2713	3	501	19 124 497
2714	3	501	19 140 248
2715	3	501	19 140 303
2716	3	501	19 140 310
2717	3	501	19 140 434
2718	3	501	19 145 159
2719	3	501	19 145 369
2720	3	501	19 145 434
2721	3	501	19 159 324
2722	3	501	19 159 369
2723	3	501	19 159 432
2724	3	501	19 159 437
2725	3	501	19 161 292
2726	3	501	19 161 299
2727	3	501	19 161 303
2728	3	501	19 161 370
2729	3	501	19 186 369
2730	3	501	19 186 406
2731	3	501	19 204 324
2732	3	501	19 204 325
2733	3	501	19 204 437
2734	3	501	19 204 464
2735	3	501	19 204 476
2736	3	501	19 204 497
2737	3	501	19 248 272
2738	3	501	19 248 287
2739	3	501	19 248 299
2740	3	501	19 248 310
2741	3	501	19 248 324
2742	3	501	19 248 357
2743	3	501	19 248 437
2744	3	501	19 248 497
2745	3	501	19 272 309
2746	3	501	19 272 324
2747	3	501	19 272 370
2748	3	501	19 272 434
2749	3	501	19 272 464
2750	3	501	19 287 312
2751	3	501	19 287 324
2752	3	501	19 292 325
2753	3	501	19 292 369
2754	3	501	19 292 370
2755	3	501	19 292 484
2756	3	501	19 299 312
2757	3	501	19 299 325
2758	3	501	19 299 343
2759	3	501	19 303 325
2760	3	501	19 303 369
2761	3	501	19 303 405
2762	3	501	19 303 484
2763	3	501	19 310 365
2764	3	501	19 310 437
2765	3	501	19 312 406
2766	3	501	19 324 365
2767	3	501	19 324 370
2768	3	501	19 324 432
2769	3	501	19 324 486
2770	3	501	19 343 416
2771	3	501	19 343 448
2772	3	501	19 357 432
2773	3	501	19 357 464
2774	3	501	19 365 412
2775	3	501	19 369 437
2776	3	501	19 369 448
2777	3	501	19 370 406
2778	3	501	19 370 416
2779	3	501	19 383 416
2780	3	501	19 383 439
2781	3	501	19 398 434
2782	3	501	19 405 432
2783	3	501	19 405 464
2784	3	501	19 406 416
2785	3	501	19 406 476
2786	3	501	19 412 448
2787	3	501	19 412 476
2788	3	501	19 416 434
2789	3	501	19 416 476
2790	3	501	19 437 439
2791	3	501	19 439 484
2792	3	501	19 464 484
2793	3	501	19 486 497
2794	3	501	20 22 35
2795	3	501	20 22 207
2796	3	501	20 22 423
2797	3	501	20 25 33
2798	3	501	20 25 43
2799	3	501	20 25 207
2800	3	501	20 25 291
2801	3	501	20 25 423
2802	3	501	20 33 141
2803	3	501	20 35 251
2804	3	501	20 35 333
2805	3	501	20 43 226
2806	3	501	20 57 263
2807	3	501	20 57 333
2808	3	501	20 57 458
2809	3	501	20 91 141
2810	3	501	20 91 244
2811	3	501	20 91 278
2812	3	501	20 91 333
2813	3	501	20 93 251
2814	3	501	20 93 287
2815	3	501	20 93 333
2816	3	501	20 93 346
2817	3	501	20 93 365
2818	3	501	20 99 157
2819	3	501	20 99 256
2820	3	501	20 99 423
2821	3	501	20 100 346
2822	3	501	20 100 458
2823	3	501	20 100 477
2824	3	501	20 141 142
2825	3	501	20 141 230
2826	3	501	20 141 399
2827	3	501	20 141 458
2828	3	501	20 142 226
2829	3	501	20 142 372
2830	3	501	20 142 399
2831	3	501	20 155 291
2832	3	501	20 155 372
2833	3	501	20 157 204
2834	3	501	20 157 226
2835	3	501	20 157 230
2836	3	501	20 157 251
2837	3	501	20 157 263
2838	3	501	20 157 423
2839	3	501	20 193 226
2840	3	501	20 193 309
2841	3	501	20 204 267
2842	3	501	20 204 477
2843	3	501	20 207 263
2844	3	501	20 207 267
2845	3	501	20 207 287
2846	3	501	20 226 477
2847	3	501	20 230 287
2848	3	501	20 244 278
2849	3	501	20 244 287
2850	3	501	20 244 399
2851	3	501	20 250 267
2852	3	501	20 250 278
2853	3	501	20 250 291
2854	3	501	20 250 309
2855	3	501	20 250 365
2856	3	501	20 251 271
2857	3	501	20 251 278
2858	3	501	20 256 333
2859	3	501	20 267 284
2860	3	501	20 267 372
2861	3	501	20 271 278
2862	3	501	20 271 284
2863	3	501	20 271 291
2864	3	501	20 271 458
2865	3	501	20 278 287
2866	3	501	20 278 333
2867	3	501	20 278 404
2868	3	501	20 278 423
2869	3	501	20 284 365
2870	3	501	20 284 399
2871	3	501	20 287 399
2872	3	501	20 287 458
2873	3	501	20 291 372
2874	3	501	20 291 399
2875	3	501	20 291 404
2876	3	501	20 291 423
2877	3	501	20 309 458
2878	3	501	20 333 346
2879	3	501	20 365 458
2880	3	501	20 372 423
2881	3	501	20 372 458
2882	3	501	20 404 475
2883	3	501	22 26 158
2884	3	501	22 26 197
2885	3	501	22 26 312
2886	3	501	22 26 400
2887	3	501	22 35 380
2888	3	501	22 35 440
2889	3	501	22 40 105
2890	3	501	22 62 349
2891	3	501	22 62 378
2892	3	501	22 62 400
2893	3	501	22 62 479
2894	3	501	22 64 212
2895	3	501	22 64 378
2896	3	501	22 73 312
2897	3	501	22 73 347
2898	3	501	22 73 413
2899	3	501	22 105 161
2900	3	501	22 105 197
2901	3	501	22 105 380
2902	3	501	22 105 422
2903	3	501	22 105 423
2904	3	501	22 130 197
2905	3	501	22 130 216
2906	3	501	22 130 400
2907	3	501	22 137 161
2908	3	501	22 137 423
2909	3	501	22 158 161
2910	3	501	22 158 212
2911	3	501	22 158 378
2912	3	501	22 161 173
2913	3	501	22 161 373
2914	3	501	22 173 413
2915	3	501	22 212 216
2916	3	501	22 216 353
2917	3	501	22 216 400
2918	3	501	22 216 413
2919	3	501	22 312 380
2920	3	501	22 312 423
2921	3	501	22 349 378
2922	3	501	22 349 413
2923	3	501	22 353 413
2924	3	501	22 377 440
2925	3	501	22 378 413
2926	3	501	22 378 479
2927	3	501	22 380 400
2928	3	501	22 400 479
2929	3	501	22 422 423
2930	3	501	22 440 467
2931	3	501	23 38 112
2932	3	501	23 38 297
2933	3	501	23 38 302
2934	3	501	23 38 326
2935	3	501	23 44 135
2936	3	501	23 44 176
2937	3	501	23 44 302
2938	3	501	23 44 439
2939	3	501	23 63 76
2940	3	501	23 63 155
2941	3	501	23 63 162
2942	3	501	23 63 302
2943	3	501	23 63 326
2944	3	501	23 63 458
2945	3	501	23 76 155
2946	3	501	23 76 351
2947	3	501	23 76 458
2948	3	501	23 112 160
2949	3	501	23 112 227
2950	3	501	23 122 155
2951	3	501	23 122 297
2952	3	501	23 122 310
2953	3	501	23 122 439
2954	3	501	23 134 218
2955	3	501	23 134 302
2956	3	501	23 134 439
2957	3	501	23 135 160
2958	3	501	23 135 218
2959	3	501	23 135 310
2960	3	501	23 135 428
2961	3	501	23 155 162
2962	3	501	23 155 291
2963	3	501	23 155 326
2964	3	501	23 155 444
2965	3	501	23 160 377
2966	3	501	23 160 428
2967	3	501	23 160 444
2968	3	501	23 160 455
2969	3	501	23 160 477
2970	3	501	23 162 176
2971	3	501	23 162 218
2972	3	501	23 162 310
2973	3	501	23 162 377
2974	3	501	23 162 410
2975	3	501	23 165 291
2976	3	501	23 165 310
2977	3	501	23 165 455
2978	3	501	23 176 394
2979	3	501	23 176 477
2980	3	501	23 218 351
2981	3	501	23 227 455
2982	3	501	23 291 439
2983	3	501	23 297 302
2984	3	501	23 297 326
2985	3	501	23 297 428
2986	3	501	23 302 428
2987	3	501	23 302 500
2988	3	501	23 310 410
2989	3	501	23 310 459
2990	3	501	23 327 427
2991	3	501	23 351 458
2992	3	501	23 377 444
2993	3	501	23 410 427
2994	3	501	23 410 459
2995	3	501	23 428 444
2996	3	501	23 428 461
2997	3	501	23 439 444
2998	3	501	24 28 130
2999	3	501	24 28 230
3000	3	501	24 28 485
3001	3	501	24 30 177
3002	3	501	24 30 180
3003	3	501	24 30 260
3004	3	501	24 30 365
3005	3	501	24 47 54
3006	3	501	24 47 61
3007	3	501	24 54 94
3008	3	501	24 54 359
3009	3	501	24 54 489
3010	3	501	24 61 230
3011	3	501	24 61 260
3012	3	501	24 61 359
3013	3	501	24 61 393
3014	3	501	24 61 396
3015	3	501	24 93 177
3016	3	501	24 93 304
3017	3	501	24 93 365
3018	3	501	24 93 396
3019	3	501	24 94 288
3020	3	501	24 104 130
3021	3	501	24 104 361
3022	3	501	24 104 489
3023	3	501	24 130 458
3024	3	501	24 177 188
3025	3	501	24 177 230
3026	3	501	24 180 418
3027	3	501	24 180 430
3028	3	501	24 180 485
3029	3	501	24 188 371
3030	3	501	24 223 246
3031	3	501	24 223 288
3032	3	501	24 223 361
3033	3	501	24 230 371
3034	3	501	24 246 330
3035	3	501	24 246 371
3036	3	501	24 246 485
3037	3	501	24 260 418
3038	3	501	24 260 430
3039	3	501	24 260 489
3040	3	501	24 275 310
3041	3	501	24 275 418
3042	3	501	24 275 434
3043	3	501	24 275 485
3044	3	501	24 288 291
3045	3	501	24 288 418
3046	3	501	24 291 356
3047	3	501	24 304 393
3048	3	501	24 304 434
3049	3	501	24 304 458
3050	3	501	24 310 365
3051	3	501	24 330 351
3052	3	501	24 351 430
3053	3	501	24 351 458
3054	3	501	24 356 393
3055	3	501	24 356 418
3056	3	501	24 359 418
3057	3	501	24 365 396
3058	3	501	24 365 458
3059	3	501	24 365 485
3060	3	501	24 393 458
3061	3	501	24 418 430
3062	3	501	24 418 482
3063	3	501	24 458 482
3064	3	501	25 30 176
3065	3	501	25 30 207
3066	3	501	25 30 409
3067	3	501	25 33 172
3068	3	501	25 33 409
3069	3	501	25 33 464
3070	3	501	25 33 465
3071	3	501	25 43 106
3072	3	501	25 43 212
3073	3	501	25 43 400
3074	3	501	25 43 437
3075	3	501	25 47 54
3076	3	501	25 47 61
3077	3	501	25 47 129
3078	3	501	25 47 296
3079	3	501	25 47 428
3080	3	501	25 47 462
3081	3	501	25 50 431
3082	3	501	25 50 500
3083	3	501	25 54 207
3084	3	501	25 54 400
3085	3	501	25 54 440
3086	3	501	25 61 176
3087	3	501	25 61 222
3088	3	501	25 61 396
3089	3	501	25 61 406
3090	3	501	25 61 462
3091	3	501	25 72 222
3092	3	501	25 72 361
3093	3	501	25 90 222
3094	3	501	25 90 440
3095	3	501	25 106 129
3096	3	501	25 106 468
3097	3	501	25 129 172
3098	3	501	25 129 396
3099	3	501	25 129 462
3100	3	501	25 129 481
3101	3	501	25 132 296
3102	3	501	25 132 423
3103	3	501	25 132 500
3104	3	501	25 172 176
3105	3	501	25 172 440
3106	3	501	25 176 296
3107	3	501	25 176 361
3108	3	501	25 207 233
3109	3	501	25 207 314
3110	3	501	25 212 291
3111	3	501	25 212 396
3112	3	501	25 212 406
3113	3	501	25 233 291
3114	3	501	25 233 296
3115	3	501	25 233 409
3116	3	501	25 233 437
3117	3	501	25 233 440
3118	3	501	25 233 459
3119	3	501	25 233 465
3120	3	501	25 233 468
3121	3	501	25 236 440
3122	3	501	25 258 431
3123	3	501	25 291 423
3124	3	501	25 291 446
3125	3	501	25 291 465
3126	3	501	25 296 396
3127	3	501	25 296 462
3128	3	501	25 314 459
3129	3	501	25 396 440
3130	3	501	25 406 423
3131	3	501	25 406 428
3132	3	501	25 406 446
3133	3	501	25 409 423
3134	3	501	25 409 437
3135	3	501	25 418 440
3136	3	501	25 418 468
3137	3	501	25 423 428
3138	3	501	25 428 446
3139	3	501	25 431 462
3140	3	501	25 437 462
3141	3	501	25 440 446
3142	3	501	25 459 462
3143	3	501	25 464 465
3144	3	501	26 57 75
3145	3	501	26 57 158
3146	3	501	26 57 240
3147	3	501	26 57 263
3148	3	501	26 57 355
3149	3	501	26 75 139
3150	3	501	26 75 158
3151	3	501	26 75 183
3152	3	501	26 75 355
3153	3	501	26 75 387
3154	3	501	26 139 251
3155	3	501	26 139 297
3156	3	501	26 139 355
3157	3	501	26 139 462
3158	3	501	26 139 469
3159	3	501	26 140 397
3160	3	501	26 140 455
3161	3	501	26 158 219
3162	3	501	26 158 300
3163	3	501	26 183 387
3164	3	501	26 183 400
3165	3	501	26 197 240
3166	3	501	26 197 469
3167	3	501	26 219 240
3168	3	501	26 219 397
3169	3	501	26 219 483
3170	3	501	26 219 486
3171	3	501	26 237 295
3172	3	501	26 237 300
3173	3	501	26 237 312
3174	3	501	26 237 387
3175	3	501	26 240 263
3176	3	501	26 240 266
3177	3	501	26 240 486
3178	3	501	26 240 495
3179	3	501	26 245 253
3180	3	501	26 245 312
3181	3	501	26 245 469
3182	3	501	26 245 497
3183	3	501	26 245 500
3184	3	501	26 251 266
3185	3	501	26 251 300
3186	3	501	26 251 355
3187	3	501	26 253 369
3188	3	501	26 253 397
3189	3	501	26 253 469
3190	3	501	26 253 495
3191	3	501	26 263 369
3192	3	501	26 263 500
3193	3	501	26 266 462
3194	3	501	26 295 312
3195	3	501	26 295 393
3196	3	501	26 295 497
3197	3	501	26 297 300
3198	3	501	26 297 428
3199	3	501	26 297 483
3200	3	501	26 297 495
3201	3	501	26 300 393
3202	3	501	26 355 483
3203	3	501	26 369 455
3204	3	501	26 379 469
3205	3	501	26 387 400
3206	3	501	26 393 500
3207	3	501	26 397 400
3208	3	501	26 486 497
3209	3	501	28 31 230
3210	3	501	28 31 333
3211	3	501	28 31 378
3212	3	501	28 31 383
3213	3	501	28 31 423
3214	3	501	28 63 96
3215	3	501	28 63 120
3216	3	501	28 63 258
3217	3	501	28 63 292
3218	3	501	28 63 326
3219	3	501	28 67 82
3220	3	501	28 71 282
3221	3	501	28 71 298
3222	3	501	28 71 300
3223	3	501	28 71 327
3224	3	501	28 71 386
3225	3	501	28 71 389
3226	3	501	28 71 485
3227	3	501	28 75 292
3228	3	501	28 75 355
3229	3	501	28 75 427
3230	3	501	28 75 475
3231	3	501	28 82 282
3232	3	501	28 82 300
3233	3	501	28 82 386
3234	3	501	28 82 389
3235	3	501	28 82 465
3236	3	501	28 90 232
3237	3	501	28 90 261
3238	3	501	28 90 300
3239	3	501	28 96 344
3240	3	501	28 96 378
3241	3	501	28 96 485
3242	3	501	28 120 172
3243	3	501	28 120 232
3244	3	501	28 130 297
3245	3	501	28 130 350
3246	3	501	28 130 427
3247	3	501	28 172 344
3248	3	501	28 172 355
3249	3	501	28 172 378
3250	3	501	28 230 261
3251	3	501	28 232 297
3252	3	501	28 232 355
3253	3	501	28 232 485
3254	3	501	28 233 326
3255	3	501	28 233 386
3256	3	501	28 233 465
3257	3	501	28 253 298
3258	3	501	28 253 311
3259	3	501	28 253 350
3260	3	501	28 257 292
3261	3	501	28 257 311
3262	3	501	28 257 327
3263	3	501	28 257 423
3264	3	501	28 257 465
3265	3	501	28 257 485
3266	3	501	28 258 297
3267	3	501	28 258 327
3268	3	501	28 258 378
3269	3	501	28 258 450
3270	3	501	28 258 485
3271	3	501	28 261 297
3272	3	501	28 261 328
3273	3	501	28 261 465
3274	3	501	28 261 475
3275	3	501	28 282 328
3276	3	501	28 282 335
3277	3	501	28 282 383
3278	3	501	28 282 450
3279	3	501	28 282 485
3280	3	501	28 292 311
3281	3	501	28 292 423
3282	3	501	28 297 300
3283	3	501	28 297 326
3284	3	501	28 297 450
3285	3	501	28 297 466
3286	3	501	28 298 344
3287	3	501	28 300 311
3288	3	501	28 300 326
3289	3	501	28 300 335
3290	3	501	28 311 327
3291	3	501	28 311 383
3292	3	501	28 311 416
3293	3	501	28 311 466
3294	3	501	28 326 383
3295	3	501	28 326 450
3296	3	501	28 326 466
3297	3	501	28 326 475
3298	3	501	28 327 427
3299	3	501	28 327 450
3300	3	501	28 327 475
3301	3	501	28 328 333
3302	3	501	28 328 335
3303	3	501	28 328 416
3304	3	501	28 333 386
3305	3	501	28 333 389
3306	3	501	28 333 466
3307	3	501	28 335 344
3308	3	501	28 335 475
3309	3	501	28 344 350
3310	3	501	28 344 450
3311	3	501	28 355 367
3312	3	501	28 355 389
3313	3	501	28 378 389
3314	3	501	28 378 427
3315	3	501	28 383 416
3316	3	501	28 383 465
3317	3	501	28 386 423
3318	3	501	28 416 475
3319	3	501	28 423 466
3320	3	501	28 466 475
3321	3	501	29 37 161
3322	3	501	29 37 278
3323	3	501	29 37 281
3324	3	501	29 37 385
3325	3	501	29 37 469
3326	3	501	29 62 318
3327	3	501	29 62 429
3328	3	501	29 66 221
3329	3	501	29 66 429
3330	3	501	29 66 443
3331	3	501	29 66 454
3332	3	501	29 97 153
3333	3	501	29 97 287
3334	3	501	29 97 359
3335	3	501	29 97 429
3336	3	501	29 97 483
3337	3	501	29 107 130
3338	3	501	29 107 204
3339	3	501	29 109 318
3340	3	501	29 109 443
3341	3	501	29 109 469
3342	3	501	29 130 237
3343	3	501	29 130 287
3344	3	501	29 130 318
3345	3	501	29 143 429
3346	3	501	29 143 454
3347	3	501	29 153 312
3348	3	501	29 153 347
3349	3	501	29 161 274
3350	3	501	29 186 237
3351	3	501	29 186 313
3352	3	501	29 186 359
3353	3	501	29 192 221
3354	3	501	29 192 347
3355	3	501	29 192 454
3356	3	501	29 204 281
3357	3	501	29 221 312
3358	3	501	29 221 448
3359	3	501	29 237 312
3360	3	501	29 237 359
3361	3	501	29 256 313
3362	3	501	29 274 287
3363	3	501	29 274 393
3364	3	501	29 278 287
3365	3	501	29 278 313
3366	3	501	29 278 422
3367	3	501	29 281 312
3368	3	501	29 281 422
3369	3	501	29 281 454
3370	3	501	29 287 312
3371	3	501	29 287 495
3372	3	501	29 312 359
3373	3	501	29 313 393
3374	3	501	29 313 454
3375	3	501	29 318 495
3376	3	501	29 347 429
3377	3	501	29 347 443
3378	3	501	29 359 422
3379	3	501	29 385 429
3380	3	501	29 429 444
3381	3	501	29 444 448
3382	3	501	30 41 59
3383	3	501	30 41 124
3384	3	501	30 41 177
3385	3	501	30 59 260
3386	3	501	30 59 365
3387	3	501	30 59 409
3388	3	501	30 82 302
3389	3	501	30 82 452
3390	3	501	30 116 170
3391	3	501	30 116 260
3392	3	501	30 116 322
3393	3	501	30 116 397
3394	3	501	30 116 491
3395	3	501	30 124 174
3396	3	501	30 124 176
3397	3	501	30 124 180
3398	3	501	30 124 193
3399	3	501	30 124 207
3400	3	501	30 124 225
3401	3	501	30 124 320
3402	3	501	30 149 322
3403	3	501	30 149 357
3404	3	501	30 149 410
3405	3	501	30 149 491
3406	3	501	30 170 355
3407	3	501	30 170 365
3408	3	501	30 170 410
3409	3	501	30 174 225
3410	3	501	30 174 397
3411	3	501	30 176 384
3412	3	501	30 176 477
3413	3	501	30 177 193
3414	3	501	30 177 322
3415	3	501	30 193 227
3416	3	501	30 193 397
3417	3	501	30 193 472
3418	3	501	30 207 225
3419	3	501	30 207 287
3420	3	501	30 207 355
3421	3	501	30 207 410
3422	3	501	30 225 311
3423	3	501	30 225 441
3424	3	501	30 227 346
3425	3	501	30 260 397
3426	3	501	30 260 399
3427	3	501	30 260 410
3428	3	501	30 287 397
3429	3	501	30 287 399
3430	3	501	30 287 441
3431	3	501	30 287 472
3432	3	501	30 302 346
3433	3	501	30 311 472
3434	3	501	30 320 385
3435	3	501	30 320 410
3436	3	501	30 320 472
3437	3	501	30 320 491
3438	3	501	30 322 357
3439	3	501	30 355 385
3440	3	501	30 365 397
3441	3	501	30 365 491
3442	3	501	30 384 441
3443	3	501	30 384 452
3444	3	501	30 385 452
3445	3	501	30 397 472
3446	3	501	30 399 491
3447	3	501	30 441 491
3448	3	501	30 452 477
3449	3	501	31 38 140
3450	3	501	31 38 397
3451	3	501	31 38 424
3452	3	501	31 38 430
3453	3	501	31 46 209
3454	3	501	31 46 242
3455	3	501	31 46 353
3456	3	501	31 46 435
3457	3	501	31 94 324
3458	3	501	31 94 399
3459	3	501	31 94 426
3460	3	501	31 94 500
3461	3	501	31 98 156
3462	3	501	31 98 209
3463	3	501	31 98 353
3464	3	501	31 98 426
3465	3	501	31 140 249
3466	3	501	31 140 391
3467	3	501	31 140 397
3468	3	501	31 140 426
3469	3	501	31 156 423
3470	3	501	31 164 186
3471	3	501	31 164 193
3472	3	501	31 186 424
3473	3	501	31 188 208
3474	3	501	31 188 383
3475	3	501	31 188 395
3476	3	501	31 188 500
3477	3	501	31 193 397
3478	3	501	31 193 433
3479	3	501	31 208 209
3480	3	501	31 208 376
3481	3	501	31 208 409
3482	3	501	31 208 424
3483	3	501	31 208 500
3484	3	501	31 209 376
3485	3	501	31 218 378
3486	3	501	31 218 423
3487	3	501	31 218 430
3488	3	501	31 246 426
3489	3	501	31 249 324
3490	3	501	31 249 391
3491	3	501	31 249 399
3492	3	501	31 249 426
3493	3	501	31 249 433
3494	3	501	31 324 376
3495	3	501	31 324 430
3496	3	501	31 333 353
3497	3	501	31 353 376
3498	3	501	31 353 426
3499	3	501	31 353 433
3500	3	501	31 353 435
3501	3	501	31 353 500
3502	3	501	31 376 378
3503	3	501	31 376 423
3504	3	501	31 376 435
3505	3	501	31 378 395
3506	3	501	31 391 424
3507	3	501	31 397 424
3508	3	501	31 399 430
3509	3	501	31 409 423
3510	3	501	31 423 435
3511	3	501	31 430 500
3512	3	501	33 48 79
3513	3	501	33 48 153
3514	3	501	33 48 211
3515	3	501	33 48 228
3516	3	501	33 59 101
3517	3	501	33 59 136
3518	3	501	33 59 137
3519	3	501	33 59 260
3520	3	501	33 59 261
3521	3	501	33 59 409
3522	3	501	33 59 484
3523	3	501	33 69 172
3524	3	501	33 69 246
3525	3	501	33 76 80
3526	3	501	33 76 153
3527	3	501	33 76 286
3528	3	501	33 79 208
3529	3	501	33 79 457
3530	3	501	33 79 464
3531	3	501	33 79 484
3532	3	501	33 80 318
3533	3	501	33 80 457
3534	3	501	33 101 261
3535	3	501	33 101 389
3536	3	501	33 101 464
3537	3	501	33 101 465
3538	3	501	33 136 153
3539	3	501	33 136 172
3540	3	501	33 136 186
3541	3	501	33 136 228
3542	3	501	33 136 276
3543	3	501	33 136 465
3544	3	501	33 137 261
3545	3	501	33 137 484
3546	3	501	33 141 153
3547	3	501	33 141 186
3548	3	501	33 141 389
3549	3	501	33 141 409
3550	3	501	33 141 457
3551	3	501	33 141 465
3552	3	501	33 153 211
3553	3	501	33 153 489
3554	3	501	33 172 208
3555	3	501	33 172 246
3556	3	501	33 172 315
3557	3	501	33 172 432
3558	3	501	33 186 211
3559	3	501	33 186 294
3560	3	501	33 186 304
3561	3	501	33 186 465
3562	3	501	33 192 294
3563	3	501	33 192 389
3564	3	501	33 192 465
3565	3	501	33 192 473
3566	3	501	33 208 261
3567	3	501	33 208 409
3568	3	501	33 208 410
3569	3	501	33 208 473
3570	3	501	33 211 246
3571	3	501	33 211 409
3572	3	501	33 211 411
3573	3	501	33 211 464
3574	3	501	33 228 389
3575	3	501	33 228 473
3576	3	501	33 246 276
3577	3	501	33 260 318
3578	3	501	33 260 319
3579	3	501	33 260 410
3580	3	501	33 260 465
3581	3	501	33 260 489
3582	3	501	33 261 411
3583	3	501	33 261 465
3584	3	501	33 261 473
3585	3	501	33 286 410
3586	3	501	33 286 432
3587	3	501	33 286 457
3588	3	501	33 304 473
3589	3	501	33 315 318
3590	3	501	33 315 389
3591	3	501	33 315 464
3592	3	501	33 318 484
3593	3	501	33 319 466
3594	3	501	33 327 353
3595	3	501	33 353 411
3596	3	501	33 353 465
3597	3	501	33 389 457
3598	3	501	33 389 464
3599	3	501	33 409 411
3600	3	501	33 409 432
3601	3	501	33 409 484
3602	3	501	33 411 457
3603	3	501	33 457 466
3604	3	501	33 464 465
3605	3	501	33 464 466
3606	3	501	33 464 484
3607	3	501	33 464 489
3608	3	501	34 49 51
3609	3	501	34 49 122
3610	3	501	34 49 321
3611	3	501	34 49 332
3612	3	501	34 49 469
3613	3	501	34 63 92
3614	3	501	34 63 120
3615	3	501	34 63 123
3616	3	501	34 63 365
3617	3	501	34 63 445
3618	3	501	34 69 107
3619	3	501	34 69 123
3620	3	501	34 69 170
3621	3	501	34 69 268
3622	3	501	34 69 469
3623	3	501	34 73 122
3624	3	501	34 73 261
3625	3	501	34 73 354
3626	3	501	34 86 106
3627	3	501	34 86 321
3628	3	501	34 86 372
3629	3	501	34 92 134
3630	3	501	34 92 354
3631	3	501	34 106 123
3632	3	501	34 106 208
3633	3	501	34 107 134
3634	3	501	34 107 386
3635	3	501	34 109 261
3636	3	501	34 109 268
3637	3	501	34 109 332
3638	3	501	34 109 469
3639	3	501	34 109 480
3640	3	501	34 120 134
3641	3	501	34 120 409
3642	3	501	34 122 423
3643	3	501	34 123 452
3644	3	501	34 123 480
3645	3	501	34 133 141
3646	3	501	34 133 372
3647	3	501	34 133 437
3648	3	501	34 134 261
3649	3	501	34 134 386
3650	3	501	34 141 170
3651	3	501	34 141 227
3652	3	501	34 141 386
3653	3	501	34 141 409
3654	3	501	34 159 260
3655	3	501	34 159 437
3656	3	501	34 159 489
3657	3	501	34 170 321
3658	3	501	34 170 365
3659	3	501	34 170 366
3660	3	501	34 170 423
3661	3	501	34 170 445
3662	3	501	34 170 489
3663	3	501	34 208 261
3664	3	501	34 208 268
3665	3	501	34 208 409
3666	3	501	34 208 437
3667	3	501	34 227 305
3668	3	501	34 227 437
3669	3	501	34 260 386
3670	3	501	34 260 489
3671	3	501	34 261 480
3672	3	501	34 268 332
3673	3	501	34 268 423
3674	3	501	34 268 469
3675	3	501	34 321 396
3676	3	501	34 332 409
3677	3	501	34 332 423
3678	3	501	34 332 452
3679	3	501	34 354 489
3680	3	501	34 365 396
3681	3	501	34 372 423
3682	3	501	34 372 480
3683	3	501	34 372 489
3684	3	501	34 386 423
3685	3	501	34 396 440
3686	3	501	34 396 452
3687	3	501	34 409 423
3688	3	501	34 409 437
3689	3	501	34 423 489
3690	3	501	34 480 489
3691	3	501	35 41 132
3692	3	501	35 41 251
3693	3	501	35 41 258
3694	3	501	35 77 112
3695	3	501	35 77 380
3696	3	501	35 77 448
3697	3	501	35 112 175
3698	3	501	35 112 448
3699	3	501	35 132 380
3700	3	501	35 183 383
3701	3	501	35 183 440
3702	3	501	35 251 356
3703	3	501	35 258 371
3704	3	501	35 258 398
3705	3	501	35 258 448
3706	3	501	35 333 356
3707	3	501	35 333 448
3708	3	501	35 333 487
3709	3	501	35 356 380
3710	3	501	35 356 453
3711	3	501	35 371 383
3712	3	501	35 380 398
3713	3	501	35 453 454
3714	3	501	36 52 126
3715	3	501	36 52 135
3716	3	501	36 52 237
3717	3	501	36 52 274
3718	3	501	36 52 295
3719	3	501	36 52 489
3720	3	501	36 126 153
3721	3	501	36 126 240
3722	3	501	36 126 363
3723	3	501	36 126 406
3724	3	501	36 126 489
3725	3	501	36 135 274
3726	3	501	36 135 314
3727	3	501	36 135 337
3728	3	501	36 153 156
3729	3	501	36 153 314
3730	3	501	36 153 337
3731	3	501	36 153 363
3732	3	501	36 153 489
3733	3	501	36 156 337
3734	3	501	36 171 199
3735	3	501	36 171 304
3736	3	501	36 171 337
3737	3	501	36 171 367
3738	3	501	36 199 202
3739	3	501	36 199 286
3740	3	501	36 202 333
3741	3	501	36 223 361
3742	3	501	36 223 410
3743	3	501	36 223 413
3744	3	501	36 237 295
3745	3	501	36 240 263
3746	3	501	36 240 329
3747	3	501	36 240 495
3748	3	501	36 263 274
3749	3	501	36 281 334
3750	3	501	36 281 413
3751	3	501	36 286 314
3752	3	501	36 286 386
3753	3	501	36 286 410
3754	3	501	36 286 495
3755	3	501	36 314 413
3756	3	501	36 329 379
3757	3	501	36 329 495
3758	3	501	36 333 379
3759	3	501	36 333 386
3760	3	501	36 334 367
3761	3	501	36 334 379
3762	3	501	36 334 445
3763	3	501	36 337 413
3764	3	501	36 363 410
3765	3	501	36 367 495
3766	3	501	36 379 410
3767	3	501	36 386 406
3768	3	501	36 386 410
3769	3	501	36 386 413
3770	3	501	37 44 224
3771	3	501	37 44 248
3772	3	501	37 44 497
3773	3	501	37 49 228
3774	3	501	37 49 469
3775	3	501	37 93 342
3776	3	501	37 105 161
3777	3	501	37 105 351
3778	3	501	37 105 453
3779	3	501	37 161 217
3780	3	501	37 161 224
3781	3	501	37 161 354
3782	3	501	37 166 250
3783	3	501	37 166 385
3784	3	501	37 166 469
3785	3	501	37 217 224
3786	3	501	37 217 278
3787	3	501	37 223 248
3788	3	501	37 223 250
3789	3	501	37 223 289
3790	3	501	37 223 500
3791	3	501	37 224 277
3792	3	501	37 224 341
3793	3	501	37 228 269
3794	3	501	37 245 469
3795	3	501	37 245 497
3796	3	501	37 245 500
3797	3	501	37 248 341
3798	3	501	37 248 497
3799	3	501	37 250 278
3800	3	501	37 250 342
3801	3	501	37 263 269
3802	3	501	37 263 277
3803	3	501	37 263 449
3804	3	501	37 263 500
3805	3	501	37 269 322
3806	3	501	37 277 289
3807	3	501	37 278 351
3808	3	501	37 278 387
3809	3	501	37 278 497
3810	3	501	37 281 322
3811	3	501	37 281 449
3812	3	501	37 281 500
3813	3	501	37 286 338
3814	3	501	37 289 385
3815	3	501	37 322 351
3816	3	501	37 338 500
3817	3	501	37 342 459
3818	3	501	37 351 497
3819	3	501	37 354 453
3820	3	501	37 354 459
3821	3	501	37 385 453
3822	3	501	37 449 469
3823	3	501	37 449 497
3824	3	501	37 449 500
3825	3	501	38 55 124
3826	3	501	38 60 258
3827	3	501	38 60 302
3828	3	501	38 60 453
3829	3	501	38 78 163
3830	3	501	38 103 424
3831	3	501	38 110 124
3832	3	501	38 110 258
3833	3	501	38 112 145
3834	3	501	38 112 174
3835	3	501	38 112 482
3836	3	501	38 124 174
3837	3	501	38 124 297
3838	3	501	38 139 297
3839	3	501	38 139 370
3840	3	501	38 139 430
3841	3	501	38 140 238
3842	3	501	38 140 397
3843	3	501	38 145 238
3844	3	501	38 145 453
3845	3	501	38 145 457
3846	3	501	38 163 174
3847	3	501	38 163 264
3848	3	501	38 174 345
3849	3	501	38 174 397
3850	3	501	38 238 345
3851	3	501	38 253 397
3852	3	501	38 253 424
3853	3	501	38 253 453
3854	3	501	38 253 482
3855	3	501	38 258 297
3856	3	501	38 258 431
3857	3	501	38 262 326
3858	3	501	38 264 457
3859	3	501	38 297 302
3860	3	501	38 297 326
3861	3	501	38 297 430
3862	3	501	38 302 482
3863	3	501	38 326 424
3864	3	501	38 370 406
3865	3	501	38 370 453
3866	3	501	38 370 472
3867	3	501	38 370 482
3868	3	501	38 397 424
3869	3	501	38 397 472
3870	3	501	38 406 424
3871	3	501	38 424 472
3872	3	501	38 430 453
3873	3	501	40 41 43
3874	3	501	40 41 89
3875	3	501	40 41 201
3876	3	501	40 41 391
3877	3	501	40 41 485
3878	3	501	40 43 95
3879	3	501	40 43 268
3880	3	501	40 43 476
3881	3	501	40 89 201
3882	3	501	40 89 274
3883	3	501	40 89 291
3884	3	501	40 93 95
3885	3	501	40 93 304
3886	3	501	40 95 105
3887	3	501	40 95 233
3888	3	501	40 95 446
3889	3	501	40 102 105
3890	3	501	40 102 267
3891	3	501	40 102 432
3892	3	501	40 102 446
3893	3	501	40 102 464
3894	3	501	40 105 218
3895	3	501	40 105 476
3896	3	501	40 105 485
3897	3	501	40 170 376
3898	3	501	40 201 485
3899	3	501	40 208 268
3900	3	501	40 208 274
3901	3	501	40 208 376
3902	3	501	40 218 268
3903	3	501	40 233 291
3904	3	501	40 233 391
3905	3	501	40 267 464
3906	3	501	40 268 391
3907	3	501	40 268 464
3908	3	501	40 268 485
3909	3	501	40 274 291
3910	3	501	40 274 432
3911	3	501	40 274 485
3912	3	501	40 278 304
3913	3	501	40 278 446
3914	3	501	40 291 391
3915	3	501	40 291 446
3916	3	501	40 406 446
3917	3	501	40 406 476
3918	3	501	41 43 152
3919	3	501	41 43 281
3920	3	501	41 53 239
3921	3	501	41 53 264
3922	3	501	41 53 324
3923	3	501	41 54 251
3924	3	501	41 59 171
3925	3	501	41 66 152
3926	3	501	41 66 201
3927	3	501	41 66 239
3928	3	501	41 66 485
3929	3	501	41 89 107
3930	3	501	41 89 120
3931	3	501	41 89 201
3932	3	501	41 89 251
3933	3	501	41 89 258
3934	3	501	41 89 281
3935	3	501	41 107 134
3936	3	501	41 107 324
3937	3	501	41 114 152
3938	3	501	41 114 177
3939	3	501	41 114 342
3940	3	501	41 120 134
3941	3	501	41 120 239
3942	3	501	41 124 171
3943	3	501	41 124 239
3944	3	501	41 124 251
3945	3	501	41 132 470
3946	3	501	41 134 201
3947	3	501	41 134 264
3948	3	501	41 152 281
3949	3	501	41 152 344
3950	3	501	41 155 201
3951	3	501	41 155 470
3952	3	501	41 201 485
3953	3	501	41 251 413
3954	3	501	41 258 485
3955	3	501	41 281 324
3956	3	501	41 281 404
3957	3	501	41 281 413
3958	3	501	41 281 485
3959	3	501	41 281 486
3960	3	501	41 288 342
3961	3	501	41 324 485
3962	3	501	41 324 486
3963	3	501	41 342 344
3964	3	501	41 342 404
3965	3	501	41 344 470
3966	3	501	41 374 470
3967	3	501	41 413 470
3968	3	501	42 50 185
3969	3	501	42 50 353
3970	3	501	42 50 405
3971	3	501	42 50 431
3972	3	501	42 50 443
3973	3	501	42 50 491
3974	3	501	42 54 251
3975	3	501	42 54 326
3976	3	501	42 54 405
3977	3	501	42 54 491
3978	3	501	42 59 136
3979	3	501	42 59 171
3980	3	501	42 59 297
3981	3	501	42 59 376
3982	3	501	42 81 301
3983	3	501	42 81 332
3984	3	501	42 105 185
3985	3	501	42 105 294
3986	3	501	42 105 437
3987	3	501	42 105 443
3988	3	501	42 105 495
3989	3	501	42 120 166
3990	3	501	42 120 301
3991	3	501	42 120 368
3992	3	501	42 120 387
3993	3	501	42 133 283
3994	3	501	42 133 376
3995	3	501	42 133 437
3996	3	501	42 136 175
3997	3	501	42 160 175
3998	3	501	42 160 444
3999	3	501	42 160 486
4000	3	501	42 166 268
4001	3	501	42 166 385
4002	3	501	42 166 412
4003	3	501	42 166 495
4004	3	501	42 171 385
4005	3	501	42 171 412
4006	3	501	42 171 437
4007	3	501	42 171 443
4008	3	501	42 175 283
4009	3	501	42 175 326
4010	3	501	42 175 368
4011	3	501	42 175 437
4012	3	501	42 177 443
4013	3	501	42 177 454
4014	3	501	42 185 486
4015	3	501	42 190 251
4016	3	501	42 190 268
4017	3	501	42 190 431
4018	3	501	42 190 486
4019	3	501	42 240 486
4020	3	501	42 240 495
4021	3	501	42 241 316
4022	3	501	42 241 326
4023	3	501	42 241 368
4024	3	501	42 268 332
4025	3	501	42 268 431
4026	3	501	42 283 316
4027	3	501	42 283 326
4028	3	501	42 294 376
4029	3	501	42 294 387
4030	3	501	42 297 326
4031	3	501	42 297 368
4032	3	501	42 297 454
4033	3	501	42 297 495
4034	3	501	42 316 495
4035	3	501	42 326 332
4036	3	501	42 326 412
4037	3	501	42 332 376
4038	3	501	42 353 376
4039	3	501	42 368 387
4040	3	501	42 376 412
4041	3	501	42 376 444
4042	3	501	42 405 443
4043	3	501	42 437 495
4044	3	501	42 444 486
4045	3	501	42 486 491
4046	3	501	43 75 221
4047	3	501	43 84 412
4048	3	501	43 95 98
4049	3	501	43 95 127
4050	3	501	43 95 203
4051	3	501	43 98 281
4052	3	501	43 98 364
4053	3	501	43 103 127
4054	3	501	43 103 437
4055	3	501	43 106 226
4056	3	501	43 106 277
4057	3	501	43 106 397
4058	3	501	43 106 482
4059	3	501	43 127 302
4060	3	501	43 138 238
4061	3	501	43 138 351
4062	3	501	43 138 412
4063	3	501	43 138 437
4064	3	501	43 138 482
4065	3	501	43 140 150
4066	3	501	43 140 238
4067	3	501	43 140 397
4068	3	501	43 140 434
4069	3	501	43 140 455
4070	3	501	43 150 364
4071	3	501	43 152 281
4072	3	501	43 152 293
4073	3	501	43 180 221
4074	3	501	43 180 455
4075	3	501	43 203 268
4076	3	501	43 212 351
4077	3	501	43 212 473
4078	3	501	43 221 226
4079	3	501	43 226 302
4080	3	501	43 226 473
4081	3	501	43 238 351
4082	3	501	43 238 400
4083	3	501	43 238 496
4084	3	501	43 268 455
4085	3	501	43 277 366
4086	3	501	43 277 397
4087	3	501	43 277 434
4088	3	501	43 281 366
4089	3	501	43 281 476
4090	3	501	43 281 482
4091	3	501	43 293 434
4092	3	501	43 293 437
4093	3	501	43 293 455
4094	3	501	43 297 302
4095	3	501	43 297 364
4096	3	501	43 297 483
4097	3	501	43 297 496
4098	3	501	43 302 482
4099	3	501	43 364 482
4100	3	501	43 366 434
4101	3	501	43 397 400
4102	3	501	43 397 476
4103	3	501	43 412 476
4104	3	501	43 412 496
4105	3	501	43 434 455
4106	3	501	43 473 476
4107	3	501	43 476 496
4108	3	501	44 46 89
4109	3	501	44 46 135
4110	3	501	44 46 170
4111	3	501	44 46 328
4112	3	501	44 46 439
4113	3	501	44 46 457
4114	3	501	44 73 251
4115	3	501	44 73 337
4116	3	501	44 80 121
4117	3	501	44 80 424
4118	3	501	44 80 457
4119	3	501	44 86 135
4120	3	501	44 89 251
4121	3	501	44 89 462
4122	3	501	44 89 489
4123	3	501	44 108 176
4124	3	501	44 108 189
4125	3	501	44 108 365
4126	3	501	44 109 243
4127	3	501	44 109 399
4128	3	501	44 135 314
4129	3	501	44 135 337
4130	3	501	44 170 248
4131	3	501	44 170 329
4132	3	501	44 170 365
4133	3	501	44 170 376
4134	3	501	44 170 489
4135	3	501	44 176 189
4136	3	501	44 189 251
4137	3	501	44 189 439
4138	3	501	44 189 497
4139	3	501	44 224 329
4140	3	501	44 224 399
4141	3	501	44 224 457
4142	3	501	44 248 437
4143	3	501	44 248 491
4144	3	501	44 248 497
4145	3	501	44 302 328
4146	3	501	44 302 329
4147	3	501	44 307 329
4148	3	501	44 307 365
4149	3	501	44 307 399
4150	3	501	44 307 439
4151	3	501	44 314 457
4152	3	501	44 328 329
4153	3	501	44 337 365
4154	3	501	44 337 437
4155	3	501	44 337 462
4156	3	501	44 365 491
4157	3	501	44 376 386
4158	3	501	44 386 457
4159	3	501	44 399 491
4160	3	501	44 399 497
4161	3	501	44 424 489
4162	3	501	44 437 439
4163	3	501	44 437 462
4164	3	501	45 49 51
4165	3	501	45 49 228
4166	3	501	45 49 323
4167	3	501	45 49 332
4168	3	501	45 49 367
4169	3	501	45 49 443
4170	3	501	45 49 468
4171	3	501	45 51 90
4172	3	501	45 51 162
4173	3	501	45 51 367
4174	3	501	45 51 443
4175	3	501	45 51 482
4176	3	501	45 54 97
4177	3	501	45 54 251
4178	3	501	45 54 367
4179	3	501	45 54 475
4180	3	501	45 80 383
4181	3	501	45 81 90
4182	3	501	45 81 128
4183	3	501	45 81 332
4184	3	501	45 81 468
4185	3	501	45 84 99
4186	3	501	45 84 165
4187	3	501	45 84 409
4188	3	501	45 84 450
4189	3	501	45 88 165
4190	3	501	45 88 328
4191	3	501	45 89 162
4192	3	501	45 89 181
4193	3	501	45 89 206
4194	3	501	45 89 251
4195	3	501	45 89 291
4196	3	501	45 90 134
4197	3	501	45 90 152
4198	3	501	45 90 162
4199	3	501	45 90 165
4200	3	501	45 90 232
4201	3	501	45 91 128
4202	3	501	45 91 162
4203	3	501	45 91 272
4204	3	501	45 91 383
4205	3	501	45 91 406
4206	3	501	45 91 468
4207	3	501	45 97 128
4208	3	501	45 97 357
4209	3	501	45 99 134
4210	3	501	45 99 148
4211	3	501	45 99 232
4212	3	501	45 99 256
4213	3	501	45 99 367
4214	3	501	45 99 383
4215	3	501	45 128 129
4216	3	501	45 128 272
4217	3	501	45 129 332
4218	3	501	45 134 148
4219	3	501	45 134 468
4220	3	501	45 148 250
4221	3	501	45 148 367
4222	3	501	45 148 383
4223	3	501	45 148 482
4224	3	501	45 149 251
4225	3	501	45 149 357
4226	3	501	45 149 367
4227	3	501	45 152 443
4228	3	501	45 152 468
4229	3	501	45 162 232
4230	3	501	45 162 250
4231	3	501	45 162 311
4232	3	501	45 162 450
4233	3	501	45 165 291
4234	3	501	45 165 366
4235	3	501	45 165 482
4236	3	501	45 181 228
4237	3	501	45 181 323
4238	3	501	45 181 477
4239	3	501	45 206 251
4240	3	501	45 228 232
4241	3	501	45 228 443
4242	3	501	45 232 266
4243	3	501	45 232 409
4244	3	501	45 250 291
4245	3	501	45 250 366
4246	3	501	45 251 266
4247	3	501	45 256 445
4248	3	501	45 256 482
4249	3	501	45 266 332
4250	3	501	45 266 409
4251	3	501	45 272 311
4252	3	501	45 291 443
4253	3	501	45 311 323
4254	3	501	45 311 383
4255	3	501	45 323 406
4256	3	501	45 328 409
4257	3	501	45 332 367
4258	3	501	45 332 409
4259	3	501	45 366 383
4260	3	501	45 366 450
4261	3	501	45 366 468
4262	3	501	45 383 468
4263	3	501	45 409 482
4264	3	501	45 443 477
4265	3	501	45 445 477
4266	3	501	45 445 482
4267	3	501	45 468 475
4268	3	501	46 59 83
4269	3	501	46 59 162
4270	3	501	46 61 405
4271	3	501	46 61 406
4272	3	501	46 66 206
4273	3	501	46 66 209
4274	3	501	46 66 405
4275	3	501	46 66 406
4276	3	501	46 66 485
4277	3	501	46 83 116
4278	3	501	46 83 342
4279	3	501	46 83 435
4280	3	501	46 83 457
4281	3	501	46 83 483
4282	3	501	46 83 486
4283	3	501	46 89 107
4284	3	501	46 89 162
4285	3	501	46 89 206
4286	3	501	46 89 281
4287	3	501	46 89 435
4288	3	501	46 104 116
4289	3	501	46 104 242
4290	3	501	46 104 406
4291	3	501	46 104 459
4292	3	501	46 107 202
4293	3	501	46 107 353
4294	3	501	46 116 170
4295	3	501	46 116 295
4296	3	501	46 116 342
4297	3	501	46 116 406
4298	3	501	46 116 486
4299	3	501	46 132 445
4300	3	501	46 135 310
4301	3	501	46 138 206
4302	3	501	46 138 477
4303	3	501	46 149 357
4304	3	501	46 162 281
4305	3	501	46 162 310
4306	3	501	46 162 400
4307	3	501	46 162 485
4308	3	501	46 170 342
4309	3	501	46 170 445
4310	3	501	46 202 310
4311	3	501	46 202 328
4312	3	501	46 202 439
4313	3	501	46 242 341
4314	3	501	46 242 445
4315	3	501	46 242 459
4316	3	501	46 281 328
4317	3	501	46 281 485
4318	3	501	46 281 486
4319	3	501	46 295 357
4320	3	501	46 295 459
4321	3	501	46 299 459
4322	3	501	46 299 477
4323	3	501	46 310 459
4324	3	501	46 341 353
4325	3	501	46 341 457
4326	3	501	46 342 357
4327	3	501	46 342 435
4328	3	501	46 342 445
4329	3	501	46 342 459
4330	3	501	46 353 435
4331	3	501	46 353 459
4332	3	501	46 353 477
4333	3	501	46 405 485
4334	3	501	46 445 477
4335	3	501	46 477 483
4336	3	501	46 477 485
4337	3	501	47 54 140
4338	3	501	47 54 326
4339	3	501	47 54 367
4340	3	501	47 56 76
4341	3	501	47 56 129
4342	3	501	47 56 209
4343	3	501	47 56 441
4344	3	501	47 61 326
4345	3	501	47 61 411
4346	3	501	47 61 443
4347	3	501	47 61 448
4348	3	501	47 61 462
4349	3	501	47 64 70
4350	3	501	47 64 248
4351	3	501	47 64 269
4352	3	501	47 64 296
4353	3	501	47 64 412
4354	3	501	47 64 448
4355	3	501	47 66 209
4356	3	501	47 66 239
4357	3	501	47 66 296
4358	3	501	47 66 443
4359	3	501	47 68 411
4360	3	501	47 68 476
4361	3	501	47 70 103
4362	3	501	47 70 139
4363	3	501	47 70 326
4364	3	501	47 70 366
4365	3	501	47 70 367
4366	3	501	47 76 129
4367	3	501	47 76 139
4368	3	501	47 76 140
4369	3	501	47 76 355
4370	3	501	47 76 366
4371	3	501	47 103 109
4372	3	501	47 103 218
4373	3	501	47 103 309
4374	3	501	47 103 318
4375	3	501	47 103 367
4376	3	501	47 109 296
4377	3	501	47 109 318
4378	3	501	47 109 443
4379	3	501	47 124 218
4380	3	501	47 124 239
4381	3	501	47 124 250
4382	3	501	47 124 497
4383	3	501	47 129 355
4384	3	501	47 129 462
4385	3	501	47 139 209
4386	3	501	47 139 218
4387	3	501	47 139 355
4388	3	501	47 139 441
4389	3	501	47 139 448
4390	3	501	47 139 462
4391	3	501	47 140 175
4392	3	501	47 140 248
4393	3	501	47 175 326
4394	3	501	47 209 293
4395	3	501	47 209 367
4396	3	501	47 209 462
4397	3	501	47 218 318
4398	3	501	47 218 411
4399	3	501	47 226 403
4400	3	501	47 226 428
4401	3	501	47 239 269
4402	3	501	47 248 497
4403	3	501	47 250 309
4404	3	501	47 250 366
4405	3	501	47 250 428
4406	3	501	47 296 367
4407	3	501	47 296 411
4408	3	501	47 296 462
4409	3	501	47 309 443
4410	3	501	47 326 412
4411	3	501	47 326 448
4412	3	501	47 355 364
4413	3	501	47 355 367
4414	3	501	47 364 462
4415	3	501	47 366 462
4416	3	501	47 366 497
4417	3	501	47 412 448
4418	3	501	47 412 476
4419	3	501	47 462 476
4420	3	501	48 79 116
4421	3	501	48 79 150
4422	3	501	48 79 430
4423	3	501	48 96 240
4424	3	501	48 96 430
4425	3	501	48 106 148
4426	3	501	48 106 433
4427	3	501	48 112 145
4428	3	501	48 116 430
4429	3	501	48 116 486
4430	3	501	48 132 445
4431	3	501	48 140 150
4432	3	501	48 140 157
4433	3	501	48 140 171
4434	3	501	48 140 303
4435	3	501	48 140 434
4436	3	501	48 145 185
4437	3	501	48 145 211
4438	3	501	48 145 434
4439	3	501	48 145 496
4440	3	501	48 148 240
4441	3	501	48 148 430
4442	3	501	48 148 435
4443	3	501	48 150 228
4444	3	501	48 150 242
4445	3	501	48 150 251
4446	3	501	48 150 479
4447	3	501	48 153 157
4448	3	501	48 153 200
4449	3	501	48 153 211
4450	3	501	48 153 231
4451	3	501	48 153 251
4452	3	501	48 157 251
4453	3	501	48 157 445
4454	3	501	48 157 496
4455	3	501	48 171 292
4456	3	501	48 176 219
4457	3	501	48 176 486
4458	3	501	48 185 486
4459	3	501	48 200 434
4460	3	501	48 211 251
4461	3	501	48 211 321
4462	3	501	48 219 240
4463	3	501	48 219 264
4464	3	501	48 219 460
4465	3	501	48 219 486
4466	3	501	48 228 232
4467	3	501	48 228 242
4468	3	501	48 231 232
4469	3	501	48 231 240
4470	3	501	48 231 321
4471	3	501	48 231 445
4472	3	501	48 232 430
4473	3	501	48 240 430
4474	3	501	48 240 486
4475	3	501	48 242 445
4476	3	501	48 242 479
4477	3	501	48 292 433
4478	3	501	48 292 445
4479	3	501	48 303 430
4480	3	501	48 321 430
4481	3	501	48 430 479
4482	3	501	48 434 445
4483	3	501	48 445 479
4484	3	501	49 51 157
4485	3	501	49 51 243
4486	3	501	49 51 346
4487	3	501	49 51 367
4488	3	501	49 51 384
4489	3	501	49 51 443
4490	3	501	49 57 321
4491	3	501	49 57 395
4492	3	501	49 57 488
4493	3	501	49 71 468
4494	3	501	49 78 332
4495	3	501	49 78 346
4496	3	501	49 78 443
4497	3	501	49 83 122
4498	3	501	49 83 193
4499	3	501	49 83 346
4500	3	501	49 122 335
4501	3	501	49 122 395
4502	3	501	49 157 204
4503	3	501	49 193 243
4504	3	501	49 193 265
4505	3	501	49 193 416
4506	3	501	49 193 466
4507	3	501	49 193 468
4508	3	501	49 204 231
4509	3	501	49 204 243
4510	3	501	49 204 323
4511	3	501	49 228 242
4512	3	501	49 228 258
4513	3	501	49 228 443
4514	3	501	49 231 257
4515	3	501	49 231 321
4516	3	501	49 242 257
4517	3	501	49 242 420
4518	3	501	49 242 466
4519	3	501	49 258 323
4520	3	501	49 258 429
4521	3	501	49 258 488
4522	3	501	49 265 332
4523	3	501	49 265 395
4524	3	501	49 265 420
4525	3	501	49 321 367
4526	3	501	49 321 395
4527	3	501	49 321 466
4528	3	501	49 332 367
4529	3	501	49 346 443
4530	3	501	49 346 468
4531	3	501	49 367 384
4532	3	501	49 395 469
4533	3	501	49 395 487
4534	3	501	49 420 468
4535	3	501	49 429 488
4536	3	501	49 461 469
4537	3	501	49 461 488
4538	3	501	49 468 469
4539	3	501	50 55 321
4540	3	501	50 56 75
4541	3	501	50 56 99
4542	3	501	50 56 138
4543	3	501	50 56 429
4544	3	501	50 56 475
4545	3	501	50 62 261
4546	3	501	50 62 264
4547	3	501	50 62 286
4548	3	501	50 62 429
4549	3	501	50 62 431
4550	3	501	50 67 108
4551	3	501	50 70 75
4552	3	501	50 70 139
4553	3	501	50 70 143
4554	3	501	50 70 286
4555	3	501	50 75 108
4556	3	501	50 75 139
4557	3	501	50 75 183
4558	3	501	50 75 286
4559	3	501	50 75 287
4560	3	501	50 75 475
4561	3	501	50 99 264
4562	3	501	50 99 383
4563	3	501	50 99 411
4564	3	501	50 99 500
4565	3	501	50 108 139
4566	3	501	50 108 183
4567	3	501	50 108 231
4568	3	501	50 108 287
4569	3	501	50 108 475
4570	3	501	50 138 287
4571	3	501	50 138 489
4572	3	501	50 139 370
4573	3	501	50 143 266
4574	3	501	50 143 285
4575	3	501	50 143 429
4576	3	501	50 183 353
4577	3	501	50 183 383
4578	3	501	50 185 287
4579	3	501	50 231 321
4580	3	501	50 231 431
4581	3	501	50 253 405
4582	3	501	50 261 285
4583	3	501	50 261 411
4584	3	501	50 261 413
4585	3	501	50 261 475
4586	3	501	50 264 285
4587	3	501	50 264 333
4588	3	501	50 264 443
4589	3	501	50 279 321
4590	3	501	50 279 405
4591	3	501	50 285 411
4592	3	501	50 285 429
4593	3	501	50 287 489
4594	3	501	50 321 405
4595	3	501	50 321 475
4596	3	501	50 333 353
4597	3	501	50 333 431
4598	3	501	50 353 411
4599	3	501	50 353 413
4600	3	501	50 353 429
4601	3	501	50 353 500
4602	3	501	50 373 405
4603	3	501	50 373 431
4604	3	501	50 373 491
4605	3	501	50 383 413
4606	3	501	50 405 443
4607	3	501	50 405 500
4608	3	501	50 413 475
4609	3	501	50 475 491
4610	3	501	51 56 384
4611	3	501	51 67 157
4612	3	501	51 67 224
4613	3	501	51 70 326
4614	3	501	51 70 367
4615	3	501	51 70 484
4616	3	501	51 90 162
4617	3	501	51 90 223
4618	3	501	51 90 224
4619	3	501	51 90 325
4620	3	501	51 104 274
4621	3	501	51 104 326
4622	3	501	51 140 157
4623	3	501	51 140 248
4624	3	501	51 140 285
4625	3	501	51 157 314
4626	3	501	51 157 325
4627	3	501	51 162 176
4628	3	501	51 176 325
4629	3	501	51 176 384
4630	3	501	51 223 248
4631	3	501	51 223 413
4632	3	501	51 224 457
4633	3	501	51 224 484
4634	3	501	51 243 274
4635	3	501	51 243 326
4636	3	501	51 275 326
4637	3	501	51 314 413
4638	3	501	51 314 457
4639	3	501	51 314 484
4640	3	501	51 319 367
4641	3	501	51 325 326
4642	3	501	51 346 443
4643	3	501	51 346 494
4644	3	501	51 355 367
4645	3	501	51 367 384
4646	3	501	51 367 494
4647	3	501	51 384 494
4648	3	501	51 413 494
4649	3	501	51 482 484
4650	3	501	52 63 80
4651	3	501	52 63 98
4652	3	501	52 63 123
4653	3	501	52 63 418
4654	3	501	52 64 75
4655	3	501	52 64 98
4656	3	501	52 64 135
4657	3	501	52 67 126
4658	3	501	52 67 409
4659	3	501	52 75 387
4660	3	501	52 75 477
4661	3	501	52 80 217
4662	3	501	52 97 345
4663	3	501	52 97 362
4664	3	501	52 97 489
4665	3	501	52 98 295
4666	3	501	52 123 274
4667	3	501	52 123 452
4668	3	501	52 126 129
4669	3	501	52 126 197
4670	3	501	52 126 285
4671	3	501	52 126 489
4672	3	501	52 129 285
4673	3	501	52 129 295
4674	3	501	52 129 462
4675	3	501	52 129 489
4676	3	501	52 130 135
4677	3	501	52 130 197
4678	3	501	52 130 237
4679	3	501	52 130 242
4680	3	501	52 130 362
4681	3	501	52 130 461
4682	3	501	52 130 462
4683	3	501	52 135 274
4684	3	501	52 135 418
4685	3	501	52 142 295
4686	3	501	52 142 301
4687	3	501	52 142 409
4688	3	501	52 142 418
4689	3	501	52 197 274
4690	3	501	52 217 237
4691	3	501	52 217 295
4692	3	501	52 217 345
4693	3	501	52 217 409
4694	3	501	52 237 242
4695	3	501	52 237 295
4696	3	501	52 237 300
4697	3	501	52 237 301
4698	3	501	52 237 387
4699	3	501	52 242 452
4700	3	501	52 285 368
4701	3	501	52 285 461
4702	3	501	52 295 301
4703	3	501	52 295 368
4704	3	501	52 301 423
4705	3	501	52 368 387
4706	3	501	52 368 452
4707	3	501	52 368 477
4708	3	501	52 387 489
4709	3	501	52 409 423
4710	3	501	52 423 489
4711	3	501	52 452 477
4712	3	501	53 70 82
4713	3	501	53 70 173
4714	3	501	53 82 158
4715	3	501	53 96 173
4716	3	501	53 96 274
4717	3	501	53 96 319
4718	3	501	53 96 430
4719	3	501	53 149 239
4720	3	501	53 149 491
4721	3	501	53 158 218
4722	3	501	53 158 319
4723	3	501	53 158 430
4724	3	501	53 172 313
4725	3	501	53 172 315
4726	3	501	53 172 329
4727	3	501	53 172 332
4728	3	501	53 172 440
4729	3	501	53 172 445
4730	3	501	53 173 239
4731	3	501	53 174 315
4732	3	501	53 174 345
4733	3	501	53 174 443
4734	3	501	53 183 422
4735	3	501	53 183 423
4736	3	501	53 183 440
4737	3	501	53 183 445
4738	3	501	53 218 423
4739	3	501	53 218 430
4740	3	501	53 227 369
4741	3	501	53 236 264
4742	3	501	53 236 440
4743	3	501	53 236 445
4744	3	501	53 239 269
4745	3	501	53 239 491
4746	3	501	53 264 315
4747	3	501	53 264 333
4748	3	501	53 264 422
4749	3	501	53 264 443
4750	3	501	53 269 274
4751	3	501	53 269 315
4752	3	501	53 269 445
4753	3	501	53 274 428
4754	3	501	53 274 440
4755	3	501	53 293 324
4756	3	501	53 293 440
4757	3	501	53 297 395
4758	3	501	53 297 428
4759	3	501	53 297 430
4760	3	501	53 297 483
4761	3	501	53 313 315
4762	3	501	53 313 491
4763	3	501	53 315 324
4764	3	501	53 319 329
4765	3	501	53 319 483
4766	3	501	53 324 345
4767	3	501	53 324 430
4768	3	501	53 329 369
4769	3	501	53 330 332
4770	3	501	53 330 354
4771	3	501	53 332 423
4772	3	501	53 333 345
4773	3	501	53 354 395
4774	3	501	53 395 428
4775	3	501	53 395 483
4776	3	501	53 422 423
4777	3	501	53 423 428
4778	3	501	53 423 435
4779	3	501	54 78 94
4780	3	501	54 78 97
4781	3	501	54 78 225
4782	3	501	54 78 449
4783	3	501	54 92 262
4784	3	501	54 92 367
4785	3	501	54 92 384
4786	3	501	54 94 267
4787	3	501	54 97 359
4788	3	501	54 97 489
4789	3	501	54 102 140
4790	3	501	54 102 267
4791	3	501	54 102 400
4792	3	501	54 126 282
4793	3	501	54 126 341
4794	3	501	54 126 435
4795	3	501	54 126 475
4796	3	501	54 126 489
4797	3	501	54 140 489
4798	3	501	54 182 405
4799	3	501	54 182 417
4800	3	501	54 182 449
4801	3	501	54 182 475
4802	3	501	54 182 494
4803	3	501	54 189 251
4804	3	501	54 189 341
4805	3	501	54 189 452
4806	3	501	54 199 341
4807	3	501	54 199 494
4808	3	501	54 200 475
4809	3	501	54 207 225
4810	3	501	54 207 267
4811	3	501	54 251 341
4812	3	501	54 262 267
4813	3	501	54 262 326
4814	3	501	54 262 373
4815	3	501	54 282 341
4816	3	501	54 282 494
4817	3	501	54 326 359
4818	3	501	54 326 475
4819	3	501	54 341 373
4820	3	501	54 341 417
4821	3	501	54 341 489
4822	3	501	54 367 373
4823	3	501	54 367 384
4824	3	501	54 367 494
4825	3	501	54 373 405
4826	3	501	54 373 491
4827	3	501	54 384 452
4828	3	501	54 384 494
4829	3	501	54 400 417
4830	3	501	54 400 494
4831	3	501	54 452 494
4832	3	501	54 475 491
4833	3	501	55 82 190
4834	3	501	55 82 321
4835	3	501	55 83 190
4836	3	501	55 83 193
4837	3	501	55 83 230
4838	3	501	55 83 342
4839	3	501	55 124 193
4840	3	501	55 124 461
4841	3	501	55 124 467
4842	3	501	55 148 190
4843	3	501	55 148 230
4844	3	501	55 148 237
4845	3	501	55 148 437
4846	3	501	55 162 169
4847	3	501	55 162 311
4848	3	501	55 164 193
4849	3	501	55 169 342
4850	3	501	55 190 479
4851	3	501	55 193 460
4852	3	501	55 237 467
4853	3	501	55 237 479
4854	3	501	55 342 459
4855	3	501	55 378 479
4856	3	501	55 437 461
4857	3	501	55 446 447
4858	3	501	55 447 480
4859	3	501	55 460 461
4860	3	501	56 63 76
4861	3	501	56 63 88
4862	3	501	56 63 98
4863	3	501	56 63 169
4864	3	501	56 75 315
4865	3	501	56 75 340
4866	3	501	56 75 475
4867	3	501	56 76 129
4868	3	501	56 76 217
4869	3	501	56 76 236
4870	3	501	56 76 362
4871	3	501	56 76 481
4872	3	501	56 88 138
4873	3	501	56 88 201
4874	3	501	56 88 295
4875	3	501	56 88 363
4876	3	501	56 98 169
4877	3	501	56 98 209
4878	3	501	56 98 295
4879	3	501	56 99 209
4880	3	501	56 99 297
4881	3	501	56 99 441
4882	3	501	56 105 138
4883	3	501	56 105 384
4884	3	501	56 105 429
4885	3	501	56 129 169
4886	3	501	56 129 174
4887	3	501	56 129 295
4888	3	501	56 129 396
4889	3	501	56 129 481
4890	3	501	56 138 187
4891	3	501	56 138 340
4892	3	501	56 138 441
4893	3	501	56 169 180
4894	3	501	56 169 295
4895	3	501	56 169 344
4896	3	501	56 169 441
4897	3	501	56 169 481
4898	3	501	56 174 315
4899	3	501	56 180 236
4900	3	501	56 180 315
4901	3	501	56 180 481
4902	3	501	56 187 340
4903	3	501	56 187 362
4904	3	501	56 187 429
4905	3	501	56 187 441
4906	3	501	56 201 209
4907	3	501	56 201 244
4908	3	501	56 201 363
4909	3	501	56 201 475
4910	3	501	56 209 481
4911	3	501	56 217 295
4912	3	501	56 217 297
4913	3	501	56 217 344
4914	3	501	56 217 481
4915	3	501	56 236 384
4916	3	501	56 244 362
4917	3	501	56 244 377
4918	3	501	56 244 384
4919	3	501	56 244 481
4920	3	501	56 291 362
4921	3	501	56 295 301
4922	3	501	56 301 344
4923	3	501	56 301 481
4924	3	501	56 340 396
4925	3	501	56 344 481
4926	3	501	56 347 363
4927	3	501	56 347 429
4928	3	501	56 362 396
4929	3	501	56 384 396
4930	3	501	56 384 441
4931	3	501	57 59 162
4932	3	501	57 59 236
4933	3	501	57 59 282
4934	3	501	57 59 313
4935	3	501	57 59 333
4936	3	501	57 66 69
4937	3	501	57 66 236
4938	3	501	57 66 282
4939	3	501	57 66 296
4940	3	501	57 66 333
4941	3	501	57 66 432
4942	3	501	57 66 488
4943	3	501	57 69 107
4944	3	501	57 69 123
4945	3	501	57 75 158
4946	3	501	57 75 329
4947	3	501	57 75 355
4948	3	501	57 75 488
4949	3	501	57 107 234
4950	3	501	57 107 282
4951	3	501	57 107 386
4952	3	501	57 116 234
4953	3	501	57 116 395
4954	3	501	57 123 439
4955	3	501	57 123 441
4956	3	501	57 123 479
4957	3	501	57 132 282
4958	3	501	57 132 296
4959	3	501	57 132 355
4960	3	501	57 132 445
4961	3	501	57 149 240
4962	3	501	57 149 296
4963	3	501	57 149 371
4964	3	501	57 149 458
4965	3	501	57 149 479
4966	3	501	57 153 363
4967	3	501	57 153 439
4968	3	501	57 162 310
4969	3	501	57 162 432
4970	3	501	57 162 481
4971	3	501	57 216 236
4972	3	501	57 216 282
4973	3	501	57 216 359
4974	3	501	57 216 371
4975	3	501	57 216 432
4976	3	501	57 216 439
4977	3	501	57 216 488
4978	3	501	57 234 439
4979	3	501	57 234 464
4980	3	501	57 234 488
4981	3	501	57 236 355
4982	3	501	57 236 445
4983	3	501	57 236 471
4984	3	501	57 240 263
4985	3	501	57 240 282
4986	3	501	57 240 310
4987	3	501	57 240 313
4988	3	501	57 240 329
4989	3	501	57 240 471
4990	3	501	57 263 371
4991	3	501	57 282 310
4992	3	501	57 282 363
4993	3	501	57 282 445
4994	3	501	57 296 439
4995	3	501	57 310 479
4996	3	501	57 310 481
4997	3	501	57 313 458
4998	3	501	57 313 488
4999	3	501	57 321 395
5000	3	501	57 321 412
5001	3	501	57 321 464
5002	3	501	57 329 359
5003	3	501	57 329 479
5004	3	501	57 333 386
5005	3	501	57 355 458
5006	3	501	57 359 422
5007	3	501	57 363 479
5008	3	501	57 371 422
5009	3	501	57 371 432
5010	3	501	57 395 412
5011	3	501	57 395 479
5012	3	501	57 395 481
5013	3	501	57 412 479
5014	3	501	57 432 458
5015	3	501	57 439 481
5016	3	501	57 445 471
5017	3	501	57 445 479
5018	3	501	59 74 83
5019	3	501	59 74 221
5020	3	501	59 74 314
5021	3	501	59 74 480
5022	3	501	59 83 101
5023	3	501	59 83 136
5024	3	501	59 83 221
5025	3	501	59 83 313
5026	3	501	59 83 337
5027	3	501	59 83 349
5028	3	501	59 83 365
5029	3	501	59 83 376
5030	3	501	59 99 243
5031	3	501	59 99 297
5032	3	501	59 99 394
5033	3	501	59 99 433
5034	3	501	59 99 496
5035	3	501	59 101 106
5036	3	501	59 101 145
5037	3	501	59 101 238
5038	3	501	59 101 243
5039	3	501	59 101 261
5040	3	501	59 101 308
5041	3	501	59 101 446
5042	3	501	59 101 480
5043	3	501	59 106 308
5044	3	501	59 106 433
5045	3	501	59 109 187
5046	3	501	59 109 243
5047	3	501	59 109 261
5048	3	501	59 109 480
5049	3	501	59 136 140
5050	3	501	59 136 365
5051	3	501	59 137 236
5052	3	501	59 137 261
5053	3	501	59 137 313
5054	3	501	59 137 484
5055	3	501	59 140 171
5056	3	501	59 140 238
5057	3	501	59 140 308
5058	3	501	59 145 238
5059	3	501	59 145 496
5060	3	501	59 162 337
5061	3	501	59 171 337
5062	3	501	59 187 265
5063	3	501	59 187 333
5064	3	501	59 187 394
5065	3	501	59 187 484
5066	3	501	59 221 236
5067	3	501	59 236 496
5068	3	501	59 238 243
5069	3	501	59 238 284
5070	3	501	59 238 496
5071	3	501	59 243 261
5072	3	501	59 261 297
5073	3	501	59 261 313
5074	3	501	59 261 433
5075	3	501	59 261 480
5076	3	501	59 282 376
5077	3	501	59 284 365
5078	3	501	59 297 308
5079	3	501	59 297 496
5080	3	501	59 308 314
5081	3	501	59 314 484
5082	3	501	59 337 365
5083	3	501	59 337 403
5084	3	501	59 349 376
5085	3	501	59 365 403
5086	3	501	59 376 480
5087	3	501	59 409 484
5088	3	501	59 480 496
5089	3	501	60 64 70
5090	3	501	60 64 172
5091	3	501	60 64 313
5092	3	501	60 64 333
5093	3	501	60 66 95
5094	3	501	60 66 187
5095	3	501	60 66 221
5096	3	501	60 66 319
5097	3	501	60 66 333
5098	3	501	60 66 369
5099	3	501	60 66 446
5100	3	501	60 66 488
5101	3	501	60 70 106
5102	3	501	60 70 159
5103	3	501	60 70 221
5104	3	501	60 76 92
5105	3	501	60 76 129
5106	3	501	60 76 369
5107	3	501	60 86 106
5108	3	501	60 86 313
5109	3	501	60 86 319
5110	3	501	60 86 487
5111	3	501	60 86 488
5112	3	501	60 92 210
5113	3	501	60 95 261
5114	3	501	60 95 319
5115	3	501	60 95 333
5116	3	501	60 95 446
5117	3	501	60 104 302
5118	3	501	60 104 307
5119	3	501	60 104 313
5120	3	501	60 104 464
5121	3	501	60 106 129
5122	3	501	60 106 319
5123	3	501	60 121 210
5124	3	501	60 121 464
5125	3	501	60 121 488
5126	3	501	60 129 172
5127	3	501	60 129 261
5128	3	501	60 129 369
5129	3	501	60 129 488
5130	3	501	60 141 185
5131	3	501	60 141 187
5132	3	501	60 141 488
5133	3	501	60 158 319
5134	3	501	60 158 343
5135	3	501	60 158 487
5136	3	501	60 159 369
5137	3	501	60 167 307
5138	3	501	60 167 487
5139	3	501	60 172 313
5140	3	501	60 172 453
5141	3	501	60 185 187
5142	3	501	60 185 221
5143	3	501	60 185 328
5144	3	501	60 185 343
5145	3	501	60 185 369
5146	3	501	60 187 333
5147	3	501	60 210 313
5148	3	501	60 210 343
5149	3	501	60 221 319
5150	3	501	60 221 418
5151	3	501	60 258 450
5152	3	501	60 258 488
5153	3	501	60 261 313
5154	3	501	60 261 328
5155	3	501	60 261 422
5156	3	501	60 302 313
5157	3	501	60 302 328
5158	3	501	60 313 488
5159	3	501	60 328 333
5160	3	501	60 328 369
5161	3	501	60 328 418
5162	3	501	60 333 364
5163	3	501	60 333 487
5164	3	501	60 364 446
5165	3	501	60 369 418
5166	3	501	60 418 453
5167	3	501	60 418 487
5168	3	501	60 450 487
5169	3	501	60 476 487
5170	3	501	60 476 488
5171	3	501	61 101 308
5172	3	501	61 101 462
5173	3	501	61 128 241
5174	3	501	61 128 298
5175	3	501	61 128 344
5176	3	501	61 167 307
5177	3	501	61 167 332
5178	3	501	61 167 462
5179	3	501	61 171 230
5180	3	501	61 171 307
5181	3	501	61 171 443
5182	3	501	61 173 176
5183	3	501	61 173 471
5184	3	501	61 173 495
5185	3	501	61 176 344
5186	3	501	61 222 260
5187	3	501	61 222 448
5188	3	501	61 241 326
5189	3	501	61 249 265
5190	3	501	61 249 374
5191	3	501	61 260 326
5192	3	501	61 260 374
5193	3	501	61 260 406
5194	3	501	61 260 422
5195	3	501	61 265 332
5196	3	501	61 265 471
5197	3	501	61 265 495
5198	3	501	61 266 332
5199	3	501	61 266 462
5200	3	501	61 298 344
5201	3	501	61 298 359
5202	3	501	61 298 372
5203	3	501	61 307 326
5204	3	501	61 307 455
5205	3	501	61 308 359
5206	3	501	61 308 372
5207	3	501	61 308 374
5208	3	501	61 308 471
5209	3	501	61 326 332
5210	3	501	61 326 359
5211	3	501	61 326 448
5212	3	501	61 333 393
5213	3	501	61 333 448
5214	3	501	61 333 462
5215	3	501	61 359 406
5216	3	501	61 359 422
5217	3	501	61 359 455
5218	3	501	61 374 422
5219	3	501	61 374 455
5220	3	501	61 374 462
5221	3	501	61 396 448
5222	3	501	61 405 443
5223	3	501	61 406 471
5224	3	501	61 411 422
5225	3	501	62 72 92
5226	3	501	62 72 149
5227	3	501	62 72 354
5228	3	501	62 72 362
5229	3	501	62 72 433
5230	3	501	62 72 479
5231	3	501	62 89 297
5232	3	501	62 89 354
5233	3	501	62 89 465
5234	3	501	62 92 149
5235	3	501	62 92 165
5236	3	501	62 92 202
5237	3	501	62 92 264
5238	3	501	62 92 323
5239	3	501	62 92 351
5240	3	501	62 92 354
5241	3	501	62 94 268
5242	3	501	62 94 297
5243	3	501	62 102 260
5244	3	501	62 102 286
5245	3	501	62 102 400
5246	3	501	62 102 479
5247	3	501	62 121 428
5248	3	501	62 149 371
5249	3	501	62 149 429
5250	3	501	62 149 479
5251	3	501	62 163 261
5252	3	501	62 163 264
5253	3	501	62 163 311
5254	3	501	62 163 378
5255	3	501	62 163 479
5256	3	501	62 165 275
5257	3	501	62 165 340
5258	3	501	62 166 268
5259	3	501	62 166 340
5260	3	501	62 166 349
5261	3	501	62 166 484
5262	3	501	62 202 318
5263	3	501	62 202 362
5264	3	501	62 202 439
5265	3	501	62 218 268
5266	3	501	62 218 318
5267	3	501	62 218 351
5268	3	501	62 218 378
5269	3	501	62 260 318
5270	3	501	62 260 378
5271	3	501	62 260 429
5272	3	501	62 260 465
5273	3	501	62 261 297
5274	3	501	62 261 433
5275	3	501	62 261 465
5276	3	501	62 264 362
5277	3	501	62 268 303
5278	3	501	62 268 431
5279	3	501	62 268 433
5280	3	501	62 275 429
5281	3	501	62 297 428
5282	3	501	62 303 362
5283	3	501	62 303 369
5284	3	501	62 303 428
5285	3	501	62 303 484
5286	3	501	62 311 323
5287	3	501	62 311 371
5288	3	501	62 318 323
5289	3	501	62 318 340
5290	3	501	62 318 362
5291	3	501	62 318 400
5292	3	501	62 318 484
5293	3	501	62 323 369
5294	3	501	62 340 484
5295	3	501	62 349 378
5296	3	501	62 349 429
5297	3	501	62 351 362
5298	3	501	62 351 429
5299	3	501	62 354 362
5300	3	501	62 354 429
5301	3	501	62 354 484
5302	3	501	62 378 439
5303	3	501	62 378 479
5304	3	501	62 400 479
5305	3	501	62 439 484
5306	3	501	63 76 80
5307	3	501	63 76 92
5308	3	501	63 76 153
5309	3	501	63 76 155
5310	3	501	63 76 365
5311	3	501	63 76 458
5312	3	501	63 80 240
5313	3	501	63 80 288
5314	3	501	63 87 292
5315	3	501	63 87 412
5316	3	501	63 88 100
5317	3	501	63 88 359
5318	3	501	63 88 412
5319	3	501	63 92 98
5320	3	501	63 96 155
5321	3	501	63 96 240
5322	3	501	63 98 169
5323	3	501	63 98 229
5324	3	501	63 100 148
5325	3	501	63 100 458
5326	3	501	63 120 153
5327	3	501	63 120 182
5328	3	501	63 120 302
5329	3	501	63 123 169
5330	3	501	63 123 292
5331	3	501	63 148 240
5332	3	501	63 148 412
5333	3	501	63 148 458
5334	3	501	63 153 193
5335	3	501	63 155 162
5336	3	501	63 155 326
5337	3	501	63 162 169
5338	3	501	63 162 182
5339	3	501	63 162 292
5340	3	501	63 169 240
5341	3	501	63 169 359
5342	3	501	63 169 445
5343	3	501	63 169 458
5344	3	501	63 193 240
5345	3	501	63 193 445
5346	3	501	63 229 464
5347	3	501	63 240 451
5348	3	501	63 258 308
5349	3	501	63 288 296
5350	3	501	63 288 418
5351	3	501	63 292 296
5352	3	501	63 292 445
5353	3	501	63 296 302
5354	3	501	63 296 308
5355	3	501	63 296 467
5356	3	501	63 302 451
5357	3	501	63 308 359
5358	3	501	63 308 445
5359	3	501	63 308 467
5360	3	501	63 326 359
5361	3	501	63 326 412
5362	3	501	63 359 418
5363	3	501	63 365 412
5364	3	501	63 365 458
5365	3	501	63 418 467
5366	3	501	63 434 445
5367	3	501	63 451 464
5368	3	501	64 70 75
5369	3	501	64 70 246
5370	3	501	64 70 378
5371	3	501	64 70 484
5372	3	501	64 75 372
5373	3	501	64 98 202
5374	3	501	64 101 202
5375	3	501	64 101 303
5376	3	501	64 101 480
5377	3	501	64 135 222
5378	3	501	64 135 303
5379	3	501	64 135 412
5380	3	501	64 135 433
5381	3	501	64 172 246
5382	3	501	64 172 248
5383	3	501	64 172 313
5384	3	501	64 172 378
5385	3	501	64 181 304
5386	3	501	64 181 313
5387	3	501	64 181 371
5388	3	501	64 181 412
5389	3	501	64 181 473
5390	3	501	64 182 212
5391	3	501	64 182 269
5392	3	501	64 182 370
5393	3	501	64 182 372
5394	3	501	64 182 482
5395	3	501	64 202 296
5396	3	501	64 202 324
5397	3	501	64 202 327
5398	3	501	64 202 333
5399	3	501	64 202 439
5400	3	501	64 202 448
5401	3	501	64 212 303
5402	3	501	64 212 371
5403	3	501	64 212 448
5404	3	501	64 212 473
5405	3	501	64 212 484
5406	3	501	64 222 246
5407	3	501	64 222 248
5408	3	501	64 222 448
5409	3	501	64 224 370
5410	3	501	64 224 484
5411	3	501	64 246 371
5412	3	501	64 246 372
5413	3	501	64 248 324
5414	3	501	64 248 480
5415	3	501	64 248 483
5416	3	501	64 269 473
5417	3	501	64 278 304
5418	3	501	64 278 313
5419	3	501	64 278 333
5420	3	501	64 296 327
5421	3	501	64 296 433
5422	3	501	64 296 439
5423	3	501	64 296 473
5424	3	501	64 303 484
5425	3	501	64 304 473
5426	3	501	64 304 480
5427	3	501	64 324 370
5428	3	501	64 333 448
5429	3	501	64 370 378
5430	3	501	64 370 482
5431	3	501	64 372 480
5432	3	501	64 378 439
5433	3	501	64 397 439
5434	3	501	64 412 433
5435	3	501	64 412 448
5436	3	501	64 439 484
5437	3	501	64 482 484
5438	3	501	65 88 100
5439	3	501	65 88 267
5440	3	501	65 88 372
5441	3	501	65 97 167
5442	3	501	65 97 372
5443	3	501	65 97 455
5444	3	501	65 97 467
5445	3	501	65 97 489
5446	3	501	65 100 167
5447	3	501	65 100 171
5448	3	501	65 127 329
5449	3	501	65 127 467
5450	3	501	65 133 167
5451	3	501	65 133 238
5452	3	501	65 133 372
5453	3	501	65 167 400
5454	3	501	65 174 467
5455	3	501	65 192 227
5456	3	501	65 192 263
5457	3	501	65 192 305
5458	3	501	65 211 305
5459	3	501	65 211 324
5460	3	501	65 211 380
5461	3	501	65 211 409
5462	3	501	65 227 305
5463	3	501	65 227 378
5464	3	501	65 227 455
5465	3	501	65 238 263
5466	3	501	65 238 400
5467	3	501	65 238 489
5468	3	501	65 263 324
5469	3	501	65 263 457
5470	3	501	65 267 372
5471	3	501	65 310 378
5472	3	501	65 323 455
5473	3	501	65 324 380
5474	3	501	65 324 457
5475	3	501	65 372 457
5476	3	501	65 372 489
5477	3	501	65 380 400
5478	3	501	65 380 457
5479	3	501	65 380 489
5480	3	501	65 455 467
5481	3	501	65 457 467
5482	3	501	66 69 180
5483	3	501	66 69 239
5484	3	501	66 69 482
5485	3	501	66 87 333
5486	3	501	66 91 221
5487	3	501	66 91 325
5488	3	501	66 91 333
5489	3	501	66 91 406
5490	3	501	66 95 319
5491	3	501	66 95 333
5492	3	501	66 95 398
5493	3	501	66 95 446
5494	3	501	66 112 133
5495	3	501	66 112 296
5496	3	501	66 112 482
5497	3	501	66 133 398
5498	3	501	66 152 282
5499	3	501	66 152 398
5500	3	501	66 152 405
5501	3	501	66 152 443
5502	3	501	66 152 454
5503	3	501	66 180 221
5504	3	501	66 180 236
5505	3	501	66 180 296
5506	3	501	66 180 485
5507	3	501	66 182 405
5508	3	501	66 182 482
5509	3	501	66 187 232
5510	3	501	66 187 316
5511	3	501	66 187 333
5512	3	501	66 187 429
5513	3	501	66 201 209
5514	3	501	66 201 333
5515	3	501	66 201 405
5516	3	501	66 201 485
5517	3	501	66 206 333
5518	3	501	66 206 369
5519	3	501	66 209 221
5520	3	501	66 209 319
5521	3	501	66 209 432
5522	3	501	66 211 239
5523	3	501	66 211 387
5524	3	501	66 211 398
5525	3	501	66 221 236
5526	3	501	66 221 319
5527	3	501	66 221 406
5528	3	501	66 221 485
5529	3	501	66 232 429
5530	3	501	66 232 485
5531	3	501	66 236 387
5532	3	501	66 239 429
5533	3	501	66 243 296
5534	3	501	66 243 369
5535	3	501	66 243 454
5536	3	501	66 282 485
5537	3	501	66 296 429
5538	3	501	66 296 454
5539	3	501	66 316 319
5540	3	501	66 319 429
5541	3	501	66 325 333
5542	3	501	66 325 354
5543	3	501	66 325 488
5544	3	501	66 333 345
5545	3	501	66 354 405
5546	3	501	66 354 429
5547	3	501	66 369 482
5548	3	501	66 387 432
5549	3	501	66 405 432
5550	3	501	66 405 443
5551	3	501	66 405 485
5552	3	501	66 406 446
5553	3	501	66 429 488
5554	3	501	67 82 108
5555	3	501	67 82 302
5556	3	501	67 82 323
5557	3	501	67 82 400
5558	3	501	67 86 447
5559	3	501	67 93 302
5560	3	501	67 93 400
5561	3	501	67 93 447
5562	3	501	67 108 207
5563	3	501	67 108 409
5564	3	501	67 108 481
5565	3	501	67 126 224
5566	3	501	67 148 267
5567	3	501	67 148 437
5568	3	501	67 148 481
5569	3	501	67 157 394
5570	3	501	67 157 447
5571	3	501	67 164 302
5572	3	501	67 207 267
5573	3	501	67 224 471
5574	3	501	67 228 437
5575	3	501	67 228 471
5576	3	501	67 267 299
5577	3	501	67 267 464
5578	3	501	67 299 302
5579	3	501	67 302 323
5580	3	501	67 400 471
5581	3	501	67 409 437
5582	3	501	68 69 94
5583	3	501	68 69 156
5584	3	501	68 69 469
5585	3	501	68 81 94
5586	3	501	68 81 197
5587	3	501	68 81 263
5588	3	501	68 87 413
5589	3	501	68 87 469
5590	3	501	68 94 120
5591	3	501	68 94 411
5592	3	501	68 94 413
5593	3	501	68 99 411
5594	3	501	68 104 373
5595	3	501	68 120 435
5596	3	501	68 163 174
5597	3	501	68 163 373
5598	3	501	68 163 446
5599	3	501	68 173 176
5600	3	501	68 173 186
5601	3	501	68 173 203
5602	3	501	68 173 413
5603	3	501	68 174 188
5604	3	501	68 174 237
5605	3	501	68 174 434
5606	3	501	68 176 203
5607	3	501	68 186 237
5608	3	501	68 186 304
5609	3	501	68 188 237
5610	3	501	68 188 308
5611	3	501	68 197 203
5612	3	501	68 197 434
5613	3	501	68 197 469
5614	3	501	68 203 303
5615	3	501	68 203 373
5616	3	501	68 212 244
5617	3	501	68 212 303
5618	3	501	68 230 373
5619	3	501	68 237 244
5620	3	501	68 263 466
5621	3	501	68 303 469
5622	3	501	68 304 308
5623	3	501	68 304 434
5624	3	501	68 413 434
5625	3	501	69 82 94
5626	3	501	69 82 376
5627	3	501	69 94 268
5628	3	501	69 94 298
5629	3	501	69 94 312
5630	3	501	69 94 426
5631	3	501	69 107 130
5632	3	501	69 107 231
5633	3	501	69 123 376
5634	3	501	69 130 156
5635	3	501	69 156 170
5636	3	501	69 156 298
5637	3	501	69 166 268
5638	3	501	69 166 349
5639	3	501	69 166 469
5640	3	501	69 166 495
5641	3	501	69 170 172
5642	3	501	69 170 376
5643	3	501	69 170 468
5644	3	501	69 172 246
5645	3	501	69 172 469
5646	3	501	69 180 279
5647	3	501	69 180 349
5648	3	501	69 180 428
5649	3	501	69 185 468
5650	3	501	69 193 298
5651	3	501	69 193 468
5652	3	501	69 193 495
5653	3	501	69 225 246
5654	3	501	69 225 312
5655	3	501	69 239 269
5656	3	501	69 239 426
5657	3	501	69 246 279
5658	3	501	69 246 426
5659	3	501	69 246 469
5660	3	501	69 249 278
5661	3	501	69 249 426
5662	3	501	69 249 428
5663	3	501	69 264 468
5664	3	501	69 268 298
5665	3	501	69 268 426
5666	3	501	69 268 469
5667	3	501	69 279 312
5668	3	501	69 312 376
5669	3	501	69 349 376
5670	3	501	69 349 495
5671	3	501	69 468 469
5672	3	501	70 75 139
5673	3	501	70 75 221
5674	3	501	70 75 286
5675	3	501	70 75 459
5676	3	501	70 77 246
5677	3	501	70 77 357
5678	3	501	70 77 455
5679	3	501	70 82 87
5680	3	501	70 82 94
5681	3	501	70 82 159
5682	3	501	70 82 386
5683	3	501	70 82 465
5684	3	501	70 94 159
5685	3	501	70 94 455
5686	3	501	70 103 367
5687	3	501	70 103 386
5688	3	501	70 106 163
5689	3	501	70 106 246
5690	3	501	70 106 308
5691	3	501	70 106 347
5692	3	501	70 116 366
5693	3	501	70 116 406
5694	3	501	70 139 159
5695	3	501	70 139 164
5696	3	501	70 139 173
5697	3	501	70 139 308
5698	3	501	70 139 465
5699	3	501	70 139 470
5700	3	501	70 143 189
5701	3	501	70 143 326
5702	3	501	70 153 163
5703	3	501	70 153 347
5704	3	501	70 159 189
5705	3	501	70 159 347
5706	3	501	70 159 367
5707	3	501	70 159 460
5708	3	501	70 159 470
5709	3	501	70 163 301
5710	3	501	70 163 378
5711	3	501	70 163 455
5712	3	501	70 164 189
5713	3	501	70 164 301
5714	3	501	70 164 326
5715	3	501	70 189 460
5716	3	501	70 221 326
5717	3	501	70 221 386
5718	3	501	70 221 406
5719	3	501	70 246 455
5720	3	501	70 286 386
5721	3	501	70 301 459
5722	3	501	70 357 470
5723	3	501	70 366 465
5724	3	501	70 386 406
5725	3	501	70 459 484
5726	3	501	70 465 470
5727	3	501	71 93 300
5728	3	501	71 93 304
5729	3	501	71 93 396
5730	3	501	71 108 481
5731	3	501	71 142 143
5732	3	501	71 142 166
5733	3	501	71 142 277
5734	3	501	71 142 389
5735	3	501	71 142 496
5736	3	501	71 143 454
5737	3	501	71 156 169
5738	3	501	71 156 298
5739	3	501	71 166 169
5740	3	501	71 166 304
5741	3	501	71 169 454
5742	3	501	71 169 481
5743	3	501	71 182 298
5744	3	501	71 182 300
5745	3	501	71 182 310
5746	3	501	71 182 396
5747	3	501	71 182 496
5748	3	501	71 224 229
5749	3	501	71 224 277
5750	3	501	71 224 282
5751	3	501	71 224 341
5752	3	501	71 224 428
5753	3	501	71 224 452
5754	3	501	71 229 310
5755	3	501	71 277 396
5756	3	501	71 282 310
5757	3	501	71 282 341
5758	3	501	71 282 485
5759	3	501	71 298 368
5760	3	501	71 300 393
5761	3	501	71 300 454
5762	3	501	71 304 393
5763	3	501	71 304 428
5764	3	501	71 310 468
5765	3	501	71 310 481
5766	3	501	71 320 485
5767	3	501	71 327 396
5768	3	501	71 341 468
5769	3	501	71 368 452
5770	3	501	71 389 454
5771	3	501	71 393 481
5772	3	501	71 393 500
5773	3	501	71 396 452
5774	3	501	71 396 496
5775	3	501	71 432 496
5776	3	501	71 452 500
5777	3	501	71 468 485
5778	3	501	72 80 133
5779	3	501	72 80 159
5780	3	501	72 80 288
5781	3	501	72 92 134
5782	3	501	72 92 149
5783	3	501	72 92 210
5784	3	501	72 92 354
5785	3	501	72 92 367
5786	3	501	72 119 134
5787	3	501	72 119 362
5788	3	501	72 133 362
5789	3	501	72 149 367
5790	3	501	72 149 479
5791	3	501	72 155 210
5792	3	501	72 155 248
5793	3	501	72 159 362
5794	3	501	72 159 367
5795	3	501	72 159 460
5796	3	501	72 159 489
5797	3	501	72 170 248
5798	3	501	72 170 362
5799	3	501	72 170 395
5800	3	501	72 170 411
5801	3	501	72 170 489
5802	3	501	72 210 222
5803	3	501	72 210 362
5804	3	501	72 210 367
5805	3	501	72 210 395
5806	3	501	72 210 433
5807	3	501	72 222 248
5808	3	501	72 248 310
5809	3	501	72 288 362
5810	3	501	72 310 479
5811	3	501	72 316 319
5812	3	501	72 316 411
5813	3	501	72 319 367
5814	3	501	72 325 354
5815	3	501	72 354 362
5816	3	501	72 354 395
5817	3	501	72 354 489
5818	3	501	72 361 411
5819	3	501	72 395 479
5820	3	501	72 404 433
5821	3	501	72 411 433
5822	3	501	73 75 122
5823	3	501	73 75 354
5824	3	501	73 75 477
5825	3	501	73 75 488
5826	3	501	73 77 122
5827	3	501	73 77 157
5828	3	501	73 77 167
5829	3	501	73 77 238
5830	3	501	73 77 477
5831	3	501	73 122 167
5832	3	501	73 122 223
5833	3	501	73 122 299
5834	3	501	73 122 347
5835	3	501	73 122 446
5836	3	501	73 122 471
5837	3	501	73 128 164
5838	3	501	73 128 238
5839	3	501	73 128 354
5840	3	501	73 136 417
5841	3	501	73 136 471
5842	3	501	73 136 488
5843	3	501	73 157 251
5844	3	501	73 157 394
5845	3	501	73 163 245
5846	3	501	73 163 261
5847	3	501	73 163 393
5848	3	501	73 163 446
5849	3	501	73 165 167
5850	3	501	73 165 299
5851	3	501	73 165 337
5852	3	501	73 165 417
5853	3	501	73 165 482
5854	3	501	73 165 488
5855	3	501	73 167 295
5856	3	501	73 167 299
5857	3	501	73 167 312
5858	3	501	73 167 477
5859	3	501	73 223 413
5860	3	501	73 223 431
5861	3	501	73 223 476
5862	3	501	73 223 500
5863	3	501	73 245 312
5864	3	501	73 245 500
5865	3	501	73 251 343
5866	3	501	73 251 413
5867	3	501	73 251 488
5868	3	501	73 261 316
5869	3	501	73 261 393
5870	3	501	73 261 413
5871	3	501	73 295 312
5872	3	501	73 295 393
5873	3	501	73 299 312
5874	3	501	73 299 343
5875	3	501	73 299 477
5876	3	501	73 312 406
5877	3	501	73 337 413
5878	3	501	73 343 347
5879	3	501	73 343 354
5880	3	501	73 343 431
5881	3	501	73 343 477
5882	3	501	73 347 446
5883	3	501	73 393 476
5884	3	501	73 393 500
5885	3	501	73 394 417
5886	3	501	73 394 431
5887	3	501	73 406 446
5888	3	501	73 406 471
5889	3	501	73 406 476
5890	3	501	73 417 466
5891	3	501	73 446 471
5892	3	501	73 471 476
5893	3	501	73 471 477
5894	3	501	73 476 477
5895	3	501	73 476 488
5896	3	501	74 80 385
5897	3	501	74 80 405
5898	3	501	74 83 122
5899	3	501	74 83 221
5900	3	501	74 122 233
5901	3	501	74 122 385
5902	3	501	74 181 221
5903	3	501	74 181 314
5904	3	501	74 181 405
5905	3	501	74 181 477
5906	3	501	74 212 218
5907	3	501	74 212 291
5908	3	501	74 213 461
5909	3	501	74 218 258
5910	3	501	74 233 291
5911	3	501	74 233 472
5912	3	501	74 258 373
5913	3	501	74 289 329
5914	3	501	74 289 373
5915	3	501	74 289 385
5916	3	501	74 291 373
5917	3	501	74 292 445
5918	3	501	74 292 477
5919	3	501	74 295 373
5920	3	501	74 314 373
5921	3	501	74 314 472
5922	3	501	74 373 405
5923	3	501	74 405 480
5924	3	501	74 428 461
5925	3	501	74 445 477
5926	3	501	74 477 480
5927	3	501	75 86 192
5928	3	501	75 86 294
5929	3	501	75 86 372
5930	3	501	75 86 488
5931	3	501	75 89 354
5932	3	501	75 108 139
5933	3	501	75 108 183
5934	3	501	75 108 287
5935	3	501	75 108 372
5936	3	501	75 108 475
5937	3	501	75 122 192
5938	3	501	75 122 294
5939	3	501	75 122 355
5940	3	501	75 139 329
5941	3	501	75 139 354
5942	3	501	75 139 355
5943	3	501	75 139 449
5944	3	501	75 158 286
5945	3	501	75 158 292
5946	3	501	75 158 294
5947	3	501	75 183 372
5948	3	501	75 183 387
5949	3	501	75 183 488
5950	3	501	75 188 292
5951	3	501	75 192 221
5952	3	501	75 192 294
5953	3	501	75 192 305
5954	3	501	75 192 314
5955	3	501	75 199 286
5956	3	501	75 221 267
5957	3	501	75 221 305
5958	3	501	75 267 314
5959	3	501	75 267 372
5960	3	501	75 267 387
5961	3	501	75 286 314
5962	3	501	75 286 355
5963	3	501	75 287 329
5964	3	501	75 287 459
5965	3	501	75 292 449
5966	3	501	75 292 477
5967	3	501	75 294 387
5968	3	501	75 305 340
5969	3	501	75 305 355
5970	3	501	75 305 488
5971	3	501	75 314 459
5972	3	501	75 315 318
5973	3	501	75 318 340
5974	3	501	75 329 427
5975	3	501	75 354 459
5976	3	501	75 355 372
5977	3	501	75 387 475
5978	3	501	75 427 488
5979	3	501	76 80 163
5980	3	501	76 80 217
5981	3	501	76 83 219
5982	3	501	76 83 230
5983	3	501	76 83 355
5984	3	501	76 83 365
5985	3	501	76 92 351
5986	3	501	76 128 129
5987	3	501	76 129 355
5988	3	501	76 129 369
5989	3	501	76 129 481
5990	3	501	76 139 217
5991	3	501	76 139 355
5992	3	501	76 140 157
5993	3	501	76 153 157
5994	3	501	76 153 163
5995	3	501	76 153 351
5996	3	501	76 155 163
5997	3	501	76 157 230
5998	3	501	76 157 325
5999	3	501	76 163 325
6000	3	501	76 170 286
6001	3	501	76 170 334
6002	3	501	76 170 355
6003	3	501	76 170 362
6004	3	501	76 170 365
6005	3	501	76 170 366
6006	3	501	76 217 219
6007	3	501	76 217 458
6008	3	501	76 217 481
6009	3	501	76 219 223
6010	3	501	76 219 286
6011	3	501	76 219 338
6012	3	501	76 219 365
6013	3	501	76 230 325
6014	3	501	76 230 338
6015	3	501	76 230 368
6016	3	501	76 236 355
6017	3	501	76 243 334
6018	3	501	76 243 369
6019	3	501	76 265 355
6020	3	501	76 286 338
6021	3	501	76 286 355
6022	3	501	76 286 481
6023	3	501	76 334 366
6024	3	501	76 334 368
6025	3	501	76 338 366
6026	3	501	76 338 368
6027	3	501	76 351 362
6028	3	501	76 351 458
6029	3	501	76 355 458
6030	3	501	76 362 365
6031	3	501	76 365 458
6032	3	501	76 366 368
6033	3	501	76 366 369
6034	3	501	76 366 481
6035	3	501	77 79 110
6036	3	501	77 96 155
6037	3	501	77 96 202
6038	3	501	77 96 357
6039	3	501	77 99 157
6040	3	501	77 99 256
6041	3	501	77 99 496
6042	3	501	77 107 110
6043	3	501	77 107 202
6044	3	501	77 107 231
6045	3	501	77 110 167
6046	3	501	77 110 260
6047	3	501	77 110 335
6048	3	501	77 110 357
6049	3	501	77 110 396
6050	3	501	77 112 174
6051	3	501	77 112 249
6052	3	501	77 112 289
6053	3	501	77 112 328
6054	3	501	77 112 448
6055	3	501	77 122 155
6056	3	501	77 122 167
6057	3	501	77 122 294
6058	3	501	77 122 310
6059	3	501	77 122 335
6060	3	501	77 122 439
6061	3	501	77 155 289
6062	3	501	77 157 310
6063	3	501	77 157 314
6064	3	501	77 157 328
6065	3	501	77 157 480
6066	3	501	77 157 496
6067	3	501	77 167 314
6068	3	501	77 167 477
6069	3	501	77 174 250
6070	3	501	77 174 256
6071	3	501	77 174 298
6072	3	501	77 174 335
6073	3	501	77 174 345
6074	3	501	77 174 443
6075	3	501	77 193 298
6076	3	501	77 193 314
6077	3	501	77 202 256
6078	3	501	77 202 294
6079	3	501	77 202 310
6080	3	501	77 202 327
6081	3	501	77 202 328
6082	3	501	77 202 439
6083	3	501	77 202 448
6084	3	501	77 202 494
6085	3	501	77 218 357
6086	3	501	77 218 469
6087	3	501	77 231 439
6088	3	501	77 238 289
6089	3	501	77 238 294
6090	3	501	77 238 345
6091	3	501	77 238 496
6092	3	501	77 242 380
6093	3	501	77 246 455
6094	3	501	77 246 469
6095	3	501	77 249 335
6096	3	501	77 249 461
6097	3	501	77 250 335
6098	3	501	77 250 496
6099	3	501	77 256 294
6100	3	501	77 256 396
6101	3	501	77 256 439
6102	3	501	77 260 328
6103	3	501	77 289 310
6104	3	501	77 294 298
6105	3	501	77 298 439
6106	3	501	77 298 461
6107	3	501	77 310 314
6108	3	501	77 310 494
6109	3	501	77 314 335
6110	3	501	77 327 396
6111	3	501	77 328 335
6112	3	501	77 328 448
6113	3	501	77 357 396
6114	3	501	77 357 461
6115	3	501	77 396 448
6116	3	501	77 396 496
6117	3	501	77 443 477
6118	3	501	77 461 469
6119	3	501	77 469 494
6120	3	501	77 477 480
6121	3	501	77 480 496
6122	3	501	78 88 95
6123	3	501	78 88 163
6124	3	501	78 88 230
6125	3	501	78 90 162
6126	3	501	78 90 210
6127	3	501	78 90 223
6128	3	501	78 94 120
6129	3	501	78 94 455
6130	3	501	78 95 188
6131	3	501	78 95 322
6132	3	501	78 95 398
6133	3	501	78 95 446
6134	3	501	78 97 351
6135	3	501	78 97 455
6136	3	501	78 120 226
6137	3	501	78 120 313
6138	3	501	78 120 322
6139	3	501	78 120 330
6140	3	501	78 120 387
6141	3	501	78 129 137
6142	3	501	78 129 332
6143	3	501	78 129 449
6144	3	501	78 137 256
6145	3	501	78 137 313
6146	3	501	78 137 330
6147	3	501	78 137 459
6148	3	501	78 162 218
6149	3	501	78 162 281
6150	3	501	78 162 387
6151	3	501	78 162 432
6152	3	501	78 162 450
6153	3	501	78 163 225
6154	3	501	78 163 346
6155	3	501	78 163 393
6156	3	501	78 163 398
6157	3	501	78 163 446
6158	3	501	78 163 455
6159	3	501	78 170 366
6160	3	501	78 170 387
6161	3	501	78 170 436
6162	3	501	78 188 208
6163	3	501	78 188 398
6164	3	501	78 208 256
6165	3	501	78 208 436
6166	3	501	78 210 313
6167	3	501	78 210 398
6168	3	501	78 218 351
6169	3	501	78 225 387
6170	3	501	78 230 398
6171	3	501	78 230 436
6172	3	501	78 256 313
6173	3	501	78 260 281
6174	3	501	78 260 374
6175	3	501	78 281 322
6176	3	501	78 281 366
6177	3	501	78 281 449
6178	3	501	78 313 393
6179	3	501	78 322 351
6180	3	501	78 322 393
6181	3	501	78 322 450
6182	3	501	78 330 332
6183	3	501	78 330 351
6184	3	501	78 330 446
6185	3	501	78 330 450
6186	3	501	78 332 351
6187	3	501	78 346 387
6188	3	501	78 346 443
6189	3	501	78 346 450
6190	3	501	78 351 398
6191	3	501	78 351 432
6192	3	501	78 351 450
6193	3	501	78 366 434
6194	3	501	78 366 436
6195	3	501	78 366 450
6196	3	501	78 374 455
6197	3	501	78 387 432
6198	3	501	78 393 450
6199	3	501	78 398 434
6200	3	501	78 434 455
6201	3	501	78 436 446
6202	3	501	78 436 459
6203	3	501	78 446 455
6204	3	501	79 84 229
6205	3	501	79 84 334
6206	3	501	79 84 472
6207	3	501	79 84 491
6208	3	501	79 103 417
6209	3	501	79 103 437
6210	3	501	79 110 129
6211	3	501	79 110 150
6212	3	501	79 110 207
6213	3	501	79 116 208
6214	3	501	79 116 229
6215	3	501	79 116 393
6216	3	501	79 116 394
6217	3	501	79 116 430
6218	3	501	79 116 446
6219	3	501	79 116 491
6220	3	501	79 129 285
6221	3	501	79 149 491
6222	3	501	79 150 159
6223	3	501	79 150 394
6224	3	501	79 150 491
6225	3	501	79 152 393
6226	3	501	79 159 437
6227	3	501	79 159 470
6228	3	501	79 207 285
6229	3	501	79 208 394
6230	3	501	79 208 417
6231	3	501	79 208 437
6232	3	501	79 229 323
6233	3	501	79 229 464
6234	3	501	79 229 482
6235	3	501	79 230 464
6236	3	501	79 230 484
6237	3	501	79 285 394
6238	3	501	79 285 422
6239	3	501	79 285 437
6240	3	501	79 341 417
6241	3	501	79 341 457
6242	3	501	79 341 484
6243	3	501	79 394 417
6244	3	501	79 394 430
6245	3	501	79 417 472
6246	3	501	79 422 437
6247	3	501	79 430 484
6248	3	501	79 464 484
6249	3	501	79 482 484
6250	3	501	80 163 305
6251	3	501	80 163 446
6252	3	501	80 175 449
6253	3	501	80 183 320
6254	3	501	80 183 383
6255	3	501	80 183 385
6256	3	501	80 183 444
6257	3	501	80 200 312
6258	3	501	80 200 330
6259	3	501	80 200 454
6260	3	501	80 217 226
6261	3	501	80 217 239
6262	3	501	80 217 240
6263	3	501	80 226 312
6264	3	501	80 239 471
6265	3	501	80 240 471
6266	3	501	80 241 305
6267	3	501	80 253 288
6268	3	501	80 253 405
6269	3	501	80 253 424
6270	3	501	80 305 312
6271	3	501	80 305 471
6272	3	501	80 318 330
6273	3	501	80 320 385
6274	3	501	80 320 471
6275	3	501	80 330 446
6276	3	501	80 383 385
6277	3	501	80 385 446
6278	3	501	80 446 471
6279	3	501	81 93 132
6280	3	501	81 93 301
6281	3	501	81 93 334
6282	3	501	81 93 397
6283	3	501	81 93 441
6284	3	501	81 93 448
6285	3	501	81 93 455
6286	3	501	81 93 462
6287	3	501	81 94 324
6288	3	501	81 94 455
6289	3	501	81 100 130
6290	3	501	81 100 332
6291	3	501	81 110 132
6292	3	501	81 110 322
6293	3	501	81 110 329
6294	3	501	81 110 462
6295	3	501	81 114 263
6296	3	501	81 114 276
6297	3	501	81 114 329
6298	3	501	81 114 397
6299	3	501	81 128 164
6300	3	501	81 128 231
6301	3	501	81 128 313
6302	3	501	81 128 397
6303	3	501	81 128 398
6304	3	501	81 130 197
6305	3	501	81 130 262
6306	3	501	81 130 427
6307	3	501	81 130 441
6308	3	501	81 130 455
6309	3	501	81 130 462
6310	3	501	81 130 497
6311	3	501	81 132 217
6312	3	501	81 132 262
6313	3	501	81 164 253
6314	3	501	81 164 301
6315	3	501	81 197 324
6316	3	501	81 211 322
6317	3	501	81 211 324
6318	3	501	81 211 332
6319	3	501	81 211 398
6320	3	501	81 211 448
6321	3	501	81 217 397
6322	3	501	81 217 455
6323	3	501	81 217 468
6324	3	501	81 231 301
6325	3	501	81 249 253
6326	3	501	81 249 281
6327	3	501	81 249 324
6328	3	501	81 249 398
6329	3	501	81 253 276
6330	3	501	81 253 332
6331	3	501	81 253 337
6332	3	501	81 253 397
6333	3	501	81 262 324
6334	3	501	81 262 332
6335	3	501	81 263 324
6336	3	501	81 276 472
6337	3	501	81 276 497
6338	3	501	81 281 322
6339	3	501	81 281 324
6340	3	501	81 281 334
6341	3	501	81 281 462
6342	3	501	81 281 468
6343	3	501	81 301 313
6344	3	501	81 301 468
6345	3	501	81 301 472
6346	3	501	81 322 427
6347	3	501	81 324 462
6348	3	501	81 329 398
6349	3	501	81 329 427
6350	3	501	81 334 349
6351	3	501	81 337 397
6352	3	501	81 337 462
6353	3	501	81 349 455
6354	3	501	81 397 472
6355	3	501	81 427 448
6356	3	501	81 427 451
6357	3	501	81 427 497
6358	3	501	81 441 451
6359	3	501	82 87 277
6360	3	501	82 87 452
6361	3	501	82 94 159
6362	3	501	82 94 190
6363	3	501	82 133 356
6364	3	501	82 133 376
6365	3	501	82 133 398
6366	3	501	82 142 226
6367	3	501	82 142 277
6368	3	501	82 142 281
6369	3	501	82 142 389
6370	3	501	82 158 300
6371	3	501	82 159 281
6372	3	501	82 159 356
6373	3	501	82 187 226
6374	3	501	82 187 400
6375	3	501	82 190 277
6376	3	501	82 190 281
6377	3	501	82 190 386
6378	3	501	82 190 398
6379	3	501	82 190 465
6380	3	501	82 226 302
6381	3	501	82 277 465
6382	3	501	82 281 300
6383	3	501	82 281 323
6384	3	501	82 281 452
6385	3	501	82 282 363
6386	3	501	82 282 376
6387	3	501	82 300 398
6388	3	501	82 302 323
6389	3	501	82 323 389
6390	3	501	82 376 386
6391	3	501	83 86 91
6392	3	501	83 86 300
6393	3	501	83 86 313
6394	3	501	83 86 346
6395	3	501	83 86 412
6396	3	501	83 86 435
6397	3	501	83 91 185
6398	3	501	83 91 221
6399	3	501	83 91 376
6400	3	501	83 95 101
6401	3	501	83 95 127
6402	3	501	83 95 300
6403	3	501	83 101 116
6404	3	501	83 101 185
6405	3	501	83 101 239
6406	3	501	83 116 122
6407	3	501	83 116 136
6408	3	501	83 116 229
6409	3	501	83 116 342
6410	3	501	83 116 486
6411	3	501	83 122 156
6412	3	501	83 122 230
6413	3	501	83 122 283
6414	3	501	83 122 342
6415	3	501	83 122 355
6416	3	501	83 123 346
6417	3	501	83 123 376
6418	3	501	83 123 483
6419	3	501	83 127 172
6420	3	501	83 127 337
6421	3	501	83 136 172
6422	3	501	83 136 365
6423	3	501	83 142 143
6424	3	501	83 142 412
6425	3	501	83 143 225
6426	3	501	83 143 326
6427	3	501	83 143 349
6428	3	501	83 143 365
6429	3	501	83 152 172
6430	3	501	83 152 219
6431	3	501	83 152 283
6432	3	501	83 156 318
6433	3	501	83 156 337
6434	3	501	83 156 355
6435	3	501	83 172 313
6436	3	501	83 172 355
6437	3	501	83 185 221
6438	3	501	83 185 365
6439	3	501	83 185 486
6440	3	501	83 190 219
6441	3	501	83 190 486
6442	3	501	83 219 225
6443	3	501	83 219 326
6444	3	501	83 219 349
6445	3	501	83 219 365
6446	3	501	83 219 376
6447	3	501	83 219 483
6448	3	501	83 219 486
6449	3	501	83 221 326
6450	3	501	83 221 342
6451	3	501	83 225 318
6452	3	501	83 225 483
6453	3	501	83 229 318
6454	3	501	83 230 318
6455	3	501	83 283 326
6456	3	501	83 300 326
6457	3	501	83 326 412
6458	3	501	83 337 365
6459	3	501	83 342 349
6460	3	501	83 342 435
6461	3	501	83 349 376
6462	3	501	83 355 483
6463	3	501	83 365 412
6464	3	501	83 376 412
6465	3	501	83 376 435
6466	3	501	84 86 115
6467	3	501	84 86 372
6468	3	501	84 86 412
6469	3	501	84 86 447
6470	3	501	84 99 227
6471	3	501	84 99 233
6472	3	501	84 99 432
6473	3	501	84 102 365
6474	3	501	84 102 399
6475	3	501	84 102 432
6476	3	501	84 102 447
6477	3	501	84 115 244
6478	3	501	84 115 399
6479	3	501	84 115 412
6480	3	501	84 143 334
6481	3	501	84 143 365
6482	3	501	84 143 409
6483	3	501	84 143 436
6484	3	501	84 143 450
6485	3	501	84 143 466
6486	3	501	84 165 174
6487	3	501	84 166 385
6488	3	501	84 166 412
6489	3	501	84 171 345
6490	3	501	84 171 385
6491	3	501	84 171 412
6492	3	501	84 171 447
6493	3	501	84 174 265
6494	3	501	84 174 345
6495	3	501	84 201 227
6496	3	501	84 201 244
6497	3	501	84 201 395
6498	3	501	84 201 466
6499	3	501	84 201 485
6500	3	501	84 227 244
6501	3	501	84 227 318
6502	3	501	84 227 447
6503	3	501	84 227 485
6504	3	501	84 229 318
6505	3	501	84 229 399
6506	3	501	84 229 436
6507	3	501	84 233 409
6508	3	501	84 233 472
6509	3	501	84 240 472
6510	3	501	84 244 345
6511	3	501	84 244 399
6512	3	501	84 244 432
6513	3	501	84 244 436
6514	3	501	84 244 447
6515	3	501	84 265 395
6516	3	501	84 265 412
6517	3	501	84 265 436
6518	3	501	84 265 491
6519	3	501	84 288 447
6520	3	501	84 318 436
6521	3	501	84 334 372
6522	3	501	84 345 436
6523	3	501	84 365 412
6524	3	501	84 365 485
6525	3	501	84 365 491
6526	3	501	84 395 412
6527	3	501	84 399 412
6528	3	501	84 399 432
6529	3	501	84 399 491
6530	3	501	84 409 432
6531	3	501	84 409 485
6532	3	501	84 412 447
6533	3	501	84 436 491
6534	3	501	84 447 485
6535	3	501	86 88 321
6536	3	501	86 88 338
6537	3	501	86 88 372
6538	3	501	86 88 412
6539	3	501	86 91 275
6540	3	501	86 91 321
6541	3	501	86 91 383
6542	3	501	86 106 275
6543	3	501	86 106 300
6544	3	501	86 106 319
6545	3	501	86 106 397
6546	3	501	86 106 433
6547	3	501	86 114 192
6548	3	501	86 114 346
6549	3	501	86 114 397
6550	3	501	86 114 431
6551	3	501	86 115 216
6552	3	501	86 115 319
6553	3	501	86 115 412
6554	3	501	86 115 433
6555	3	501	86 115 488
6556	3	501	86 135 232
6557	3	501	86 135 279
6558	3	501	86 135 294
6559	3	501	86 135 319
6560	3	501	86 135 383
6561	3	501	86 135 412
6562	3	501	86 135 426
6563	3	501	86 135 433
6564	3	501	86 182 300
6565	3	501	86 182 372
6566	3	501	86 192 232
6567	3	501	86 192 294
6568	3	501	86 202 232
6569	3	501	86 202 294
6570	3	501	86 202 321
6571	3	501	86 202 426
6572	3	501	86 202 447
6573	3	501	86 216 431
6574	3	501	86 216 487
6575	3	501	86 216 488
6576	3	501	86 232 451
6577	3	501	86 234 488
6578	3	501	86 275 279
6579	3	501	86 275 300
6580	3	501	86 275 372
6581	3	501	86 275 467
6582	3	501	86 279 321
6583	3	501	86 279 374
6584	3	501	86 279 397
6585	3	501	86 294 313
6586	3	501	86 294 321
6587	3	501	86 294 378
6588	3	501	86 300 431
6589	3	501	86 300 487
6590	3	501	86 313 431
6591	3	501	86 313 488
6592	3	501	86 319 397
6593	3	501	86 321 397
6594	3	501	86 321 412
6595	3	501	86 321 451
6596	3	501	86 338 368
6597	3	501	86 368 378
6598	3	501	86 368 426
6599	3	501	86 368 435
6600	3	501	86 372 435
6601	3	501	86 374 487
6602	3	501	86 412 433
6603	3	501	86 412 447
6604	3	501	86 426 451
6605	3	501	86 426 467
6606	3	501	86 431 435
6607	3	501	86 435 451
6608	3	501	86 467 487
6609	3	501	87 130 175
6610	3	501	87 130 318
6611	3	501	87 161 292
6612	3	501	87 161 372
6613	3	501	87 161 410
6614	3	501	87 161 480
6615	3	501	87 171 292
6616	3	501	87 171 385
6617	3	501	87 171 412
6618	3	501	87 175 372
6619	3	501	87 175 450
6620	3	501	87 208 404
6621	3	501	87 208 410
6622	3	501	87 208 424
6623	3	501	87 210 424
6624	3	501	87 277 416
6625	3	501	87 318 333
6626	3	501	87 318 480
6627	3	501	87 372 480
6628	3	501	87 385 452
6629	3	501	87 404 412
6630	3	501	87 413 416
6631	3	501	87 413 480
6632	3	501	87 450 481
6633	3	501	88 93 95
6634	3	501	88 100 138
6635	3	501	88 100 440
6636	3	501	88 104 440
6637	3	501	88 122 230
6638	3	501	88 138 412
6639	3	501	88 141 230
6640	3	501	88 163 298
6641	3	501	88 163 325
6642	3	501	88 163 422
6643	3	501	88 175 372
6644	3	501	88 201 363
6645	3	501	88 207 267
6646	3	501	88 207 321
6647	3	501	88 230 325
6648	3	501	88 230 338
6649	3	501	88 267 363
6650	3	501	88 267 372
6651	3	501	88 295 298
6652	3	501	88 298 359
6653	3	501	88 298 372
6654	3	501	88 321 412
6655	3	501	88 338 500
6656	3	501	88 341 372
6657	3	501	88 349 500
6658	3	501	88 359 422
6659	3	501	88 412 440
6660	3	501	89 107 234
6661	3	501	89 107 394
6662	3	501	89 119 140
6663	3	501	89 119 240
6664	3	501	89 119 271
6665	3	501	89 119 289
6666	3	501	89 119 345
6667	3	501	89 119 471
6668	3	501	89 120 167
6669	3	501	89 120 234
6670	3	501	89 120 435
6671	3	501	89 140 308
6672	3	501	89 140 434
6673	3	501	89 140 489
6674	3	501	89 162 201
6675	3	501	89 162 281
6676	3	501	89 162 289
6677	3	501	89 167 462
6678	3	501	89 167 487
6679	3	501	89 201 466
6680	3	501	89 206 251
6681	3	501	89 206 289
6682	3	501	89 210 274
6683	3	501	89 234 258
6684	3	501	89 234 291
6685	3	501	89 234 463
6686	3	501	89 234 465
6687	3	501	89 234 466
6688	3	501	89 240 354
6689	3	501	89 240 471
6690	3	501	89 251 271
6691	3	501	89 251 345
6692	3	501	89 258 297
6693	3	501	89 258 308
6694	3	501	89 258 394
6695	3	501	89 258 489
6696	3	501	89 271 291
6697	3	501	89 271 435
6698	3	501	89 274 291
6699	3	501	89 281 462
6700	3	501	89 281 471
6701	3	501	89 281 500
6702	3	501	89 289 308
6703	3	501	89 289 394
6704	3	501	89 289 466
6705	3	501	89 289 487
6706	3	501	89 289 489
6707	3	501	89 291 423
6708	3	501	89 291 465
6709	3	501	89 297 308
6710	3	501	89 297 466
6711	3	501	89 297 489
6712	3	501	89 308 471
6713	3	501	89 354 489
6714	3	501	89 423 435
6715	3	501	89 423 463
6716	3	501	89 423 466
6717	3	501	89 423 489
6718	3	501	89 463 487
6719	3	501	89 465 487
6720	3	501	90 119 134
6721	3	501	90 119 224
6722	3	501	90 119 229
6723	3	501	90 119 240
6724	3	501	90 119 245
6725	3	501	90 134 201
6726	3	501	90 134 261
6727	3	501	90 134 264
6728	3	501	90 134 340
6729	3	501	90 138 210
6730	3	501	90 138 229
6731	3	501	90 138 234
6732	3	501	90 138 340
6733	3	501	90 138 412
6734	3	501	90 162 201
6735	3	501	90 162 232
6736	3	501	90 162 310
6737	3	501	90 165 310
6738	3	501	90 165 340
6739	3	501	90 210 222
6740	3	501	90 222 435
6741	3	501	90 223 232
6742	3	501	90 223 340
6743	3	501	90 224 229
6744	3	501	90 229 310
6745	3	501	90 232 359
6746	3	501	90 232 440
6747	3	501	90 234 264
6748	3	501	90 234 391
6749	3	501	90 240 278
6750	3	501	90 240 310
6751	3	501	90 240 440
6752	3	501	90 240 486
6753	3	501	90 245 340
6754	3	501	90 245 359
6755	3	501	90 261 480
6756	3	501	90 264 310
6757	3	501	90 278 435
6758	3	501	90 300 325
6759	3	501	90 310 391
6760	3	501	90 340 359
6761	3	501	90 371 486
6762	3	501	90 412 440
6763	3	501	90 412 496
6764	3	501	90 480 496
6765	3	501	90 486 491
6766	3	501	91 120 153
6767	3	501	91 120 166
6768	3	501	91 120 238
6769	3	501	91 126 128
6770	3	501	91 126 153
6771	3	501	91 126 406
6772	3	501	91 128 221
6773	3	501	91 128 238
6774	3	501	91 128 272
6775	3	501	91 128 321
6776	3	501	91 141 153
6777	3	501	91 141 185
6778	3	501	91 141 370
6779	3	501	91 141 395
6780	3	501	91 141 479
6781	3	501	91 153 312
6782	3	501	91 166 272
6783	3	501	91 166 480
6784	3	501	91 185 221
6785	3	501	91 185 244
6786	3	501	91 185 395
6787	3	501	91 185 468
6788	3	501	91 221 312
6789	3	501	91 221 406
6790	3	501	91 238 307
6791	3	501	91 238 470
6792	3	501	91 244 278
6793	3	501	91 244 312
6794	3	501	91 244 362
6795	3	501	91 244 468
6796	3	501	91 245 272
6797	3	501	91 245 312
6798	3	501	91 245 333
6799	3	501	91 245 376
6800	3	501	91 257 278
6801	3	501	91 257 470
6802	3	501	91 257 480
6803	3	501	91 272 275
6804	3	501	91 272 333
6805	3	501	91 272 370
6806	3	501	91 275 307
6807	3	501	91 275 466
6808	3	501	91 275 468
6809	3	501	91 278 307
6810	3	501	91 278 333
6811	3	501	91 307 383
6812	3	501	91 307 441
6813	3	501	91 312 376
6814	3	501	91 312 406
6815	3	501	91 321 395
6816	3	501	91 321 466
6817	3	501	91 325 333
6818	3	501	91 333 466
6819	3	501	91 370 395
6820	3	501	91 370 406
6821	3	501	91 370 470
6822	3	501	91 376 480
6823	3	501	91 383 468
6824	3	501	91 395 479
6825	3	501	91 441 491
6826	3	501	91 466 470
6827	3	501	91 470 480
6828	3	501	92 98 202
6829	3	501	92 101 149
6830	3	501	92 101 202
6831	3	501	92 101 389
6832	3	501	92 115 379
6833	3	501	92 134 161
6834	3	501	92 134 264
6835	3	501	92 149 231
6836	3	501	92 149 367
6837	3	501	92 149 389
6838	3	501	92 161 173
6839	3	501	92 161 354
6840	3	501	92 202 232
6841	3	501	92 202 293
6842	3	501	92 202 384
6843	3	501	92 202 391
6844	3	501	92 210 367
6845	3	501	92 231 232
6846	3	501	92 232 266
6847	3	501	92 232 472
6848	3	501	92 262 346
6849	3	501	92 262 379
6850	3	501	92 264 367
6851	3	501	92 264 385
6852	3	501	92 323 389
6853	3	501	92 354 384
6854	3	501	92 367 384
6855	3	501	93 95 132
6856	3	501	93 95 300
6857	3	501	93 95 333
6858	3	501	93 96 202
6859	3	501	93 132 296
6860	3	501	93 132 302
6861	3	501	93 133 448
6862	3	501	93 134 302
6863	3	501	93 134 308
6864	3	501	93 134 462
6865	3	501	93 140 171
6866	3	501	93 140 308
6867	3	501	93 140 397
6868	3	501	93 140 455
6869	3	501	93 171 199
6870	3	501	93 171 304
6871	3	501	93 171 447
6872	3	501	93 177 296
6873	3	501	93 177 308
6874	3	501	93 181 304
6875	3	501	93 181 334
6876	3	501	93 199 202
6877	3	501	93 199 447
6878	3	501	93 202 296
6879	3	501	93 202 333
6880	3	501	93 202 441
6881	3	501	93 202 447
6882	3	501	93 202 448
6883	3	501	93 243 296
6884	3	501	93 243 334
6885	3	501	93 251 300
6886	3	501	93 287 397
6887	3	501	93 287 441
6888	3	501	93 296 302
6889	3	501	93 296 308
6890	3	501	93 296 342
6891	3	501	93 296 396
6892	3	501	93 296 429
6893	3	501	93 296 462
6894	3	501	93 300 334
6895	3	501	93 301 365
6896	3	501	93 301 447
6897	3	501	93 302 346
6898	3	501	93 304 308
6899	3	501	93 333 346
6900	3	501	93 333 448
6901	3	501	93 333 462
6902	3	501	93 342 435
6903	3	501	93 365 396
6904	3	501	93 365 397
6905	3	501	93 396 447
6906	3	501	93 396 448
6907	3	501	93 397 400
6908	3	501	93 435 441
6909	3	501	93 441 447
6910	3	501	93 447 448
6911	3	501	94 120 150
6912	3	501	94 148 190
6913	3	501	94 148 267
6914	3	501	94 148 413
6915	3	501	94 150 159
6916	3	501	94 150 190
6917	3	501	94 150 243
6918	3	501	94 150 295
6919	3	501	94 150 480
6920	3	501	94 159 324
6921	3	501	94 159 342
6922	3	501	94 159 500
6923	3	501	94 171 350
6924	3	501	94 171 385
6925	3	501	94 171 487
6926	3	501	94 183 385
6927	3	501	94 183 399
6928	3	501	94 190 268
6929	3	501	94 243 268
6930	3	501	94 243 385
6931	3	501	94 267 487
6932	3	501	94 268 295
6933	3	501	94 268 298
6934	3	501	94 268 426
6935	3	501	94 268 455
6936	3	501	94 288 342
6937	3	501	94 294 298
6938	3	501	94 295 298
6939	3	501	94 295 312
6940	3	501	94 298 344
6941	3	501	94 312 487
6942	3	501	94 315 324
6943	3	501	94 324 350
6944	3	501	94 342 344
6945	3	501	94 342 399
6946	3	501	94 344 350
6947	3	501	94 344 399
6948	3	501	94 350 413
6949	3	501	94 413 480
6950	3	501	94 413 487
6951	3	501	95 98 233
6952	3	501	95 98 241
6953	3	501	95 98 416
6954	3	501	95 98 427
6955	3	501	95 101 188
6956	3	501	95 101 261
6957	3	501	95 101 446
6958	3	501	95 105 266
6959	3	501	95 105 371
6960	3	501	95 105 433
6961	3	501	95 105 466
6962	3	501	95 127 213
6963	3	501	95 127 241
6964	3	501	95 127 399
6965	3	501	95 127 416
6966	3	501	95 127 427
6967	3	501	95 127 430
6968	3	501	95 127 467
6969	3	501	95 132 203
6970	3	501	95 132 466
6971	3	501	95 188 237
6972	3	501	95 188 266
6973	3	501	95 188 371
6974	3	501	95 188 398
6975	3	501	95 188 467
6976	3	501	95 203 213
6977	3	501	95 203 264
6978	3	501	95 213 224
6979	3	501	95 213 237
6980	3	501	95 213 264
6981	3	501	95 213 322
6982	3	501	95 222 246
6983	3	501	95 224 241
6984	3	501	95 224 350
6985	3	501	95 224 399
6986	3	501	95 233 237
6987	3	501	95 233 430
6988	3	501	95 233 468
6989	3	501	95 237 300
6990	3	501	95 237 312
6991	3	501	95 237 322
6992	3	501	95 237 467
6993	3	501	95 241 324
6994	3	501	95 241 427
6995	3	501	95 241 433
6996	3	501	95 241 460
6997	3	501	95 246 371
6998	3	501	95 246 427
6999	3	501	95 246 446
7000	3	501	95 261 398
7001	3	501	95 261 399
7002	3	501	95 261 433
7003	3	501	95 264 333
7004	3	501	95 264 468
7005	3	501	95 266 371
7006	3	501	95 300 322
7007	3	501	95 300 324
7008	3	501	95 300 398
7009	3	501	95 300 399
7010	3	501	95 319 322
7011	3	501	95 319 466
7012	3	501	95 322 371
7013	3	501	95 322 427
7014	3	501	95 322 433
7015	3	501	95 324 350
7016	3	501	95 324 430
7017	3	501	95 333 466
7018	3	501	95 350 430
7019	3	501	95 399 430
7020	3	501	95 399 468
7021	3	501	95 427 430
7022	3	501	95 427 446
7023	3	501	95 433 468
7024	3	501	95 460 468
7025	3	501	96 108 207
7026	3	501	96 115 155
7027	3	501	96 115 217
7028	3	501	96 115 319
7029	3	501	96 115 357
7030	3	501	96 115 371
7031	3	501	96 115 403
7032	3	501	96 115 430
7033	3	501	96 126 155
7034	3	501	96 126 201
7035	3	501	96 126 240
7036	3	501	96 126 285
7037	3	501	96 155 163
7038	3	501	96 155 201
7039	3	501	96 155 291
7040	3	501	96 163 285
7041	3	501	96 163 378
7042	3	501	96 163 403
7043	3	501	96 163 485
7044	3	501	96 173 403
7045	3	501	96 173 487
7046	3	501	96 201 275
7047	3	501	96 201 417
7048	3	501	96 201 485
7049	3	501	96 202 391
7050	3	501	96 202 452
7051	3	501	96 207 285
7052	3	501	96 217 240
7053	3	501	96 217 344
7054	3	501	96 217 378
7055	3	501	96 240 344
7056	3	501	96 240 430
7057	3	501	96 240 452
7058	3	501	96 240 472
7059	3	501	96 274 291
7060	3	501	96 274 485
7061	3	501	96 275 322
7062	3	501	96 275 485
7063	3	501	96 285 357
7064	3	501	96 285 391
7065	3	501	96 286 452
7066	3	501	96 291 378
7067	3	501	96 291 391
7068	3	501	96 291 417
7069	3	501	96 319 322
7070	3	501	96 322 357
7071	3	501	96 322 371
7072	3	501	96 357 391
7073	3	501	96 391 417
7074	3	501	96 403 430
7075	3	501	96 403 487
7076	3	501	96 417 472
7077	3	501	96 430 484
7078	3	501	97 104 116
7079	3	501	97 104 279
7080	3	501	97 104 287
7081	3	501	97 104 489
7082	3	501	97 110 167
7083	3	501	97 110 335
7084	3	501	97 110 357
7085	3	501	97 116 234
7086	3	501	97 116 372
7087	3	501	97 116 486
7088	3	501	97 128 279
7089	3	501	97 128 287
7090	3	501	97 138 234
7091	3	501	97 138 287
7092	3	501	97 138 351
7093	3	501	97 138 489
7094	3	501	97 153 271
7095	3	501	97 153 351
7096	3	501	97 153 489
7097	3	501	97 160 455
7098	3	501	97 160 467
7099	3	501	97 160 483
7100	3	501	97 160 486
7101	3	501	97 167 483
7102	3	501	97 234 287
7103	3	501	97 234 455
7104	3	501	97 271 467
7105	3	501	97 287 489
7106	3	501	97 308 325
7107	3	501	97 308 359
7108	3	501	97 308 372
7109	3	501	97 308 467
7110	3	501	97 308 486
7111	3	501	97 351 357
7112	3	501	97 351 362
7113	3	501	97 351 429
7114	3	501	97 357 362
7115	3	501	97 357 429
7116	3	501	97 357 489
7117	3	501	97 359 455
7118	3	501	97 362 467
7119	3	501	97 372 486
7120	3	501	97 372 489
7121	3	501	97 455 467
7122	3	501	98 102 260
7123	3	501	98 102 432
7124	3	501	98 104 233
7125	3	501	98 104 406
7126	3	501	98 156 169
7127	3	501	98 156 318
7128	3	501	98 156 364
7129	3	501	98 157 206
7130	3	501	98 169 295
7131	3	501	98 202 219
7132	3	501	98 202 282
7133	3	501	98 202 318
7134	3	501	98 202 426
7135	3	501	98 202 432
7136	3	501	98 207 233
7137	3	501	98 209 229
7138	3	501	98 209 380
7139	3	501	98 209 432
7140	3	501	98 211 380
7141	3	501	98 219 260
7142	3	501	98 219 364
7143	3	501	98 219 380
7144	3	501	98 229 318
7145	3	501	98 233 353
7146	3	501	98 233 380
7147	3	501	98 233 426
7148	3	501	98 241 427
7149	3	501	98 260 281
7150	3	501	98 260 318
7151	3	501	98 260 406
7152	3	501	98 281 380
7153	3	501	98 282 469
7154	3	501	98 295 357
7155	3	501	98 295 432
7156	3	501	98 353 426
7157	3	501	98 353 469
7158	3	501	98 357 432
7159	3	501	98 364 380
7160	3	501	98 405 432
7161	3	501	98 406 416
7162	3	501	98 432 469
7163	3	501	99 103 232
7164	3	501	99 103 256
7165	3	501	99 103 367
7166	3	501	99 103 417
7167	3	501	99 103 488
7168	3	501	99 121 209
7169	3	501	99 121 417
7170	3	501	99 121 423
7171	3	501	99 121 441
7172	3	501	99 121 488
7173	3	501	99 121 496
7174	3	501	99 121 500
7175	3	501	99 123 297
7176	3	501	99 123 417
7177	3	501	99 123 441
7178	3	501	99 134 148
7179	3	501	99 134 264
7180	3	501	99 134 302
7181	3	501	99 134 457
7182	3	501	99 148 233
7183	3	501	99 148 367
7184	3	501	99 148 383
7185	3	501	99 157 297
7186	3	501	99 157 325
7187	3	501	99 157 394
7188	3	501	99 157 423
7189	3	501	99 157 496
7190	3	501	99 164 302
7191	3	501	99 182 364
7192	3	501	99 182 417
7193	3	501	99 182 441
7194	3	501	99 182 457
7195	3	501	99 182 496
7196	3	501	99 209 367
7197	3	501	99 209 432
7198	3	501	99 223 232
7199	3	501	99 223 500
7200	3	501	99 227 364
7201	3	501	99 227 496
7202	3	501	99 232 297
7203	3	501	99 243 268
7204	3	501	99 243 364
7205	3	501	99 243 383
7206	3	501	99 256 297
7207	3	501	99 257 423
7208	3	501	99 264 364
7209	3	501	99 264 367
7210	3	501	99 264 394
7211	3	501	99 264 457
7212	3	501	99 268 394
7213	3	501	99 268 423
7214	3	501	99 268 433
7215	3	501	99 297 302
7216	3	501	99 297 364
7217	3	501	99 297 496
7218	3	501	99 302 383
7219	3	501	99 302 500
7220	3	501	99 324 367
7221	3	501	99 324 432
7222	3	501	99 324 457
7223	3	501	99 324 488
7224	3	501	99 325 488
7225	3	501	99 394 417
7226	3	501	99 394 432
7227	3	501	99 400 417
7228	3	501	99 400 488
7229	3	501	99 411 423
7230	3	501	99 411 433
7231	3	501	99 411 457
7232	3	501	99 417 432
7233	3	501	99 432 496
7234	3	501	100 119 289
7235	3	501	100 119 384
7236	3	501	100 119 469
7237	3	501	100 119 477
7238	3	501	100 130 458
7239	3	501	100 138 241
7240	3	501	100 138 477
7241	3	501	100 148 218
7242	3	501	100 148 387
7243	3	501	100 148 440
7244	3	501	100 148 458
7245	3	501	100 167 332
7246	3	501	100 167 477
7247	3	501	100 171 440
7248	3	501	100 173 203
7249	3	501	100 203 209
7250	3	501	100 203 477
7251	3	501	100 208 209
7252	3	501	100 208 384
7253	3	501	100 209 356
7254	3	501	100 218 469
7255	3	501	100 241 460
7256	3	501	100 332 458
7257	3	501	100 332 460
7258	3	501	100 332 494
7259	3	501	100 346 387
7260	3	501	100 346 454
7261	3	501	100 346 460
7262	3	501	100 346 494
7263	3	501	100 356 384
7264	3	501	100 384 396
7265	3	501	100 384 426
7266	3	501	100 384 494
7267	3	501	100 396 440
7268	3	501	100 426 440
7269	3	501	100 426 454
7270	3	501	100 440 477
7271	3	501	100 454 460
7272	3	501	100 460 494
7273	3	501	100 469 494
7274	3	501	101 102 114
7275	3	501	101 102 183
7276	3	501	101 102 188
7277	3	501	101 102 446
7278	3	501	101 102 464
7279	3	501	101 106 308
7280	3	501	101 114 244
7281	3	501	101 116 238
7282	3	501	101 116 446
7283	3	501	101 124 239
7284	3	501	101 124 250
7285	3	501	101 124 320
7286	3	501	101 124 434
7287	3	501	101 145 149
7288	3	501	101 145 159
7289	3	501	101 145 185
7290	3	501	101 145 238
7291	3	501	101 145 250
7292	3	501	101 145 320
7293	3	501	101 145 434
7294	3	501	101 149 185
7295	3	501	101 149 239
7296	3	501	101 149 244
7297	3	501	101 149 308
7298	3	501	101 149 357
7299	3	501	101 149 389
7300	3	501	101 150 159
7301	3	501	101 150 243
7302	3	501	101 150 330
7303	3	501	101 150 462
7304	3	501	101 150 480
7305	3	501	101 159 356
7306	3	501	101 183 320
7307	3	501	101 183 404
7308	3	501	101 183 423
7309	3	501	101 183 464
7310	3	501	101 185 243
7311	3	501	101 185 244
7312	3	501	101 185 423
7313	3	501	101 188 308
7314	3	501	101 188 462
7315	3	501	101 201 244
7316	3	501	101 201 250
7317	3	501	101 202 320
7318	3	501	101 202 494
7319	3	501	101 238 243
7320	3	501	101 238 330
7321	3	501	101 238 404
7322	3	501	101 239 434
7323	3	501	101 243 250
7324	3	501	101 243 261
7325	3	501	101 243 291
7326	3	501	101 243 303
7327	3	501	101 243 330
7328	3	501	101 244 465
7329	3	501	101 244 494
7330	3	501	101 250 291
7331	3	501	101 261 465
7332	3	501	101 261 480
7333	3	501	101 291 356
7334	3	501	101 291 404
7335	3	501	101 291 423
7336	3	501	101 291 446
7337	3	501	101 291 465
7338	3	501	101 303 330
7339	3	501	101 303 356
7340	3	501	101 303 494
7341	3	501	101 308 320
7342	3	501	101 320 465
7343	3	501	101 330 446
7344	3	501	101 330 480
7345	3	501	101 356 464
7346	3	501	101 356 480
7347	3	501	101 357 464
7348	3	501	101 389 446
7349	3	501	101 389 464
7350	3	501	101 389 494
7351	3	501	101 462 494
7352	3	501	101 464 465
7353	3	501	102 105 294
7354	3	501	102 140 175
7355	3	501	102 140 455
7356	3	501	102 175 228
7357	3	501	102 175 447
7358	3	501	102 183 260
7359	3	501	102 183 399
7360	3	501	102 183 400
7361	3	501	102 183 432
7362	3	501	102 183 464
7363	3	501	102 188 292
7364	3	501	102 188 479
7365	3	501	102 188 500
7366	3	501	102 216 301
7367	3	501	102 216 400
7368	3	501	102 216 432
7369	3	501	102 216 446
7370	3	501	102 228 269
7371	3	501	102 260 399
7372	3	501	102 260 500
7373	3	501	102 267 464
7374	3	501	102 269 464
7375	3	501	102 269 479
7376	3	501	102 286 432
7377	3	501	102 292 399
7378	3	501	102 301 365
7379	3	501	102 301 447
7380	3	501	102 301 464
7381	3	501	102 301 479
7382	3	501	102 399 432
7383	3	501	102 400 479
7384	3	501	102 446 447
7385	3	501	102 446 455
7386	3	501	103 109 127
7387	3	501	103 109 318
7388	3	501	103 109 410
7389	3	501	103 127 172
7390	3	501	103 172 234
7391	3	501	103 172 436
7392	3	501	103 177 245
7393	3	501	103 204 437
7394	3	501	103 218 318
7395	3	501	103 218 437
7396	3	501	103 232 359
7397	3	501	103 232 437
7398	3	501	103 234 256
7399	3	501	103 234 350
7400	3	501	103 234 367
7401	3	501	103 234 488
7402	3	501	103 245 288
7403	3	501	103 245 359
7404	3	501	103 245 386
7405	3	501	103 245 436
7406	3	501	103 256 350
7407	3	501	103 256 395
7408	3	501	103 318 350
7409	3	501	103 318 386
7410	3	501	103 318 436
7411	3	501	103 367 437
7412	3	501	103 386 410
7413	3	501	103 424 436
7414	3	501	104 112 373
7415	3	501	104 112 464
7416	3	501	104 116 395
7417	3	501	104 116 406
7418	3	501	104 119 305
7419	3	501	104 119 459
7420	3	501	104 119 464
7421	3	501	104 130 242
7422	3	501	104 130 287
7423	3	501	104 192 225
7424	3	501	104 192 242
7425	3	501	104 192 302
7426	3	501	104 192 305
7427	3	501	104 192 389
7428	3	501	104 193 354
7429	3	501	104 193 472
7430	3	501	104 225 233
7431	3	501	104 225 464
7432	3	501	104 233 242
7433	3	501	104 233 326
7434	3	501	104 233 440
7435	3	501	104 233 459
7436	3	501	104 233 472
7437	3	501	104 233 489
7438	3	501	104 242 279
7439	3	501	104 242 459
7440	3	501	104 242 472
7441	3	501	104 242 479
7442	3	501	104 274 287
7443	3	501	104 274 440
7444	3	501	104 274 479
7445	3	501	104 279 307
7446	3	501	104 279 395
7447	3	501	104 279 472
7448	3	501	104 287 459
7449	3	501	104 287 472
7450	3	501	104 287 489
7451	3	501	104 302 313
7452	3	501	104 302 479
7453	3	501	104 307 326
7454	3	501	104 307 459
7455	3	501	104 326 475
7456	3	501	104 334 475
7457	3	501	104 354 395
7458	3	501	104 354 403
7459	3	501	104 354 459
7460	3	501	104 354 489
7461	3	501	104 361 472
7462	3	501	104 373 395
7463	3	501	104 373 459
7464	3	501	104 389 464
7465	3	501	104 395 475
7466	3	501	104 395 479
7467	3	501	104 403 479
7468	3	501	104 436 459
7469	3	501	104 464 489
7470	3	501	104 475 479
7471	3	501	105 134 161
7472	3	501	105 134 218
7473	3	501	105 134 307
7474	3	501	105 134 439
7475	3	501	105 138 276
7476	3	501	105 138 287
7477	3	501	105 138 351
7478	3	501	105 138 437
7479	3	501	105 161 303
7480	3	501	105 161 485
7481	3	501	105 162 197
7482	3	501	105 162 218
7483	3	501	105 162 311
7484	3	501	105 162 485
7485	3	501	105 185 287
7486	3	501	105 185 351
7487	3	501	105 185 423
7488	3	501	105 186 294
7489	3	501	105 197 311
7490	3	501	105 218 266
7491	3	501	105 218 351
7492	3	501	105 218 423
7493	3	501	105 218 437
7494	3	501	105 257 311
7495	3	501	105 257 423
7496	3	501	105 257 485
7497	3	501	105 266 294
7498	3	501	105 266 371
7499	3	501	105 276 303
7500	3	501	105 276 439
7501	3	501	105 276 453
7502	3	501	105 285 422
7503	3	501	105 285 429
7504	3	501	105 285 437
7505	3	501	105 285 461
7506	3	501	105 287 495
7507	3	501	105 288 380
7508	3	501	105 288 384
7509	3	501	105 288 476
7510	3	501	105 294 325
7511	3	501	105 303 325
7512	3	501	105 303 384
7513	3	501	105 303 495
7514	3	501	105 307 311
7515	3	501	105 307 351
7516	3	501	105 307 439
7517	3	501	105 311 371
7518	3	501	105 311 380
7519	3	501	105 311 466
7520	3	501	105 325 380
7521	3	501	105 325 495
7522	3	501	105 351 429
7523	3	501	105 371 422
7524	3	501	105 371 443
7525	3	501	105 380 384
7526	3	501	105 380 429
7527	3	501	105 380 476
7528	3	501	105 422 423
7529	3	501	105 422 437
7530	3	501	105 423 466
7531	3	501	105 423 476
7532	3	501	105 433 437
7533	3	501	105 437 439
7534	3	501	105 437 461
7535	3	501	105 437 495
7536	3	501	105 439 453
7537	3	501	105 461 476
7538	3	501	106 108 123
7539	3	501	106 123 169
7540	3	501	106 123 274
7541	3	501	106 123 319
7542	3	501	106 128 129
7543	3	501	106 128 209
7544	3	501	106 128 298
7545	3	501	106 128 397
7546	3	501	106 129 169
7547	3	501	106 148 237
7548	3	501	106 148 482
7549	3	501	106 156 169
7550	3	501	106 156 298
7551	3	501	106 156 472
7552	3	501	106 163 298
7553	3	501	106 169 472
7554	3	501	106 208 209
7555	3	501	106 208 274
7556	3	501	106 209 229
7557	3	501	106 209 237
7558	3	501	106 209 319
7559	3	501	106 229 237
7560	3	501	106 229 310
7561	3	501	106 229 482
7562	3	501	106 237 300
7563	3	501	106 237 310
7564	3	501	106 246 274
7565	3	501	106 249 319
7566	3	501	106 249 433
7567	3	501	106 275 300
7568	3	501	106 275 310
7569	3	501	106 275 468
7570	3	501	106 277 397
7571	3	501	106 308 319
7572	3	501	106 308 468
7573	3	501	106 310 468
7574	3	501	106 310 472
7575	3	501	106 319 397
7576	3	501	106 347 397
7577	3	501	106 397 472
7578	3	501	106 433 468
7579	3	501	107 110 233
7580	3	501	107 110 315
7581	3	501	107 110 330
7582	3	501	107 110 384
7583	3	501	107 126 282
7584	3	501	107 126 315
7585	3	501	107 126 369
7586	3	501	107 130 315
7587	3	501	107 130 427
7588	3	501	107 134 200
7589	3	501	107 134 386
7590	3	501	107 169 189
7591	3	501	107 169 394
7592	3	501	107 189 234
7593	3	501	107 189 453
7594	3	501	107 200 324
7595	3	501	107 200 330
7596	3	501	107 200 476
7597	3	501	107 202 282
7598	3	501	107 202 324
7599	3	501	107 202 384
7600	3	501	107 202 476
7601	3	501	107 204 231
7602	3	501	107 204 324
7603	3	501	107 204 476
7604	3	501	107 228 386
7605	3	501	107 228 476
7606	3	501	107 233 353
7607	3	501	107 233 386
7608	3	501	107 233 430
7609	3	501	107 234 315
7610	3	501	107 234 430
7611	3	501	107 234 449
7612	3	501	107 277 315
7613	3	501	107 277 430
7614	3	501	107 282 430
7615	3	501	107 303 330
7616	3	501	107 303 353
7617	3	501	107 303 369
7618	3	501	107 303 384
7619	3	501	107 303 399
7620	3	501	107 303 427
7621	3	501	107 303 430
7622	3	501	107 315 324
7623	3	501	107 315 453
7624	3	501	107 324 430
7625	3	501	107 330 399
7626	3	501	107 353 369
7627	3	501	107 353 453
7628	3	501	107 369 384
7629	3	501	107 384 386
7630	3	501	107 384 430
7631	3	501	107 386 394
7632	3	501	107 394 430
7633	3	501	107 399 430
7634	3	501	107 427 430
7635	3	501	107 427 453
7636	3	501	107 430 453
7637	3	501	108 114 287
7638	3	501	108 114 384
7639	3	501	108 116 366
7640	3	501	108 116 372
7641	3	501	108 116 395
7642	3	501	108 123 460
7643	3	501	108 123 475
7644	3	501	108 132 423
7645	3	501	108 132 470
7646	3	501	108 137 423
7647	3	501	108 137 451
7648	3	501	108 139 435
7649	3	501	108 139 469
7650	3	501	108 139 470
7651	3	501	108 149 175
7652	3	501	108 149 231
7653	3	501	108 150 395
7654	3	501	108 150 475
7655	3	501	108 175 372
7656	3	501	108 175 384
7657	3	501	108 176 189
7658	3	501	108 176 384
7659	3	501	108 176 470
7660	3	501	108 183 372
7661	3	501	108 183 384
7662	3	501	108 183 423
7663	3	501	108 189 460
7664	3	501	108 189 469
7665	3	501	108 197 365
7666	3	501	108 197 469
7667	3	501	108 207 287
7668	3	501	108 287 481
7669	3	501	108 366 451
7670	3	501	108 366 481
7671	3	501	108 372 423
7672	3	501	108 372 435
7673	3	501	108 372 470
7674	3	501	108 395 469
7675	3	501	108 395 475
7676	3	501	108 395 481
7677	3	501	108 409 423
7678	3	501	108 409 451
7679	3	501	108 423 435
7680	3	501	108 435 451
7681	3	501	108 451 469
7682	3	501	108 451 481
7683	3	501	109 127 207
7684	3	501	109 127 399
7685	3	501	109 127 447
7686	3	501	109 128 183
7687	3	501	109 152 174
7688	3	501	109 152 199
7689	3	501	109 152 219
7690	3	501	109 152 320
7691	3	501	109 152 410
7692	3	501	109 152 443
7693	3	501	109 152 453
7694	3	501	109 152 468
7695	3	501	109 165 174
7696	3	501	109 165 243
7697	3	501	109 165 319
7698	3	501	109 174 188
7699	3	501	109 174 199
7700	3	501	109 174 296
7701	3	501	109 174 443
7702	3	501	109 180 233
7703	3	501	109 180 296
7704	3	501	109 180 332
7705	3	501	109 180 413
7706	3	501	109 183 320
7707	3	501	109 183 399
7708	3	501	109 183 410
7709	3	501	109 187 188
7710	3	501	109 199 447
7711	3	501	109 207 233
7712	3	501	109 207 410
7713	3	501	109 216 318
7714	3	501	109 216 332
7715	3	501	109 216 413
7716	3	501	109 219 373
7717	3	501	109 219 453
7718	3	501	109 219 460
7719	3	501	109 233 296
7720	3	501	109 233 410
7721	3	501	109 233 468
7722	3	501	109 243 261
7723	3	501	109 243 268
7724	3	501	109 243 296
7725	3	501	109 243 330
7726	3	501	109 243 373
7727	3	501	109 243 460
7728	3	501	109 261 399
7729	3	501	109 261 413
7730	3	501	109 261 458
7731	3	501	109 261 480
7732	3	501	109 268 332
7733	3	501	109 268 410
7734	3	501	109 268 460
7735	3	501	109 268 469
7736	3	501	109 296 460
7737	3	501	109 318 330
7738	3	501	109 318 480
7739	3	501	109 319 373
7740	3	501	109 320 332
7741	3	501	109 320 410
7742	3	501	109 330 332
7743	3	501	109 330 399
7744	3	501	109 330 480
7745	3	501	109 332 399
7746	3	501	109 332 453
7747	3	501	109 332 458
7748	3	501	109 332 460
7749	3	501	109 373 399
7750	3	501	109 399 468
7751	3	501	109 410 447
7752	3	501	109 413 480
7753	3	501	109 447 458
7754	3	501	109 447 480
7755	3	501	109 460 468
7756	3	501	109 468 469
7757	3	501	110 124 207
7758	3	501	110 124 329
7759	3	501	110 129 190
7760	3	501	110 129 396
7761	3	501	110 129 404
7762	3	501	110 129 462
7763	3	501	110 129 488
7764	3	501	110 132 296
7765	3	501	110 132 335
7766	3	501	110 132 436
7767	3	501	110 150 190
7768	3	501	110 150 296
7769	3	501	110 150 330
7770	3	501	110 150 396
7771	3	501	110 150 462
7772	3	501	110 150 479
7773	3	501	110 156 167
7774	3	501	110 156 354
7775	3	501	110 156 404
7776	3	501	110 167 207
7777	3	501	110 167 315
7778	3	501	110 167 462
7779	3	501	110 190 403
7780	3	501	110 190 436
7781	3	501	110 190 465
7782	3	501	110 190 479
7783	3	501	110 199 377
7784	3	501	110 207 233
7785	3	501	110 207 329
7786	3	501	110 207 354
7787	3	501	110 222 260
7788	3	501	110 222 403
7789	3	501	110 222 435
7790	3	501	110 222 452
7791	3	501	110 222 488
7792	3	501	110 224 315
7793	3	501	110 224 329
7794	3	501	110 224 452
7795	3	501	110 233 296
7796	3	501	110 233 465
7797	3	501	110 240 329
7798	3	501	110 240 354
7799	3	501	110 240 452
7800	3	501	110 258 330
7801	3	501	110 258 357
7802	3	501	110 258 488
7803	3	501	110 260 465
7804	3	501	110 296 377
7805	3	501	110 296 396
7806	3	501	110 296 462
7807	3	501	110 315 452
7808	3	501	110 322 357
7809	3	501	110 322 404
7810	3	501	110 322 465
7811	3	501	110 329 357
7812	3	501	110 329 404
7813	3	501	110 329 479
7814	3	501	110 330 354
7815	3	501	110 354 384
7816	3	501	110 354 403
7817	3	501	110 357 396
7818	3	501	110 357 432
7819	3	501	110 357 479
7820	3	501	110 377 404
7821	3	501	110 377 436
7822	3	501	110 383 404
7823	3	501	110 383 436
7824	3	501	110 383 465
7825	3	501	110 384 396
7826	3	501	110 384 452
7827	3	501	110 396 452
7828	3	501	110 403 465
7829	3	501	110 403 479
7830	3	501	110 404 412
7831	3	501	110 412 479
7832	3	501	110 462 488
7833	3	501	112 115 373
7834	3	501	112 115 379
7835	3	501	112 115 413
7836	3	501	112 133 328
7837	3	501	112 133 448
7838	3	501	112 136 175
7839	3	501	112 136 296
7840	3	501	112 136 328
7841	3	501	112 145 160
7842	3	501	112 145 175
7843	3	501	112 145 267
7844	3	501	112 145 468
7845	3	501	112 160 175
7846	3	501	112 160 296
7847	3	501	112 160 464
7848	3	501	112 174 296
7849	3	501	112 174 350
7850	3	501	112 174 364
7851	3	501	112 175 384
7852	3	501	112 227 344
7853	3	501	112 227 364
7854	3	501	112 249 426
7855	3	501	112 249 464
7856	3	501	112 257 373
7857	3	501	112 257 482
7858	3	501	112 267 289
7859	3	501	112 267 464
7860	3	501	112 267 468
7861	3	501	112 289 344
7862	3	501	112 289 373
7863	3	501	112 289 466
7864	3	501	112 296 350
7865	3	501	112 296 462
7866	3	501	112 328 373
7867	3	501	112 328 448
7868	3	501	112 337 404
7869	3	501	112 337 413
7870	3	501	112 337 462
7871	3	501	112 341 373
7872	3	501	112 341 379
7873	3	501	112 341 462
7874	3	501	112 341 468
7875	3	501	112 344 350
7876	3	501	112 344 364
7877	3	501	112 350 413
7878	3	501	112 364 373
7879	3	501	112 364 462
7880	3	501	112 364 468
7881	3	501	112 364 482
7882	3	501	112 373 462
7883	3	501	112 379 448
7884	3	501	112 384 426
7885	3	501	112 404 426
7886	3	501	112 426 466
7887	3	501	112 464 466
7888	3	501	114 119 268
7889	3	501	114 119 276
7890	3	501	114 119 289
7891	3	501	114 119 345
7892	3	501	114 119 384
7893	3	501	114 119 439
7894	3	501	114 136 244
7895	3	501	114 136 276
7896	3	501	114 136 296
7897	3	501	114 136 397
7898	3	501	114 152 174
7899	3	501	114 152 199
7900	3	501	114 152 439
7901	3	501	114 166 268
7902	3	501	114 166 296
7903	3	501	114 166 364
7904	3	501	114 166 397
7905	3	501	114 174 199
7906	3	501	114 174 296
7907	3	501	114 174 345
7908	3	501	114 174 364
7909	3	501	114 174 397
7910	3	501	114 177 296
7911	3	501	114 192 263
7912	3	501	114 192 268
7913	3	501	114 192 302
7914	3	501	114 192 342
7915	3	501	114 199 364
7916	3	501	114 244 287
7917	3	501	114 244 345
7918	3	501	114 244 384
7919	3	501	114 244 431
7920	3	501	114 244 439
7921	3	501	114 263 268
7922	3	501	114 263 384
7923	3	501	114 268 287
7924	3	501	114 268 289
7925	3	501	114 268 346
7926	3	501	114 268 431
7927	3	501	114 276 430
7928	3	501	114 276 439
7929	3	501	114 287 329
7930	3	501	114 287 397
7931	3	501	114 287 489
7932	3	501	114 289 299
7933	3	501	114 289 329
7934	3	501	114 289 489
7935	3	501	114 296 302
7936	3	501	114 296 342
7937	3	501	114 296 439
7938	3	501	114 299 302
7939	3	501	114 302 329
7940	3	501	114 302 346
7941	3	501	114 364 430
7942	3	501	114 384 430
7943	3	501	114 397 439
7944	3	501	114 397 476
7945	3	501	114 416 476
7946	3	501	114 416 489
7947	3	501	115 152 199
7948	3	501	115 152 304
7949	3	501	115 152 439
7950	3	501	115 152 453
7951	3	501	115 155 162
7952	3	501	115 155 216
7953	3	501	115 155 379
7954	3	501	115 187 379
7955	3	501	115 187 441
7956	3	501	115 216 217
7957	3	501	115 216 359
7958	3	501	115 216 371
7959	3	501	115 216 413
7960	3	501	115 216 430
7961	3	501	115 216 439
7962	3	501	115 216 488
7963	3	501	115 217 278
7964	3	501	115 217 304
7965	3	501	115 217 413
7966	3	501	115 223 357
7967	3	501	115 223 413
7968	3	501	115 225 430
7969	3	501	115 225 441
7970	3	501	115 242 244
7971	3	501	115 244 278
7972	3	501	115 244 399
7973	3	501	115 244 403
7974	3	501	115 244 433
7975	3	501	115 244 439
7976	3	501	115 278 304
7977	3	501	115 319 373
7978	3	501	115 357 379
7979	3	501	115 359 453
7980	3	501	115 373 399
7981	3	501	115 379 430
7982	3	501	115 399 403
7983	3	501	115 399 412
7984	3	501	115 399 430
7985	3	501	115 403 430
7986	3	501	115 412 433
7987	3	501	115 427 430
7988	3	501	115 427 453
7989	3	501	115 427 488
7990	3	501	115 430 453
7991	3	501	115 439 453
7992	3	501	116 122 342
7993	3	501	116 122 395
7994	3	501	116 122 446
7995	3	501	116 133 238
7996	3	501	116 133 372
7997	3	501	116 136 186
7998	3	501	116 136 397
7999	3	501	116 170 229
8000	3	501	116 170 342
8001	3	501	116 170 366
8002	3	501	116 170 395
8003	3	501	116 182 372
8004	3	501	116 186 406
8005	3	501	116 186 428
8006	3	501	116 187 222
8007	3	501	116 187 394
8008	3	501	116 208 394
8009	3	501	116 222 260
8010	3	501	116 234 342
8011	3	501	116 234 430
8012	3	501	116 257 260
8013	3	501	116 257 486
8014	3	501	116 260 397
8015	3	501	116 260 406
8016	3	501	116 260 430
8017	3	501	116 295 393
8018	3	501	116 322 372
8019	3	501	116 322 393
8020	3	501	116 366 486
8021	3	501	116 372 486
8022	3	501	116 394 430
8023	3	501	116 395 428
8024	3	501	116 406 428
8025	3	501	116 406 446
8026	3	501	116 428 446
8027	3	501	116 486 491
8028	3	501	119 124 207
8029	3	501	119 124 250
8030	3	501	119 124 268
8031	3	501	119 124 400
8032	3	501	119 124 471
8033	3	501	119 134 175
8034	3	501	119 134 439
8035	3	501	119 140 175
8036	3	501	119 140 238
8037	3	501	119 164 175
8038	3	501	119 164 229
8039	3	501	119 164 345
8040	3	501	119 175 384
8041	3	501	119 187 250
8042	3	501	119 187 362
8043	3	501	119 187 400
8044	3	501	119 187 444
8045	3	501	119 207 355
8046	3	501	119 224 229
8047	3	501	119 224 345
8048	3	501	119 224 362
8049	3	501	119 224 399
8050	3	501	119 224 471
8051	3	501	119 229 276
8052	3	501	119 229 399
8053	3	501	119 229 464
8054	3	501	119 229 482
8055	3	501	119 238 289
8056	3	501	119 238 292
8057	3	501	119 238 330
8058	3	501	119 238 345
8059	3	501	119 238 400
8060	3	501	119 240 398
8061	3	501	119 240 471
8062	3	501	119 245 292
8063	3	501	119 245 469
8064	3	501	119 250 400
8065	3	501	119 268 289
8066	3	501	119 268 464
8067	3	501	119 268 469
8068	3	501	119 271 444
8069	3	501	119 276 439
8070	3	501	119 276 444
8071	3	501	119 292 399
8072	3	501	119 292 477
8073	3	501	119 305 355
8074	3	501	119 305 471
8075	3	501	119 330 399
8076	3	501	119 345 464
8077	3	501	119 384 459
8078	3	501	119 398 471
8079	3	501	119 400 471
8080	3	501	119 439 444
8081	3	501	119 464 469
8082	3	501	119 464 477
8083	3	501	119 469 471
8084	3	501	119 471 477
8085	3	501	120 134 153
8086	3	501	120 134 161
8087	3	501	120 134 166
8088	3	501	120 134 302
8089	3	501	120 142 150
8090	3	501	120 142 166
8091	3	501	120 142 226
8092	3	501	120 142 232
8093	3	501	120 142 301
8094	3	501	120 142 409
8095	3	501	120 150 330
8096	3	501	120 161 330
8097	3	501	120 161 410
8098	3	501	120 167 368
8099	3	501	120 172 234
8100	3	501	120 172 313
8101	3	501	120 182 417
8102	3	501	120 199 279
8103	3	501	120 226 302
8104	3	501	120 232 409
8105	3	501	120 234 387
8106	3	501	120 238 330
8107	3	501	120 239 410
8108	3	501	120 279 301
8109	3	501	120 301 313
8110	3	501	120 301 330
8111	3	501	120 302 313
8112	3	501	120 368 387
8113	3	501	120 368 417
8114	3	501	120 368 435
8115	3	501	120 369 417
8116	3	501	120 387 435
8117	3	501	120 409 417
8118	3	501	121 136 361
8119	3	501	121 136 417
8120	3	501	121 136 488
8121	3	501	121 142 295
8122	3	501	121 142 301
8123	3	501	121 142 496
8124	3	501	121 199 496
8125	3	501	121 210 222
8126	3	501	121 210 265
8127	3	501	121 210 298
8128	3	501	121 222 225
8129	3	501	121 222 246
8130	3	501	121 222 301
8131	3	501	121 222 472
8132	3	501	121 222 488
8133	3	501	121 225 246
8134	3	501	121 225 295
8135	3	501	121 225 441
8136	3	501	121 225 464
8137	3	501	121 225 473
8138	3	501	121 231 301
8139	3	501	121 246 427
8140	3	501	121 246 469
8141	3	501	121 263 466
8142	3	501	121 263 500
8143	3	501	121 265 361
8144	3	501	121 265 410
8145	3	501	121 267 464
8146	3	501	121 295 298
8147	3	501	121 295 301
8148	3	501	121 298 488
8149	3	501	121 301 423
8150	3	501	121 301 464
8151	3	501	121 301 472
8152	3	501	121 361 417
8153	3	501	121 361 472
8154	3	501	121 410 427
8155	3	501	121 417 466
8156	3	501	121 417 472
8157	3	501	121 423 428
8158	3	501	121 423 466
8159	3	501	121 427 488
8160	3	501	121 441 473
8161	3	501	121 464 466
8162	3	501	121 464 469
8163	3	501	121 464 477
8164	3	501	121 469 472
8165	3	501	122 155 189
8166	3	501	122 155 192
8167	3	501	122 156 167
8168	3	501	122 156 355
8169	3	501	122 156 423
8170	3	501	122 161 274
8171	3	501	122 161 297
8172	3	501	122 161 299
8173	3	501	122 167 299
8174	3	501	122 189 439
8175	3	501	122 192 294
8176	3	501	122 192 342
8177	3	501	122 192 347
8178	3	501	122 192 454
8179	3	501	122 203 274
8180	3	501	122 203 310
8181	3	501	122 223 283
8182	3	501	122 230 274
8183	3	501	122 230 319
8184	3	501	122 230 371
8185	3	501	122 233 294
8186	3	501	122 233 426
8187	3	501	122 283 350
8188	3	501	122 283 395
8189	3	501	122 297 395
8190	3	501	122 297 454
8191	3	501	122 299 335
8192	3	501	122 299 395
8193	3	501	122 299 423
8194	3	501	122 310 426
8195	3	501	122 342 371
8196	3	501	122 342 471
8197	3	501	122 347 426
8198	3	501	122 347 446
8199	3	501	122 355 385
8200	3	501	122 369 426
8201	3	501	122 385 423
8202	3	501	122 385 446
8203	3	501	122 426 454
8204	3	501	122 426 471
8205	3	501	122 446 471
8206	3	501	123 169 441
8207	3	501	123 169 454
8208	3	501	123 274 479
8209	3	501	123 292 307
8210	3	501	123 292 369
8211	3	501	123 297 454
8212	3	501	123 297 483
8213	3	501	123 307 346
8214	3	501	123 307 439
8215	3	501	123 307 441
8216	3	501	123 319 483
8217	3	501	123 346 454
8218	3	501	123 346 460
8219	3	501	123 369 417
8220	3	501	123 376 480
8221	3	501	123 417 439
8222	3	501	123 417 480
8223	3	501	123 439 452
8224	3	501	123 454 460
8225	3	501	123 475 479
8226	3	501	124 130 267
8227	3	501	124 130 297
8228	3	501	124 130 400
8229	3	501	124 130 461
8230	3	501	124 130 497
8231	3	501	124 143 225
8232	3	501	124 143 440
8233	3	501	124 158 193
8234	3	501	124 158 218
8235	3	501	124 158 219
8236	3	501	124 171 347
8237	3	501	124 171 440
8238	3	501	124 171 461
8239	3	501	124 174 225
8240	3	501	124 174 232
8241	3	501	124 174 250
8242	3	501	124 174 434
8243	3	501	124 174 467
8244	3	501	124 176 219
8245	3	501	124 204 267
8246	3	501	124 204 329
8247	3	501	124 204 497
8248	3	501	124 207 225
8249	3	501	124 207 267
8250	3	501	124 207 329
8251	3	501	124 218 268
8252	3	501	124 218 372
8253	3	501	124 219 225
8254	3	501	124 219 471
8255	3	501	124 232 297
8256	3	501	124 232 329
8257	3	501	124 232 440
8258	3	501	124 232 497
8259	3	501	124 239 434
8260	3	501	124 239 471
8261	3	501	124 250 267
8262	3	501	124 250 400
8263	3	501	124 267 284
8264	3	501	124 267 347
8265	3	501	124 267 372
8266	3	501	124 268 461
8267	3	501	124 284 461
8268	3	501	124 320 400
8269	3	501	124 320 471
8270	3	501	124 400 461
8271	3	501	124 400 471
8272	3	501	124 440 467
8273	3	501	126 128 129
8274	3	501	126 128 240
8275	3	501	126 129 137
8276	3	501	126 129 172
8277	3	501	126 129 282
8278	3	501	126 129 285
8279	3	501	126 129 369
8280	3	501	126 129 489
8281	3	501	126 137 161
8282	3	501	126 153 346
8283	3	501	126 153 363
8284	3	501	126 153 489
8285	3	501	126 155 192
8286	3	501	126 155 201
8287	3	501	126 155 248
8288	3	501	126 155 372
8289	3	501	126 161 224
8290	3	501	126 161 372
8291	3	501	126 172 208
8292	3	501	126 172 248
8293	3	501	126 172 315
8294	3	501	126 172 341
8295	3	501	126 192 197
8296	3	501	126 192 288
8297	3	501	126 197 201
8298	3	501	126 197 240
8299	3	501	126 201 363
8300	3	501	126 201 475
8301	3	501	126 208 500
8302	3	501	126 224 249
8303	3	501	126 224 282
8304	3	501	126 224 315
8305	3	501	126 224 341
8306	3	501	126 224 475
8307	3	501	126 240 282
8308	3	501	126 240 341
8309	3	501	126 248 341
8310	3	501	126 249 282
8311	3	501	126 249 343
8312	3	501	126 249 363
8313	3	501	126 249 369
8314	3	501	126 282 341
8315	3	501	126 282 363
8316	3	501	126 285 435
8317	3	501	126 288 346
8318	3	501	126 288 475
8319	3	501	126 315 341
8320	3	501	126 341 343
8321	3	501	126 341 372
8322	3	501	126 341 489
8323	3	501	126 346 363
8324	3	501	126 369 372
8325	3	501	126 372 435
8326	3	501	126 372 489
8327	3	501	126 467 500
8328	3	501	127 153 314
8329	3	501	127 153 337
8330	3	501	127 153 447
8331	3	501	127 161 314
8332	3	501	127 161 329
8333	3	501	127 161 337
8334	3	501	127 172 315
8335	3	501	127 172 329
8336	3	501	127 172 447
8337	3	501	127 207 314
8338	3	501	127 207 329
8339	3	501	127 223 357
8340	3	501	127 223 444
8341	3	501	127 228 471
8342	3	501	127 241 427
8343	3	501	127 244 337
8344	3	501	127 244 399
8345	3	501	127 244 447
8346	3	501	127 262 314
8347	3	501	127 262 422
8348	3	501	127 262 447
8349	3	501	127 295 357
8350	3	501	127 295 444
8351	3	501	127 302 329
8352	3	501	127 314 467
8353	3	501	127 315 444
8354	3	501	127 329 357
8355	3	501	127 329 427
8356	3	501	127 329 447
8357	3	501	127 337 396
8358	3	501	127 337 430
8359	3	501	127 357 391
8360	3	501	127 357 396
8361	3	501	127 391 416
8362	3	501	127 396 416
8363	3	501	127 396 444
8364	3	501	127 396 447
8365	3	501	127 396 448
8366	3	501	127 396 467
8367	3	501	127 399 430
8368	3	501	127 399 448
8369	3	501	127 427 430
8370	3	501	127 427 448
8371	3	501	127 444 448
8372	3	501	127 447 448
8373	3	501	128 129 164
8374	3	501	128 129 287
8375	3	501	128 164 327
8376	3	501	128 183 423
8377	3	501	128 209 221
8378	3	501	128 209 287
8379	3	501	128 209 304
8380	3	501	128 209 321
8381	3	501	128 210 298
8382	3	501	128 210 313
8383	3	501	128 210 398
8384	3	501	128 210 485
8385	3	501	128 221 342
8386	3	501	128 221 485
8387	3	501	128 221 494
8388	3	501	128 231 240
8389	3	501	128 231 321
8390	3	501	128 240 313
8391	3	501	128 240 344
8392	3	501	128 240 354
8393	3	501	128 240 389
8394	3	501	128 240 398
8395	3	501	128 258 287
8396	3	501	128 258 304
8397	3	501	128 258 327
8398	3	501	128 258 398
8399	3	501	128 258 485
8400	3	501	128 272 298
8401	3	501	128 279 321
8402	3	501	128 279 342
8403	3	501	128 279 397
8404	3	501	128 279 398
8405	3	501	128 287 298
8406	3	501	128 287 344
8407	3	501	128 287 397
8408	3	501	128 287 494
8409	3	501	128 298 344
8410	3	501	128 298 354
8411	3	501	128 321 397
8412	3	501	128 342 344
8413	3	501	128 342 494
8414	3	501	128 354 494
8415	3	501	128 389 494
8416	3	501	129 137 261
8417	3	501	129 137 396
8418	3	501	129 164 282
8419	3	501	129 169 295
8420	3	501	129 169 481
8421	3	501	129 169 488
8422	3	501	129 172 332
8423	3	501	129 172 355
8424	3	501	129 190 211
8425	3	501	129 190 416
8426	3	501	129 211 324
8427	3	501	129 211 332
8428	3	501	129 211 355
8429	3	501	129 261 285
8430	3	501	129 261 481
8431	3	501	129 287 324
8432	3	501	129 287 337
8433	3	501	129 287 481
8434	3	501	129 287 489
8435	3	501	129 295 370
8436	3	501	129 324 355
8437	3	501	129 324 370
8438	3	501	129 324 462
8439	3	501	129 324 488
8440	3	501	129 332 370
8441	3	501	129 332 481
8442	3	501	129 337 370
8443	3	501	129 337 396
8444	3	501	129 337 404
8445	3	501	129 337 462
8446	3	501	129 349 489
8447	3	501	129 355 404
8448	3	501	129 370 416
8449	3	501	129 396 416
8450	3	501	129 405 481
8451	3	501	129 416 489
8452	3	501	129 462 488
8453	3	501	130 135 175
8454	3	501	130 135 441
8455	3	501	130 139 242
8456	3	501	130 139 297
8457	3	501	130 139 441
8458	3	501	130 139 462
8459	3	501	130 145 175
8460	3	501	130 145 267
8461	3	501	130 145 315
8462	3	501	130 156 318
8463	3	501	130 157 175
8464	3	501	130 157 297
8465	3	501	130 216 245
8466	3	501	130 216 318
8467	3	501	130 216 400
8468	3	501	130 216 431
8469	3	501	130 216 497
8470	3	501	130 237 242
8471	3	501	130 237 458
8472	3	501	130 242 262
8473	3	501	130 242 267
8474	3	501	130 242 297
8475	3	501	130 245 497
8476	3	501	130 262 267
8477	3	501	130 262 379
8478	3	501	130 266 462
8479	3	501	130 267 431
8480	3	501	130 287 297
8481	3	501	130 287 441
8482	3	501	130 287 458
8483	3	501	130 315 318
8484	3	501	130 315 400
8485	3	501	130 318 323
8486	3	501	130 318 350
8487	3	501	130 318 362
8488	3	501	130 318 400
8489	3	501	130 323 455
8490	3	501	130 323 497
8491	3	501	130 350 458
8492	3	501	130 379 458
8493	3	501	130 400 427
8494	3	501	130 400 461
8495	3	501	130 427 497
8496	3	501	130 431 462
8497	3	501	132 161 217
8498	3	501	132 161 370
8499	3	501	132 161 373
8500	3	501	132 174 245
8501	3	501	132 174 250
8502	3	501	132 174 296
8503	3	501	132 174 335
8504	3	501	132 203 262
8505	3	501	132 203 373
8506	3	501	132 203 489
8507	3	501	132 217 282
8508	3	501	132 223 250
8509	3	501	132 223 500
8510	3	501	132 245 436
8511	3	501	132 245 489
8512	3	501	132 245 500
8513	3	501	132 250 335
8514	3	501	132 262 373
8515	3	501	132 275 282
8516	3	501	132 275 302
8517	3	501	132 275 466
8518	3	501	132 277 466
8519	3	501	132 282 335
8520	3	501	132 282 436
8521	3	501	132 282 445
8522	3	501	132 296 302
8523	3	501	132 296 470
8524	3	501	132 302 500
8525	3	501	132 335 445
8526	3	501	132 355 373
8527	3	501	132 370 470
8528	3	501	132 380 489
8529	3	501	132 423 466
8530	3	501	132 423 489
8531	3	501	132 445 470
8532	3	501	132 466 470
8533	3	501	132 470 500
8534	3	501	133 161 328
8535	3	501	133 161 372
8536	3	501	133 167 437
8537	3	501	133 286 338
8538	3	501	133 286 398
8539	3	501	133 328 356
8540	3	501	133 328 448
8541	3	501	133 356 372
8542	3	501	133 359 376
8543	3	501	133 362 391
8544	3	501	133 376 459
8545	3	501	134 148 166
8546	3	501	134 148 218
8547	3	501	134 153 200
8548	3	501	134 153 420
8549	3	501	134 153 439
8550	3	501	134 166 308
8551	3	501	134 166 340
8552	3	501	134 200 218
8553	3	501	134 200 462
8554	3	501	134 201 275
8555	3	501	134 264 420
8556	3	501	134 264 457
8557	3	501	134 264 468
8558	3	501	134 275 302
8559	3	501	134 275 307
8560	3	501	134 275 468
8561	3	501	134 284 420
8562	3	501	134 307 439
8563	3	501	134 308 468
8564	3	501	134 340 386
8565	3	501	134 340 462
8566	3	501	134 386 457
8567	3	501	134 420 439
8568	3	501	134 420 468
8569	3	501	134 462 494
8570	3	501	135 140 175
8571	3	501	135 140 238
8572	3	501	135 140 303
8573	3	501	135 140 310
8574	3	501	135 140 418
8575	3	501	135 140 426
8576	3	501	135 160 175
8577	3	501	135 160 222
8578	3	501	135 160 428
8579	3	501	135 161 222
8580	3	501	135 161 274
8581	3	501	135 161 303
8582	3	501	135 161 314
8583	3	501	135 161 337
8584	3	501	135 183 383
8585	3	501	135 201 418
8586	3	501	135 201 466
8587	3	501	135 218 222
8588	3	501	135 218 279
8589	3	501	135 232 337
8590	3	501	135 232 418
8591	3	501	135 238 294
8592	3	501	135 261 274
8593	3	501	135 261 433
8594	3	501	135 274 428
8595	3	501	135 279 418
8596	3	501	135 279 420
8597	3	501	135 294 420
8598	3	501	135 294 441
8599	3	501	135 303 428
8600	3	501	135 310 314
8601	3	501	135 310 426
8602	3	501	135 314 364
8603	3	501	135 314 420
8604	3	501	135 319 466
8605	3	501	135 412 433
8606	3	501	135 426 466
8607	3	501	136 139 159
8608	3	501	136 139 218
8609	3	501	136 139 465
8610	3	501	136 140 175
8611	3	501	136 140 397
8612	3	501	136 140 455
8613	3	501	136 153 356
8614	3	501	136 159 216
8615	3	501	136 159 356
8616	3	501	136 159 362
8617	3	501	136 175 228
8618	3	501	136 175 361
8619	3	501	136 186 216
8620	3	501	136 186 465
8621	3	501	136 216 488
8622	3	501	136 218 452
8623	3	501	136 228 269
8624	3	501	136 228 471
8625	3	501	136 244 269
8626	3	501	136 244 362
8627	3	501	136 244 455
8628	3	501	136 244 465
8629	3	501	136 264 356
8630	3	501	136 264 362
8631	3	501	136 276 328
8632	3	501	136 293 365
8633	3	501	136 293 374
8634	3	501	136 293 455
8635	3	501	136 293 471
8636	3	501	136 296 417
8637	3	501	136 321 397
8638	3	501	136 328 356
8639	3	501	136 356 417
8640	3	501	136 361 417
8641	3	501	136 362 365
8642	3	501	136 362 374
8643	3	501	136 365 397
8644	3	501	136 374 455
8645	3	501	137 143 167
8646	3	501	137 143 451
8647	3	501	137 143 454
8648	3	501	137 157 161
8649	3	501	137 157 423
8650	3	501	137 157 424
8651	3	501	137 157 451
8652	3	501	137 161 217
8653	3	501	137 161 292
8654	3	501	137 161 330
8655	3	501	137 167 217
8656	3	501	137 167 368
8657	3	501	137 193 309
8658	3	501	137 200 313
8659	3	501	137 200 330
8660	3	501	137 200 396
8661	3	501	137 200 454
8662	3	501	137 217 219
8663	3	501	137 217 278
8664	3	501	137 219 385
8665	3	501	137 229 309
8666	3	501	137 256 313
8667	3	501	137 256 396
8668	3	501	137 261 313
8669	3	501	137 261 424
8670	3	501	137 278 313
8671	3	501	137 278 423
8672	3	501	137 292 423
8673	3	501	137 292 484
8674	3	501	137 309 330
8675	3	501	137 309 451
8676	3	501	137 313 454
8677	3	501	137 330 451
8678	3	501	137 368 441
8679	3	501	137 385 423
8680	3	501	137 441 451
8681	3	501	137 459 484
8682	3	501	138 187 287
8683	3	501	138 187 340
8684	3	501	138 187 441
8685	3	501	138 210 343
8686	3	501	138 229 237
8687	3	501	138 229 276
8688	3	501	138 229 482
8689	3	501	138 234 287
8690	3	501	138 234 350
8691	3	501	138 234 430
8692	3	501	138 237 276
8693	3	501	138 238 350
8694	3	501	138 238 351
8695	3	501	138 238 470
8696	3	501	138 238 489
8697	3	501	138 241 340
8698	3	501	138 241 489
8699	3	501	138 276 430
8700	3	501	138 287 441
8701	3	501	138 287 489
8702	3	501	138 340 482
8703	3	501	138 343 470
8704	3	501	138 343 477
8705	3	501	138 350 430
8706	3	501	138 351 430
8707	3	501	138 437 441
8708	3	501	138 437 477
8709	3	501	138 452 477
8710	3	501	138 452 482
8711	3	501	138 470 477
8712	3	501	139 159 470
8713	3	501	139 173 242
8714	3	501	139 173 480
8715	3	501	139 208 209
8716	3	501	139 208 436
8717	3	501	139 209 436
8718	3	501	139 209 462
8719	3	501	139 210 217
8720	3	501	139 217 297
8721	3	501	139 217 480
8722	3	501	139 218 430
8723	3	501	139 218 469
8724	3	501	139 242 297
8725	3	501	139 251 355
8726	3	501	139 297 308
8727	3	501	139 297 430
8728	3	501	139 308 320
8729	3	501	139 320 465
8730	3	501	139 329 470
8731	3	501	139 355 430
8732	3	501	139 370 465
8733	3	501	139 370 470
8734	3	501	139 434 470
8735	3	501	139 435 441
8736	3	501	139 448 465
8737	3	501	139 449 469
8738	3	501	139 465 470
8739	3	501	139 470 480
8740	3	501	140 143 149
8741	3	501	140 143 285
8742	3	501	140 143 391
8743	3	501	140 149 175
8744	3	501	140 149 308
8745	3	501	140 157 175
8746	3	501	140 157 310
8747	3	501	140 166 308
8748	3	501	140 166 397
8749	3	501	140 166 418
8750	3	501	140 171 285
8751	3	501	140 238 489
8752	3	501	140 248 310
8753	3	501	140 248 426
8754	3	501	140 249 278
8755	3	501	140 249 391
8756	3	501	140 249 418
8757	3	501	140 249 426
8758	3	501	140 278 434
8759	3	501	140 278 455
8760	3	501	140 285 391
8761	3	501	140 310 391
8762	3	501	140 310 426
8763	3	501	140 391 455
8764	3	501	140 434 455
8765	3	501	141 142 149
8766	3	501	141 142 281
8767	3	501	141 142 389
8768	3	501	141 142 399
8769	3	501	141 142 405
8770	3	501	141 142 409
8771	3	501	141 149 185
8772	3	501	141 149 190
8773	3	501	141 149 350
8774	3	501	141 149 389
8775	3	501	141 149 458
8776	3	501	141 149 479
8777	3	501	141 153 428
8778	3	501	141 170 293
8779	3	501	141 170 395
8780	3	501	141 185 187
8781	3	501	141 185 395
8782	3	501	141 185 409
8783	3	501	141 186 190
8784	3	501	141 186 326
8785	3	501	141 186 428
8786	3	501	141 186 458
8787	3	501	141 186 465
8788	3	501	141 190 281
8789	3	501	141 190 386
8790	3	501	141 190 463
8791	3	501	141 190 465
8792	3	501	141 190 479
8793	3	501	141 227 344
8794	3	501	141 227 368
8795	3	501	141 230 368
8796	3	501	141 281 350
8797	3	501	141 281 449
8798	3	501	141 293 409
8799	3	501	141 293 434
8800	3	501	141 344 350
8801	3	501	141 344 399
8802	3	501	141 350 458
8803	3	501	141 370 395
8804	3	501	141 370 399
8805	3	501	141 370 409
8806	3	501	141 370 465
8807	3	501	141 386 457
8808	3	501	141 389 457
8809	3	501	141 395 428
8810	3	501	141 395 479
8811	3	501	141 409 434
8812	3	501	141 409 463
8813	3	501	141 409 479
8814	3	501	141 428 463
8815	3	501	141 457 458
8816	3	501	141 458 463
8817	3	501	142 143 149
8818	3	501	142 143 241
8819	3	501	142 143 409
8820	3	501	142 143 429
8821	3	501	142 143 436
8822	3	501	142 149 240
8823	3	501	142 149 389
8824	3	501	142 149 429
8825	3	501	142 149 491
8826	3	501	142 150 295
8827	3	501	142 150 332
8828	3	501	142 150 491
8829	3	501	142 166 412
8830	3	501	142 166 418
8831	3	501	142 176 384
8832	3	501	142 232 295
8833	3	501	142 232 409
8834	3	501	142 232 418
8835	3	501	142 232 429
8836	3	501	142 240 338
8837	3	501	142 240 389
8838	3	501	142 241 433
8839	3	501	142 245 436
8840	3	501	142 258 429
8841	3	501	142 258 491
8842	3	501	142 277 418
8843	3	501	142 281 433
8844	3	501	142 295 301
8845	3	501	142 295 459
8846	3	501	142 301 372
8847	3	501	142 301 389
8848	3	501	142 301 459
8849	3	501	142 332 399
8850	3	501	142 332 409
8851	3	501	142 332 453
8852	3	501	142 338 405
8853	3	501	142 338 418
8854	3	501	142 338 436
8855	3	501	142 338 496
8856	3	501	142 353 429
8857	3	501	142 353 433
8858	3	501	142 353 453
8859	3	501	142 353 459
8860	3	501	142 384 424
8861	3	501	142 384 459
8862	3	501	142 399 412
8863	3	501	142 399 491
8864	3	501	142 412 433
8865	3	501	142 412 496
8866	3	501	142 418 453
8867	3	501	142 418 491
8868	3	501	142 424 436
8869	3	501	142 433 491
8870	3	501	142 436 459
8871	3	501	142 436 491
8872	3	501	142 436 496
8873	3	501	143 148 387
8874	3	501	143 148 440
8875	3	501	143 149 199
8876	3	501	143 149 387
8877	3	501	143 149 429
8878	3	501	143 149 479
8879	3	501	143 177 454
8880	3	501	143 181 334
8881	3	501	143 181 479
8882	3	501	143 199 293
8883	3	501	143 199 377
8884	3	501	143 225 387
8885	3	501	143 225 451
8886	3	501	143 241 326
8887	3	501	143 241 340
8888	3	501	143 243 326
8889	3	501	143 243 334
8890	3	501	143 243 454
8891	3	501	143 266 334
8892	3	501	143 266 409
8893	3	501	143 285 391
8894	3	501	143 285 429
8895	3	501	143 293 365
8896	3	501	143 293 380
8897	3	501	143 293 409
8898	3	501	143 293 440
8899	3	501	143 293 454
8900	3	501	143 326 450
8901	3	501	143 326 466
8902	3	501	143 334 349
8903	3	501	143 334 377
8904	3	501	143 334 380
8905	3	501	143 340 436
8906	3	501	143 349 429
8907	3	501	143 349 436
8908	3	501	143 377 387
8909	3	501	143 377 436
8910	3	501	143 377 440
8911	3	501	143 377 451
8912	3	501	143 380 429
8913	3	501	143 409 451
8914	3	501	143 409 454
8915	3	501	143 409 479
8916	3	501	143 429 450
8917	3	501	145 149 175
8918	3	501	145 149 185
8919	3	501	145 149 410
8920	3	501	145 158 160
8921	3	501	145 158 288
8922	3	501	145 159 369
8923	3	501	145 159 500
8924	3	501	145 160 175
8925	3	501	145 160 477
8926	3	501	145 160 483
8927	3	501	145 185 369
8928	3	501	145 185 468
8929	3	501	145 211 250
8930	3	501	145 211 471
8931	3	501	145 238 386
8932	3	501	145 238 496
8933	3	501	145 250 267
8934	3	501	145 250 353
8935	3	501	145 250 366
8936	3	501	145 250 369
8937	3	501	145 250 496
8938	3	501	145 267 468
8939	3	501	145 288 338
8940	3	501	145 315 434
8941	3	501	145 315 453
8942	3	501	145 320 410
8943	3	501	145 320 471
8944	3	501	145 320 485
8945	3	501	145 338 366
8946	3	501	145 338 393
8947	3	501	145 338 410
8948	3	501	145 338 496
8949	3	501	145 338 500
8950	3	501	145 353 369
8951	3	501	145 353 453
8952	3	501	145 353 477
8953	3	501	145 353 500
8954	3	501	145 366 369
8955	3	501	145 366 434
8956	3	501	145 366 468
8957	3	501	145 386 410
8958	3	501	145 386 457
8959	3	501	145 386 477
8960	3	501	145 393 500
8961	3	501	145 468 485
8962	3	501	145 471 477
8963	3	501	145 477 483
8964	3	501	145 477 485
8965	3	501	148 166 250
8966	3	501	148 166 267
8967	3	501	148 166 367
8968	3	501	148 166 412
8969	3	501	148 190 245
8970	3	501	148 190 473
8971	3	501	148 197 240
8972	3	501	148 197 367
8973	3	501	148 218 430
8974	3	501	148 218 437
8975	3	501	148 221 267
8976	3	501	148 230 240
8977	3	501	148 233 237
8978	3	501	148 233 430
8979	3	501	148 233 437
8980	3	501	148 233 440
8981	3	501	148 237 387
8982	3	501	148 237 440
8983	3	501	148 237 458
8984	3	501	148 238 440
8985	3	501	148 238 458
8986	3	501	148 240 430
8987	3	501	148 240 440
8988	3	501	148 245 473
8989	3	501	148 250 267
8990	3	501	148 250 363
8991	3	501	148 267 363
8992	3	501	148 267 387
8993	3	501	148 367 437
8994	3	501	148 367 481
8995	3	501	148 383 413
8996	3	501	148 383 473
8997	3	501	148 387 435
8998	3	501	148 387 473
8999	3	501	148 412 440
9000	3	501	148 458 482
9001	3	501	149 175 219
9002	3	501	149 175 322
9003	3	501	149 185 244
9004	3	501	149 185 448
9005	3	501	149 190 219
9006	3	501	149 190 251
9007	3	501	149 190 416
9008	3	501	149 190 479
9009	3	501	149 219 240
9010	3	501	149 219 308
9011	3	501	149 219 376
9012	3	501	149 231 240
9013	3	501	149 231 308
9014	3	501	149 231 458
9015	3	501	149 239 371
9016	3	501	149 239 410
9017	3	501	149 239 429
9018	3	501	149 239 491
9019	3	501	149 240 389
9020	3	501	149 244 312
9021	3	501	149 244 322
9022	3	501	149 244 387
9023	3	501	149 246 371
9024	3	501	149 251 322
9025	3	501	149 296 308
9026	3	501	149 296 350
9027	3	501	149 296 367
9028	3	501	149 296 429
9029	3	501	149 308 371
9030	3	501	149 308 416
9031	3	501	149 312 376
9032	3	501	149 322 357
9033	3	501	149 322 371
9034	3	501	149 350 458
9035	3	501	149 350 491
9036	3	501	149 357 376
9037	3	501	149 357 429
9038	3	501	149 357 479
9039	3	501	149 376 458
9040	3	501	149 389 476
9041	3	501	149 416 476
9042	3	501	149 429 458
9043	3	501	149 458 476
9044	3	501	150 169 295
9045	3	501	150 169 394
9046	3	501	150 190 251
9047	3	501	150 190 479
9048	3	501	150 228 242
9049	3	501	150 228 491
9050	3	501	150 242 479
9051	3	501	150 243 296
9052	3	501	150 243 330
9053	3	501	150 243 364
9054	3	501	150 243 373
9055	3	501	150 251 286
9056	3	501	150 256 395
9057	3	501	150 256 396
9058	3	501	150 256 491
9059	3	501	150 286 296
9060	3	501	150 286 396
9061	3	501	150 295 296
9062	3	501	150 295 373
9063	3	501	150 295 374
9064	3	501	150 296 396
9065	3	501	150 296 462
9066	3	501	150 305 337
9067	3	501	150 330 332
9068	3	501	150 330 480
9069	3	501	150 332 479
9070	3	501	150 337 374
9071	3	501	150 337 396
9072	3	501	150 337 462
9073	3	501	150 364 373
9074	3	501	150 364 396
9075	3	501	150 364 462
9076	3	501	150 364 475
9077	3	501	150 373 395
9078	3	501	150 373 462
9079	3	501	150 373 491
9080	3	501	150 374 462
9081	3	501	150 394 475
9082	3	501	150 395 475
9083	3	501	150 395 479
9084	3	501	150 475 479
9085	3	501	150 475 491
9086	3	501	152 172 176
9087	3	501	152 172 344
9088	3	501	152 172 453
9089	3	501	152 174 199
9090	3	501	152 174 443
9091	3	501	152 174 467
9092	3	501	152 176 219
9093	3	501	152 176 344
9094	3	501	152 199 293
9095	3	501	152 199 393
9096	3	501	152 219 344
9097	3	501	152 219 453
9098	3	501	152 281 454
9099	3	501	152 281 468
9100	3	501	152 281 500
9101	3	501	152 282 410
9102	3	501	152 293 410
9103	3	501	152 293 454
9104	3	501	152 304 393
9105	3	501	152 304 443
9106	3	501	152 320 410
9107	3	501	152 393 500
9108	3	501	152 405 410
9109	3	501	152 405 443
9110	3	501	152 405 500
9111	3	501	152 439 453
9112	3	501	152 453 454
9113	3	501	152 467 500
9114	3	501	153 156 337
9115	3	501	153 157 251
9116	3	501	153 157 314
9117	3	501	153 157 447
9118	3	501	153 157 485
9119	3	501	153 163 225
9120	3	501	153 163 311
9121	3	501	153 163 314
9122	3	501	153 163 346
9123	3	501	153 163 485
9124	3	501	153 165 337
9125	3	501	153 165 489
9126	3	501	153 193 314
9127	3	501	153 200 312
9128	3	501	153 200 347
9129	3	501	153 200 476
9130	3	501	153 211 251
9131	3	501	153 211 356
9132	3	501	153 225 311
9133	3	501	153 225 312
9134	3	501	153 225 476
9135	3	501	153 231 439
9136	3	501	153 251 271
9137	3	501	153 251 356
9138	3	501	153 271 347
9139	3	501	153 271 363
9140	3	501	153 271 476
9141	3	501	153 311 323
9142	3	501	153 312 323
9143	3	501	153 312 356
9144	3	501	153 314 420
9145	3	501	153 323 337
9146	3	501	153 346 363
9147	3	501	153 347 351
9148	3	501	153 347 363
9149	3	501	153 356 384
9150	3	501	153 384 428
9151	3	501	153 420 439
9152	3	501	153 447 485
9153	3	501	153 476 477
9154	3	501	153 477 485
9155	3	501	155 162 201
9156	3	501	155 162 289
9157	3	501	155 162 311
9158	3	501	155 163 301
9159	3	501	155 163 311
9160	3	501	155 163 398
9161	3	501	155 164 186
9162	3	501	155 164 189
9163	3	501	155 164 301
9164	3	501	155 164 326
9165	3	501	155 164 473
9166	3	501	155 186 216
9167	3	501	155 186 301
9168	3	501	155 186 313
9169	3	501	155 186 326
9170	3	501	155 186 465
9171	3	501	155 189 216
9172	3	501	155 192 269
9173	3	501	155 192 291
9174	3	501	155 192 465
9175	3	501	155 192 473
9176	3	501	155 210 313
9177	3	501	155 210 398
9178	3	501	155 210 444
9179	3	501	155 216 301
9180	3	501	155 216 353
9181	3	501	155 216 416
9182	3	501	155 248 291
9183	3	501	155 248 440
9184	3	501	155 262 326
9185	3	501	155 262 353
9186	3	501	155 262 379
9187	3	501	155 269 473
9188	3	501	155 289 301
9189	3	501	155 289 326
9190	3	501	155 289 353
9191	3	501	155 289 372
9192	3	501	155 291 353
9193	3	501	155 291 372
9194	3	501	155 291 465
9195	3	501	155 301 313
9196	3	501	155 301 372
9197	3	501	155 311 416
9198	3	501	155 353 465
9199	3	501	155 372 444
9200	3	501	155 372 470
9201	3	501	155 398 470
9202	3	501	155 440 444
9203	3	501	155 440 470
9204	3	501	155 465 470
9205	3	501	156 167 217
9206	3	501	156 167 284
9207	3	501	156 169 472
9208	3	501	156 170 321
9209	3	501	156 170 355
9210	3	501	156 170 423
9211	3	501	156 181 473
9212	3	501	156 217 364
9213	3	501	156 284 305
9214	3	501	156 284 321
9215	3	501	156 291 404
9216	3	501	156 291 423
9217	3	501	156 298 354
9218	3	501	156 301 321
9219	3	501	156 301 423
9220	3	501	156 301 472
9221	3	501	156 305 337
9222	3	501	156 305 355
9223	3	501	156 337 404
9224	3	501	156 354 453
9225	3	501	156 355 364
9226	3	501	156 355 404
9227	3	501	157 161 297
9228	3	501	157 161 314
9229	3	501	157 161 328
9230	3	501	157 161 480
9231	3	501	157 161 485
9232	3	501	157 175 447
9233	3	501	157 203 204
9234	3	501	157 203 310
9235	3	501	157 203 451
9236	3	501	157 204 325
9237	3	501	157 206 230
9238	3	501	157 206 251
9239	3	501	157 230 325
9240	3	501	157 230 398
9241	3	501	157 297 496
9242	3	501	157 310 314
9243	3	501	157 325 445
9244	3	501	157 394 424
9245	3	501	157 447 480
9246	3	501	157 447 485
9247	3	501	157 480 496
9248	3	501	158 161 292
9249	3	501	158 161 480
9250	3	501	158 193 212
9251	3	501	158 193 411
9252	3	501	158 193 433
9253	3	501	158 212 218
9254	3	501	158 212 286
9255	3	501	158 212 325
9256	3	501	158 212 448
9257	3	501	158 218 378
9258	3	501	158 218 411
9259	3	501	158 218 430
9260	3	501	158 218 437
9261	3	501	158 219 286
9262	3	501	158 219 288
9263	3	501	158 219 494
9264	3	501	158 276 300
9265	3	501	158 276 430
9266	3	501	158 276 454
9267	3	501	158 292 325
9268	3	501	158 292 433
9269	3	501	158 294 325
9270	3	501	158 294 378
9271	3	501	158 300 322
9272	3	501	158 300 325
9273	3	501	158 300 411
9274	3	501	158 300 454
9275	3	501	158 300 487
9276	3	501	158 319 322
9277	3	501	158 319 437
9278	3	501	158 322 411
9279	3	501	158 322 433
9280	3	501	158 343 424
9281	3	501	158 343 448
9282	3	501	158 378 411
9283	3	501	158 411 433
9284	3	501	158 433 437
9285	3	501	159 189 216
9286	3	501	159 189 356
9287	3	501	159 189 460
9288	3	501	159 189 500
9289	3	501	159 199 437
9290	3	501	159 199 461
9291	3	501	159 216 432
9292	3	501	159 224 362
9293	3	501	159 260 281
9294	3	501	159 260 489
9295	3	501	159 260 500
9296	3	501	159 278 367
9297	3	501	159 281 324
9298	3	501	159 281 460
9299	3	501	159 281 500
9300	3	501	159 324 367
9301	3	501	159 324 432
9302	3	501	159 342 432
9303	3	501	159 342 481
9304	3	501	159 356 470
9305	3	501	159 362 432
9306	3	501	159 367 437
9307	3	501	159 367 481
9308	3	501	159 369 437
9309	3	501	159 437 461
9310	3	501	159 460 461
9311	3	501	159 470 500
9312	3	501	160 221 236
9313	3	501	160 221 406
9314	3	501	160 236 440
9315	3	501	160 236 445
9316	3	501	160 236 467
9317	3	501	160 236 477
9318	3	501	160 295 296
9319	3	501	160 295 444
9320	3	501	160 296 377
9321	3	501	160 296 467
9322	3	501	160 296 470
9323	3	501	160 329 398
9324	3	501	160 329 470
9325	3	501	160 347 445
9326	3	501	160 377 440
9327	3	501	160 377 444
9328	3	501	160 377 445
9329	3	501	160 391 455
9330	3	501	160 398 470
9331	3	501	160 406 428
9332	3	501	160 428 444
9333	3	501	160 440 444
9334	3	501	160 440 455
9335	3	501	160 440 467
9336	3	501	160 440 470
9337	3	501	160 440 477
9338	3	501	160 444 486
9339	3	501	160 445 470
9340	3	501	160 445 477
9341	3	501	160 455 467
9342	3	501	160 464 477
9343	3	501	160 470 477
9344	3	501	160 477 483
9345	3	501	161 173 253
9346	3	501	161 173 299
9347	3	501	161 173 480
9348	3	501	161 217 224
9349	3	501	161 217 297
9350	3	501	161 217 328
9351	3	501	161 217 345
9352	3	501	161 217 397
9353	3	501	161 217 480
9354	3	501	161 222 292
9355	3	501	161 222 345
9356	3	501	161 224 329
9357	3	501	161 224 345
9358	3	501	161 224 370
9359	3	501	161 227 485
9360	3	501	161 253 337
9361	3	501	161 253 397
9362	3	501	161 253 482
9363	3	501	161 274 485
9364	3	501	161 292 370
9365	3	501	161 303 330
9366	3	501	161 314 321
9367	3	501	161 314 366
9368	3	501	161 314 373
9369	3	501	161 321 330
9370	3	501	161 321 397
9371	3	501	161 328 329
9372	3	501	161 328 373
9373	3	501	161 329 485
9374	3	501	161 330 354
9375	3	501	161 330 480
9376	3	501	161 337 370
9377	3	501	161 337 397
9378	3	501	161 345 410
9379	3	501	161 370 482
9380	3	501	161 372 480
9381	3	501	161 373 431
9382	3	501	162 169 400
9383	3	501	162 169 472
9384	3	501	162 169 481
9385	3	501	162 173 176
9386	3	501	162 173 281
9387	3	501	162 173 432
9388	3	501	162 176 387
9389	3	501	162 176 485
9390	3	501	162 182 250
9391	3	501	162 182 310
9392	3	501	162 182 364
9393	3	501	162 182 417
9394	3	501	162 197 201
9395	3	501	162 197 292
9396	3	501	162 197 311
9397	3	501	162 201 250
9398	3	501	162 201 400
9399	3	501	162 201 417
9400	3	501	162 201 485
9401	3	501	162 218 318
9402	3	501	162 218 452
9403	3	501	162 232 337
9404	3	501	162 232 472
9405	3	501	162 232 485
9406	3	501	162 250 400
9407	3	501	162 281 452
9408	3	501	162 281 485
9409	3	501	162 289 310
9410	3	501	162 292 311
9411	3	501	162 292 377
9412	3	501	162 310 410
9413	3	501	162 310 472
9414	3	501	162 310 481
9415	3	501	162 311 472
9416	3	501	162 318 400
9417	3	501	162 377 387
9418	3	501	162 387 400
9419	3	501	162 387 432
9420	3	501	162 400 417
9421	3	501	162 417 432
9422	3	501	162 417 472
9423	3	501	162 450 481
9424	3	501	162 472 481
9425	3	501	163 172 315
9426	3	501	163 172 373
9427	3	501	163 172 378
9428	3	501	163 172 403
9429	3	501	163 174 225
9430	3	501	163 174 245
9431	3	501	163 174 298
9432	3	501	163 174 315
9433	3	501	163 174 463
9434	3	501	163 225 311
9435	3	501	163 261 285
9436	3	501	163 261 393
9437	3	501	163 261 398
9438	3	501	163 261 422
9439	3	501	163 264 285
9440	3	501	163 264 315
9441	3	501	163 264 422
9442	3	501	163 285 298
9443	3	501	163 285 422
9444	3	501	163 301 314
9445	3	501	163 301 325
9446	3	501	163 301 403
9447	3	501	163 301 479
9448	3	501	163 305 393
9449	3	501	163 314 373
9450	3	501	163 315 398
9451	3	501	163 325 403
9452	3	501	163 325 463
9453	3	501	163 346 377
9454	3	501	163 378 479
9455	3	501	163 396 398
9456	3	501	163 403 479
9457	3	501	163 446 455
9458	3	501	163 446 463
9459	3	501	163 455 463
9460	3	501	163 479 485
9461	3	501	164 175 326
9462	3	501	164 185 189
9463	3	501	164 186 301
9464	3	501	164 186 326
9465	3	501	164 193 253
9466	3	501	164 193 314
9467	3	501	164 229 301
9468	3	501	164 229 363
9469	3	501	164 229 473
9470	3	501	164 253 284
9471	3	501	164 260 326
9472	3	501	164 266 302
9473	3	501	164 282 338
9474	3	501	164 282 363
9475	3	501	164 296 302
9476	3	501	164 296 327
9477	3	501	164 296 473
9478	3	501	164 301 314
9479	3	501	164 387 473
9480	3	501	165 167 269
9481	3	501	165 167 282
9482	3	501	165 167 299
9483	3	501	165 167 366
9484	3	501	165 167 437
9485	3	501	165 185 221
9486	3	501	165 185 243
9487	3	501	165 185 310
9488	3	501	165 185 340
9489	3	501	165 221 299
9490	3	501	165 221 319
9491	3	501	165 221 322
9492	3	501	165 243 291
9493	3	501	165 243 454
9494	3	501	165 253 276
9495	3	501	165 253 337
9496	3	501	165 253 482
9497	3	501	165 269 322
9498	3	501	165 269 454
9499	3	501	165 275 282
9500	3	501	165 275 310
9501	3	501	165 275 322
9502	3	501	165 276 283
9503	3	501	165 276 454
9504	3	501	165 282 299
9505	3	501	165 282 310
9506	3	501	165 282 322
9507	3	501	165 283 366
9508	3	501	165 291 417
9509	3	501	165 310 437
9510	3	501	165 313 454
9511	3	501	165 313 488
9512	3	501	165 319 322
9513	3	501	165 319 437
9514	3	501	165 322 340
9515	3	501	165 337 437
9516	3	501	165 340 417
9517	3	501	165 340 482
9518	3	501	166 169 394
9519	3	501	166 173 267
9520	3	501	166 173 272
9521	3	501	166 173 412
9522	3	501	166 173 480
9523	3	501	166 173 495
9524	3	501	166 208 268
9525	3	501	166 208 272
9526	3	501	166 208 364
9527	3	501	166 208 367
9528	3	501	166 208 394
9529	3	501	166 208 418
9530	3	501	166 219 308
9531	3	501	166 219 349
9532	3	501	166 219 364
9533	3	501	166 219 373
9534	3	501	166 219 385
9535	3	501	166 219 397
9536	3	501	166 250 267
9537	3	501	166 250 291
9538	3	501	166 250 397
9539	3	501	166 250 495
9540	3	501	166 267 308
9541	3	501	166 267 418
9542	3	501	166 268 394
9543	3	501	166 268 469
9544	3	501	166 272 340
9545	3	501	166 272 469
9546	3	501	166 291 373
9547	3	501	166 292 296
9548	3	501	166 292 484
9549	3	501	166 296 308
9550	3	501	166 296 367
9551	3	501	166 304 308
9552	3	501	166 304 480
9553	3	501	166 340 364
9554	3	501	166 340 484
9555	3	501	166 349 495
9556	3	501	166 364 373
9557	3	501	166 367 373
9558	3	501	166 367 495
9559	3	501	166 418 469
9560	3	501	166 469 484
9561	3	501	167 186 217
9562	3	501	167 186 428
9563	3	501	167 186 477
9564	3	501	167 207 288
9565	3	501	167 207 314
9566	3	501	167 217 282
9567	3	501	167 217 295
9568	3	501	167 228 269
9569	3	501	167 228 437
9570	3	501	167 269 288
9571	3	501	167 269 315
9572	3	501	167 282 299
9573	3	501	167 284 295
9574	3	501	167 284 312
9575	3	501	167 284 487
9576	3	501	167 295 312
9577	3	501	167 295 368
9578	3	501	167 295 437
9579	3	501	167 299 312
9580	3	501	167 299 477
9581	3	501	167 307 366
9582	3	501	167 312 487
9583	3	501	167 314 366
9584	3	501	167 315 400
9585	3	501	167 366 368
9586	3	501	167 366 462
9587	3	501	167 368 477
9588	3	501	167 437 462
9589	3	501	167 437 477
9590	3	501	167 477 483
9591	3	501	169 180 481
9592	3	501	169 213 240
9593	3	501	169 240 329
9594	3	501	169 240 344
9595	3	501	169 240 472
9596	3	501	169 271 295
9597	3	501	169 271 435
9598	3	501	169 271 445
9599	3	501	169 271 458
9600	3	501	169 295 312
9601	3	501	169 312 359
9602	3	501	169 312 372
9603	3	501	169 329 359
9604	3	501	169 342 344
9605	3	501	169 342 359
9606	3	501	169 342 424
9607	3	501	169 342 435
9608	3	501	169 342 445
9609	3	501	169 342 481
9610	3	501	169 344 445
9611	3	501	169 344 481
9612	3	501	169 372 435
9613	3	501	169 372 458
9614	3	501	169 394 424
9615	3	501	169 400 488
9616	3	501	169 424 472
9617	3	501	169 435 441
9618	3	501	169 472 481
9619	3	501	170 172 248
9620	3	501	170 172 329
9621	3	501	170 172 355
9622	3	501	170 172 436
9623	3	501	170 172 445
9624	3	501	170 197 293
9625	3	501	170 197 321
9626	3	501	170 197 365
9627	3	501	170 197 376
9628	3	501	170 199 286
9629	3	501	170 199 293
9630	3	501	170 199 494
9631	3	501	170 229 309
9632	3	501	170 229 436
9633	3	501	170 241 445
9634	3	501	170 241 489
9635	3	501	170 248 423
9636	3	501	170 248 436
9637	3	501	170 286 293
9638	3	501	170 286 355
9639	3	501	170 286 410
9640	3	501	170 286 423
9641	3	501	170 293 365
9642	3	501	170 293 410
9643	3	501	170 321 387
9644	3	501	170 321 395
9645	3	501	170 329 418
9646	3	501	170 334 366
9647	3	501	170 334 445
9648	3	501	170 342 445
9649	3	501	170 342 494
9650	3	501	170 362 365
9651	3	501	170 366 436
9652	3	501	170 366 468
9653	3	501	170 376 423
9654	3	501	170 387 489
9655	3	501	170 411 423
9656	3	501	170 418 468
9657	3	501	170 418 494
9658	3	501	170 423 489
9659	3	501	171 182 230
9660	3	501	171 182 347
9661	3	501	171 182 385
9662	3	501	171 182 417
9663	3	501	171 182 449
9664	3	501	171 199 307
9665	3	501	171 199 377
9666	3	501	171 199 385
9667	3	501	171 199 437
9668	3	501	171 199 447
9669	3	501	171 199 461
9670	3	501	171 230 325
9671	3	501	171 230 464
9672	3	501	171 285 437
9673	3	501	171 285 461
9674	3	501	171 292 307
9675	3	501	171 292 325
9676	3	501	171 292 377
9677	3	501	171 292 449
9678	3	501	171 304 428
9679	3	501	171 304 443
9680	3	501	171 304 473
9681	3	501	171 307 377
9682	3	501	171 325 337
9683	3	501	171 337 437
9684	3	501	171 345 347
9685	3	501	171 345 464
9686	3	501	171 347 443
9687	3	501	171 367 437
9688	3	501	171 377 440
9689	3	501	171 385 440
9690	3	501	171 389 461
9691	3	501	171 389 464
9692	3	501	171 412 440
9693	3	501	171 412 447
9694	3	501	171 428 461
9695	3	501	171 437 461
9696	3	501	171 440 447
9697	3	501	172 176 344
9698	3	501	172 188 208
9699	3	501	172 188 234
9700	3	501	172 206 248
9701	3	501	172 208 436
9702	3	501	172 234 248
9703	3	501	172 234 315
9704	3	501	172 234 341
9705	3	501	172 246 403
9706	3	501	172 246 469
9707	3	501	172 248 341
9708	3	501	172 248 436
9709	3	501	172 248 440
9710	3	501	172 313 315
9711	3	501	172 315 341
9712	3	501	172 315 453
9713	3	501	172 329 447
9714	3	501	172 332 453
9715	3	501	172 341 373
9716	3	501	172 344 445
9717	3	501	172 344 469
9718	3	501	172 355 373
9719	3	501	172 432 469
9720	3	501	172 440 447
9721	3	501	173 176 203
9722	3	501	173 176 253
9723	3	501	173 186 243
9724	3	501	173 203 487
9725	3	501	173 203 489
9726	3	501	173 203 495
9727	3	501	173 228 242
9728	3	501	173 228 403
9729	3	501	173 228 471
9730	3	501	173 239 242
9731	3	501	173 239 471
9732	3	501	173 242 253
9733	3	501	173 242 267
9734	3	501	173 243 281
9735	3	501	173 243 495
9736	3	501	173 253 495
9737	3	501	173 267 299
9738	3	501	173 267 487
9739	3	501	173 281 413
9740	3	501	173 281 471
9741	3	501	173 283 305
9742	3	501	173 283 432
9743	3	501	173 299 461
9744	3	501	173 305 412
9745	3	501	173 305 471
9746	3	501	173 403 461
9747	3	501	173 403 487
9748	3	501	173 413 480
9749	3	501	173 413 487
9750	3	501	173 480 489
9751	3	501	174 181 237
9752	3	501	174 181 245
9753	3	501	174 181 467
9754	3	501	174 188 237
9755	3	501	174 188 345
9756	3	501	174 188 467
9757	3	501	174 199 250
9758	3	501	174 199 364
9759	3	501	174 225 345
9760	3	501	174 232 418
9761	3	501	174 232 463
9762	3	501	174 237 467
9763	3	501	174 250 335
9764	3	501	174 250 397
9765	3	501	174 256 350
9766	3	501	174 296 350
9767	3	501	174 296 467
9768	3	501	174 298 368
9769	3	501	174 298 467
9770	3	501	174 315 434
9771	3	501	174 335 463
9772	3	501	174 418 467
9773	3	501	174 463 467
9774	3	501	175 219 326
9775	3	501	175 219 361
9776	3	501	175 219 384
9777	3	501	175 219 449
9778	3	501	175 228 437
9779	3	501	175 234 449
9780	3	501	175 283 326
9781	3	501	175 322 370
9782	3	501	175 322 372
9783	3	501	175 322 447
9784	3	501	175 322 450
9785	3	501	175 326 450
9786	3	501	175 346 450
9787	3	501	175 361 372
9788	3	501	175 361 447
9789	3	501	176 203 477
9790	3	501	176 219 344
9791	3	501	176 219 349
9792	3	501	176 219 361
9793	3	501	176 219 384
9794	3	501	176 219 486
9795	3	501	176 253 325
9796	3	501	176 253 470
9797	3	501	176 296 470
9798	3	501	176 300 325
9799	3	501	176 300 335
9800	3	501	176 335 344
9801	3	501	176 335 387
9802	3	501	176 344 361
9803	3	501	176 344 470
9804	3	501	176 470 477
9805	3	501	176 477 485
9806	3	501	177 188 308
9807	3	501	177 188 337
9808	3	501	177 245 308
9809	3	501	177 296 308
9810	3	501	177 296 454
9811	3	501	177 426 454
9812	3	501	180 221 236
9813	3	501	180 221 299
9814	3	501	180 221 418
9815	3	501	180 221 485
9816	3	501	180 233 296
9817	3	501	180 233 380
9818	3	501	180 233 430
9819	3	501	180 236 413
9820	3	501	180 262 332
9821	3	501	180 279 332
9822	3	501	180 279 418
9823	3	501	180 279 457
9824	3	501	180 296 308
9825	3	501	180 299 343
9826	3	501	180 315 389
9827	3	501	180 332 481
9828	3	501	180 332 485
9829	3	501	180 343 428
9830	3	501	180 349 413
9831	3	501	180 349 455
9832	3	501	180 349 487
9833	3	501	180 349 500
9834	3	501	180 380 389
9835	3	501	180 380 457
9836	3	501	180 380 481
9837	3	501	180 389 457
9838	3	501	180 413 487
9839	3	501	180 418 430
9840	3	501	180 418 457
9841	3	501	180 418 487
9842	3	501	180 430 500
9843	3	501	181 185 221
9844	3	501	181 185 237
9845	3	501	181 185 323
9846	3	501	181 185 334
9847	3	501	181 185 343
9848	3	501	181 192 221
9849	3	501	181 192 277
9850	3	501	181 192 314
9851	3	501	181 192 473
9852	3	501	181 203 477
9853	3	501	181 203 495
9854	3	501	181 228 371
9855	3	501	181 228 437
9856	3	501	181 228 473
9857	3	501	181 237 405
9858	3	501	181 237 467
9859	3	501	181 237 479
9860	3	501	181 245 420
9861	3	501	181 245 473
9862	3	501	181 249 343
9863	3	501	181 249 371
9864	3	501	181 249 464
9865	3	501	181 249 473
9866	3	501	181 277 334
9867	3	501	181 304 473
9868	3	501	181 313 477
9869	3	501	181 313 488
9870	3	501	181 314 420
9871	3	501	181 314 459
9872	3	501	181 314 467
9873	3	501	181 343 477
9874	3	501	181 361 412
9875	3	501	181 405 464
9876	3	501	181 412 479
9877	3	501	181 427 437
9878	3	501	181 427 488
9879	3	501	181 437 477
9880	3	501	181 437 495
9881	3	501	181 459 473
9882	3	501	181 459 495
9883	3	501	181 464 477
9884	3	501	181 467 495
9885	3	501	181 477 479
9886	3	501	182 212 396
9887	3	501	182 212 495
9888	3	501	182 230 261
9889	3	501	182 250 335
9890	3	501	182 250 495
9891	3	501	182 250 496
9892	3	501	182 261 399
9893	3	501	182 261 475
9894	3	501	182 269 335
9895	3	501	182 276 300
9896	3	501	182 298 372
9897	3	501	182 300 335
9898	3	501	182 300 399
9899	3	501	182 310 494
9900	3	501	182 335 475
9901	3	501	182 347 399
9902	3	501	182 362 385
9903	3	501	182 362 396
9904	3	501	182 362 405
9905	3	501	182 362 457
9906	3	501	182 364 372
9907	3	501	182 364 396
9908	3	501	182 364 462
9909	3	501	182 364 475
9910	3	501	182 364 482
9911	3	501	182 370 399
9912	3	501	182 370 482
9913	3	501	182 372 457
9914	3	501	182 396 496
9915	3	501	182 462 494
9916	3	501	183 242 445
9917	3	501	183 246 276
9918	3	501	183 246 372
9919	3	501	183 246 400
9920	3	501	183 246 403
9921	3	501	183 260 399
9922	3	501	183 260 410
9923	3	501	183 260 422
9924	3	501	183 276 320
9925	3	501	183 276 403
9926	3	501	183 276 444
9927	3	501	183 320 385
9928	3	501	183 320 400
9929	3	501	183 320 410
9930	3	501	183 323 423
9931	3	501	183 346 387
9932	3	501	183 346 445
9933	3	501	183 361 372
9934	3	501	183 372 423
9935	3	501	183 372 444
9936	3	501	183 383 385
9937	3	501	183 383 404
9938	3	501	183 385 423
9939	3	501	183 385 440
9940	3	501	183 387 400
9941	3	501	183 387 404
9942	3	501	183 387 432
9943	3	501	183 399 403
9944	3	501	183 399 432
9945	3	501	183 400 461
9946	3	501	183 400 488
9947	3	501	183 403 461
9948	3	501	183 404 445
9949	3	501	183 422 423
9950	3	501	183 440 444
9951	3	501	183 440 488
9952	3	501	183 461 488
9953	3	501	185 187 287
9954	3	501	185 187 335
9955	3	501	185 187 340
9956	3	501	185 187 423
9957	3	501	185 187 484
9958	3	501	185 189 323
9959	3	501	185 189 448
9960	3	501	185 189 497
9961	3	501	185 207 287
9962	3	501	185 207 340
9963	3	501	185 221 448
9964	3	501	185 237 244
9965	3	501	185 237 310
9966	3	501	185 237 395
9967	3	501	185 243 334
9968	3	501	185 243 369
9969	3	501	185 244 287
9970	3	501	185 244 323
9971	3	501	185 244 335
9972	3	501	185 244 377
9973	3	501	185 244 468
9974	3	501	185 287 377
9975	3	501	185 287 468
9976	3	501	185 310 365
9977	3	501	185 310 468
9978	3	501	185 323 369
9979	3	501	185 323 423
9980	3	501	185 323 497
9981	3	501	185 328 335
9982	3	501	185 328 369
9983	3	501	185 328 409
9984	3	501	185 328 448
9985	3	501	185 334 335
9986	3	501	185 334 377
9987	3	501	185 335 343
9988	3	501	185 335 484
9989	3	501	185 335 497
9990	3	501	185 340 395
9991	3	501	185 340 484
9992	3	501	185 343 448
9993	3	501	185 351 395
9994	3	501	185 351 497
9995	3	501	185 369 448
9996	3	501	185 409 423
9997	3	501	185 409 484
9998	3	501	185 486 497
9999	3	501	186 190 211
10000	3	501	186 190 465
10001	3	501	186 190 477
10002	3	501	186 211 250
10003	3	501	186 211 275
10004	3	501	186 216 217
10005	3	501	186 216 236
10006	3	501	186 216 301
10007	3	501	186 216 359
10008	3	501	186 216 428
10009	3	501	186 217 237
10010	3	501	186 217 304
10011	3	501	186 217 458
10012	3	501	186 236 237
10013	3	501	186 236 477
10014	3	501	186 237 301
10015	3	501	186 237 359
10016	3	501	186 237 458
10017	3	501	186 243 250
10018	3	501	186 243 326
10019	3	501	186 243 369
10020	3	501	186 250 369
10021	3	501	186 250 428
10022	3	501	186 258 304
10023	3	501	186 275 279
10024	3	501	186 275 326
10025	3	501	186 279 301
10026	3	501	186 294 313
10027	3	501	186 294 406
10028	3	501	186 301 313
10029	3	501	186 304 424
10030	3	501	186 304 428
10031	3	501	186 304 458
10032	3	501	186 313 458
10033	3	501	186 313 477
10034	3	501	186 326 359
10035	3	501	186 326 424
10036	3	501	186 359 406
10037	3	501	186 406 424
10038	3	501	186 406 428
10039	3	501	186 424 477
10040	3	501	187 203 429
10041	3	501	187 226 484
10042	3	501	187 232 429
10043	3	501	187 250 335
10044	3	501	187 250 400
10045	3	501	187 253 484
10046	3	501	187 265 340
10047	3	501	187 287 441
10048	3	501	187 333 379
10049	3	501	187 335 484
10050	3	501	187 340 444
10051	3	501	187 340 484
10052	3	501	187 362 374
10053	3	501	187 374 455
10054	3	501	187 423 455
10055	3	501	187 429 444
10056	3	501	188 189 234
10057	3	501	188 189 467
10058	3	501	188 189 500
10059	3	501	188 208 417
10060	3	501	188 208 500
10061	3	501	188 237 395
10062	3	501	188 237 417
10063	3	501	188 237 467
10064	3	501	188 237 479
10065	3	501	188 257 292
10066	3	501	188 266 292
10067	3	501	188 266 371
10068	3	501	188 266 462
10069	3	501	188 308 371
10070	3	501	188 308 467
10071	3	501	188 326 371
10072	3	501	188 326 383
10073	3	501	188 337 462
10074	3	501	188 371 383
10075	3	501	188 371 462
10076	3	501	188 380 398
10077	3	501	188 395 428
10078	3	501	188 395 479
10079	3	501	188 462 467
10080	3	501	188 467 500
10081	3	501	189 209 212
10082	3	501	189 209 356
10083	3	501	189 209 452
10084	3	501	189 212 216
10085	3	501	189 212 316
10086	3	501	189 212 448
10087	3	501	189 216 251
10088	3	501	189 216 413
10089	3	501	189 216 439
10090	3	501	189 216 497
10091	3	501	189 234 341
10092	3	501	189 234 439
10093	3	501	189 251 322
10094	3	501	189 251 341
10095	3	501	189 251 356
10096	3	501	189 251 413
10097	3	501	189 272 333
10098	3	501	189 272 356
10099	3	501	189 272 469
10100	3	501	189 316 439
10101	3	501	189 323 460
10102	3	501	189 323 497
10103	3	501	189 333 356
10104	3	501	189 333 448
10105	3	501	189 341 356
10106	3	501	189 354 453
10107	3	501	189 356 453
10108	3	501	189 356 480
10109	3	501	189 413 480
10110	3	501	189 439 452
10111	3	501	189 439 453
10112	3	501	189 452 500
10113	3	501	189 467 500
10114	3	501	190 204 281
10115	3	501	190 204 477
10116	3	501	190 204 497
10117	3	501	190 211 251
10118	3	501	190 211 380
10119	3	501	190 211 398
10120	3	501	190 211 431
10121	3	501	190 219 380
10122	3	501	190 219 397
10123	3	501	190 219 486
10124	3	501	190 245 386
10125	3	501	190 245 436
10126	3	501	190 245 473
10127	3	501	190 245 497
10128	3	501	190 263 268
10129	3	501	190 263 277
10130	3	501	190 268 431
10131	3	501	190 277 397
10132	3	501	190 277 416
10133	3	501	190 277 465
10134	3	501	190 281 380
10135	3	501	190 281 486
10136	3	501	190 380 398
10137	3	501	190 386 431
10138	3	501	190 386 477
10139	3	501	190 403 465
10140	3	501	190 403 479
10141	3	501	190 463 486
10142	3	501	190 477 479
10143	3	501	190 479 497
10144	3	501	190 486 497
10145	3	501	192 197 264
10146	3	501	192 197 268
10147	3	501	192 197 302
10148	3	501	192 197 305
10149	3	501	192 197 356
10150	3	501	192 197 389
10151	3	501	192 197 424
10152	3	501	192 197 454
10153	3	501	192 221 264
10154	3	501	192 221 305
10155	3	501	192 221 342
10156	3	501	192 221 424
10157	3	501	192 225 294
10158	3	501	192 225 473
10159	3	501	192 227 294
10160	3	501	192 227 305
10161	3	501	192 242 356
10162	3	501	192 242 473
10163	3	501	192 263 268
10164	3	501	192 263 269
10165	3	501	192 263 277
10166	3	501	192 264 291
10167	3	501	192 264 356
10168	3	501	192 268 424
10169	3	501	192 269 288
10170	3	501	192 269 454
10171	3	501	192 269 473
10172	3	501	192 277 465
10173	3	501	192 288 291
10174	3	501	192 288 342
10175	3	501	192 291 356
10176	3	501	192 291 465
10177	3	501	192 302 428
10178	3	501	192 305 428
10179	3	501	192 314 389
10180	3	501	192 342 424
10181	3	501	192 347 424
10182	3	501	192 389 454
10183	3	501	193 212 416
10184	3	501	193 212 495
10185	3	501	193 226 285
10186	3	501	193 227 309
10187	3	501	193 240 309
10188	3	501	193 240 354
10189	3	501	193 240 370
10190	3	501	193 240 472
10191	3	501	193 240 495
10192	3	501	193 243 431
10193	3	501	193 243 460
10194	3	501	193 243 495
10195	3	501	193 253 298
10196	3	501	193 253 397
10197	3	501	193 253 453
10198	3	501	193 253 470
10199	3	501	193 253 495
10200	3	501	193 265 431
10201	3	501	193 265 453
10202	3	501	193 265 495
10203	3	501	193 285 298
10204	3	501	193 285 411
10205	3	501	193 298 309
10206	3	501	193 298 354
10207	3	501	193 298 470
10208	3	501	193 314 460
10209	3	501	193 314 472
10210	3	501	193 354 453
10211	3	501	193 370 416
10212	3	501	193 370 453
10213	3	501	193 370 465
10214	3	501	193 370 470
10215	3	501	193 370 472
10216	3	501	193 397 472
10217	3	501	193 411 433
10218	3	501	193 411 470
10219	3	501	193 411 472
10220	3	501	193 433 468
10221	3	501	193 445 470
10222	3	501	193 460 468
10223	3	501	193 465 470
10224	3	501	193 466 470
10225	3	501	193 472 495
10226	3	501	197 201 305
10227	3	501	197 203 264
10228	3	501	197 203 268
10229	3	501	197 203 274
10230	3	501	197 206 376
10231	3	501	197 206 389
10232	3	501	197 240 324
10233	3	501	197 240 389
10234	3	501	197 264 356
10235	3	501	197 264 367
10236	3	501	197 268 424
10237	3	501	197 268 469
10238	3	501	197 274 356
10239	3	501	197 274 399
10240	3	501	197 292 311
10241	3	501	197 292 399
10242	3	501	197 293 324
10243	3	501	197 293 365
10244	3	501	197 293 434
10245	3	501	197 293 454
10246	3	501	197 305 376
10247	3	501	197 305 434
10248	3	501	197 311 376
10249	3	501	197 321 367
10250	3	501	197 321 424
10251	3	501	197 324 365
10252	3	501	197 324 367
10253	3	501	197 324 376
10254	3	501	197 324 389
10255	3	501	197 389 454
10256	3	501	199 202 271
10257	3	501	199 202 293
10258	3	501	199 202 310
10259	3	501	199 202 447
10260	3	501	199 202 494
10261	3	501	199 250 496
10262	3	501	199 271 377
10263	3	501	199 271 461
10264	3	501	199 279 307
10265	3	501	199 286 293
10266	3	501	199 293 437
10267	3	501	199 307 316
10268	3	501	199 307 377
10269	3	501	199 310 437
10270	3	501	199 310 494
10271	3	501	199 316 496
10272	3	501	199 364 447
10273	3	501	199 437 461
10274	3	501	199 447 494
10275	3	501	200 218 372
10276	3	501	200 260 465
10277	3	501	200 312 372
10278	3	501	200 312 376
10279	3	501	200 312 380
10280	3	501	200 313 454
10281	3	501	200 322 372
10282	3	501	200 322 465
10283	3	501	200 324 376
10284	3	501	200 324 380
10285	3	501	200 324 462
10286	3	501	200 366 434
10287	3	501	200 366 436
10288	3	501	200 366 462
10289	3	501	200 366 465
10290	3	501	200 380 476
10291	3	501	200 462 476
10292	3	501	201 227 244
10293	3	501	201 227 305
10294	3	501	201 227 485
10295	3	501	201 250 363
10296	3	501	201 250 400
10297	3	501	201 272 275
10298	3	501	201 272 333
10299	3	501	201 272 363
10300	3	501	201 272 400
10301	3	501	201 275 305
10302	3	501	201 275 418
10303	3	501	201 275 466
10304	3	501	201 275 485
10305	3	501	201 305 363
10306	3	501	201 305 418
10307	3	501	201 333 466
10308	3	501	201 363 479
10309	3	501	201 395 475
10310	3	501	201 395 479
10311	3	501	201 400 417
10312	3	501	201 400 479
10313	3	501	201 405 466
10314	3	501	201 405 485
10315	3	501	201 417 466
10316	3	501	201 418 453
10317	3	501	201 466 475
10318	3	501	201 475 479
10319	3	501	201 479 485
10320	3	501	202 213 232
10321	3	501	202 219 328
10322	3	501	202 219 333
10323	3	501	202 219 373
10324	3	501	202 219 384
10325	3	501	202 219 460
10326	3	501	202 219 494
10327	3	501	202 256 282
10328	3	501	202 256 294
10329	3	501	202 256 333
10330	3	501	202 256 384
10331	3	501	202 256 426
10332	3	501	202 256 439
10333	3	501	202 257 293
10334	3	501	202 257 327
10335	3	501	202 257 373
10336	3	501	202 271 284
10337	3	501	202 271 324
10338	3	501	202 271 448
10339	3	501	202 271 476
10340	3	501	202 282 310
10341	3	501	202 282 328
10342	3	501	202 282 494
10343	3	501	202 284 321
10344	3	501	202 284 384
10345	3	501	202 284 452
10346	3	501	202 293 324
10347	3	501	202 294 321
10348	3	501	202 294 441
10349	3	501	202 296 327
10350	3	501	202 296 439
10351	3	501	202 296 460
10352	3	501	202 310 391
10353	3	501	202 310 426
10354	3	501	202 310 494
10355	3	501	202 318 333
10356	3	501	202 318 362
10357	3	501	202 320 333
10358	3	501	202 320 362
10359	3	501	202 320 476
10360	3	501	202 324 432
10361	3	501	202 327 447
10362	3	501	202 328 333
10363	3	501	202 328 373
10364	3	501	202 328 448
10365	3	501	202 333 448
10366	3	501	202 362 391
10367	3	501	202 362 432
10368	3	501	202 362 476
10369	3	501	202 384 426
10370	3	501	202 384 441
10371	3	501	202 384 452
10372	3	501	202 384 494
10373	3	501	202 439 452
10374	3	501	202 441 447
10375	3	501	202 447 448
10376	3	501	202 447 494
10377	3	501	202 452 494
10378	3	501	202 452 500
10379	3	501	202 460 494
10380	3	501	203 204 477
10381	3	501	203 209 495
10382	3	501	203 213 264
10383	3	501	203 213 274
10384	3	501	203 213 345
10385	3	501	203 216 345
10386	3	501	203 216 487
10387	3	501	203 262 303
10388	3	501	203 262 373
10389	3	501	203 264 310
10390	3	501	203 264 338
10391	3	501	203 268 303
10392	3	501	203 268 341
10393	3	501	203 268 451
10394	3	501	203 303 477
10395	3	501	203 303 495
10396	3	501	203 341 373
10397	3	501	203 341 451
10398	3	501	203 341 489
10399	3	501	203 373 491
10400	3	501	203 487 491
10401	3	501	204 222 260
10402	3	501	204 222 286
10403	3	501	204 222 356
10404	3	501	204 222 476
10405	3	501	204 227 437
10406	3	501	204 227 455
10407	3	501	204 227 497
10408	3	501	204 243 281
10409	3	501	204 260 281
10410	3	501	204 267 464
10411	3	501	204 276 497
10412	3	501	204 281 323
10413	3	501	204 281 324
10414	3	501	204 281 476
10415	3	501	204 323 337
10416	3	501	204 323 455
10417	3	501	204 323 497
10418	3	501	204 325 329
10419	3	501	204 325 337
10420	3	501	204 325 356
10421	3	501	204 337 437
10422	3	501	204 356 464
10423	3	501	204 371 455
10424	3	501	204 426 437
10425	3	501	204 437 477
10426	3	501	204 464 477
10427	3	501	204 476 477
10428	3	501	206 251 349
10429	3	501	206 251 413
10430	3	501	206 289 389
10431	3	501	206 333 389
10432	3	501	206 333 431
10433	3	501	206 349 376
10434	3	501	206 349 413
10435	3	501	206 349 495
10436	3	501	207 225 233
10437	3	501	207 233 340
10438	3	501	207 233 410
10439	3	501	207 267 285
10440	3	501	207 267 314
10441	3	501	207 287 329
10442	3	501	207 314 321
10443	3	501	207 321 424
10444	3	501	208 209 367
10445	3	501	208 209 376
10446	3	501	208 209 436
10447	3	501	208 256 384
10448	3	501	208 261 274
10449	3	501	208 261 424
10450	3	501	208 261 473
10451	3	501	208 268 394
10452	3	501	208 268 410
10453	3	501	208 268 424
10454	3	501	208 274 404
10455	3	501	208 361 417
10456	3	501	208 364 376
10457	3	501	208 364 409
10458	3	501	208 367 384
10459	3	501	208 367 437
10460	3	501	208 384 424
10461	3	501	208 394 417
10462	3	501	208 394 424
10463	3	501	208 404 409
10464	3	501	208 404 500
10465	3	501	208 409 417
10466	3	501	208 409 437
10467	3	501	208 424 436
10468	3	501	209 212 376
10469	3	501	209 212 463
10470	3	501	209 212 495
10471	3	501	209 221 312
10472	3	501	209 221 319
10473	3	501	209 229 237
10474	3	501	209 229 312
10475	3	501	209 229 436
10476	3	501	209 229 495
10477	3	501	209 237 312
10478	3	501	209 253 304
10479	3	501	209 253 481
10480	3	501	209 253 495
10481	3	501	209 271 304
10482	3	501	209 287 312
10483	3	501	209 287 356
10484	3	501	209 287 420
10485	3	501	209 287 481
10486	3	501	209 287 495
10487	3	501	209 293 380
10488	3	501	209 312 356
10489	3	501	209 312 372
10490	3	501	209 312 376
10491	3	501	209 312 380
10492	3	501	209 319 367
10493	3	501	209 321 367
10494	3	501	209 349 376
10495	3	501	209 349 436
10496	3	501	209 349 452
10497	3	501	209 349 495
10498	3	501	209 356 372
10499	3	501	209 356 380
10500	3	501	209 367 481
10501	3	501	209 367 495
10502	3	501	209 372 420
10503	3	501	209 380 481
10504	3	501	210 217 282
10505	3	501	210 217 386
10506	3	501	210 222 403
10507	3	501	210 228 380
10508	3	501	210 228 386
10509	3	501	210 228 403
10510	3	501	210 265 395
10511	3	501	210 265 424
10512	3	501	210 265 431
10513	3	501	210 265 495
10514	3	501	210 274 485
10515	3	501	210 282 444
10516	3	501	210 282 445
10517	3	501	210 282 485
10518	3	501	210 313 431
10519	3	501	210 343 347
10520	3	501	210 343 424
10521	3	501	210 343 431
10522	3	501	210 347 424
10523	3	501	210 347 445
10524	3	501	210 367 373
10525	3	501	210 367 495
10526	3	501	210 373 386
10527	3	501	210 373 395
10528	3	501	210 373 431
10529	3	501	210 380 398
10530	3	501	210 386 431
10531	3	501	210 403 451
10532	3	501	211 213 322
10533	3	501	211 213 380
10534	3	501	211 213 461
10535	3	501	211 223 246
10536	3	501	211 223 250
10537	3	501	211 223 413
10538	3	501	211 223 431
10539	3	501	211 239 471
10540	3	501	211 251 322
10541	3	501	211 251 355
10542	3	501	211 251 356
10543	3	501	211 251 413
10544	3	501	211 275 305
10545	3	501	211 275 322
10546	3	501	211 275 387
10547	3	501	211 275 399
10548	3	501	211 305 355
10549	3	501	211 305 471
10550	3	501	211 308 399
10551	3	501	211 308 450
10552	3	501	211 308 471
10553	3	501	211 321 387
10554	3	501	211 321 464
10555	3	501	211 322 411
10556	3	501	211 322 450
10557	3	501	211 324 355
10558	3	501	211 324 380
10559	3	501	211 324 387
10560	3	501	211 324 471
10561	3	501	211 332 399
10562	3	501	211 332 409
10563	3	501	211 355 461
10564	3	501	211 356 380
10565	3	501	211 356 411
10566	3	501	211 356 464
10567	3	501	211 380 398
10568	3	501	211 380 411
10569	3	501	211 380 464
10570	3	501	211 383 413
10571	3	501	211 394 431
10572	3	501	211 398 411
10573	3	501	211 398 471
10574	3	501	211 399 448
10575	3	501	211 409 411
10576	3	501	211 431 448
10577	3	501	212 216 351
10578	3	501	212 216 371
10579	3	501	212 216 396
10580	3	501	212 216 416
10581	3	501	212 216 484
10582	3	501	212 216 486
10583	3	501	212 218 279
10584	3	501	212 218 351
10585	3	501	212 279 291
10586	3	501	212 279 342
10587	3	501	212 286 355
10588	3	501	212 286 396
10589	3	501	212 286 495
10590	3	501	212 291 325
10591	3	501	212 291 404
10592	3	501	212 303 316
10593	3	501	212 303 325
10594	3	501	212 303 484
10595	3	501	212 303 495
10596	3	501	212 316 495
10597	3	501	212 325 342
10598	3	501	212 325 463
10599	3	501	212 325 495
10600	3	501	212 342 371
10601	3	501	212 342 404
10602	3	501	212 355 404
10603	3	501	212 371 406
10604	3	501	212 371 486
10605	3	501	212 396 416
10606	3	501	212 396 448
10607	3	501	212 406 416
10608	3	501	212 463 486
10609	3	501	213 224 345
10610	3	501	213 237 322
10611	3	501	213 238 307
10612	3	501	213 238 345
10613	3	501	213 240 380
10614	3	501	213 264 443
10615	3	501	213 298 461
10616	3	501	213 307 311
10617	3	501	213 307 316
10618	3	501	213 307 459
10619	3	501	213 311 380
10620	3	501	216 217 282
10621	3	501	216 217 345
10622	3	501	216 217 413
10623	3	501	216 227 318
10624	3	501	216 227 359
10625	3	501	216 227 446
10626	3	501	216 227 497
10627	3	501	216 230 318
10628	3	501	216 230 371
10629	3	501	216 230 484
10630	3	501	216 236 271
10631	3	501	216 236 353
10632	3	501	216 236 413
10633	3	501	216 245 359
10634	3	501	216 245 487
10635	3	501	216 245 497
10636	3	501	216 251 271
10637	3	501	216 251 345
10638	3	501	216 251 413
10639	3	501	216 251 488
10640	3	501	216 271 353
10641	3	501	216 271 371
10642	3	501	216 271 431
10643	3	501	216 282 430
10644	3	501	216 301 459
10645	3	501	216 301 472
10646	3	501	216 318 400
10647	3	501	216 318 484
10648	3	501	216 332 351
10649	3	501	216 332 370
10650	3	501	216 345 484
10651	3	501	216 351 353
10652	3	501	216 351 430
10653	3	501	216 351 432
10654	3	501	216 351 488
10655	3	501	216 351 497
10656	3	501	216 353 413
10657	3	501	216 353 428
10658	3	501	216 353 459
10659	3	501	216 353 497
10660	3	501	216 359 370
10661	3	501	216 366 486
10662	3	501	216 366 497
10663	3	501	216 370 416
10664	3	501	216 370 472
10665	3	501	216 370 482
10666	3	501	216 371 432
10667	3	501	216 371 486
10668	3	501	216 396 416
10669	3	501	216 400 416
10670	3	501	216 400 488
10671	3	501	216 413 416
10672	3	501	216 413 487
10673	3	501	216 428 446
10674	3	501	216 430 484
10675	3	501	216 439 484
10676	3	501	216 459 484
10677	3	501	216 459 487
10678	3	501	216 482 484
10679	3	501	216 482 497
10680	3	501	216 486 497
10681	3	501	216 488 497
10682	3	501	217 219 240
10683	3	501	217 219 328
10684	3	501	217 219 344
10685	3	501	217 219 345
10686	3	501	217 219 364
10687	3	501	217 219 397
10688	3	501	217 224 282
10689	3	501	217 224 295
10690	3	501	217 224 345
10691	3	501	217 224 350
10692	3	501	217 226 304
10693	3	501	217 237 295
10694	3	501	217 237 458
10695	3	501	217 240 278
10696	3	501	217 240 282
10697	3	501	217 240 344
10698	3	501	217 246 455
10699	3	501	217 278 304
10700	3	501	217 278 344
10701	3	501	217 278 455
10702	3	501	217 282 328
10703	3	501	217 283 350
10704	3	501	217 283 364
10705	3	501	217 297 364
10706	3	501	217 297 464
10707	3	501	217 304 458
10708	3	501	217 304 480
10709	3	501	217 328 409
10710	3	501	217 344 350
10711	3	501	217 344 364
10712	3	501	217 344 481
10713	3	501	217 345 458
10714	3	501	217 345 464
10715	3	501	217 350 413
10716	3	501	217 350 458
10717	3	501	217 364 378
10718	3	501	217 364 409
10719	3	501	217 364 447
10720	3	501	217 364 468
10721	3	501	217 378 413
10722	3	501	217 386 413
10723	3	501	217 413 480
10724	3	501	217 447 458
10725	3	501	217 447 480
10726	3	501	218 222 272
10727	3	501	218 222 452
10728	3	501	218 258 357
10729	3	501	218 258 378
10730	3	501	218 268 423
10731	3	501	218 268 469
10732	3	501	218 272 351
10733	3	501	218 272 469
10734	3	501	218 279 318
10735	3	501	218 351 357
10736	3	501	218 351 430
10737	3	501	218 372 423
10738	3	501	218 378 411
10739	3	501	218 411 423
10740	3	501	218 411 452
10741	3	501	219 223 288
10742	3	501	219 223 328
10743	3	501	219 223 361
10744	3	501	219 225 308
10745	3	501	219 225 345
10746	3	501	219 225 483
10747	3	501	219 240 338
10748	3	501	219 240 344
10749	3	501	219 240 380
10750	3	501	219 240 471
10751	3	501	219 240 486
10752	3	501	219 260 326
10753	3	501	219 260 328
10754	3	501	219 260 397
10755	3	501	219 260 483
10756	3	501	219 264 299
10757	3	501	219 264 315
10758	3	501	219 264 333
10759	3	501	219 264 338
10760	3	501	219 264 364
10761	3	501	219 264 385
10762	3	501	219 286 338
10763	3	501	219 287 344
10764	3	501	219 287 397
10765	3	501	219 287 494
10766	3	501	219 288 338
10767	3	501	219 288 380
10768	3	501	219 288 384
10769	3	501	219 288 475
10770	3	501	219 308 471
10771	3	501	219 308 486
10772	3	501	219 315 361
10773	3	501	219 315 453
10774	3	501	219 326 475
10775	3	501	219 328 333
10776	3	501	219 328 373
10777	3	501	219 333 345
10778	3	501	219 333 364
10779	3	501	219 344 361
10780	3	501	219 344 364
10781	3	501	219 345 361
10782	3	501	219 349 376
10783	3	501	219 363 364
10784	3	501	219 364 373
10785	3	501	219 364 376
10786	3	501	219 364 380
10787	3	501	219 364 475
10788	3	501	219 365 397
10789	3	501	219 365 449
10790	3	501	219 380 384
10791	3	501	219 380 460
10792	3	501	219 380 483
10793	3	501	219 384 483
10794	3	501	219 384 494
10795	3	501	219 385 453
10796	3	501	219 449 460
10797	3	501	219 453 486
10798	3	501	219 460 494
10799	3	501	219 475 486
10800	3	501	221 226 312
10801	3	501	221 236 264
10802	3	501	221 236 322
10803	3	501	221 236 471
10804	3	501	221 264 299
10805	3	501	221 264 338
10806	3	501	221 264 418
10807	3	501	221 267 299
10808	3	501	221 267 396
10809	3	501	221 267 418
10810	3	501	221 299 312
10811	3	501	221 305 312
10812	3	501	221 305 338
10813	3	501	221 305 418
10814	3	501	221 305 471
10815	3	501	221 312 406
10816	3	501	221 319 322
10817	3	501	221 320 471
10818	3	501	221 320 485
10819	3	501	221 326 424
10820	3	501	221 326 448
10821	3	501	221 338 418
10822	3	501	221 342 424
10823	3	501	221 342 471
10824	3	501	221 342 494
10825	3	501	221 386 406
10826	3	501	221 386 418
10827	3	501	221 396 448
10828	3	501	221 406 424
10829	3	501	221 406 471
10830	3	501	221 418 471
10831	3	501	221 418 494
10832	3	501	222 225 246
10833	3	501	222 225 275
10834	3	501	222 225 345
10835	3	501	222 225 476
10836	3	501	222 244 345
10837	3	501	222 244 403
10838	3	501	222 246 403
10839	3	501	222 248 272
10840	3	501	222 248 452
10841	3	501	222 272 275
10842	3	501	222 272 309
10843	3	501	222 272 356
10844	3	501	222 272 435
10845	3	501	222 275 293
10846	3	501	222 275 345
10847	3	501	222 286 293
10848	3	501	222 286 452
10849	3	501	222 301 403
10850	3	501	222 301 472
10851	3	501	222 356 435
10852	3	501	222 356 472
10853	3	501	222 476 488
10854	3	501	223 232 283
10855	3	501	223 246 372
10856	3	501	223 248 272
10857	3	501	223 248 357
10858	3	501	223 250 353
10859	3	501	223 272 340
10860	3	501	223 288 476
10861	3	501	223 289 340
10862	3	501	223 289 353
10863	3	501	223 289 372
10864	3	501	223 293 410
10865	3	501	223 318 340
10866	3	501	223 340 444
10867	3	501	223 340 476
10868	3	501	223 353 413
10869	3	501	223 353 500
10870	3	501	223 361 372
10871	3	501	223 372 444
10872	3	501	224 229 399
10873	3	501	224 241 370
10874	3	501	224 249 282
10875	3	501	224 249 370
10876	3	501	224 249 399
10877	3	501	224 249 428
10878	3	501	224 277 315
10879	3	501	224 277 475
10880	3	501	224 277 484
10881	3	501	224 282 341
10882	3	501	224 293 471
10883	3	501	224 293 475
10884	3	501	224 295 370
10885	3	501	224 315 341
10886	3	501	224 315 452
10887	3	501	224 329 350
10888	3	501	224 341 457
10889	3	501	224 341 484
10890	3	501	224 345 484
10891	3	501	224 362 457
10892	3	501	224 370 399
10893	3	501	224 370 472
10894	3	501	224 452 457
10895	3	501	225 233 294
10896	3	501	225 233 430
10897	3	501	225 275 345
10898	3	501	225 275 387
10899	3	501	225 275 473
10900	3	501	225 294 387
10901	3	501	225 294 441
10902	3	501	225 295 312
10903	3	501	225 303 430
10904	3	501	225 308 445
10905	3	501	225 345 458
10906	3	501	225 345 464
10907	3	501	225 387 404
10908	3	501	225 387 473
10909	3	501	225 404 430
10910	3	501	225 404 445
10911	3	501	225 441 451
10912	3	501	225 441 473
10913	3	501	225 445 473
10914	3	501	225 451 464
10915	3	501	225 458 476
10916	3	501	225 458 483
10917	3	501	225 473 476
10918	3	501	226 276 403
10919	3	501	226 276 463
10920	3	501	226 285 312
10921	3	501	226 302 428
10922	3	501	226 302 463
10923	3	501	226 304 428
10924	3	501	226 304 473
10925	3	501	226 337 403
10926	3	501	226 373 473
10927	3	501	226 428 463
10928	3	501	227 244 447
10929	3	501	227 244 455
10930	3	501	227 294 376
10931	3	501	227 294 378
10932	3	501	227 305 376
10933	3	501	227 309 378
10934	3	501	227 344 364
10935	3	501	227 359 364
10936	3	501	227 359 376
10937	3	501	227 359 455
10938	3	501	227 364 376
10939	3	501	227 364 378
10940	3	501	227 364 446
10941	3	501	227 364 447
10942	3	501	227 368 378
10943	3	501	227 369 437
10944	3	501	227 369 455
10945	3	501	227 376 378
10946	3	501	227 446 447
10947	3	501	227 446 455
10948	3	501	227 447 485
10949	3	501	228 232 437
10950	3	501	228 242 380
10951	3	501	228 242 473
10952	3	501	228 258 287
10953	3	501	228 258 308
10954	3	501	228 258 371
10955	3	501	228 258 376
10956	3	501	228 258 491
10957	3	501	228 269 473
10958	3	501	228 308 371
10959	3	501	228 308 437
10960	3	501	228 308 471
10961	3	501	228 371 443
10962	3	501	228 376 386
10963	3	501	228 380 389
10964	3	501	228 380 476
10965	3	501	228 389 476
10966	3	501	228 436 491
10967	3	501	228 471 476
10968	3	501	228 473 476
10969	3	501	229 237 276
10970	3	501	229 237 301
10971	3	501	229 237 310
10972	3	501	229 237 312
10973	3	501	229 269 464
10974	3	501	229 269 473
10975	3	501	229 301 310
10976	3	501	229 301 464
10977	3	501	229 309 443
10978	3	501	229 312 323
10979	3	501	229 318 323
10980	3	501	229 318 436
10981	3	501	229 318 495
10982	3	501	230 234 287
10983	3	501	230 234 464
10984	3	501	230 234 484
10985	3	501	230 240 338
10986	3	501	230 240 398
10987	3	501	230 261 274
10988	3	501	230 261 398
10989	3	501	230 274 287
10990	3	501	230 277 484
10991	3	501	230 287 468
10992	3	501	230 318 436
10993	3	501	230 318 484
10994	3	501	230 319 373
10995	3	501	230 338 368
10996	3	501	230 338 436
10997	3	501	230 436 484
10998	3	501	230 464 484
10999	3	501	231 240 452
11000	3	501	231 301 321
11001	3	501	231 308 445
11002	3	501	231 368 378
11003	3	501	231 368 452
11004	3	501	231 378 439
11005	3	501	231 439 452
11006	3	501	232 260 418
11007	3	501	232 260 429
11008	3	501	232 260 430
11009	3	501	232 266 409
11010	3	501	232 266 463
11011	3	501	232 283 418
11012	3	501	232 283 497
11013	3	501	232 295 437
11014	3	501	232 295 497
11015	3	501	232 297 430
11016	3	501	232 329 359
11017	3	501	232 329 418
11018	3	501	232 329 485
11019	3	501	232 337 430
11020	3	501	232 337 437
11021	3	501	232 341 451
11022	3	501	232 355 430
11023	3	501	232 359 418
11024	3	501	232 409 437
11025	3	501	232 409 451
11026	3	501	232 409 463
11027	3	501	232 409 485
11028	3	501	232 418 430
11029	3	501	232 418 440
11030	3	501	232 437 451
11031	3	501	233 237 242
11032	3	501	233 237 440
11033	3	501	233 242 380
11034	3	501	233 242 459
11035	3	501	233 242 472
11036	3	501	233 291 353
11037	3	501	233 291 391
11038	3	501	233 291 465
11039	3	501	233 294 472
11040	3	501	233 326 468
11041	3	501	233 340 386
11042	3	501	233 340 484
11043	3	501	233 353 426
11044	3	501	233 353 459
11045	3	501	233 353 465
11046	3	501	233 380 489
11047	3	501	233 386 410
11048	3	501	233 386 426
11049	3	501	233 409 437
11050	3	501	233 409 484
11051	3	501	233 410 459
11052	3	501	233 422 437
11053	3	501	233 426 437
11054	3	501	233 426 440
11055	3	501	233 430 484
11056	3	501	233 459 484
11057	3	501	234 248 256
11058	3	501	234 248 287
11059	3	501	234 248 291
11060	3	501	234 248 341
11061	3	501	234 250 291
11062	3	501	234 250 342
11063	3	501	234 256 350
11064	3	501	234 256 439
11065	3	501	234 256 466
11066	3	501	234 258 287
11067	3	501	234 258 304
11068	3	501	234 258 488
11069	3	501	234 264 291
11070	3	501	234 264 315
11071	3	501	234 264 364
11072	3	501	234 264 367
11073	3	501	234 286 350
11074	3	501	234 287 312
11075	3	501	234 291 391
11076	3	501	234 291 439
11077	3	501	234 291 465
11078	3	501	234 304 387
11079	3	501	234 315 341
11080	3	501	234 315 464
11081	3	501	234 320 465
11082	3	501	234 320 466
11083	3	501	234 341 411
11084	3	501	234 341 465
11085	3	501	234 341 484
11086	3	501	234 350 430
11087	3	501	234 364 430
11088	3	501	234 367 439
11089	3	501	234 391 455
11090	3	501	234 430 484
11091	3	501	234 439 484
11092	3	501	234 455 463
11093	3	501	234 464 465
11094	3	501	234 464 466
11095	3	501	234 464 484
11096	3	501	236 237 322
11097	3	501	236 237 387
11098	3	501	236 237 440
11099	3	501	236 237 467
11100	3	501	236 266 496
11101	3	501	236 271 353
11102	3	501	236 271 445
11103	3	501	236 271 467
11104	3	501	236 307 445
11105	3	501	236 322 404
11106	3	501	236 322 445
11107	3	501	236 353 413
11108	3	501	236 353 477
11109	3	501	236 355 404
11110	3	501	236 387 404
11111	3	501	236 404 445
11112	3	501	236 413 496
11113	3	501	236 440 467
11114	3	501	236 440 477
11115	3	501	236 445 471
11116	3	501	236 445 477
11117	3	501	236 449 460
11118	3	501	236 467 495
11119	3	501	236 471 477
11120	3	501	237 242 244
11121	3	501	237 242 479
11122	3	501	237 244 312
11123	3	501	237 244 322
11124	3	501	237 244 387
11125	3	501	237 276 300
11126	3	501	237 295 301
11127	3	501	237 295 312
11128	3	501	237 299 312
11129	3	501	237 299 395
11130	3	501	237 300 322
11131	3	501	237 300 458
11132	3	501	237 301 310
11133	3	501	237 301 479
11134	3	501	237 310 479
11135	3	501	237 312 359
11136	3	501	237 387 475
11137	3	501	237 394 417
11138	3	501	237 394 475
11139	3	501	237 395 475
11140	3	501	237 395 479
11141	3	501	237 440 467
11142	3	501	237 475 479
11143	3	501	238 243 330
11144	3	501	238 263 449
11145	3	501	238 284 429
11146	3	501	238 289 429
11147	3	501	238 289 489
11148	3	501	238 292 307
11149	3	501	238 292 449
11150	3	501	238 307 330
11151	3	501	238 307 351
11152	3	501	238 330 332
11153	3	501	238 330 350
11154	3	501	238 330 351
11155	3	501	238 330 429
11156	3	501	238 332 351
11157	3	501	238 332 458
11158	3	501	238 345 458
11159	3	501	238 350 458
11160	3	501	238 351 429
11161	3	501	238 351 458
11162	3	501	238 400 416
11163	3	501	238 416 489
11164	3	501	238 429 458
11165	3	501	238 440 470
11166	3	501	239 269 410
11167	3	501	239 269 434
11168	3	501	239 310 410
11169	3	501	239 310 426
11170	3	501	239 426 471
11171	3	501	239 429 434
11172	3	501	240 263 324
11173	3	501	240 266 278
11174	3	501	240 278 313
11175	3	501	240 278 344
11176	3	501	240 278 351
11177	3	501	240 282 310
11178	3	501	240 282 338
11179	3	501	240 282 341
11180	3	501	240 282 430
11181	3	501	240 309 347
11182	3	501	240 309 430
11183	3	501	240 309 451
11184	3	501	240 310 472
11185	3	501	240 324 370
11186	3	501	240 324 380
11187	3	501	240 324 389
11188	3	501	240 324 430
11189	3	501	240 324 471
11190	3	501	240 324 486
11191	3	501	240 329 398
11192	3	501	240 329 495
11193	3	501	240 341 451
11194	3	501	240 347 351
11195	3	501	240 351 398
11196	3	501	240 351 430
11197	3	501	240 354 486
11198	3	501	240 370 472
11199	3	501	240 380 389
11200	3	501	240 380 398
11201	3	501	240 398 471
11202	3	501	240 472 495
11203	3	501	241 271 324
11204	3	501	241 271 445
11205	3	501	241 303 305
11206	3	501	241 303 316
11207	3	501	241 303 325
11208	3	501	241 303 427
11209	3	501	241 305 340
11210	3	501	241 316 427
11211	3	501	241 316 439
11212	3	501	241 324 370
11213	3	501	241 325 326
11214	3	501	241 325 403
11215	3	501	241 325 445
11216	3	501	241 340 368
11217	3	501	241 400 427
11218	3	501	241 480 489
11219	3	501	242 244 253
11220	3	501	242 253 325
11221	3	501	242 257 451
11222	3	501	242 262 267
11223	3	501	242 262 325
11224	3	501	242 279 420
11225	3	501	242 279 472
11226	3	501	242 297 466
11227	3	501	242 325 356
11228	3	501	242 325 380
11229	3	501	242 325 445
11230	3	501	242 341 356
11231	3	501	242 341 451
11232	3	501	242 356 380
11233	3	501	242 356 451
11234	3	501	242 356 472
11235	3	501	242 420 445
11236	3	501	242 445 473
11237	3	501	242 445 479
11238	3	501	242 459 473
11239	3	501	243 250 291
11240	3	501	243 250 363
11241	3	501	243 250 369
11242	3	501	243 250 422
11243	3	501	243 250 495
11244	3	501	243 261 274
11245	3	501	243 261 422
11246	3	501	243 268 303
11247	3	501	243 268 341
11248	3	501	243 268 431
11249	3	501	243 268 460
11250	3	501	243 274 291
11251	3	501	243 277 334
11252	3	501	243 277 430
11253	3	501	243 281 334
11254	3	501	243 281 422
11255	3	501	243 281 430
11256	3	501	243 281 454
11257	3	501	243 281 460
11258	3	501	243 291 372
11259	3	501	243 291 373
11260	3	501	243 296 454
11261	3	501	243 296 460
11262	3	501	243 303 330
11263	3	501	243 303 369
11264	3	501	243 303 430
11265	3	501	243 303 495
11266	3	501	243 326 383
11267	3	501	243 330 495
11268	3	501	243 334 372
11269	3	501	243 334 379
11270	3	501	243 341 372
11271	3	501	243 341 373
11272	3	501	243 341 379
11273	3	501	243 363 364
11274	3	501	243 364 372
11275	3	501	243 364 373
11276	3	501	243 364 430
11277	3	501	243 369 372
11278	3	501	243 373 431
11279	3	501	243 379 430
11280	3	501	243 379 460
11281	3	501	243 383 385
11282	3	501	243 454 460
11283	3	501	244 253 311
11284	3	501	244 253 337
11285	3	501	244 253 439
11286	3	501	244 253 481
11287	3	501	244 269 322
11288	3	501	244 269 335
11289	3	501	244 269 454
11290	3	501	244 278 287
11291	3	501	244 278 313
11292	3	501	244 278 387
11293	3	501	244 278 455
11294	3	501	244 287 312
11295	3	501	244 287 337
11296	3	501	244 287 377
11297	3	501	244 287 399
11298	3	501	244 287 468
11299	3	501	244 287 481
11300	3	501	244 287 494
11301	3	501	244 311 323
11302	3	501	244 312 323
11303	3	501	244 313 431
11304	3	501	244 313 454
11305	3	501	244 322 433
11306	3	501	244 322 447
11307	3	501	244 322 465
11308	3	501	244 323 337
11309	3	501	244 323 455
11310	3	501	244 326 468
11311	3	501	244 335 387
11312	3	501	244 335 447
11313	3	501	244 337 403
11314	3	501	244 345 436
11315	3	501	244 362 432
11316	3	501	244 377 387
11317	3	501	244 377 436
11318	3	501	244 384 494
11319	3	501	244 387 432
11320	3	501	244 399 403
11321	3	501	244 399 432
11322	3	501	244 399 468
11323	3	501	244 403 465
11324	3	501	244 433 455
11325	3	501	244 433 468
11326	3	501	244 439 481
11327	3	501	244 443 481
11328	3	501	244 447 454
11329	3	501	244 447 494
11330	3	501	245 253 288
11331	3	501	245 253 469
11332	3	501	245 272 324
11333	3	501	245 272 333
11334	3	501	245 272 340
11335	3	501	245 272 469
11336	3	501	245 303 469
11337	3	501	245 308 359
11338	3	501	245 312 359
11339	3	501	245 312 376
11340	3	501	245 312 487
11341	3	501	245 324 376
11342	3	501	245 333 386
11343	3	501	245 333 487
11344	3	501	245 340 359
11345	3	501	245 340 386
11346	3	501	245 340 436
11347	3	501	245 344 469
11348	3	501	245 359 376
11349	3	501	245 376 386
11350	3	501	246 257 363
11351	3	501	246 257 485
11352	3	501	246 257 486
11353	3	501	246 262 330
11354	3	501	246 262 426
11355	3	501	246 262 446
11356	3	501	246 274 287
11357	3	501	246 274 400
11358	3	501	246 274 485
11359	3	501	246 276 403
11360	3	501	246 279 446
11361	3	501	246 281 485
11362	3	501	246 281 486
11363	3	501	246 287 446
11364	3	501	246 330 446
11365	3	501	246 362 446
11366	3	501	246 363 426
11367	3	501	246 371 455
11368	3	501	246 371 469
11369	3	501	246 371 486
11370	3	501	246 372 486
11371	3	501	246 400 426
11372	3	501	246 400 427
11373	3	501	246 427 446
11374	3	501	246 446 455
11375	3	501	248 256 426
11376	3	501	248 256 491
11377	3	501	248 272 324
11378	3	501	248 287 324
11379	3	501	248 287 420
11380	3	501	248 291 423
11381	3	501	248 299 423
11382	3	501	248 299 461
11383	3	501	248 310 426
11384	3	501	248 310 437
11385	3	501	248 323 423
11386	3	501	248 323 497
11387	3	501	248 357 461
11388	3	501	248 409 423
11389	3	501	248 409 437
11390	3	501	248 422 423
11391	3	501	248 422 437
11392	3	501	248 422 452
11393	3	501	248 426 437
11394	3	501	248 426 440
11395	3	501	248 436 491
11396	3	501	248 436 496
11397	3	501	248 437 461
11398	3	501	248 480 496
11399	3	501	249 253 284
11400	3	501	249 253 343
11401	3	501	249 253 351
11402	3	501	249 253 369
11403	3	501	249 265 278
11404	3	501	249 265 454
11405	3	501	249 265 491
11406	3	501	249 278 351
11407	3	501	249 281 324
11408	3	501	249 281 433
11409	3	501	249 281 454
11410	3	501	249 282 335
11411	3	501	249 282 363
11412	3	501	249 282 418
11413	3	501	249 284 305
11414	3	501	249 284 369
11415	3	501	249 284 374
11416	3	501	249 284 399
11417	3	501	249 284 429
11418	3	501	249 284 454
11419	3	501	249 284 461
11420	3	501	249 305 363
11421	3	501	249 305 418
11422	3	501	249 305 426
11423	3	501	249 305 428
11424	3	501	249 319 363
11425	3	501	249 319 429
11426	3	501	249 324 370
11427	3	501	249 335 343
11428	3	501	249 335 428
11429	3	501	249 335 464
11430	3	501	249 343 428
11431	3	501	249 343 461
11432	3	501	249 351 398
11433	3	501	249 351 429
11434	3	501	249 351 458
11435	3	501	249 363 426
11436	3	501	249 369 374
11437	3	501	249 369 418
11438	3	501	249 369 426
11439	3	501	249 370 391
11440	3	501	249 370 399
11441	3	501	249 370 418
11442	3	501	249 399 491
11443	3	501	249 418 491
11444	3	501	249 426 454
11445	3	501	249 428 461
11446	3	501	249 429 458
11447	3	501	249 433 491
11448	3	501	250 267 363
11449	3	501	250 278 353
11450	3	501	250 278 422
11451	3	501	250 291 353
11452	3	501	250 335 428
11453	3	501	250 353 365
11454	3	501	250 353 369
11455	3	501	250 353 428
11456	3	501	250 365 397
11457	3	501	250 366 369
11458	3	501	250 366 486
11459	3	501	250 397 400
11460	3	501	251 266 278
11461	3	501	251 271 278
11462	3	501	251 278 361
11463	3	501	251 286 355
11464	3	501	251 300 322
11465	3	501	251 300 335
11466	3	501	251 335 343
11467	3	501	251 341 343
11468	3	501	251 341 356
11469	3	501	251 345 361
11470	3	501	251 349 413
11471	3	501	253 276 439
11472	3	501	253 276 453
11473	3	501	253 284 369
11474	3	501	253 284 405
11475	3	501	253 284 424
11476	3	501	253 288 440
11477	3	501	253 298 439
11478	3	501	253 298 470
11479	3	501	253 304 424
11480	3	501	253 307 311
11481	3	501	253 307 351
11482	3	501	253 307 439
11483	3	501	253 325 337
11484	3	501	253 325 495
11485	3	501	253 332 351
11486	3	501	253 332 453
11487	3	501	253 332 481
11488	3	501	253 337 397
11489	3	501	253 343 424
11490	3	501	253 343 470
11491	3	501	253 369 482
11492	3	501	253 397 424
11493	3	501	253 397 439
11494	3	501	253 405 481
11495	3	501	253 439 453
11496	3	501	253 439 481
11497	3	501	253 439 484
11498	3	501	253 440 470
11499	3	501	253 469 484
11500	3	501	253 482 484
11501	3	501	256 282 445
11502	3	501	256 294 313
11503	3	501	256 297 300
11504	3	501	256 297 395
11505	3	501	256 297 466
11506	3	501	256 313 350
11507	3	501	256 313 491
11508	3	501	256 333 466
11509	3	501	256 350 491
11510	3	501	256 384 396
11511	3	501	256 384 426
11512	3	501	256 395 412
11513	3	501	256 395 481
11514	3	501	256 426 466
11515	3	501	256 439 481
11516	3	501	256 445 482
11517	3	501	257 260 465
11518	3	501	257 269 454
11519	3	501	257 278 293
11520	3	501	257 278 423
11521	3	501	257 292 311
11522	3	501	257 292 377
11523	3	501	257 292 423
11524	3	501	257 293 365
11525	3	501	257 293 454
11526	3	501	257 293 470
11527	3	501	257 293 471
11528	3	501	257 311 327
11529	3	501	257 365 485
11530	3	501	257 377 444
11531	3	501	257 377 451
11532	3	501	257 444 486
11533	3	501	257 465 470
11534	3	501	257 470 480
11535	3	501	258 287 297
11536	3	501	258 287 489
11537	3	501	258 297 308
11538	3	501	258 297 450
11539	3	501	258 297 489
11540	3	501	258 303 330
11541	3	501	258 304 308
11542	3	501	258 308 327
11543	3	501	258 308 371
11544	3	501	258 308 450
11545	3	501	258 327 450
11546	3	501	258 330 429
11547	3	501	258 330 450
11548	3	501	258 357 376
11549	3	501	258 357 429
11550	3	501	258 357 489
11551	3	501	258 371 444
11552	3	501	258 373 431
11553	3	501	258 373 491
11554	3	501	258 376 378
11555	3	501	258 376 444
11556	3	501	258 394 431
11557	3	501	258 429 444
11558	3	501	258 429 450
11559	3	501	258 429 488
11560	3	501	258 431 448
11561	3	501	258 444 448
11562	3	501	260 281 328
11563	3	501	260 281 422
11564	3	501	260 281 430
11565	3	501	260 281 500
11566	3	501	260 318 386
11567	3	501	260 319 397
11568	3	501	260 319 429
11569	3	501	260 319 483
11570	3	501	260 328 418
11571	3	501	260 370 378
11572	3	501	260 370 399
11573	3	501	260 370 406
11574	3	501	260 370 418
11575	3	501	260 370 465
11576	3	501	260 374 386
11577	3	501	260 374 422
11578	3	501	260 374 483
11579	3	501	260 379 410
11580	3	501	260 379 430
11581	3	501	260 386 406
11582	3	501	260 386 410
11583	3	501	260 386 418
11584	3	501	260 399 430
11585	3	501	260 418 430
11586	3	501	260 418 483
11587	3	501	260 430 500
11588	3	501	261 263 274
11589	3	501	261 274 393
11590	3	501	261 274 399
11591	3	501	261 285 297
11592	3	501	261 285 411
11593	3	501	261 285 422
11594	3	501	261 313 393
11595	3	501	261 313 458
11596	3	501	261 316 411
11597	3	501	261 316 465
11598	3	501	261 345 411
11599	3	501	261 345 458
11600	3	501	261 380 398
11601	3	501	261 380 411
11602	3	501	261 380 481
11603	3	501	261 393 424
11604	3	501	261 393 458
11605	3	501	261 393 481
11606	3	501	261 398 411
11607	3	501	261 411 422
11608	3	501	261 411 433
11609	3	501	261 413 475
11610	3	501	261 413 480
11611	3	501	262 267 314
11612	3	501	262 271 304
11613	3	501	262 271 324
11614	3	501	262 271 353
11615	3	501	262 303 325
11616	3	501	262 303 330
11617	3	501	262 303 332
11618	3	501	262 303 353
11619	3	501	262 314 364
11620	3	501	262 314 373
11621	3	501	262 324 488
11622	3	501	262 325 326
11623	3	501	262 325 353
11624	3	501	262 325 488
11625	3	501	262 326 332
11626	3	501	262 330 332
11627	3	501	262 330 446
11628	3	501	262 353 426
11629	3	501	262 353 447
11630	3	501	262 361 447
11631	3	501	262 364 373
11632	3	501	262 364 378
11633	3	501	262 364 446
11634	3	501	262 364 447
11635	3	501	262 446 447
11636	3	501	263 269 274
11637	3	501	263 277 466
11638	3	501	263 277 484
11639	3	501	263 324 457
11640	3	501	263 369 384
11641	3	501	263 369 466
11642	3	501	263 371 449
11643	3	501	263 449 500
11644	3	501	263 457 466
11645	3	501	264 285 394
11646	3	501	264 285 422
11647	3	501	264 291 356
11648	3	501	264 291 362
11649	3	501	264 291 443
11650	3	501	264 310 315
11651	3	501	264 310 468
11652	3	501	264 315 444
11653	3	501	264 333 356
11654	3	501	264 333 364
11655	3	501	264 338 394
11656	3	501	264 338 418
11657	3	501	264 356 418
11658	3	501	264 362 385
11659	3	501	264 362 457
11660	3	501	264 364 409
11661	3	501	264 364 468
11662	3	501	264 418 457
11663	3	501	264 418 468
11664	3	501	264 420 468
11665	3	501	265 268 332
11666	3	501	265 268 410
11667	3	501	265 268 424
11668	3	501	265 268 431
11669	3	501	265 278 361
11670	3	501	265 283 395
11671	3	501	265 283 436
11672	3	501	265 332 453
11673	3	501	265 340 395
11674	3	501	265 340 436
11675	3	501	265 356 453
11676	3	501	265 361 412
11677	3	501	265 395 412
11678	3	501	265 410 420
11679	3	501	265 420 471
11680	3	501	265 424 436
11681	3	501	265 436 491
11682	3	501	265 437 495
11683	3	501	265 453 454
11684	3	501	266 292 409
11685	3	501	266 294 463
11686	3	501	266 302 463
11687	3	501	266 332 409
11688	3	501	266 364 409
11689	3	501	266 364 462
11690	3	501	266 371 462
11691	3	501	266 409 463
11692	3	501	267 284 463
11693	3	501	267 284 487
11694	3	501	267 289 299
11695	3	501	267 289 308
11696	3	501	267 289 372
11697	3	501	267 289 487
11698	3	501	267 293 347
11699	3	501	267 293 487
11700	3	501	267 299 311
11701	3	501	267 299 343
11702	3	501	267 308 314
11703	3	501	267 308 372
11704	3	501	267 308 468
11705	3	501	267 314 460
11706	3	501	267 343 347
11707	3	501	267 343 431
11708	3	501	267 347 363
11709	3	501	267 418 468
11710	3	501	267 418 487
11711	3	501	267 460 468
11712	3	501	267 463 487
11713	3	501	268 285 298
11714	3	501	268 285 391
11715	3	501	268 285 394
11716	3	501	268 285 461
11717	3	501	268 287 298
11718	3	501	268 289 394
11719	3	501	268 289 433
11720	3	501	268 295 298
11721	3	501	268 295 393
11722	3	501	268 298 303
11723	3	501	268 298 461
11724	3	501	268 298 470
11725	3	501	268 303 332
11726	3	501	268 303 469
11727	3	501	268 332 423
11728	3	501	268 332 460
11729	3	501	268 332 485
11730	3	501	268 341 451
11731	3	501	268 346 424
11732	3	501	268 346 460
11733	3	501	268 391 424
11734	3	501	268 391 455
11735	3	501	268 393 424
11736	3	501	268 394 424
11737	3	501	268 394 431
11738	3	501	268 423 455
11739	3	501	268 424 464
11740	3	501	268 426 451
11741	3	501	268 433 455
11742	3	501	268 451 464
11743	3	501	268 451 469
11744	3	501	268 460 461
11745	3	501	268 461 469
11746	3	501	268 464 469
11747	3	501	269 274 393
11748	3	501	269 274 479
11749	3	501	269 288 335
11750	3	501	269 288 418
11751	3	501	269 315 434
11752	3	501	269 315 464
11753	3	501	269 322 393
11754	3	501	269 322 445
11755	3	501	269 335 445
11756	3	501	269 335 464
11757	3	501	269 434 445
11758	3	501	269 445 473
11759	3	501	269 445 479
11760	3	501	269 454 460
11761	3	501	271 278 304
11762	3	501	271 278 353
11763	3	501	271 278 435
11764	3	501	271 284 295
11765	3	501	271 284 461
11766	3	501	271 285 411
11767	3	501	271 285 435
11768	3	501	271 285 461
11769	3	501	271 291 353
11770	3	501	271 291 443
11771	3	501	271 295 444
11772	3	501	271 304 443
11773	3	501	271 304 458
11774	3	501	271 338 411
11775	3	501	271 347 363
11776	3	501	271 347 443
11777	3	501	271 347 445
11778	3	501	271 353 411
11779	3	501	271 353 435
11780	3	501	271 363 479
11781	3	501	271 371 411
11782	3	501	271 371 443
11783	3	501	271 371 444
11784	3	501	271 377 411
11785	3	501	271 377 444
11786	3	501	271 377 445
11787	3	501	271 412 448
11788	3	501	271 412 476
11789	3	501	271 412 479
11790	3	501	271 431 435
11791	3	501	271 431 448
11792	3	501	271 435 461
11793	3	501	271 444 448
11794	3	501	271 445 479
11795	3	501	271 458 476
11796	3	501	271 461 476
11797	3	501	272 275 326
11798	3	501	272 275 434
11799	3	501	272 298 309
11800	3	501	272 309 347
11801	3	501	272 311 380
11802	3	501	272 324 370
11803	3	501	272 324 380
11804	3	501	272 333 356
11805	3	501	272 347 351
11806	3	501	272 347 363
11807	3	501	272 356 380
11808	3	501	272 356 435
11809	3	501	272 356 464
11810	3	501	272 380 400
11811	3	501	272 380 447
11812	3	501	272 380 464
11813	3	501	272 447 454
11814	3	501	272 464 469
11815	3	501	274 287 356
11816	3	501	274 287 399
11817	3	501	274 291 356
11818	3	501	274 291 399
11819	3	501	274 291 404
11820	3	501	274 356 393
11821	3	501	274 399 432
11822	3	501	274 400 479
11823	3	501	274 400 488
11824	3	501	274 440 488
11825	3	501	274 479 485
11826	3	501	275 279 307
11827	3	501	275 279 418
11828	3	501	275 282 310
11829	3	501	275 282 322
11830	3	501	275 282 328
11831	3	501	275 282 418
11832	3	501	275 282 485
11833	3	501	275 293 434
11834	3	501	275 300 307
11835	3	501	275 300 322
11836	3	501	275 300 326
11837	3	501	275 300 399
11838	3	501	275 302 328
11839	3	501	275 305 327
11840	3	501	275 305 418
11841	3	501	275 305 434
11842	3	501	275 305 468
11843	3	501	275 307 326
11844	3	501	275 307 399
11845	3	501	275 310 468
11846	3	501	275 322 372
11847	3	501	275 326 466
11848	3	501	275 326 468
11849	3	501	275 328 418
11850	3	501	275 328 467
11851	3	501	275 372 486
11852	3	501	275 387 473
11853	3	501	275 399 468
11854	3	501	275 418 467
11855	3	501	275 418 468
11856	3	501	275 429 434
11857	3	501	275 468 485
11858	3	501	276 283 316
11859	3	501	276 283 326
11860	3	501	276 283 497
11861	3	501	276 297 300
11862	3	501	276 297 326
11863	3	501	276 297 368
11864	3	501	276 297 430
11865	3	501	276 297 454
11866	3	501	276 300 326
11867	3	501	276 300 454
11868	3	501	276 303 316
11869	3	501	276 303 430
11870	3	501	276 316 320
11871	3	501	276 316 439
11872	3	501	276 320 472
11873	3	501	276 338 368
11874	3	501	276 367 439
11875	3	501	276 367 453
11876	3	501	276 403 430
11877	3	501	276 430 453
11878	3	501	276 439 444
11879	3	501	276 439 453
11880	3	501	276 453 454
11881	3	501	277 284 312
11882	3	501	277 289 466
11883	3	501	277 315 434
11884	3	501	277 334 366
11885	3	501	277 334 475
11886	3	501	277 366 434
11887	3	501	277 366 465
11888	3	501	277 391 416
11889	3	501	277 396 416
11890	3	501	277 416 434
11891	3	501	277 416 475
11892	3	501	277 418 430
11893	3	501	277 430 484
11894	3	501	277 466 475
11895	3	501	278 287 344
11896	3	501	278 287 446
11897	3	501	278 293 434
11898	3	501	278 293 455
11899	3	501	278 304 387
11900	3	501	278 304 434
11901	3	501	278 307 351
11902	3	501	278 307 455
11903	3	501	278 333 353
11904	3	501	278 344 361
11905	3	501	278 344 450
11906	3	501	278 351 353
11907	3	501	278 351 450
11908	3	501	278 351 497
11909	3	501	278 353 435
11910	3	501	278 353 497
11911	3	501	278 387 404
11912	3	501	278 387 435
11913	3	501	278 422 423
11914	3	501	278 422 434
11915	3	501	278 423 435
11916	3	501	278 423 455
11917	3	501	278 434 455
11918	3	501	278 446 455
11919	3	501	279 283 395
11920	3	501	279 283 418
11921	3	501	279 291 446
11922	3	501	279 301 321
11923	3	501	279 301 374
11924	3	501	279 301 472
11925	3	501	279 307 329
11926	3	501	279 321 395
11927	3	501	279 321 397
11928	3	501	279 321 405
11929	3	501	279 329 398
11930	3	501	279 329 418
11931	3	501	279 342 471
11932	3	501	279 374 420
11933	3	501	279 397 472
11934	3	501	279 398 471
11935	3	501	279 418 457
11936	3	501	279 418 471
11937	3	501	279 420 471
11938	3	501	279 446 471
11939	3	501	281 300 322
11940	3	501	281 300 324
11941	3	501	281 300 334
11942	3	501	281 300 454
11943	3	501	281 312 323
11944	3	501	281 312 328
11945	3	501	281 312 380
11946	3	501	281 322 404
11947	3	501	281 322 433
11948	3	501	281 323 460
11949	3	501	281 324 350
11950	3	501	281 324 380
11951	3	501	281 324 430
11952	3	501	281 324 462
11953	3	501	281 324 471
11954	3	501	281 324 485
11955	3	501	281 324 486
11956	3	501	281 334 366
11957	3	501	281 334 380
11958	3	501	281 334 475
11959	3	501	281 350 413
11960	3	501	281 350 430
11961	3	501	281 366 462
11962	3	501	281 366 468
11963	3	501	281 366 486
11964	3	501	281 380 460
11965	3	501	281 380 476
11966	3	501	281 396 440
11967	3	501	281 396 452
11968	3	501	281 404 430
11969	3	501	281 404 433
11970	3	501	281 404 475
11971	3	501	281 404 500
11972	3	501	281 413 475
11973	3	501	281 422 449
11974	3	501	281 422 452
11975	3	501	281 430 500
11976	3	501	281 433 468
11977	3	501	281 449 460
11978	3	501	281 449 500
11979	3	501	281 452 482
11980	3	501	281 452 500
11981	3	501	281 454 460
11982	3	501	281 460 468
11983	3	501	281 460 482
11984	3	501	281 462 476
11985	3	501	281 468 475
11986	3	501	281 468 485
11987	3	501	281 471 476
11988	3	501	281 475 486
11989	3	501	282 299 335
11990	3	501	282 310 410
11991	3	501	282 310 494
11992	3	501	282 322 445
11993	3	501	282 322 450
11994	3	501	282 328 335
11995	3	501	282 328 418
11996	3	501	282 335 445
11997	3	501	282 338 410
11998	3	501	282 338 418
11999	3	501	282 338 436
12000	3	501	282 363 410
12001	3	501	282 376 444
12002	3	501	282 383 436
12003	3	501	282 383 469
12004	3	501	282 418 430
12005	3	501	282 418 469
12006	3	501	282 418 494
12007	3	501	282 469 494
12008	3	501	283 305 327
12009	3	501	283 305 418
12010	3	501	283 316 411
12011	3	501	283 325 326
12012	3	501	283 325 354
12013	3	501	283 330 350
12014	3	501	283 330 354
12015	3	501	283 330 433
12016	3	501	283 354 395
12017	3	501	283 366 436
12018	3	501	283 366 497
12019	3	501	283 395 469
12020	3	501	283 411 422
12021	3	501	283 411 433
12022	3	501	283 411 477
12023	3	501	283 418 469
12024	3	501	283 432 469
12025	3	501	284 295 312
12026	3	501	284 295 374
12027	3	501	284 305 312
12028	3	501	284 312 450
12029	3	501	284 312 487
12030	3	501	284 321 405
12031	3	501	284 321 424
12032	3	501	284 322 450
12033	3	501	284 344 399
12034	3	501	284 344 450
12035	3	501	284 369 374
12036	3	501	284 369 384
12037	3	501	284 374 420
12038	3	501	284 374 487
12039	3	501	284 384 424
12040	3	501	284 384 452
12041	3	501	284 429 450
12042	3	501	284 450 487
12043	3	501	284 463 487
12044	3	501	285 297 368
12045	3	501	285 298 368
12046	3	501	285 298 461
12047	3	501	285 357 391
12048	3	501	285 357 429
12049	3	501	285 357 461
12050	3	501	285 368 391
12051	3	501	285 368 435
12052	3	501	285 374 422
12053	3	501	285 411 422
12054	3	501	285 422 437
12055	3	501	285 435 461
12056	3	501	285 437 461
12057	3	501	286 293 410
12058	3	501	286 293 434
12059	3	501	286 296 350
12060	3	501	286 296 396
12061	3	501	286 314 457
12062	3	501	286 338 410
12063	3	501	286 386 410
12064	3	501	286 386 423
12065	3	501	286 386 457
12066	3	501	286 396 398
12067	3	501	286 396 452
12068	3	501	286 398 434
12069	3	501	286 452 457
12070	3	501	287 297 489
12071	3	501	287 297 495
12072	3	501	287 298 344
12073	3	501	287 312 356
12074	3	501	287 329 495
12075	3	501	287 337 397
12076	3	501	287 344 399
12077	3	501	287 344 481
12078	3	501	287 356 472
12079	3	501	287 397 472
12080	3	501	287 399 468
12081	3	501	287 420 468
12082	3	501	287 459 495
12083	3	501	287 472 481
12084	3	501	287 472 495
12085	3	501	288 291 362
12086	3	501	288 291 447
12087	3	501	288 296 342
12088	3	501	288 335 447
12089	3	501	288 335 463
12090	3	501	288 335 475
12091	3	501	288 338 418
12092	3	501	288 342 459
12093	3	501	288 346 418
12094	3	501	288 362 476
12095	3	501	288 380 384
12096	3	501	288 380 447
12097	3	501	288 380 476
12098	3	501	288 384 459
12099	3	501	288 418 440
12100	3	501	288 440 447
12101	3	501	289 299 395
12102	3	501	289 301 310
12103	3	501	289 301 344
12104	3	501	289 301 372
12105	3	501	289 301 383
12106	3	501	289 301 389
12107	3	501	289 308 372
12108	3	501	289 326 383
12109	3	501	289 326 412
12110	3	501	289 326 466
12111	3	501	289 326 487
12112	3	501	289 329 466
12113	3	501	289 340 389
12114	3	501	289 340 395
12115	3	501	289 353 429
12116	3	501	289 353 433
12117	3	501	289 372 489
12118	3	501	289 373 395
12119	3	501	289 383 385
12120	3	501	289 385 429
12121	3	501	289 395 412
12122	3	501	289 395 487
12123	3	501	289 412 433
12124	3	501	291 300 325
12125	3	501	291 300 399
12126	3	501	291 325 353
12127	3	501	291 325 356
12128	3	501	291 353 356
12129	3	501	291 353 417
12130	3	501	291 353 447
12131	3	501	291 353 465
12132	3	501	291 356 372
12133	3	501	291 356 417
12134	3	501	291 362 391
12135	3	501	291 362 446
12136	3	501	291 372 423
12137	3	501	291 373 399
12138	3	501	291 378 439
12139	3	501	291 391 417
12140	3	501	291 417 439
12141	3	501	291 446 447
12142	3	501	292 296 377
12143	3	501	292 296 433
12144	3	501	292 307 311
12145	3	501	292 307 377
12146	3	501	292 307 399
12147	3	501	292 307 445
12148	3	501	292 325 409
12149	3	501	292 325 445
12150	3	501	292 370 399
12151	3	501	292 370 409
12152	3	501	292 370 453
12153	3	501	292 377 445
12154	3	501	292 409 423
12155	3	501	292 409 484
12156	3	501	292 445 477
12157	3	501	293 324 365
12158	3	501	293 324 380
12159	3	501	293 324 471
12160	3	501	293 335 475
12161	3	501	293 347 365
12162	3	501	293 374 455
12163	3	501	293 374 470
12164	3	501	293 374 487
12165	3	501	293 409 434
12166	3	501	293 409 437
12167	3	501	293 409 454
12168	3	501	293 433 437
12169	3	501	293 433 455
12170	3	501	293 434 455
12171	3	501	293 434 470
12172	3	501	293 440 455
12173	3	501	293 440 470
12174	3	501	294 321 387
12175	3	501	294 325 463
12176	3	501	294 376 378
12177	3	501	295 298 368
12178	3	501	295 301 374
12179	3	501	295 301 459
12180	3	501	295 319 373
12181	3	501	295 319 437
12182	3	501	295 335 497
12183	3	501	295 357 393
12184	3	501	295 357 432
12185	3	501	295 373 459
12186	3	501	296 308 327
12187	3	501	296 308 467
12188	3	501	296 327 396
12189	3	501	296 367 396
12190	3	501	296 367 439
12191	3	501	296 377 411
12192	3	501	296 396 467
12193	3	501	296 411 433
12194	3	501	296 411 470
12195	3	501	296 417 439
12196	3	501	296 454 460
12197	3	501	296 462 467
12198	3	501	297 300 326
12199	3	501	297 300 334
12200	3	501	297 300 454
12201	3	501	297 302 428
12202	3	501	297 308 450
12203	3	501	297 309 430
12204	3	501	297 326 450
12205	3	501	297 326 466
12206	3	501	297 334 368
12207	3	501	297 334 483
12208	3	501	297 364 430
12209	3	501	297 395 428
12210	3	501	297 395 483
12211	3	501	297 450 483
12212	3	501	297 464 466
12213	3	501	297 464 489
12214	3	501	298 309 461
12215	3	501	298 344 470
12216	3	501	298 372 470
12217	3	501	298 461 488
12218	3	501	299 312 423
12219	3	501	299 335 343
12220	3	501	299 343 461
12221	3	501	299 343 470
12222	3	501	299 343 477
12223	3	501	299 470 477
12224	3	501	300 307 311
12225	3	501	300 307 324
12226	3	501	300 307 326
12227	3	501	300 307 399
12228	3	501	300 307 431
12229	3	501	300 322 393
12230	3	501	300 322 411
12231	3	501	300 324 393
12232	3	501	300 325 326
12233	3	501	300 326 487
12234	3	501	300 334 335
12235	3	501	300 393 458
12236	3	501	300 398 411
12237	3	501	301 310 314
12238	3	501	301 310 365
12239	3	501	301 310 403
12240	3	501	301 310 459
12241	3	501	301 310 468
12242	3	501	301 310 472
12243	3	501	301 310 479
12244	3	501	301 310 481
12245	3	501	301 310 494
12246	3	501	301 314 321
12247	3	501	301 314 389
12248	3	501	301 314 459
12249	3	501	301 314 472
12250	3	501	301 321 330
12251	3	501	301 321 464
12252	3	501	301 325 403
12253	3	501	301 344 481
12254	3	501	301 365 403
12255	3	501	301 365 449
12256	3	501	301 372 423
12257	3	501	301 374 483
12258	3	501	301 383 468
12259	3	501	301 389 464
12260	3	501	301 389 494
12261	3	501	301 403 479
12262	3	501	301 447 494
12263	3	501	301 472 481
12264	3	501	302 318 323
12265	3	501	302 328 329
12266	3	501	302 329 404
12267	3	501	302 329 479
12268	3	501	302 349 500
12269	3	501	302 383 404
12270	3	501	302 404 500
12271	3	501	302 428 463
12272	3	501	303 305 428
12273	3	501	303 316 427
12274	3	501	303 316 495
12275	3	501	303 325 353
12276	3	501	303 325 356
12277	3	501	303 325 495
12278	3	501	303 330 332
12279	3	501	303 330 399
12280	3	501	303 330 495
12281	3	501	303 332 399
12282	3	501	303 332 494
12283	3	501	303 353 356
12284	3	501	303 353 369
12285	3	501	303 353 428
12286	3	501	303 353 469
12287	3	501	303 353 477
12288	3	501	303 356 384
12289	3	501	303 356 427
12290	3	501	303 362 405
12291	3	501	303 362 457
12292	3	501	303 369 384
12293	3	501	303 384 428
12294	3	501	303 384 430
12295	3	501	303 384 494
12296	3	501	303 395 428
12297	3	501	303 395 469
12298	3	501	303 399 430
12299	3	501	303 405 430
12300	3	501	303 427 430
12301	3	501	303 430 484
12302	3	501	303 469 484
12303	3	501	303 469 494
12304	3	501	304 387 473
12305	3	501	304 393 424
12306	3	501	304 393 458
12307	3	501	305 312 376
12308	3	501	305 338 393
12309	3	501	305 338 418
12310	3	501	305 363 426
12311	3	501	305 376 412
12312	3	501	305 416 434
12313	3	501	305 418 468
12314	3	501	305 418 471
12315	3	501	305 426 471
12316	3	501	305 434 470
12317	3	501	307 311 383
12318	3	501	307 316 439
12319	3	501	307 324 365
12320	3	501	307 326 383
12321	3	501	307 329 379
12322	3	501	307 330 351
12323	3	501	307 330 399
12324	3	501	307 346 377
12325	3	501	307 346 445
12326	3	501	307 351 445
12327	3	501	307 366 383
12328	3	501	307 377 445
12329	3	501	307 383 439
12330	3	501	307 455 463
12331	3	501	308 314 450
12332	3	501	308 314 467
12333	3	501	308 314 486
12334	3	501	308 319 437
12335	3	501	308 320 471
12336	3	501	308 325 445
12337	3	501	308 325 471
12338	3	501	308 327 450
12339	3	501	308 359 450
12340	3	501	308 371 486
12341	3	501	308 372 486
12342	3	501	308 399 468
12343	3	501	308 445 471
12344	3	501	309 330 451
12345	3	501	309 347 443
12346	3	501	310 314 459
12347	3	501	310 314 472
12348	3	501	310 365 403
12349	3	501	310 378 479
12350	3	501	310 403 465
12351	3	501	310 403 479
12352	3	501	310 410 459
12353	3	501	310 426 437
12354	3	501	310 472 481
12355	3	501	311 319 466
12356	3	501	311 371 383
12357	3	501	311 383 416
12358	3	501	311 391 416
12359	3	501	312 323 406
12360	3	501	312 323 423
12361	3	501	312 328 356
12362	3	501	312 356 372
12363	3	501	312 356 380
12364	3	501	312 359 376
12365	3	501	312 359 406
12366	3	501	312 359 450
12367	3	501	312 372 423
12368	3	501	312 376 423
12369	3	501	312 406 423
12370	3	501	312 450 487
12371	3	501	313 350 458
12372	3	501	313 350 491
12373	3	501	313 393 458
12374	3	501	313 454 460
12375	3	501	314 321 484
12376	3	501	314 322 450
12377	3	501	314 335 484
12378	3	501	314 364 373
12379	3	501	314 366 450
12380	3	501	314 366 486
12381	3	501	314 373 459
12382	3	501	314 389 457
12383	3	501	314 457 467
12384	3	501	314 459 484
12385	3	501	315 318 400
12386	3	501	315 324 389
12387	3	501	315 341 434
12388	3	501	315 389 464
12389	3	501	315 398 434
12390	3	501	316 320 465
12391	3	501	316 465 496
12392	3	501	318 330 350
12393	3	501	318 330 480
12394	3	501	318 330 495
12395	3	501	318 333 386
12396	3	501	318 340 386
12397	3	501	318 340 436
12398	3	501	318 340 484
12399	3	501	318 436 484
12400	3	501	319 329 466
12401	3	501	319 329 470
12402	3	501	319 363 394
12403	3	501	319 367 373
12404	3	501	319 367 437
12405	3	501	319 466 470
12406	3	501	320 332 479
12407	3	501	320 332 485
12408	3	501	320 333 466
12409	3	501	320 362 385
12410	3	501	320 362 476
12411	3	501	320 400 471
12412	3	501	320 400 479
12413	3	501	320 471 476
12414	3	501	320 479 485
12415	3	501	321 330 451
12416	3	501	321 367 396
12417	3	501	321 387 475
12418	3	501	321 395 412
12419	3	501	321 395 475
12420	3	501	321 397 424
12421	3	501	321 405 430
12422	3	501	321 405 464
12423	3	501	321 405 466
12424	3	501	321 424 464
12425	3	501	321 427 430
12426	3	501	321 427 451
12427	3	501	321 427 497
12428	3	501	321 430 484
12429	3	501	321 451 464
12430	3	501	321 464 466
12431	3	501	321 464 484
12432	3	501	321 466 475
12433	3	501	322 340 411
12434	3	501	322 351 357
12435	3	501	322 351 445
12436	3	501	322 351 450
12437	3	501	322 357 393
12438	3	501	322 370 465
12439	3	501	322 371 411
12440	3	501	322 393 450
12441	3	501	322 400 427
12442	3	501	322 404 427
12443	3	501	322 404 433
12444	3	501	322 404 445
12445	3	501	322 411 433
12446	3	501	323 369 455
12447	3	501	323 406 423
12448	3	501	323 423 455
12449	3	501	324 350 430
12450	3	501	324 355 367
12451	3	501	324 355 389
12452	3	501	324 355 430
12453	3	501	324 365 485
12454	3	501	324 367 393
12455	3	501	324 367 471
12456	3	501	324 380 389
12457	3	501	324 380 457
12458	3	501	324 387 432
12459	3	501	324 389 457
12460	3	501	324 462 488
12461	3	501	325 329 495
12462	3	501	325 333 353
12463	3	501	325 333 356
12464	3	501	325 337 353
12465	3	501	325 337 403
12466	3	501	325 342 445
12467	3	501	325 342 471
12468	3	501	325 353 354
12469	3	501	325 353 356
12470	3	501	325 354 403
12471	3	501	325 356 380
12472	3	501	325 409 463
12473	3	501	325 445 471
12474	3	501	326 359 450
12475	3	501	326 371 383
12476	3	501	326 383 468
12477	3	501	326 412 448
12478	3	501	326 450 487
12479	3	501	326 466 475
12480	3	501	326 468 475
12481	3	501	327 353 356
12482	3	501	327 353 413
12483	3	501	327 353 447
12484	3	501	327 356 427
12485	3	501	327 396 447
12486	3	501	327 413 475
12487	3	501	328 329 369
12488	3	501	328 329 418
12489	3	501	328 333 356
12490	3	501	328 333 448
12491	3	501	328 356 418
12492	3	501	328 369 418
12493	3	501	328 369 448
12494	3	501	328 418 467
12495	3	501	329 357 379
12496	3	501	329 357 470
12497	3	501	329 357 479
12498	3	501	329 359 418
12499	3	501	329 369 418
12500	3	501	329 369 466
12501	3	501	329 398 470
12502	3	501	329 404 427
12503	3	501	329 447 485
12504	3	501	329 447 495
12505	3	501	329 466 470
12506	3	501	329 479 485
12507	3	501	330 332 351
12508	3	501	330 332 399
12509	3	501	330 351 429
12510	3	501	330 351 450
12511	3	501	330 354 429
12512	3	501	330 429 450
12513	3	501	330 433 437
12514	3	501	330 437 451
12515	3	501	330 437 495
12516	3	501	332 351 458
12517	3	501	332 367 453
12518	3	501	332 367 481
12519	3	501	332 367 494
12520	3	501	332 370 399
12521	3	501	332 370 409
12522	3	501	332 370 453
12523	3	501	332 376 423
12524	3	501	332 376 458
12525	3	501	332 409 423
12526	3	501	332 409 479
12527	3	501	332 409 485
12528	3	501	332 452 494
12529	3	501	332 460 494
12530	3	501	332 479 485
12531	3	501	333 353 356
12532	3	501	333 353 459
12533	3	501	333 356 393
12534	3	501	333 364 462
12535	3	501	333 379 448
12536	3	501	333 386 431
12537	3	501	333 431 448
12538	3	501	333 431 462
12539	3	501	333 459 462
12540	3	501	333 459 487
12541	3	501	334 335 445
12542	3	501	334 335 475
12543	3	501	334 366 368
12544	3	501	334 368 377
12545	3	501	334 377 445
12546	3	501	334 380 483
12547	3	501	335 343 428
12548	3	501	335 344 445
12549	3	501	335 387 475
12550	3	501	335 428 463
12551	3	501	335 464 484
12552	3	501	337 353 365
12553	3	501	337 353 413
12554	3	501	337 365 396
12555	3	501	337 365 397
12556	3	501	337 365 403
12557	3	501	337 374 462
12558	3	501	337 403 430
12559	3	501	337 404 430
12560	3	501	337 437 462
12561	3	501	338 357 393
12562	3	501	338 366 368
12563	3	501	338 366 436
12564	3	501	338 366 462
12565	3	501	338 393 500
12566	3	501	338 405 410
12567	3	501	338 405 500
12568	3	501	338 436 496
12569	3	501	340 359 364
12570	3	501	340 359 406
12571	3	501	340 364 396
12572	3	501	340 364 462
12573	3	501	340 364 482
12574	3	501	340 368 417
12575	3	501	340 386 406
12576	3	501	340 386 461
12577	3	501	340 389 461
12578	3	501	340 389 476
12579	3	501	340 396 444
12580	3	501	340 406 476
12581	3	501	340 436 484
12582	3	501	340 461 476
12583	3	501	340 461 484
12584	3	501	340 462 476
12585	3	501	340 482 484
12586	3	501	341 353 356
12587	3	501	341 353 411
12588	3	501	341 353 417
12589	3	501	341 353 465
12590	3	501	341 356 372
12591	3	501	341 356 411
12592	3	501	341 356 417
12593	3	501	341 356 451
12594	3	501	341 372 457
12595	3	501	341 372 489
12596	3	501	341 373 462
12597	3	501	341 411 457
12598	3	501	341 417 434
12599	3	501	341 451 457
12600	3	501	342 343 424
12601	3	501	342 344 399
12602	3	501	342 344 445
12603	3	501	342 344 481
12604	3	501	342 349 424
12605	3	501	342 357 432
12606	3	501	342 371 432
12607	3	501	342 371 451
12608	3	501	342 399 432
12609	3	501	342 404 445
12610	3	501	342 435 451
12611	3	501	342 445 471
12612	3	501	342 451 481
12613	3	501	343 347 424
12614	3	501	343 424 477
12615	3	501	343 428 461
12616	3	501	343 431 448
12617	3	501	343 470 477
12618	3	501	343 477 483
12619	3	501	344 366 450
12620	3	501	344 366 481
12621	3	501	344 445 470
12622	3	501	344 450 481
12623	3	501	345 361 411
12624	3	501	345 436 484
12625	3	501	345 464 484
12626	3	501	346 377 387
12627	3	501	346 377 445
12628	3	501	346 418 468
12629	3	501	346 418 494
12630	3	501	346 454 460
12631	3	501	346 460 468
12632	3	501	346 460 494
12633	3	501	347 351 429
12634	3	501	347 351 445
12635	3	501	347 363 426
12636	3	501	347 365 397
12637	3	501	347 365 491
12638	3	501	347 397 424
12639	3	501	347 399 491
12640	3	501	349 376 378
12641	3	501	349 378 413
12642	3	501	349 413 487
12643	3	501	349 424 436
12644	3	501	349 424 489
12645	3	501	349 452 500
12646	3	501	351 353 429
12647	3	501	351 353 497
12648	3	501	351 357 362
12649	3	501	351 357 395
12650	3	501	351 357 429
12651	3	501	351 357 432
12652	3	501	351 362 432
12653	3	501	351 429 450
12654	3	501	351 429 458
12655	3	501	351 429 488
12656	3	501	351 432 458
12657	3	501	351 462 488
12658	3	501	351 488 497
12659	3	501	353 354 376
12660	3	501	353 354 429
12661	3	501	353 354 453
12662	3	501	353 354 459
12663	3	501	353 356 411
12664	3	501	353 356 417
12665	3	501	353 356 435
12666	3	501	353 356 453
12667	3	501	353 369 417
12668	3	501	353 369 426
12669	3	501	353 376 435
12670	3	501	353 376 459
12671	3	501	353 411 433
12672	3	501	353 411 477
12673	3	501	353 417 459
12674	3	501	354 362 405
12675	3	501	354 363 484
12676	3	501	354 376 458
12677	3	501	354 376 459
12678	3	501	354 384 459
12679	3	501	354 384 494
12680	3	501	354 395 481
12681	3	501	354 403 405
12682	3	501	354 405 481
12683	3	501	354 429 458
12684	3	501	354 453 486
12685	3	501	354 453 489
12686	3	501	354 459 484
12687	3	501	355 364 372
12688	3	501	355 364 373
12689	3	501	355 364 430
12690	3	501	355 367 373
12691	3	501	355 372 458
12692	3	501	355 389 461
12693	3	501	355 404 430
12694	3	501	355 458 483
12695	3	501	356 372 435
12696	3	501	356 372 470
12697	3	501	356 372 480
12698	3	501	356 380 384
12699	3	501	356 380 411
12700	3	501	356 380 464
12701	3	501	356 411 470
12702	3	501	356 411 472
12703	3	501	356 417 472
12704	3	501	356 417 480
12705	3	501	356 418 453
12706	3	501	356 427 451
12707	3	501	356 427 453
12708	3	501	356 435 451
12709	3	501	356 451 464
12710	3	501	356 470 480
12711	3	501	357 362 391
12712	3	501	357 362 393
12713	3	501	357 362 396
12714	3	501	357 362 432
12715	3	501	357 379 395
12716	3	501	357 395 479
12717	3	501	357 464 489
12718	3	501	359 364 376
12719	3	501	359 370 406
12720	3	501	359 370 418
12721	3	501	359 370 453
12722	3	501	359 418 453
12723	3	501	361 372 457
12724	3	501	361 411 457
12725	3	501	361 411 472
12726	3	501	361 412 447
12727	3	501	361 417 472
12728	3	501	361 451 457
12729	3	501	362 365 396
12730	3	501	362 385 446
12731	3	501	362 393 476
12732	3	501	362 396 467
12733	3	501	362 405 432
12734	3	501	362 457 467
12735	3	501	364 373 462
12736	3	501	364 376 378
12737	3	501	364 378 462
12738	3	501	364 380 447
12739	3	501	364 396 447
12740	3	501	364 409 482
12741	3	501	364 446 447
12742	3	501	364 468 475
12743	3	501	366 383 436
12744	3	501	366 383 465
12745	3	501	366 383 468
12746	3	501	366 427 451
12747	3	501	366 427 497
12748	3	501	366 450 481
12749	3	501	366 451 481
12750	3	501	366 486 497
12751	3	501	367 384 396
12752	3	501	367 384 494
12753	3	501	367 393 481
12754	3	501	367 437 439
12755	3	501	367 437 495
12756	3	501	367 439 453
12757	3	501	367 439 481
12758	3	501	368 377 387
12759	3	501	368 378 477
12760	3	501	368 387 435
12761	3	501	368 391 417
12762	3	501	368 435 441
12763	3	501	368 452 477
12764	3	501	369 374 455
12765	3	501	369 384 426
12766	3	501	369 417 448
12767	3	501	369 417 466
12768	3	501	369 418 482
12769	3	501	369 426 437
12770	3	501	369 426 466
12771	3	501	370 378 395
12772	3	501	370 391 416
12773	3	501	370 406 416
12774	3	501	370 409 482
12775	3	501	370 418 453
12776	3	501	370 418 482
12777	3	501	370 465 470
12778	3	501	371 383 469
12779	3	501	371 406 451
12780	3	501	371 411 422
12781	3	501	371 422 449
12782	3	501	371 432 469
12783	3	501	371 444 486
12784	3	501	371 449 469
12785	3	501	371 451 469
12786	3	501	372 423 435
12787	3	501	372 423 489
12788	3	501	372 444 486
12789	3	501	372 457 458
12790	3	501	372 470 480
12791	3	501	372 480 489
12792	3	501	373 386 431
12793	3	501	373 399 491
12794	3	501	373 431 462
12795	3	501	373 459 462
12796	3	501	373 459 473
12797	3	501	374 376 386
12798	3	501	376 386 423
12799	3	501	376 423 435
12800	3	501	377 387 404
12801	3	501	377 404 445
12802	3	501	377 440 444
12803	3	501	378 395 479
12804	3	501	378 411 477
12805	3	501	378 471 477
12806	3	501	378 477 479
12807	3	501	379 395 469
12808	3	501	380 384 483
12809	3	501	380 389 457
12810	3	501	380 389 464
12811	3	501	380 389 476
12812	3	501	380 398 411
12813	3	501	380 411 457
12814	3	501	380 464 489
12815	3	501	383 413 416
12816	3	501	383 468 469
12817	3	501	384 386 426
12818	3	501	384 396 452
12819	3	501	384 396 483
12820	3	501	384 452 494
12821	3	501	385 386 423
12822	3	501	385 440 446
12823	3	501	385 446 452
12824	3	501	386 394 431
12825	3	501	386 406 423
12826	3	501	386 418 457
12827	3	501	387 404 475
12828	3	501	389 426 454
12829	3	501	389 461 476
12830	3	501	393 450 481
12831	3	501	393 450 500
12832	3	501	393 458 476
12833	3	501	394 417 432
12834	3	501	395 412 479
12835	3	501	395 475 479
12836	3	501	396 440 444
12837	3	501	396 440 447
12838	3	501	396 440 467
12839	3	501	396 444 448
12840	3	501	396 447 448
12841	3	501	397 424 472
12842	3	501	398 411 470
12843	3	501	398 434 470
12844	3	501	399 403 430
12845	3	501	399 412 448
12846	3	501	400 426 471
12847	3	501	400 427 488
12848	3	501	400 461 488
12849	3	501	403 405 430
12850	3	501	403 405 500
12851	3	501	403 430 479
12852	3	501	403 430 500
12853	3	501	403 461 465
12854	3	501	403 465 487
12855	3	501	404 412 433
12856	3	501	404 427 430
12857	3	501	404 430 500
12858	3	501	405 430 500
12859	3	501	405 443 481
12860	3	501	405 464 466
12861	3	501	406 416 476
12862	3	501	406 423 428
12863	3	501	406 423 476
12864	3	501	406 428 446
12865	3	501	406 446 471
12866	3	501	406 471 476
12867	3	501	409 411 423
12868	3	501	409 417 432
12869	3	501	409 417 434
12870	3	501	409 417 439
12871	3	501	409 423 463
12872	3	501	409 437 439
12873	3	501	409 437 451
12874	3	501	409 439 484
12875	3	501	409 479 485
12876	3	501	409 482 484
12877	3	501	411 422 423
12878	3	501	411 422 452
12879	3	501	411 452 457
12880	3	501	411 452 477
12881	3	501	411 470 477
12882	3	501	412 440 447
12883	3	501	412 447 448
12884	3	501	412 476 496
12885	3	501	413 416 434
12886	3	501	413 416 475
12887	3	501	413 434 470
12888	3	501	413 470 480
12889	3	501	413 480 496
12890	3	501	418 430 453
12891	3	501	418 440 467
12892	3	501	418 457 467
12893	3	501	418 467 482
12894	3	501	418 467 487
12895	3	501	418 468 469
12896	3	501	418 469 471
12897	3	501	418 469 491
12898	3	501	418 469 494
12899	3	501	418 487 491
12900	3	501	420 445 471
12901	3	501	423 428 463
12902	3	501	423 455 463
12903	3	501	424 464 477
12904	3	501	424 464 489
12905	3	501	426 437 451
12906	3	501	426 440 467
12907	3	501	427 430 453
12908	3	501	427 437 451
12909	3	501	427 488 497
12910	3	501	428 446 463
12911	3	501	434 445 470
12912	3	501	435 441 451
12913	3	501	435 461 484
12914	3	501	436 459 484
12915	3	501	437 441 451
12916	3	501	440 446 447
12917	3	501	440 446 455
12918	3	501	440 455 467
12919	3	501	440 470 477
12920	3	501	445 470 477
12921	3	501	445 471 477
12922	3	501	445 477 479
12923	3	501	446 455 463
12924	3	501	451 464 469
12925	3	501	455 463 467
12926	3	501	461 469 484
12927	3	501	461 476 488
12928	3	501	462 476 488
12929	3	501	463 467 487
12930	3	501	464 469 484
12931	3	501	470 477 480
12932	3	501	471 476 477
12933	3	501	475 486 491
12934	3	501	476 477 480
12935	3	501	476 480 496
12936	3	501	477 479 485
12937	2	1	1 33
12938	2	1	1 44
12939	2	1	1 51
12940	2	1	1 62
12941	2	1	1 68
12942	2	1	1 72
12943	2	1	1 92
12944	2	1	1 108
12945	2	1	1 109
12946	2	1	1 121
12947	2	1	1 141
12948	2	1	1 148
12949	2	1	1 157
12950	2	1	1 181
12951	2	1	1 186
12952	2	1	1 206
12953	2	1	1 222
12954	2	1	1 226
12955	2	1	1 236
12956	2	1	1 237
12957	2	1	1 244
12958	2	1	1 249
12959	2	1	1 256
12960	2	1	1 258
12961	2	1	1 271
12962	2	1	1 297
12963	2	1	1 313
12964	2	1	1 323
12965	2	1	1 329
12966	2	1	1 337
12967	2	1	1 342
12968	2	1	1 346
12969	2	1	1 372
12970	2	1	1 374
12971	2	1	1 377
12972	2	1	1 387
12973	2	1	1 394
12974	2	1	1 405
12975	2	1	1 417
12976	2	1	1 427
12977	2	1	1 429
12978	2	1	1 431
12979	2	1	1 494
12980	2	1	2 7
12981	2	1	2 8
12982	2	1	2 33
12983	2	1	2 37
12984	2	1	2 44
12985	2	1	2 52
12986	2	1	2 53
12987	2	1	2 63
12988	2	1	2 68
12989	2	1	2 94
12990	2	1	2 114
12991	2	1	2 119
12992	2	1	2 122
12993	2	1	2 156
12994	2	1	2 166
12995	2	1	2 167
12996	2	1	2 181
12997	2	1	2 187
12998	2	1	2 190
12999	2	1	2 192
13000	2	1	2 207
13001	2	1	2 222
13002	2	1	2 237
13003	2	1	2 257
13004	2	1	2 283
13005	2	1	2 284
13006	2	1	2 291
13007	2	1	2 294
13008	2	1	2 302
13009	2	1	2 304
13010	2	1	2 307
13011	2	1	2 324
13012	2	1	2 330
13013	2	1	2 332
13014	2	1	2 361
13015	2	1	2 362
13016	2	1	2 369
13017	2	1	2 374
13018	2	1	2 376
13019	2	1	2 397
13020	2	1	2 400
13021	2	1	2 403
13022	2	1	2 404
13023	2	1	2 426
13024	2	1	2 428
13025	2	1	2 446
13026	2	1	2 452
13027	2	1	2 463
13028	2	1	2 467
13029	2	1	2 468
13030	2	1	2 473
13031	2	1	2 496
13032	2	1	3 10
13033	2	1	3 29
13034	2	1	3 37
13035	2	1	3 44
13036	2	1	3 63
13037	2	1	3 65
13038	2	1	3 69
13039	2	1	3 89
13040	2	1	3 92
13041	2	1	3 130
13042	2	1	3 133
13043	2	1	3 143
13044	2	1	3 148
13045	2	1	3 150
13046	2	1	3 166
13047	2	1	3 169
13048	2	1	3 185
13049	2	1	3 206
13050	2	1	3 225
13051	2	1	3 226
13052	2	1	3 245
13053	2	1	3 275
13054	2	1	3 279
13055	2	1	3 294
13056	2	1	3 305
13057	2	1	3 328
13058	2	1	3 342
13059	2	1	3 345
13060	2	1	3 349
13061	2	1	3 353
13062	2	1	3 379
13063	2	1	3 385
13064	2	1	3 396
13065	2	1	3 397
13066	2	1	3 403
13067	2	1	3 406
13068	2	1	3 416
13069	2	1	3 435
13070	2	1	3 452
13071	2	1	3 453
13072	2	1	3 462
13073	2	1	3 472
13074	2	1	3 497
13075	2	1	4 5
13076	2	1	4 15
13077	2	1	4 48
13078	2	1	4 71
13079	2	1	4 73
13080	2	1	4 92
13081	2	1	4 94
13082	2	1	4 100
13083	2	1	4 101
13084	2	1	4 123
13085	2	1	4 124
13086	2	1	4 140
13087	2	1	4 149
13088	2	1	4 160
13089	2	1	4 166
13090	2	1	4 183
13091	2	1	4 197
13092	2	1	4 200
13093	2	1	4 234
13094	2	1	4 242
13095	2	1	4 276
13096	2	1	4 283
13097	2	1	4 285
13098	2	1	4 297
13099	2	1	4 300
13100	2	1	4 310
13101	2	1	4 320
13102	2	1	4 322
13103	2	1	4 333
13104	2	1	4 343
13105	2	1	4 346
13106	2	1	4 350
13107	2	1	4 366
13108	2	1	4 367
13109	2	1	4 376
13110	2	1	4 385
13111	2	1	4 387
13112	2	1	4 404
13113	2	1	4 409
13114	2	1	4 428
13115	2	1	4 453
13116	2	1	4 466
13117	2	1	4 491
13118	2	1	5 6
13119	2	1	5 30
13120	2	1	5 33
13121	2	1	5 34
13122	2	1	5 35
13123	2	1	5 53
13124	2	1	5 77
13125	2	1	5 78
13126	2	1	5 90
13127	2	1	5 99
13128	2	1	5 103
13129	2	1	5 112
13130	2	1	5 142
13131	2	1	5 150
13132	2	1	5 156
13133	2	1	5 160
13134	2	1	5 170
13135	2	1	5 172
13136	2	1	5 173
13137	2	1	5 183
13138	2	1	5 189
13139	2	1	5 197
13140	2	1	5 204
13141	2	1	5 211
13142	2	1	5 222
13143	2	1	5 236
13144	2	1	5 238
13145	2	1	5 245
13146	2	1	5 251
13147	2	1	5 261
13148	2	1	5 269
13149	2	1	5 275
13150	2	1	5 278
13151	2	1	5 286
13152	2	1	5 287
13153	2	1	5 288
13154	2	1	5 330
13155	2	1	5 337
13156	2	1	5 341
13157	2	1	5 364
13158	2	1	5 368
13159	2	1	5 373
13160	2	1	5 389
13161	2	1	5 391
13162	2	1	5 395
13163	2	1	5 405
13164	2	1	5 410
13165	2	1	5 416
13166	2	1	5 432
13167	2	1	5 440
13168	2	1	5 466
13169	2	1	6 13
13170	2	1	6 16
13171	2	1	6 26
13172	2	1	6 40
13173	2	1	6 79
13174	2	1	6 87
13175	2	1	6 98
13176	2	1	6 103
13177	2	1	6 104
13178	2	1	6 110
13179	2	1	6 115
13180	2	1	6 124
13181	2	1	6 136
13182	2	1	6 157
13183	2	1	6 161
13184	2	1	6 176
13185	2	1	6 177
13186	2	1	6 190
13187	2	1	6 192
13188	2	1	6 201
13189	2	1	6 202
13190	2	1	6 217
13191	2	1	6 222
13192	2	1	6 236
13193	2	1	6 253
13194	2	1	6 281
13195	2	1	6 302
13196	2	1	6 308
13197	2	1	6 310
13198	2	1	6 314
13199	2	1	6 315
13200	2	1	6 319
13201	2	1	6 335
13202	2	1	6 355
13203	2	1	6 362
13204	2	1	6 367
13205	2	1	6 368
13206	2	1	6 376
13207	2	1	6 380
13208	2	1	6 389
13209	2	1	6 394
13210	2	1	6 398
13211	2	1	6 416
13212	2	1	6 448
13213	2	1	6 500
13214	2	1	7 9
13215	2	1	7 20
13216	2	1	7 33
13217	2	1	7 38
13218	2	1	7 50
13219	2	1	7 56
13220	2	1	7 57
13221	2	1	7 68
13222	2	1	7 71
13223	2	1	7 83
13224	2	1	7 88
13225	2	1	7 92
13226	2	1	7 94
13227	2	1	7 106
13228	2	1	7 108
13229	2	1	7 116
13230	2	1	7 120
13231	2	1	7 149
13232	2	1	7 163
13233	2	1	7 171
13234	2	1	7 193
13235	2	1	7 197
13236	2	1	7 212
13237	2	1	7 213
13238	2	1	7 216
13239	2	1	7 221
13240	2	1	7 232
13241	2	1	7 240
13242	2	1	7 243
13243	2	1	7 245
13244	2	1	7 246
13245	2	1	7 287
13246	2	1	7 294
13247	2	1	7 298
13248	2	1	7 321
13249	2	1	7 329
13250	2	1	7 335
13251	2	1	7 346
13252	2	1	7 367
13253	2	1	7 378
13254	2	1	7 385
13255	2	1	7 394
13256	2	1	7 439
13257	2	1	7 440
13258	2	1	7 447
13259	2	1	7 453
13260	2	1	7 457
13261	2	1	7 463
13262	2	1	7 485
13263	2	1	7 486
13264	2	1	7 488
13265	2	1	8 15
13266	2	1	8 28
13267	2	1	8 35
13268	2	1	8 48
13269	2	1	8 50
13270	2	1	8 52
13271	2	1	8 54
13272	2	1	8 61
13273	2	1	8 65
13274	2	1	8 74
13275	2	1	8 97
13276	2	1	8 128
13277	2	1	8 143
13278	2	1	8 155
13279	2	1	8 161
13280	2	1	8 166
13281	2	1	8 181
13282	2	1	8 185
13283	2	1	8 193
13284	2	1	8 225
13285	2	1	8 229
13286	2	1	8 233
13287	2	1	8 234
13288	2	1	8 236
13289	2	1	8 246
13290	2	1	8 260
13291	2	1	8 282
13292	2	1	8 309
13293	2	1	8 310
13294	2	1	8 312
13295	2	1	8 313
13296	2	1	8 371
13297	2	1	8 372
13298	2	1	8 376
13299	2	1	8 394
13300	2	1	8 399
13301	2	1	8 424
13302	2	1	8 439
13303	2	1	8 440
13304	2	1	8 446
13305	2	1	8 448
13306	2	1	8 454
13307	2	1	9 22
13308	2	1	9 45
13309	2	1	9 69
13310	2	1	9 81
13311	2	1	9 90
13312	2	1	9 134
13313	2	1	9 139
13314	2	1	9 140
13315	2	1	9 142
13316	2	1	9 158
13317	2	1	9 181
13318	2	1	9 197
13319	2	1	9 212
13320	2	1	9 221
13321	2	1	9 231
13322	2	1	9 263
13323	2	1	9 267
13324	2	1	9 269
13325	2	1	9 284
13326	2	1	9 295
13327	2	1	9 297
13328	2	1	9 298
13329	2	1	9 305
13330	2	1	9 318
13331	2	1	9 322
13332	2	1	9 344
13333	2	1	9 345
13334	2	1	9 353
13335	2	1	9 364
13336	2	1	9 413
13337	2	1	9 423
13338	2	1	9 429
13339	2	1	9 445
13340	2	1	9 494
13341	2	1	9 500
13342	2	1	10 22
13343	2	1	10 53
13344	2	1	10 60
13345	2	1	10 65
13346	2	1	10 73
13347	2	1	10 75
13348	2	1	10 83
13349	2	1	10 87
13350	2	1	10 102
13351	2	1	10 112
13352	2	1	10 128
13353	2	1	10 161
13354	2	1	10 162
13355	2	1	10 169
13356	2	1	10 209
13357	2	1	10 228
13358	2	1	10 233
13359	2	1	10 234
13360	2	1	10 241
13361	2	1	10 248
13362	2	1	10 258
13363	2	1	10 268
13364	2	1	10 275
13365	2	1	10 276
13366	2	1	10 277
13367	2	1	10 279
13368	2	1	10 281
13369	2	1	10 284
13370	2	1	10 295
13371	2	1	10 321
13372	2	1	10 353
13373	2	1	10 384
13374	2	1	10 385
13375	2	1	10 396
13376	2	1	10 400
13377	2	1	10 411
13378	2	1	10 453
13379	2	1	10 455
13380	2	1	10 465
13381	2	1	10 476
13382	2	1	10 479
13383	2	1	11 12
13384	2	1	11 38
13385	2	1	11 56
13386	2	1	11 62
13387	2	1	11 84
13388	2	1	11 100
13389	2	1	11 104
13390	2	1	11 105
13391	2	1	11 138
13392	2	1	11 158
13393	2	1	11 161
13394	2	1	11 163
13395	2	1	11 174
13396	2	1	11 187
13397	2	1	11 212
13398	2	1	11 244
13399	2	1	11 253
13400	2	1	11 271
13401	2	1	11 282
13402	2	1	11 296
13403	2	1	11 298
13404	2	1	11 302
13405	2	1	11 323
13406	2	1	11 329
13407	2	1	11 337
13408	2	1	11 342
13409	2	1	11 361
13410	2	1	11 371
13411	2	1	11 379
13412	2	1	11 411
13413	2	1	11 412
13414	2	1	11 416
13415	2	1	11 431
13416	2	1	11 436
13417	2	1	11 439
13418	2	1	11 447
13419	2	1	11 451
13420	2	1	11 455
13421	2	1	11 459
13422	2	1	11 462
13423	2	1	11 464
13424	2	1	11 472
13425	2	1	11 475
13426	2	1	11 476
13427	2	1	12 23
13428	2	1	12 29
13429	2	1	12 52
13430	2	1	12 53
13431	2	1	12 57
13432	2	1	12 59
13433	2	1	12 63
13434	2	1	12 68
13435	2	1	12 82
13436	2	1	12 116
13437	2	1	12 149
13438	2	1	12 150
13439	2	1	12 158
13440	2	1	12 177
13441	2	1	12 180
13442	2	1	12 187
13443	2	1	12 212
13444	2	1	12 234
13445	2	1	12 236
13446	2	1	12 240
13447	2	1	12 258
13448	2	1	12 285
13449	2	1	12 305
13450	2	1	12 307
13451	2	1	12 319
13452	2	1	12 325
13453	2	1	12 343
13454	2	1	12 349
13455	2	1	12 356
13456	2	1	12 376
13457	2	1	12 377
13458	2	1	12 404
13459	2	1	12 412
13460	2	1	12 417
13461	2	1	12 443
13462	2	1	12 476
13463	2	1	12 483
13464	2	1	13 46
13465	2	1	13 47
13466	2	1	13 63
13467	2	1	13 71
13468	2	1	13 75
13469	2	1	13 84
13470	2	1	13 119
13471	2	1	13 126
13472	2	1	13 136
13473	2	1	13 169
13474	2	1	13 183
13475	2	1	13 200
13476	2	1	13 204
13477	2	1	13 212
13478	2	1	13 221
13479	2	1	13 226
13480	2	1	13 236
13481	2	1	13 237
13482	2	1	13 264
13483	2	1	13 266
13484	2	1	13 267
13485	2	1	13 282
13486	2	1	13 289
13487	2	1	13 299
13488	2	1	13 300
13489	2	1	13 347
13490	2	1	13 366
13491	2	1	13 383
13492	2	1	13 417
13493	2	1	13 418
13494	2	1	13 422
13495	2	1	13 435
13496	2	1	13 453
13497	2	1	13 455
13498	2	1	13 475
13499	2	1	15 22
13500	2	1	15 40
13501	2	1	15 44
13502	2	1	15 45
13503	2	1	15 47
13504	2	1	15 69
13505	2	1	15 77
13506	2	1	15 86
13507	2	1	15 108
13508	2	1	15 122
13509	2	1	15 158
13510	2	1	15 176
13511	2	1	15 185
13512	2	1	15 211
13513	2	1	15 219
13514	2	1	15 221
13515	2	1	15 243
13516	2	1	15 249
13517	2	1	15 253
13518	2	1	15 263
13519	2	1	15 296
13520	2	1	15 325
13521	2	1	15 328
13522	2	1	15 335
13523	2	1	15 343
13524	2	1	15 349
13525	2	1	15 351
13526	2	1	15 439
13527	2	1	15 447
13528	2	1	15 455
13529	2	1	15 462
13530	2	1	15 463
13531	2	1	15 483
13532	2	1	15 496
13533	2	1	15 497
13534	2	1	16 23
13535	2	1	16 33
13536	2	1	16 34
13537	2	1	16 38
13538	2	1	16 42
13539	2	1	16 44
13540	2	1	16 47
13541	2	1	16 57
13542	2	1	16 68
13543	2	1	16 77
13544	2	1	16 86
13545	2	1	16 92
13546	2	1	16 106
13547	2	1	16 116
13548	2	1	16 124
13549	2	1	16 157
13550	2	1	16 177
13551	2	1	16 185
13552	2	1	16 188
13553	2	1	16 234
13554	2	1	16 239
13555	2	1	16 243
13556	2	1	16 246
13557	2	1	16 268
13558	2	1	16 272
13559	2	1	16 305
13560	2	1	16 311
13561	2	1	16 316
13562	2	1	16 322
13563	2	1	16 337
13564	2	1	16 374
13565	2	1	16 389
13566	2	1	16 394
13567	2	1	16 396
13568	2	1	16 410
13569	2	1	16 411
13570	2	1	16 426
13571	2	1	16 447
13572	2	1	16 454
13573	2	1	16 464
13574	2	1	16 469
13575	2	1	16 483
13576	2	1	16 495
13577	2	1	17 18
13578	2	1	17 20
13579	2	1	17 23
13580	2	1	17 36
13581	2	1	17 50
13582	2	1	17 60
13583	2	1	17 86
13584	2	1	17 123
13585	2	1	17 127
13586	2	1	17 130
13587	2	1	17 148
13588	2	1	17 171
13589	2	1	17 175
13590	2	1	17 177
13591	2	1	17 197
13592	2	1	17 216
13593	2	1	17 219
13594	2	1	17 224
13595	2	1	17 233
13596	2	1	17 248
13597	2	1	17 278
13598	2	1	17 284
13599	2	1	17 292
13600	2	1	17 304
13601	2	1	17 319
13602	2	1	17 328
13603	2	1	17 364
13604	2	1	17 404
13605	2	1	17 406
13606	2	1	17 409
13607	2	1	17 424
13608	2	1	17 449
13609	2	1	17 463
13610	2	1	17 471
13611	2	1	17 497
13612	2	1	18 31
13613	2	1	18 41
13614	2	1	18 49
13615	2	1	18 50
13616	2	1	18 68
13617	2	1	18 93
13618	2	1	18 112
13619	2	1	18 135
13620	2	1	18 171
13621	2	1	18 193
13622	2	1	18 201
13623	2	1	18 206
13624	2	1	18 213
13625	2	1	18 248
13626	2	1	18 249
13627	2	1	18 257
13628	2	1	18 258
13629	2	1	18 262
13630	2	1	18 281
13631	2	1	18 282
13632	2	1	18 286
13633	2	1	18 287
13634	2	1	18 289
13635	2	1	18 295
13636	2	1	18 297
13637	2	1	18 344
13638	2	1	18 349
13639	2	1	18 354
13640	2	1	18 355
13641	2	1	18 365
13642	2	1	18 366
13643	2	1	18 372
13644	2	1	18 376
13645	2	1	18 377
13646	2	1	18 380
13647	2	1	18 384
13648	2	1	18 399
13649	2	1	18 410
13650	2	1	18 434
13651	2	1	18 454
13652	2	1	18 455
13653	2	1	18 464
13654	2	1	18 467
13655	2	1	18 495
13656	2	1	18 497
13657	2	1	19 23
13658	2	1	19 25
13659	2	1	19 29
13660	2	1	19 62
13661	2	1	19 77
13662	2	1	19 79
13663	2	1	19 90
13664	2	1	19 98
13665	2	1	19 123
13666	2	1	19 124
13667	2	1	19 140
13668	2	1	19 145
13669	2	1	19 159
13670	2	1	19 161
13671	2	1	19 186
13672	2	1	19 204
13673	2	1	19 248
13674	2	1	19 272
13675	2	1	19 287
13676	2	1	19 292
13677	2	1	19 299
13678	2	1	19 303
13679	2	1	19 309
13680	2	1	19 310
13681	2	1	19 312
13682	2	1	19 324
13683	2	1	19 325
13684	2	1	19 343
13685	2	1	19 357
13686	2	1	19 365
13687	2	1	19 369
13688	2	1	19 370
13689	2	1	19 383
13690	2	1	19 398
13691	2	1	19 405
13692	2	1	19 406
13693	2	1	19 412
13694	2	1	19 416
13695	2	1	19 432
13696	2	1	19 434
13697	2	1	19 437
13698	2	1	19 439
13699	2	1	19 448
13700	2	1	19 464
13701	2	1	19 476
13702	2	1	19 484
13703	2	1	19 486
13704	2	1	19 497
13705	2	1	20 22
13706	2	1	20 25
13707	2	1	20 33
13708	2	1	20 35
13709	2	1	20 43
13710	2	1	20 57
13711	2	1	20 91
13712	2	1	20 93
13713	2	1	20 99
13714	2	1	20 100
13715	2	1	20 141
13716	2	1	20 142
13717	2	1	20 155
13718	2	1	20 157
13719	2	1	20 193
13720	2	1	20 204
13721	2	1	20 207
13722	2	1	20 226
13723	2	1	20 230
13724	2	1	20 244
13725	2	1	20 250
13726	2	1	20 251
13727	2	1	20 256
13728	2	1	20 263
13729	2	1	20 267
13730	2	1	20 271
13731	2	1	20 278
13732	2	1	20 284
13733	2	1	20 287
13734	2	1	20 291
13735	2	1	20 309
13736	2	1	20 333
13737	2	1	20 346
13738	2	1	20 365
13739	2	1	20 372
13740	2	1	20 399
13741	2	1	20 404
13742	2	1	20 423
13743	2	1	20 458
13744	2	1	20 475
13745	2	1	20 477
13746	2	1	22 26
13747	2	1	22 35
13748	2	1	22 40
13749	2	1	22 62
13750	2	1	22 64
13751	2	1	22 73
13752	2	1	22 105
13753	2	1	22 130
13754	2	1	22 137
13755	2	1	22 158
13756	2	1	22 161
13757	2	1	22 173
13758	2	1	22 177
13759	2	1	22 197
13760	2	1	22 207
13761	2	1	22 212
13762	2	1	22 216
13763	2	1	22 312
13764	2	1	22 347
13765	2	1	22 349
13766	2	1	22 353
13767	2	1	22 373
13768	2	1	22 377
13769	2	1	22 378
13770	2	1	22 380
13771	2	1	22 400
13772	2	1	22 413
13773	2	1	22 422
13774	2	1	22 423
13775	2	1	22 440
13776	2	1	22 467
13777	2	1	22 479
13778	2	1	23 38
13779	2	1	23 44
13780	2	1	23 63
13781	2	1	23 76
13782	2	1	23 112
13783	2	1	23 122
13784	2	1	23 134
13785	2	1	23 135
13786	2	1	23 155
13787	2	1	23 160
13788	2	1	23 162
13789	2	1	23 165
13790	2	1	23 176
13791	2	1	23 218
13792	2	1	23 227
13793	2	1	23 291
13794	2	1	23 297
13795	2	1	23 302
13796	2	1	23 310
13797	2	1	23 326
13798	2	1	23 327
13799	2	1	23 351
13800	2	1	23 377
13801	2	1	23 394
13802	2	1	23 410
13803	2	1	23 427
13804	2	1	23 428
13805	2	1	23 439
13806	2	1	23 444
13807	2	1	23 455
13808	2	1	23 458
13809	2	1	23 459
13810	2	1	23 461
13811	2	1	23 477
13812	2	1	23 500
13813	2	1	24 28
13814	2	1	24 30
13815	2	1	24 47
13816	2	1	24 54
13817	2	1	24 61
13818	2	1	24 93
13819	2	1	24 94
13820	2	1	24 104
13821	2	1	24 130
13822	2	1	24 177
13823	2	1	24 180
13824	2	1	24 188
13825	2	1	24 223
13826	2	1	24 224
13827	2	1	24 230
13828	2	1	24 246
13829	2	1	24 260
13830	2	1	24 275
13831	2	1	24 288
13832	2	1	24 291
13833	2	1	24 304
13834	2	1	24 310
13835	2	1	24 330
13836	2	1	24 351
13837	2	1	24 356
13838	2	1	24 359
13839	2	1	24 361
13840	2	1	24 365
13841	2	1	24 371
13842	2	1	24 393
13843	2	1	24 396
13844	2	1	24 418
13845	2	1	24 430
13846	2	1	24 434
13847	2	1	24 458
13848	2	1	24 482
13849	2	1	24 485
13850	2	1	24 489
13851	2	1	25 30
13852	2	1	25 33
13853	2	1	25 43
13854	2	1	25 47
13855	2	1	25 50
13856	2	1	25 54
13857	2	1	25 61
13858	2	1	25 72
13859	2	1	25 90
13860	2	1	25 106
13861	2	1	25 129
13862	2	1	25 132
13863	2	1	25 172
13864	2	1	25 176
13865	2	1	25 207
13866	2	1	25 212
13867	2	1	25 222
13868	2	1	25 233
13869	2	1	25 236
13870	2	1	25 258
13871	2	1	25 291
13872	2	1	25 296
13873	2	1	25 314
13874	2	1	25 361
13875	2	1	25 396
13876	2	1	25 400
13877	2	1	25 406
13878	2	1	25 409
13879	2	1	25 418
13880	2	1	25 423
13881	2	1	25 428
13882	2	1	25 431
13883	2	1	25 437
13884	2	1	25 440
13885	2	1	25 446
13886	2	1	25 459
13887	2	1	25 462
13888	2	1	25 464
13889	2	1	25 465
13890	2	1	25 468
13891	2	1	25 481
13892	2	1	25 500
13893	2	1	26 57
13894	2	1	26 75
13895	2	1	26 139
13896	2	1	26 140
13897	2	1	26 158
13898	2	1	26 183
13899	2	1	26 197
13900	2	1	26 219
13901	2	1	26 237
13902	2	1	26 240
13903	2	1	26 245
13904	2	1	26 251
13905	2	1	26 253
13906	2	1	26 263
13907	2	1	26 266
13908	2	1	26 295
13909	2	1	26 297
13910	2	1	26 300
13911	2	1	26 312
13912	2	1	26 355
13913	2	1	26 369
13914	2	1	26 379
13915	2	1	26 387
13916	2	1	26 393
13917	2	1	26 397
13918	2	1	26 400
13919	2	1	26 428
13920	2	1	26 455
13921	2	1	26 462
13922	2	1	26 469
13923	2	1	26 483
13924	2	1	26 486
13925	2	1	26 495
13926	2	1	26 497
13927	2	1	26 500
13928	2	1	28 31
13929	2	1	28 37
13930	2	1	28 63
13931	2	1	28 67
13932	2	1	28 71
13933	2	1	28 75
13934	2	1	28 82
13935	2	1	28 90
13936	2	1	28 96
13937	2	1	28 120
13938	2	1	28 130
13939	2	1	28 172
13940	2	1	28 230
13941	2	1	28 232
13942	2	1	28 233
13943	2	1	28 253
13944	2	1	28 257
13945	2	1	28 258
13946	2	1	28 261
13947	2	1	28 282
13948	2	1	28 292
13949	2	1	28 297
13950	2	1	28 298
13951	2	1	28 300
13952	2	1	28 311
13953	2	1	28 326
13954	2	1	28 327
13955	2	1	28 328
13956	2	1	28 333
13957	2	1	28 335
13958	2	1	28 344
13959	2	1	28 350
13960	2	1	28 355
13961	2	1	28 367
13962	2	1	28 378
13963	2	1	28 383
13964	2	1	28 386
13965	2	1	28 389
13966	2	1	28 416
13967	2	1	28 423
13968	2	1	28 427
13969	2	1	28 450
13970	2	1	28 465
13971	2	1	28 466
13972	2	1	28 475
13973	2	1	28 485
13974	2	1	29 37
13975	2	1	29 62
13976	2	1	29 66
13977	2	1	29 97
13978	2	1	29 107
13979	2	1	29 109
13980	2	1	29 130
13981	2	1	29 143
13982	2	1	29 153
13983	2	1	29 161
13984	2	1	29 186
13985	2	1	29 192
13986	2	1	29 204
13987	2	1	29 221
13988	2	1	29 237
13989	2	1	29 256
13990	2	1	29 274
13991	2	1	29 278
13992	2	1	29 281
13993	2	1	29 287
13994	2	1	29 312
13995	2	1	29 313
13996	2	1	29 318
13997	2	1	29 347
13998	2	1	29 359
13999	2	1	29 385
14000	2	1	29 393
14001	2	1	29 422
14002	2	1	29 429
14003	2	1	29 443
14004	2	1	29 444
14005	2	1	29 448
14006	2	1	29 454
14007	2	1	29 469
14008	2	1	29 483
14009	2	1	29 495
14010	2	1	30 41
14011	2	1	30 59
14012	2	1	30 82
14013	2	1	30 116
14014	2	1	30 124
14015	2	1	30 149
14016	2	1	30 170
14017	2	1	30 174
14018	2	1	30 176
14019	2	1	30 177
14020	2	1	30 180
14021	2	1	30 193
14022	2	1	30 207
14023	2	1	30 225
14024	2	1	30 227
14025	2	1	30 260
14026	2	1	30 287
14027	2	1	30 302
14028	2	1	30 311
14029	2	1	30 320
14030	2	1	30 322
14031	2	1	30 346
14032	2	1	30 355
14033	2	1	30 357
14034	2	1	30 365
14035	2	1	30 384
14036	2	1	30 385
14037	2	1	30 397
14038	2	1	30 399
14039	2	1	30 409
14040	2	1	30 410
14041	2	1	30 441
14042	2	1	30 452
14043	2	1	30 472
14044	2	1	30 477
14045	2	1	30 491
14046	2	1	31 38
14047	2	1	31 46
14048	2	1	31 94
14049	2	1	31 98
14050	2	1	31 140
14051	2	1	31 156
14052	2	1	31 164
14053	2	1	31 186
14054	2	1	31 188
14055	2	1	31 193
14056	2	1	31 208
14057	2	1	31 209
14058	2	1	31 218
14059	2	1	31 230
14060	2	1	31 242
14061	2	1	31 246
14062	2	1	31 249
14063	2	1	31 269
14064	2	1	31 324
14065	2	1	31 333
14066	2	1	31 334
14067	2	1	31 353
14068	2	1	31 376
14069	2	1	31 378
14070	2	1	31 383
14071	2	1	31 391
14072	2	1	31 395
14073	2	1	31 397
14074	2	1	31 399
14075	2	1	31 409
14076	2	1	31 423
14077	2	1	31 424
14078	2	1	31 426
14079	2	1	31 430
14080	2	1	31 433
14081	2	1	31 435
14082	2	1	31 494
14083	2	1	31 500
14084	2	1	33 48
14085	2	1	33 59
14086	2	1	33 69
14087	2	1	33 76
14088	2	1	33 79
14089	2	1	33 80
14090	2	1	33 101
14091	2	1	33 136
14092	2	1	33 137
14093	2	1	33 141
14094	2	1	33 153
14095	2	1	33 172
14096	2	1	33 186
14097	2	1	33 192
14098	2	1	33 208
14099	2	1	33 211
14100	2	1	33 228
14101	2	1	33 246
14102	2	1	33 260
14103	2	1	33 261
14104	2	1	33 276
14105	2	1	33 286
14106	2	1	33 294
14107	2	1	33 304
14108	2	1	33 307
14109	2	1	33 315
14110	2	1	33 318
14111	2	1	33 319
14112	2	1	33 327
14113	2	1	33 353
14114	2	1	33 389
14115	2	1	33 409
14116	2	1	33 410
14117	2	1	33 411
14118	2	1	33 432
14119	2	1	33 457
14120	2	1	33 464
14121	2	1	33 465
14122	2	1	33 466
14123	2	1	33 473
14124	2	1	33 484
14125	2	1	33 489
14126	2	1	34 49
14127	2	1	34 51
14128	2	1	34 63
14129	2	1	34 69
14130	2	1	34 73
14131	2	1	34 86
14132	2	1	34 92
14133	2	1	34 106
14134	2	1	34 107
14135	2	1	34 109
14136	2	1	34 120
14137	2	1	34 122
14138	2	1	34 123
14139	2	1	34 133
14140	2	1	34 134
14141	2	1	34 141
14142	2	1	34 159
14143	2	1	34 170
14144	2	1	34 208
14145	2	1	34 227
14146	2	1	34 260
14147	2	1	34 261
14148	2	1	34 268
14149	2	1	34 305
14150	2	1	34 321
14151	2	1	34 332
14152	2	1	34 354
14153	2	1	34 365
14154	2	1	34 366
14155	2	1	34 372
14156	2	1	34 386
14157	2	1	34 396
14158	2	1	34 409
14159	2	1	34 423
14160	2	1	34 437
14161	2	1	34 440
14162	2	1	34 445
14163	2	1	34 452
14164	2	1	34 469
14165	2	1	34 480
14166	2	1	34 489
14167	2	1	35 41
14168	2	1	35 77
14169	2	1	35 103
14170	2	1	35 112
14171	2	1	35 132
14172	2	1	35 175
14173	2	1	35 183
14174	2	1	35 251
14175	2	1	35 258
14176	2	1	35 333
14177	2	1	35 338
14178	2	1	35 340
14179	2	1	35 356
14180	2	1	35 371
14181	2	1	35 380
14182	2	1	35 383
14183	2	1	35 398
14184	2	1	35 440
14185	2	1	35 448
14186	2	1	35 453
14187	2	1	35 454
14188	2	1	35 487
14189	2	1	36 52
14190	2	1	36 126
14191	2	1	36 135
14192	2	1	36 153
14193	2	1	36 156
14194	2	1	36 171
14195	2	1	36 199
14196	2	1	36 202
14197	2	1	36 223
14198	2	1	36 237
14199	2	1	36 240
14200	2	1	36 263
14201	2	1	36 274
14202	2	1	36 281
14203	2	1	36 286
14204	2	1	36 295
14205	2	1	36 304
14206	2	1	36 314
14207	2	1	36 329
14208	2	1	36 333
14209	2	1	36 334
14210	2	1	36 337
14211	2	1	36 361
14212	2	1	36 363
14213	2	1	36 367
14214	2	1	36 379
14215	2	1	36 386
14216	2	1	36 406
14217	2	1	36 410
14218	2	1	36 413
14219	2	1	36 445
14220	2	1	36 489
14221	2	1	36 495
14222	2	1	37 44
14223	2	1	37 49
14224	2	1	37 93
14225	2	1	37 105
14226	2	1	37 161
14227	2	1	37 166
14228	2	1	37 217
14229	2	1	37 223
14230	2	1	37 224
14231	2	1	37 228
14232	2	1	37 245
14233	2	1	37 248
14234	2	1	37 250
14235	2	1	37 263
14236	2	1	37 269
14237	2	1	37 277
14238	2	1	37 278
14239	2	1	37 281
14240	2	1	37 286
14241	2	1	37 289
14242	2	1	37 322
14243	2	1	37 338
14244	2	1	37 341
14245	2	1	37 342
14246	2	1	37 351
14247	2	1	37 354
14248	2	1	37 385
14249	2	1	37 387
14250	2	1	37 449
14251	2	1	37 453
14252	2	1	37 459
14253	2	1	37 469
14254	2	1	37 497
14255	2	1	37 500
14256	2	1	38 55
14257	2	1	38 57
14258	2	1	38 60
14259	2	1	38 72
14260	2	1	38 78
14261	2	1	38 100
14262	2	1	38 103
14263	2	1	38 110
14264	2	1	38 112
14265	2	1	38 124
14266	2	1	38 139
14267	2	1	38 140
14268	2	1	38 145
14269	2	1	38 163
14270	2	1	38 174
14271	2	1	38 238
14272	2	1	38 253
14273	2	1	38 258
14274	2	1	38 262
14275	2	1	38 264
14276	2	1	38 297
14277	2	1	38 302
14278	2	1	38 326
14279	2	1	38 345
14280	2	1	38 370
14281	2	1	38 397
14282	2	1	38 406
14283	2	1	38 424
14284	2	1	38 430
14285	2	1	38 431
14286	2	1	38 453
14287	2	1	38 457
14288	2	1	38 472
14289	2	1	38 482
14290	2	1	40 41
14291	2	1	40 43
14292	2	1	40 89
14293	2	1	40 93
14294	2	1	40 95
14295	2	1	40 102
14296	2	1	40 105
14297	2	1	40 169
14298	2	1	40 170
14299	2	1	40 187
14300	2	1	40 201
14301	2	1	40 208
14302	2	1	40 218
14303	2	1	40 233
14304	2	1	40 267
14305	2	1	40 268
14306	2	1	40 274
14307	2	1	40 278
14308	2	1	40 291
14309	2	1	40 304
14310	2	1	40 376
14311	2	1	40 391
14312	2	1	40 406
14313	2	1	40 420
14314	2	1	40 432
14315	2	1	40 446
14316	2	1	40 464
14317	2	1	40 476
14318	2	1	40 485
14319	2	1	41 43
14320	2	1	41 53
14321	2	1	41 54
14322	2	1	41 59
14323	2	1	41 66
14324	2	1	41 89
14325	2	1	41 107
14326	2	1	41 114
14327	2	1	41 120
14328	2	1	41 124
14329	2	1	41 132
14330	2	1	41 134
14331	2	1	41 152
14332	2	1	41 155
14333	2	1	41 171
14334	2	1	41 177
14335	2	1	41 201
14336	2	1	41 239
14337	2	1	41 251
14338	2	1	41 258
14339	2	1	41 264
14340	2	1	41 281
14341	2	1	41 288
14342	2	1	41 324
14343	2	1	41 342
14344	2	1	41 344
14345	2	1	41 374
14346	2	1	41 391
14347	2	1	41 404
14348	2	1	41 413
14349	2	1	41 470
14350	2	1	41 485
14351	2	1	41 486
14352	2	1	42 50
14353	2	1	42 54
14354	2	1	42 59
14355	2	1	42 81
14356	2	1	42 105
14357	2	1	42 120
14358	2	1	42 133
14359	2	1	42 136
14360	2	1	42 160
14361	2	1	42 166
14362	2	1	42 171
14363	2	1	42 175
14364	2	1	42 177
14365	2	1	42 185
14366	2	1	42 190
14367	2	1	42 240
14368	2	1	42 241
14369	2	1	42 251
14370	2	1	42 268
14371	2	1	42 283
14372	2	1	42 294
14373	2	1	42 297
14374	2	1	42 301
14375	2	1	42 316
14376	2	1	42 326
14377	2	1	42 332
14378	2	1	42 353
14379	2	1	42 368
14380	2	1	42 376
14381	2	1	42 385
14382	2	1	42 387
14383	2	1	42 405
14384	2	1	42 412
14385	2	1	42 431
14386	2	1	42 437
14387	2	1	42 443
14388	2	1	42 444
14389	2	1	42 454
14390	2	1	42 486
14391	2	1	42 491
14392	2	1	42 495
14393	2	1	43 75
14394	2	1	43 84
14395	2	1	43 95
14396	2	1	43 98
14397	2	1	43 103
14398	2	1	43 106
14399	2	1	43 127
14400	2	1	43 138
14401	2	1	43 140
14402	2	1	43 150
14403	2	1	43 152
14404	2	1	43 180
14405	2	1	43 203
14406	2	1	43 212
14407	2	1	43 221
14408	2	1	43 226
14409	2	1	43 238
14410	2	1	43 268
14411	2	1	43 277
14412	2	1	43 281
14413	2	1	43 293
14414	2	1	43 297
14415	2	1	43 302
14416	2	1	43 351
14417	2	1	43 364
14418	2	1	43 366
14419	2	1	43 397
14420	2	1	43 400
14421	2	1	43 412
14422	2	1	43 434
14423	2	1	43 437
14424	2	1	43 455
14425	2	1	43 473
14426	2	1	43 476
14427	2	1	43 482
14428	2	1	43 483
14429	2	1	43 496
14430	2	1	44 46
14431	2	1	44 73
14432	2	1	44 80
14433	2	1	44 86
14434	2	1	44 89
14435	2	1	44 108
14436	2	1	44 109
14437	2	1	44 121
14438	2	1	44 135
14439	2	1	44 170
14440	2	1	44 176
14441	2	1	44 189
14442	2	1	44 224
14443	2	1	44 243
14444	2	1	44 248
14445	2	1	44 251
14446	2	1	44 302
14447	2	1	44 307
14448	2	1	44 314
14449	2	1	44 328
14450	2	1	44 329
14451	2	1	44 337
14452	2	1	44 365
14453	2	1	44 376
14454	2	1	44 386
14455	2	1	44 399
14456	2	1	44 424
14457	2	1	44 437
14458	2	1	44 439
14459	2	1	44 457
14460	2	1	44 462
14461	2	1	44 489
14462	2	1	44 491
14463	2	1	44 497
14464	2	1	45 49
14465	2	1	45 51
14466	2	1	45 54
14467	2	1	45 80
14468	2	1	45 81
14469	2	1	45 84
14470	2	1	45 88
14471	2	1	45 89
14472	2	1	45 90
14473	2	1	45 91
14474	2	1	45 97
14475	2	1	45 99
14476	2	1	45 128
14477	2	1	45 129
14478	2	1	45 134
14479	2	1	45 148
14480	2	1	45 149
14481	2	1	45 152
14482	2	1	45 162
14483	2	1	45 165
14484	2	1	45 181
14485	2	1	45 206
14486	2	1	45 228
14487	2	1	45 232
14488	2	1	45 250
14489	2	1	45 251
14490	2	1	45 256
14491	2	1	45 266
14492	2	1	45 272
14493	2	1	45 291
14494	2	1	45 311
14495	2	1	45 323
14496	2	1	45 328
14497	2	1	45 332
14498	2	1	45 357
14499	2	1	45 366
14500	2	1	45 367
14501	2	1	45 383
14502	2	1	45 406
14503	2	1	45 409
14504	2	1	45 443
14505	2	1	45 445
14506	2	1	45 450
14507	2	1	45 468
14508	2	1	45 475
14509	2	1	45 477
14510	2	1	45 482
14511	2	1	46 59
14512	2	1	46 61
14513	2	1	46 66
14514	2	1	46 83
14515	2	1	46 89
14516	2	1	46 104
14517	2	1	46 107
14518	2	1	46 116
14519	2	1	46 132
14520	2	1	46 135
14521	2	1	46 138
14522	2	1	46 149
14523	2	1	46 162
14524	2	1	46 170
14525	2	1	46 202
14526	2	1	46 206
14527	2	1	46 207
14528	2	1	46 209
14529	2	1	46 242
14530	2	1	46 281
14531	2	1	46 295
14532	2	1	46 299
14533	2	1	46 310
14534	2	1	46 328
14535	2	1	46 341
14536	2	1	46 342
14537	2	1	46 353
14538	2	1	46 357
14539	2	1	46 363
14540	2	1	46 400
14541	2	1	46 405
14542	2	1	46 406
14543	2	1	46 435
14544	2	1	46 439
14545	2	1	46 445
14546	2	1	46 457
14547	2	1	46 459
14548	2	1	46 477
14549	2	1	46 483
14550	2	1	46 485
14551	2	1	46 486
14552	2	1	47 54
14553	2	1	47 56
14554	2	1	47 61
14555	2	1	47 64
14556	2	1	47 66
14557	2	1	47 68
14558	2	1	47 70
14559	2	1	47 76
14560	2	1	47 103
14561	2	1	47 109
14562	2	1	47 124
14563	2	1	47 129
14564	2	1	47 139
14565	2	1	47 140
14566	2	1	47 175
14567	2	1	47 209
14568	2	1	47 218
14569	2	1	47 226
14570	2	1	47 239
14571	2	1	47 248
14572	2	1	47 250
14573	2	1	47 269
14574	2	1	47 293
14575	2	1	47 296
14576	2	1	47 309
14577	2	1	47 318
14578	2	1	47 326
14579	2	1	47 355
14580	2	1	47 364
14581	2	1	47 366
14582	2	1	47 367
14583	2	1	47 403
14584	2	1	47 411
14585	2	1	47 412
14586	2	1	47 428
14587	2	1	47 441
14588	2	1	47 443
14589	2	1	47 448
14590	2	1	47 462
14591	2	1	47 476
14592	2	1	47 497
14593	2	1	48 79
14594	2	1	48 96
14595	2	1	48 106
14596	2	1	48 112
14597	2	1	48 116
14598	2	1	48 132
14599	2	1	48 140
14600	2	1	48 145
14601	2	1	48 148
14602	2	1	48 150
14603	2	1	48 153
14604	2	1	48 157
14605	2	1	48 171
14606	2	1	48 176
14607	2	1	48 185
14608	2	1	48 200
14609	2	1	48 211
14610	2	1	48 219
14611	2	1	48 228
14612	2	1	48 231
14613	2	1	48 232
14614	2	1	48 240
14615	2	1	48 242
14616	2	1	48 251
14617	2	1	48 264
14618	2	1	48 292
14619	2	1	48 303
14620	2	1	48 321
14621	2	1	48 430
14622	2	1	48 433
14623	2	1	48 434
14624	2	1	48 435
14625	2	1	48 445
14626	2	1	48 460
14627	2	1	48 479
14628	2	1	48 486
14629	2	1	48 496
14630	2	1	49 51
14631	2	1	49 57
14632	2	1	49 64
14633	2	1	49 71
14634	2	1	49 78
14635	2	1	49 83
14636	2	1	49 122
14637	2	1	49 157
14638	2	1	49 193
14639	2	1	49 204
14640	2	1	49 228
14641	2	1	49 231
14642	2	1	49 242
14643	2	1	49 243
14644	2	1	49 257
14645	2	1	49 258
14646	2	1	49 265
14647	2	1	49 321
14648	2	1	49 323
14649	2	1	49 332
14650	2	1	49 335
14651	2	1	49 346
14652	2	1	49 367
14653	2	1	49 384
14654	2	1	49 395
14655	2	1	49 404
14656	2	1	49 416
14657	2	1	49 420
14658	2	1	49 429
14659	2	1	49 443
14660	2	1	49 461
14661	2	1	49 466
14662	2	1	49 468
14663	2	1	49 469
14664	2	1	49 487
14665	2	1	49 488
14666	2	1	50 55
14667	2	1	50 56
14668	2	1	50 62
14669	2	1	50 67
14670	2	1	50 70
14671	2	1	50 75
14672	2	1	50 99
14673	2	1	50 108
14674	2	1	50 138
14675	2	1	50 139
14676	2	1	50 143
14677	2	1	50 183
14678	2	1	50 185
14679	2	1	50 231
14680	2	1	50 253
14681	2	1	50 261
14682	2	1	50 264
14683	2	1	50 266
14684	2	1	50 279
14685	2	1	50 285
14686	2	1	50 286
14687	2	1	50 287
14688	2	1	50 321
14689	2	1	50 333
14690	2	1	50 353
14691	2	1	50 370
14692	2	1	50 373
14693	2	1	50 383
14694	2	1	50 405
14695	2	1	50 411
14696	2	1	50 413
14697	2	1	50 429
14698	2	1	50 431
14699	2	1	50 443
14700	2	1	50 475
14701	2	1	50 489
14702	2	1	50 491
14703	2	1	50 500
14704	2	1	51 56
14705	2	1	51 67
14706	2	1	51 70
14707	2	1	51 90
14708	2	1	51 104
14709	2	1	51 140
14710	2	1	51 157
14711	2	1	51 162
14712	2	1	51 176
14713	2	1	51 223
14714	2	1	51 224
14715	2	1	51 243
14716	2	1	51 248
14717	2	1	51 274
14718	2	1	51 275
14719	2	1	51 285
14720	2	1	51 314
14721	2	1	51 319
14722	2	1	51 325
14723	2	1	51 326
14724	2	1	51 346
14725	2	1	51 355
14726	2	1	51 367
14727	2	1	51 384
14728	2	1	51 413
14729	2	1	51 427
14730	2	1	51 443
14731	2	1	51 457
14732	2	1	51 482
14733	2	1	51 484
14734	2	1	51 494
14735	2	1	52 63
14736	2	1	52 64
14737	2	1	52 67
14738	2	1	52 75
14739	2	1	52 80
14740	2	1	52 97
14741	2	1	52 98
14742	2	1	52 123
14743	2	1	52 126
14744	2	1	52 129
14745	2	1	52 130
14746	2	1	52 135
14747	2	1	52 142
14748	2	1	52 197
14749	2	1	52 217
14750	2	1	52 237
14751	2	1	52 242
14752	2	1	52 274
14753	2	1	52 285
14754	2	1	52 295
14755	2	1	52 300
14756	2	1	52 301
14757	2	1	52 342
14758	2	1	52 345
14759	2	1	52 362
14760	2	1	52 368
14761	2	1	52 387
14762	2	1	52 409
14763	2	1	52 418
14764	2	1	52 423
14765	2	1	52 452
14766	2	1	52 461
14767	2	1	52 462
14768	2	1	52 477
14769	2	1	52 489
14770	2	1	53 70
14771	2	1	53 82
14772	2	1	53 96
14773	2	1	53 149
14774	2	1	53 158
14775	2	1	53 172
14776	2	1	53 173
14777	2	1	53 174
14778	2	1	53 183
14779	2	1	53 218
14780	2	1	53 227
14781	2	1	53 236
14782	2	1	53 239
14783	2	1	53 264
14784	2	1	53 269
14785	2	1	53 274
14786	2	1	53 293
14787	2	1	53 297
14788	2	1	53 313
14789	2	1	53 315
14790	2	1	53 319
14791	2	1	53 324
14792	2	1	53 329
14793	2	1	53 330
14794	2	1	53 332
14795	2	1	53 333
14796	2	1	53 345
14797	2	1	53 354
14798	2	1	53 369
14799	2	1	53 395
14800	2	1	53 422
14801	2	1	53 423
14802	2	1	53 428
14803	2	1	53 430
14804	2	1	53 435
14805	2	1	53 439
14806	2	1	53 440
14807	2	1	53 443
14808	2	1	53 445
14809	2	1	53 483
14810	2	1	53 491
14811	2	1	54 78
14812	2	1	54 92
14813	2	1	54 94
14814	2	1	54 97
14815	2	1	54 102
14816	2	1	54 126
14817	2	1	54 140
14818	2	1	54 182
14819	2	1	54 189
14820	2	1	54 193
14821	2	1	54 199
14822	2	1	54 200
14823	2	1	54 207
14824	2	1	54 225
14825	2	1	54 251
14826	2	1	54 262
14827	2	1	54 267
14828	2	1	54 282
14829	2	1	54 302
14830	2	1	54 326
14831	2	1	54 341
14832	2	1	54 359
14833	2	1	54 367
14834	2	1	54 373
14835	2	1	54 384
14836	2	1	54 400
14837	2	1	54 405
14838	2	1	54 417
14839	2	1	54 435
14840	2	1	54 440
14841	2	1	54 449
14842	2	1	54 452
14843	2	1	54 475
14844	2	1	54 489
14845	2	1	54 491
14846	2	1	54 494
14847	2	1	55 82
14848	2	1	55 83
14849	2	1	55 124
14850	2	1	55 148
14851	2	1	55 162
14852	2	1	55 164
14853	2	1	55 169
14854	2	1	55 190
14855	2	1	55 193
14856	2	1	55 222
14857	2	1	55 230
14858	2	1	55 237
14859	2	1	55 311
14860	2	1	55 321
14861	2	1	55 342
14862	2	1	55 378
14863	2	1	55 437
14864	2	1	55 446
14865	2	1	55 447
14866	2	1	55 459
14867	2	1	55 460
14868	2	1	55 461
14869	2	1	55 467
14870	2	1	55 479
14871	2	1	55 480
14872	2	1	56 63
14873	2	1	56 75
14874	2	1	56 76
14875	2	1	56 88
14876	2	1	56 98
14877	2	1	56 99
14878	2	1	56 105
14879	2	1	56 129
14880	2	1	56 138
14881	2	1	56 169
14882	2	1	56 174
14883	2	1	56 180
14884	2	1	56 187
14885	2	1	56 201
14886	2	1	56 204
14887	2	1	56 209
14888	2	1	56 217
14889	2	1	56 236
14890	2	1	56 244
14891	2	1	56 251
14892	2	1	56 291
14893	2	1	56 295
14894	2	1	56 297
14895	2	1	56 301
14896	2	1	56 315
14897	2	1	56 340
14898	2	1	56 344
14899	2	1	56 347
14900	2	1	56 362
14901	2	1	56 363
14902	2	1	56 377
14903	2	1	56 384
14904	2	1	56 396
14905	2	1	56 429
14906	2	1	56 441
14907	2	1	56 475
14908	2	1	56 481
14909	2	1	57 59
14910	2	1	57 66
14911	2	1	57 69
14912	2	1	57 75
14913	2	1	57 107
14914	2	1	57 116
14915	2	1	57 123
14916	2	1	57 132
14917	2	1	57 149
14918	2	1	57 153
14919	2	1	57 158
14920	2	1	57 162
14921	2	1	57 216
14922	2	1	57 234
14923	2	1	57 236
14924	2	1	57 240
14925	2	1	57 263
14926	2	1	57 282
14927	2	1	57 296
14928	2	1	57 310
14929	2	1	57 313
14930	2	1	57 321
14931	2	1	57 329
14932	2	1	57 333
14933	2	1	57 355
14934	2	1	57 359
14935	2	1	57 363
14936	2	1	57 371
14937	2	1	57 386
14938	2	1	57 395
14939	2	1	57 412
14940	2	1	57 422
14941	2	1	57 432
14942	2	1	57 439
14943	2	1	57 441
14944	2	1	57 445
14945	2	1	57 458
14946	2	1	57 464
14947	2	1	57 471
14948	2	1	57 479
14949	2	1	57 481
14950	2	1	57 488
14951	2	1	59 74
14952	2	1	59 83
14953	2	1	59 99
14954	2	1	59 101
14955	2	1	59 106
14956	2	1	59 109
14957	2	1	59 136
14958	2	1	59 137
14959	2	1	59 140
14960	2	1	59 145
14961	2	1	59 162
14962	2	1	59 171
14963	2	1	59 187
14964	2	1	59 221
14965	2	1	59 236
14966	2	1	59 238
14967	2	1	59 243
14968	2	1	59 260
14969	2	1	59 261
14970	2	1	59 265
14971	2	1	59 282
14972	2	1	59 284
14973	2	1	59 297
14974	2	1	59 308
14975	2	1	59 313
14976	2	1	59 314
14977	2	1	59 333
14978	2	1	59 337
14979	2	1	59 349
14980	2	1	59 365
14981	2	1	59 376
14982	2	1	59 394
14983	2	1	59 403
14984	2	1	59 409
14985	2	1	59 433
14986	2	1	59 446
14987	2	1	59 480
14988	2	1	59 484
14989	2	1	59 496
14990	2	1	60 64
14991	2	1	60 66
14992	2	1	60 70
14993	2	1	60 76
14994	2	1	60 86
14995	2	1	60 92
14996	2	1	60 95
14997	2	1	60 104
14998	2	1	60 106
14999	2	1	60 121
15000	2	1	60 129
15001	2	1	60 141
15002	2	1	60 158
15003	2	1	60 159
15004	2	1	60 167
15005	2	1	60 172
15006	2	1	60 185
15007	2	1	60 187
15008	2	1	60 210
15009	2	1	60 221
15010	2	1	60 258
15011	2	1	60 261
15012	2	1	60 302
15013	2	1	60 307
15014	2	1	60 313
15015	2	1	60 319
15016	2	1	60 328
15017	2	1	60 333
15018	2	1	60 343
15019	2	1	60 364
15020	2	1	60 369
15021	2	1	60 418
15022	2	1	60 422
15023	2	1	60 446
15024	2	1	60 450
15025	2	1	60 453
15026	2	1	60 464
15027	2	1	60 476
15028	2	1	60 487
15029	2	1	60 488
15030	2	1	61 82
15031	2	1	61 101
15032	2	1	61 128
15033	2	1	61 167
15034	2	1	61 171
15035	2	1	61 173
15036	2	1	61 176
15037	2	1	61 208
15038	2	1	61 222
15039	2	1	61 230
15040	2	1	61 241
15041	2	1	61 249
15042	2	1	61 260
15043	2	1	61 265
15044	2	1	61 266
15045	2	1	61 298
15046	2	1	61 307
15047	2	1	61 308
15048	2	1	61 326
15049	2	1	61 332
15050	2	1	61 333
15051	2	1	61 344
15052	2	1	61 359
15053	2	1	61 372
15054	2	1	61 374
15055	2	1	61 393
15056	2	1	61 396
15057	2	1	61 405
15058	2	1	61 406
15059	2	1	61 411
15060	2	1	61 422
15061	2	1	61 443
15062	2	1	61 448
15063	2	1	61 455
15064	2	1	61 462
15065	2	1	61 471
15066	2	1	61 495
15067	2	1	62 72
15068	2	1	62 89
15069	2	1	62 92
15070	2	1	62 94
15071	2	1	62 102
15072	2	1	62 121
15073	2	1	62 149
15074	2	1	62 163
15075	2	1	62 165
15076	2	1	62 166
15077	2	1	62 202
15078	2	1	62 218
15079	2	1	62 260
15080	2	1	62 261
15081	2	1	62 264
15082	2	1	62 268
15083	2	1	62 275
15084	2	1	62 286
15085	2	1	62 297
15086	2	1	62 303
15087	2	1	62 311
15088	2	1	62 318
15089	2	1	62 323
15090	2	1	62 340
15091	2	1	62 349
15092	2	1	62 351
15093	2	1	62 354
15094	2	1	62 362
15095	2	1	62 369
15096	2	1	62 371
15097	2	1	62 378
15098	2	1	62 400
15099	2	1	62 428
15100	2	1	62 429
15101	2	1	62 431
15102	2	1	62 433
15103	2	1	62 439
15104	2	1	62 465
15105	2	1	62 479
15106	2	1	62 484
15107	2	1	63 76
15108	2	1	63 80
15109	2	1	63 87
15110	2	1	63 88
15111	2	1	63 92
15112	2	1	63 96
15113	2	1	63 98
15114	2	1	63 100
15115	2	1	63 120
15116	2	1	63 123
15117	2	1	63 148
15118	2	1	63 153
15119	2	1	63 155
15120	2	1	63 162
15121	2	1	63 169
15122	2	1	63 182
15123	2	1	63 193
15124	2	1	63 229
15125	2	1	63 240
15126	2	1	63 258
15127	2	1	63 288
15128	2	1	63 292
15129	2	1	63 296
15130	2	1	63 302
15131	2	1	63 308
15132	2	1	63 326
15133	2	1	63 359
15134	2	1	63 365
15135	2	1	63 412
15136	2	1	63 418
15137	2	1	63 434
15138	2	1	63 445
15139	2	1	63 451
15140	2	1	63 458
15141	2	1	63 464
15142	2	1	63 467
15143	2	1	63 497
15144	2	1	64 70
15145	2	1	64 75
15146	2	1	64 98
15147	2	1	64 101
15148	2	1	64 135
15149	2	1	64 172
15150	2	1	64 181
15151	2	1	64 182
15152	2	1	64 202
15153	2	1	64 212
15154	2	1	64 222
15155	2	1	64 224
15156	2	1	64 246
15157	2	1	64 248
15158	2	1	64 269
15159	2	1	64 278
15160	2	1	64 296
15161	2	1	64 303
15162	2	1	64 304
15163	2	1	64 313
15164	2	1	64 324
15165	2	1	64 327
15166	2	1	64 333
15167	2	1	64 370
15168	2	1	64 371
15169	2	1	64 372
15170	2	1	64 378
15171	2	1	64 397
15172	2	1	64 412
15173	2	1	64 433
15174	2	1	64 439
15175	2	1	64 448
15176	2	1	64 473
15177	2	1	64 480
15178	2	1	64 482
15179	2	1	64 483
15180	2	1	64 484
15181	2	1	65 69
15182	2	1	65 76
15183	2	1	65 88
15184	2	1	65 97
15185	2	1	65 100
15186	2	1	65 127
15187	2	1	65 133
15188	2	1	65 167
15189	2	1	65 171
15190	2	1	65 174
15191	2	1	65 192
15192	2	1	65 211
15193	2	1	65 227
15194	2	1	65 238
15195	2	1	65 263
15196	2	1	65 267
15197	2	1	65 305
15198	2	1	65 310
15199	2	1	65 323
15200	2	1	65 324
15201	2	1	65 329
15202	2	1	65 372
15203	2	1	65 378
15204	2	1	65 380
15205	2	1	65 400
15206	2	1	65 405
15207	2	1	65 409
15208	2	1	65 455
15209	2	1	65 457
15210	2	1	65 467
15211	2	1	65 489
15212	2	1	66 69
15213	2	1	66 87
15214	2	1	66 91
15215	2	1	66 95
15216	2	1	66 112
15217	2	1	66 133
15218	2	1	66 152
15219	2	1	66 180
15220	2	1	66 182
15221	2	1	66 187
15222	2	1	66 201
15223	2	1	66 206
15224	2	1	66 209
15225	2	1	66 211
15226	2	1	66 221
15227	2	1	66 232
15228	2	1	66 236
15229	2	1	66 239
15230	2	1	66 243
15231	2	1	66 282
15232	2	1	66 296
15233	2	1	66 316
15234	2	1	66 319
15235	2	1	66 325
15236	2	1	66 333
15237	2	1	66 345
15238	2	1	66 354
15239	2	1	66 369
15240	2	1	66 387
15241	2	1	66 398
15242	2	1	66 405
15243	2	1	66 406
15244	2	1	66 429
15245	2	1	66 432
15246	2	1	66 443
15247	2	1	66 446
15248	2	1	66 454
15249	2	1	66 482
15250	2	1	66 485
15251	2	1	66 488
15252	2	1	67 78
15253	2	1	67 82
15254	2	1	67 86
15255	2	1	67 93
15256	2	1	67 108
15257	2	1	67 126
15258	2	1	67 148
15259	2	1	67 157
15260	2	1	67 164
15261	2	1	67 207
15262	2	1	67 224
15263	2	1	67 228
15264	2	1	67 267
15265	2	1	67 278
15266	2	1	67 299
15267	2	1	67 302
15268	2	1	67 323
15269	2	1	67 394
15270	2	1	67 400
15271	2	1	67 409
15272	2	1	67 437
15273	2	1	67 447
15274	2	1	67 464
15275	2	1	67 471
15276	2	1	67 481
15277	2	1	68 69
15278	2	1	68 81
15279	2	1	68 87
15280	2	1	68 94
15281	2	1	68 99
15282	2	1	68 104
15283	2	1	68 120
15284	2	1	68 156
15285	2	1	68 163
15286	2	1	68 173
15287	2	1	68 174
15288	2	1	68 176
15289	2	1	68 186
15290	2	1	68 188
15291	2	1	68 197
15292	2	1	68 203
15293	2	1	68 212
15294	2	1	68 230
15295	2	1	68 237
15296	2	1	68 244
15297	2	1	68 263
15298	2	1	68 303
15299	2	1	68 304
15300	2	1	68 308
15301	2	1	68 357
15302	2	1	68 373
15303	2	1	68 411
15304	2	1	68 413
15305	2	1	68 434
15306	2	1	68 435
15307	2	1	68 446
15308	2	1	68 466
15309	2	1	68 469
15310	2	1	68 476
15311	2	1	69 82
15312	2	1	69 94
15313	2	1	69 107
15314	2	1	69 123
15315	2	1	69 130
15316	2	1	69 156
15317	2	1	69 166
15318	2	1	69 170
15319	2	1	69 172
15320	2	1	69 180
15321	2	1	69 185
15322	2	1	69 193
15323	2	1	69 225
15324	2	1	69 231
15325	2	1	69 239
15326	2	1	69 246
15327	2	1	69 249
15328	2	1	69 264
15329	2	1	69 268
15330	2	1	69 269
15331	2	1	69 278
15332	2	1	69 279
15333	2	1	69 298
15334	2	1	69 312
15335	2	1	69 349
15336	2	1	69 376
15337	2	1	69 426
15338	2	1	69 428
15339	2	1	69 468
15340	2	1	69 469
15341	2	1	69 482
15342	2	1	69 495
15343	2	1	70 75
15344	2	1	70 77
15345	2	1	70 82
15346	2	1	70 87
15347	2	1	70 94
15348	2	1	70 103
15349	2	1	70 106
15350	2	1	70 116
15351	2	1	70 139
15352	2	1	70 143
15353	2	1	70 153
15354	2	1	70 159
15355	2	1	70 163
15356	2	1	70 164
15357	2	1	70 173
15358	2	1	70 189
15359	2	1	70 221
15360	2	1	70 246
15361	2	1	70 286
15362	2	1	70 301
15363	2	1	70 308
15364	2	1	70 326
15365	2	1	70 347
15366	2	1	70 357
15367	2	1	70 366
15368	2	1	70 367
15369	2	1	70 378
15370	2	1	70 386
15371	2	1	70 406
15372	2	1	70 455
15373	2	1	70 459
15374	2	1	70 460
15375	2	1	70 465
15376	2	1	70 470
15377	2	1	70 484
15378	2	1	71 93
15379	2	1	71 108
15380	2	1	71 142
15381	2	1	71 143
15382	2	1	71 156
15383	2	1	71 166
15384	2	1	71 169
15385	2	1	71 182
15386	2	1	71 224
15387	2	1	71 229
15388	2	1	71 277
15389	2	1	71 282
15390	2	1	71 298
15391	2	1	71 300
15392	2	1	71 304
15393	2	1	71 310
15394	2	1	71 319
15395	2	1	71 320
15396	2	1	71 327
15397	2	1	71 341
15398	2	1	71 368
15399	2	1	71 386
15400	2	1	71 389
15401	2	1	71 393
15402	2	1	71 396
15403	2	1	71 428
15404	2	1	71 432
15405	2	1	71 452
15406	2	1	71 454
15407	2	1	71 468
15408	2	1	71 481
15409	2	1	71 485
15410	2	1	71 496
15411	2	1	71 500
15412	2	1	72 80
15413	2	1	72 81
15414	2	1	72 92
15415	2	1	72 119
15416	2	1	72 133
15417	2	1	72 134
15418	2	1	72 149
15419	2	1	72 155
15420	2	1	72 159
15421	2	1	72 170
15422	2	1	72 210
15423	2	1	72 222
15424	2	1	72 248
15425	2	1	72 288
15426	2	1	72 310
15427	2	1	72 316
15428	2	1	72 319
15429	2	1	72 325
15430	2	1	72 354
15431	2	1	72 361
15432	2	1	72 362
15433	2	1	72 367
15434	2	1	72 368
15435	2	1	72 395
15436	2	1	72 404
15437	2	1	72 411
15438	2	1	72 433
15439	2	1	72 460
15440	2	1	72 479
15441	2	1	72 489
15442	2	1	73 75
15443	2	1	73 77
15444	2	1	73 122
15445	2	1	73 128
15446	2	1	73 136
15447	2	1	73 157
15448	2	1	73 163
15449	2	1	73 164
15450	2	1	73 165
15451	2	1	73 167
15452	2	1	73 223
15453	2	1	73 238
15454	2	1	73 245
15455	2	1	73 251
15456	2	1	73 261
15457	2	1	73 295
15458	2	1	73 299
15459	2	1	73 312
15460	2	1	73 316
15461	2	1	73 337
15462	2	1	73 343
15463	2	1	73 347
15464	2	1	73 354
15465	2	1	73 393
15466	2	1	73 394
15467	2	1	73 406
15468	2	1	73 413
15469	2	1	73 417
15470	2	1	73 431
15471	2	1	73 446
15472	2	1	73 466
15473	2	1	73 471
15474	2	1	73 476
15475	2	1	73 477
15476	2	1	73 482
15477	2	1	73 488
15478	2	1	73 500
15479	2	1	74 80
15480	2	1	74 83
15481	2	1	74 122
15482	2	1	74 181
15483	2	1	74 212
15484	2	1	74 213
15485	2	1	74 218
15486	2	1	74 221
15487	2	1	74 233
15488	2	1	74 258
15489	2	1	74 289
15490	2	1	74 291
15491	2	1	74 292
15492	2	1	74 295
15493	2	1	74 314
15494	2	1	74 329
15495	2	1	74 373
15496	2	1	74 385
15497	2	1	74 405
15498	2	1	74 428
15499	2	1	74 445
15500	2	1	74 455
15501	2	1	74 461
15502	2	1	74 472
15503	2	1	74 477
15504	2	1	74 480
15505	2	1	75 86
15506	2	1	75 89
15507	2	1	75 108
15508	2	1	75 122
15509	2	1	75 139
15510	2	1	75 158
15511	2	1	75 183
15512	2	1	75 188
15513	2	1	75 192
15514	2	1	75 199
15515	2	1	75 221
15516	2	1	75 267
15517	2	1	75 286
15518	2	1	75 287
15519	2	1	75 292
15520	2	1	75 294
15521	2	1	75 305
15522	2	1	75 314
15523	2	1	75 315
15524	2	1	75 318
15525	2	1	75 329
15526	2	1	75 340
15527	2	1	75 354
15528	2	1	75 355
15529	2	1	75 372
15530	2	1	75 387
15531	2	1	75 427
15532	2	1	75 449
15533	2	1	75 459
15534	2	1	75 475
15535	2	1	75 477
15536	2	1	75 488
15537	2	1	76 80
15538	2	1	76 83
15539	2	1	76 92
15540	2	1	76 128
15541	2	1	76 129
15542	2	1	76 139
15543	2	1	76 140
15544	2	1	76 153
15545	2	1	76 155
15546	2	1	76 157
15547	2	1	76 163
15548	2	1	76 170
15549	2	1	76 217
15550	2	1	76 219
15551	2	1	76 223
15552	2	1	76 230
15553	2	1	76 236
15554	2	1	76 243
15555	2	1	76 265
15556	2	1	76 286
15557	2	1	76 325
15558	2	1	76 334
15559	2	1	76 338
15560	2	1	76 351
15561	2	1	76 355
15562	2	1	76 362
15563	2	1	76 365
15564	2	1	76 366
15565	2	1	76 368
15566	2	1	76 369
15567	2	1	76 458
15568	2	1	76 481
15569	2	1	77 79
15570	2	1	77 96
15571	2	1	77 99
15572	2	1	77 107
15573	2	1	77 110
15574	2	1	77 112
15575	2	1	77 122
15576	2	1	77 155
15577	2	1	77 157
15578	2	1	77 167
15579	2	1	77 174
15580	2	1	77 193
15581	2	1	77 202
15582	2	1	77 218
15583	2	1	77 231
15584	2	1	77 238
15585	2	1	77 242
15586	2	1	77 246
15587	2	1	77 249
15588	2	1	77 250
15589	2	1	77 256
15590	2	1	77 260
15591	2	1	77 289
15592	2	1	77 294
15593	2	1	77 298
15594	2	1	77 310
15595	2	1	77 314
15596	2	1	77 327
15597	2	1	77 328
15598	2	1	77 335
15599	2	1	77 345
15600	2	1	77 357
15601	2	1	77 380
15602	2	1	77 396
15603	2	1	77 439
15604	2	1	77 443
15605	2	1	77 448
15606	2	1	77 455
15607	2	1	77 461
15608	2	1	77 469
15609	2	1	77 477
15610	2	1	77 480
15611	2	1	77 494
15612	2	1	77 496
15613	2	1	78 88
15614	2	1	78 90
15615	2	1	78 94
15616	2	1	78 95
15617	2	1	78 97
15618	2	1	78 120
15619	2	1	78 129
15620	2	1	78 137
15621	2	1	78 162
15622	2	1	78 163
15623	2	1	78 170
15624	2	1	78 188
15625	2	1	78 208
15626	2	1	78 210
15627	2	1	78 218
15628	2	1	78 223
15629	2	1	78 225
15630	2	1	78 226
15631	2	1	78 230
15632	2	1	78 256
15633	2	1	78 260
15634	2	1	78 281
15635	2	1	78 313
15636	2	1	78 322
15637	2	1	78 330
15638	2	1	78 332
15639	2	1	78 346
15640	2	1	78 351
15641	2	1	78 366
15642	2	1	78 374
15643	2	1	78 387
15644	2	1	78 393
15645	2	1	78 398
15646	2	1	78 432
15647	2	1	78 434
15648	2	1	78 436
15649	2	1	78 443
15650	2	1	78 446
15651	2	1	78 449
15652	2	1	78 450
15653	2	1	78 455
15654	2	1	78 459
15655	2	1	79 84
15656	2	1	79 103
15657	2	1	79 110
15658	2	1	79 116
15659	2	1	79 129
15660	2	1	79 149
15661	2	1	79 150
15662	2	1	79 152
15663	2	1	79 159
15664	2	1	79 173
15665	2	1	79 207
15666	2	1	79 208
15667	2	1	79 229
15668	2	1	79 230
15669	2	1	79 275
15670	2	1	79 285
15671	2	1	79 323
15672	2	1	79 334
15673	2	1	79 341
15674	2	1	79 378
15675	2	1	79 393
15676	2	1	79 394
15677	2	1	79 417
15678	2	1	79 422
15679	2	1	79 430
15680	2	1	79 437
15681	2	1	79 444
15682	2	1	79 446
15683	2	1	79 457
15684	2	1	79 464
15685	2	1	79 470
15686	2	1	79 472
15687	2	1	79 482
15688	2	1	79 484
15689	2	1	79 491
15690	2	1	80 121
15691	2	1	80 133
15692	2	1	80 159
15693	2	1	80 163
15694	2	1	80 175
15695	2	1	80 183
15696	2	1	80 200
15697	2	1	80 204
15698	2	1	80 217
15699	2	1	80 226
15700	2	1	80 239
15701	2	1	80 240
15702	2	1	80 241
15703	2	1	80 253
15704	2	1	80 288
15705	2	1	80 305
15706	2	1	80 312
15707	2	1	80 318
15708	2	1	80 320
15709	2	1	80 330
15710	2	1	80 383
15711	2	1	80 385
15712	2	1	80 405
15713	2	1	80 424
15714	2	1	80 444
15715	2	1	80 446
15716	2	1	80 449
15717	2	1	80 454
15718	2	1	80 457
15719	2	1	80 471
15720	2	1	81 90
15721	2	1	81 93
15722	2	1	81 94
15723	2	1	81 100
15724	2	1	81 110
15725	2	1	81 114
15726	2	1	81 128
15727	2	1	81 130
15728	2	1	81 132
15729	2	1	81 164
15730	2	1	81 197
15731	2	1	81 211
15732	2	1	81 217
15733	2	1	81 231
15734	2	1	81 249
15735	2	1	81 253
15736	2	1	81 262
15737	2	1	81 263
15738	2	1	81 276
15739	2	1	81 281
15740	2	1	81 301
15741	2	1	81 313
15742	2	1	81 322
15743	2	1	81 324
15744	2	1	81 329
15745	2	1	81 332
15746	2	1	81 334
15747	2	1	81 337
15748	2	1	81 349
15749	2	1	81 397
15750	2	1	81 398
15751	2	1	81 427
15752	2	1	81 441
15753	2	1	81 448
15754	2	1	81 451
15755	2	1	81 455
15756	2	1	81 462
15757	2	1	81 468
15758	2	1	81 472
15759	2	1	81 497
15760	2	1	82 87
15761	2	1	82 94
15762	2	1	82 108
15763	2	1	82 133
15764	2	1	82 142
15765	2	1	82 158
15766	2	1	82 159
15767	2	1	82 187
15768	2	1	82 190
15769	2	1	82 226
15770	2	1	82 277
15771	2	1	82 281
15772	2	1	82 282
15773	2	1	82 300
15774	2	1	82 302
15775	2	1	82 321
15776	2	1	82 323
15777	2	1	82 356
15778	2	1	82 363
15779	2	1	82 376
15780	2	1	82 386
15781	2	1	82 389
15782	2	1	82 398
15783	2	1	82 400
15784	2	1	82 452
15785	2	1	82 465
15786	2	1	83 86
15787	2	1	83 91
15788	2	1	83 95
15789	2	1	83 101
15790	2	1	83 116
15791	2	1	83 122
15792	2	1	83 123
15793	2	1	83 127
15794	2	1	83 136
15795	2	1	83 142
15796	2	1	83 143
15797	2	1	83 152
15798	2	1	83 156
15799	2	1	83 172
15800	2	1	83 185
15801	2	1	83 190
15802	2	1	83 193
15803	2	1	83 219
15804	2	1	83 221
15805	2	1	83 225
15806	2	1	83 229
15807	2	1	83 230
15808	2	1	83 239
15809	2	1	83 283
15810	2	1	83 300
15811	2	1	83 313
15812	2	1	83 318
15813	2	1	83 326
15814	2	1	83 337
15815	2	1	83 342
15816	2	1	83 346
15817	2	1	83 349
15818	2	1	83 355
15819	2	1	83 365
15820	2	1	83 376
15821	2	1	83 412
15822	2	1	83 435
15823	2	1	83 457
15824	2	1	83 483
15825	2	1	83 486
15826	2	1	84 86
15827	2	1	84 99
15828	2	1	84 102
15829	2	1	84 115
15830	2	1	84 143
15831	2	1	84 165
15832	2	1	84 166
15833	2	1	84 171
15834	2	1	84 174
15835	2	1	84 201
15836	2	1	84 227
15837	2	1	84 229
15838	2	1	84 233
15839	2	1	84 240
15840	2	1	84 244
15841	2	1	84 265
15842	2	1	84 288
15843	2	1	84 318
15844	2	1	84 334
15845	2	1	84 345
15846	2	1	84 365
15847	2	1	84 372
15848	2	1	84 385
15849	2	1	84 395
15850	2	1	84 399
15851	2	1	84 409
15852	2	1	84 412
15853	2	1	84 432
15854	2	1	84 436
15855	2	1	84 447
15856	2	1	84 450
15857	2	1	84 466
15858	2	1	84 472
15859	2	1	84 485
15860	2	1	84 491
15861	2	1	86 88
15862	2	1	86 91
15863	2	1	86 106
15864	2	1	86 114
15865	2	1	86 115
15866	2	1	86 135
15867	2	1	86 182
15868	2	1	86 192
15869	2	1	86 202
15870	2	1	86 216
15871	2	1	86 232
15872	2	1	86 234
15873	2	1	86 275
15874	2	1	86 279
15875	2	1	86 294
15876	2	1	86 300
15877	2	1	86 313
15878	2	1	86 319
15879	2	1	86 321
15880	2	1	86 338
15881	2	1	86 346
15882	2	1	86 368
15883	2	1	86 372
15884	2	1	86 374
15885	2	1	86 378
15886	2	1	86 383
15887	2	1	86 397
15888	2	1	86 412
15889	2	1	86 426
15890	2	1	86 431
15891	2	1	86 433
15892	2	1	86 435
15893	2	1	86 447
15894	2	1	86 451
15895	2	1	86 467
15896	2	1	86 487
15897	2	1	86 488
15898	2	1	87 130
15899	2	1	87 161
15900	2	1	87 171
15901	2	1	87 175
15902	2	1	87 208
15903	2	1	87 210
15904	2	1	87 277
15905	2	1	87 292
15906	2	1	87 318
15907	2	1	87 333
15908	2	1	87 372
15909	2	1	87 385
15910	2	1	87 404
15911	2	1	87 410
15912	2	1	87 412
15913	2	1	87 413
15914	2	1	87 416
15915	2	1	87 424
15916	2	1	87 450
15917	2	1	87 452
15918	2	1	87 469
15919	2	1	87 480
15920	2	1	87 481
15921	2	1	88 93
15922	2	1	88 95
15923	2	1	88 100
15924	2	1	88 104
15925	2	1	88 122
15926	2	1	88 138
15927	2	1	88 141
15928	2	1	88 163
15929	2	1	88 165
15930	2	1	88 175
15931	2	1	88 201
15932	2	1	88 207
15933	2	1	88 230
15934	2	1	88 239
15935	2	1	88 267
15936	2	1	88 295
15937	2	1	88 298
15938	2	1	88 321
15939	2	1	88 325
15940	2	1	88 328
15941	2	1	88 338
15942	2	1	88 341
15943	2	1	88 349
15944	2	1	88 359
15945	2	1	88 363
15946	2	1	88 372
15947	2	1	88 412
15948	2	1	88 422
15949	2	1	88 440
15950	2	1	88 500
15951	2	1	89 107
15952	2	1	89 119
15953	2	1	89 120
15954	2	1	89 140
15955	2	1	89 162
15956	2	1	89 167
15957	2	1	89 181
15958	2	1	89 201
15959	2	1	89 206
15960	2	1	89 210
15961	2	1	89 234
15962	2	1	89 240
15963	2	1	89 251
15964	2	1	89 258
15965	2	1	89 271
15966	2	1	89 274
15967	2	1	89 281
15968	2	1	89 289
15969	2	1	89 291
15970	2	1	89 297
15971	2	1	89 308
15972	2	1	89 345
15973	2	1	89 354
15974	2	1	89 394
15975	2	1	89 423
15976	2	1	89 434
15977	2	1	89 435
15978	2	1	89 462
15979	2	1	89 463
15980	2	1	89 465
15981	2	1	89 466
15982	2	1	89 471
15983	2	1	89 487
15984	2	1	89 489
15985	2	1	89 500
15986	2	1	90 119
15987	2	1	90 134
15988	2	1	90 138
15989	2	1	90 152
15990	2	1	90 162
15991	2	1	90 165
15992	2	1	90 201
15993	2	1	90 210
15994	2	1	90 222
15995	2	1	90 223
15996	2	1	90 224
15997	2	1	90 229
15998	2	1	90 232
15999	2	1	90 234
16000	2	1	90 240
16001	2	1	90 245
16002	2	1	90 261
16003	2	1	90 264
16004	2	1	90 278
16005	2	1	90 300
16006	2	1	90 310
16007	2	1	90 325
16008	2	1	90 340
16009	2	1	90 359
16010	2	1	90 371
16011	2	1	90 391
16012	2	1	90 412
16013	2	1	90 435
16014	2	1	90 440
16015	2	1	90 460
16016	2	1	90 480
16017	2	1	90 486
16018	2	1	90 491
16019	2	1	90 496
16020	2	1	91 120
16021	2	1	91 126
16022	2	1	91 128
16023	2	1	91 141
16024	2	1	91 153
16025	2	1	91 162
16026	2	1	91 166
16027	2	1	91 185
16028	2	1	91 221
16029	2	1	91 238
16030	2	1	91 244
16031	2	1	91 245
16032	2	1	91 257
16033	2	1	91 272
16034	2	1	91 275
16035	2	1	91 278
16036	2	1	91 307
16037	2	1	91 312
16038	2	1	91 321
16039	2	1	91 325
16040	2	1	91 333
16041	2	1	91 362
16042	2	1	91 370
16043	2	1	91 376
16044	2	1	91 383
16045	2	1	91 395
16046	2	1	91 406
16047	2	1	91 441
16048	2	1	91 466
16049	2	1	91 468
16050	2	1	91 470
16051	2	1	91 479
16052	2	1	91 480
16053	2	1	91 491
16054	2	1	92 98
16055	2	1	92 101
16056	2	1	92 115
16057	2	1	92 134
16058	2	1	92 149
16059	2	1	92 161
16060	2	1	92 165
16061	2	1	92 173
16062	2	1	92 202
16063	2	1	92 210
16064	2	1	92 231
16065	2	1	92 232
16066	2	1	92 262
16067	2	1	92 264
16068	2	1	92 266
16069	2	1	92 293
16070	2	1	92 300
16071	2	1	92 323
16072	2	1	92 346
16073	2	1	92 351
16074	2	1	92 354
16075	2	1	92 367
16076	2	1	92 379
16077	2	1	92 384
16078	2	1	92 385
16079	2	1	92 389
16080	2	1	92 391
16081	2	1	92 466
16082	2	1	92 472
16083	2	1	93 95
16084	2	1	93 96
16085	2	1	93 132
16086	2	1	93 133
16087	2	1	93 134
16088	2	1	93 140
16089	2	1	93 171
16090	2	1	93 177
16091	2	1	93 181
16092	2	1	93 199
16093	2	1	93 202
16094	2	1	93 243
16095	2	1	93 251
16096	2	1	93 287
16097	2	1	93 296
16098	2	1	93 300
16099	2	1	93 301
16100	2	1	93 302
16101	2	1	93 304
16102	2	1	93 308
16103	2	1	93 333
16104	2	1	93 334
16105	2	1	93 342
16106	2	1	93 346
16107	2	1	93 365
16108	2	1	93 396
16109	2	1	93 397
16110	2	1	93 400
16111	2	1	93 429
16112	2	1	93 435
16113	2	1	93 441
16114	2	1	93 447
16115	2	1	93 448
16116	2	1	93 455
16117	2	1	93 462
16118	2	1	94 120
16119	2	1	94 148
16120	2	1	94 150
16121	2	1	94 159
16122	2	1	94 171
16123	2	1	94 183
16124	2	1	94 190
16125	2	1	94 243
16126	2	1	94 267
16127	2	1	94 268
16128	2	1	94 288
16129	2	1	94 294
16130	2	1	94 295
16131	2	1	94 297
16132	2	1	94 298
16133	2	1	94 312
16134	2	1	94 315
16135	2	1	94 324
16136	2	1	94 342
16137	2	1	94 344
16138	2	1	94 350
16139	2	1	94 385
16140	2	1	94 399
16141	2	1	94 411
16142	2	1	94 413
16143	2	1	94 426
16144	2	1	94 455
16145	2	1	94 480
16146	2	1	94 487
16147	2	1	94 500
16148	2	1	95 98
16149	2	1	95 101
16150	2	1	95 105
16151	2	1	95 127
16152	2	1	95 132
16153	2	1	95 188
16154	2	1	95 203
16155	2	1	95 213
16156	2	1	95 222
16157	2	1	95 224
16158	2	1	95 233
16159	2	1	95 237
16160	2	1	95 241
16161	2	1	95 246
16162	2	1	95 261
16163	2	1	95 264
16164	2	1	95 266
16165	2	1	95 300
16166	2	1	95 312
16167	2	1	95 319
16168	2	1	95 322
16169	2	1	95 324
16170	2	1	95 333
16171	2	1	95 350
16172	2	1	95 371
16173	2	1	95 398
16174	2	1	95 399
16175	2	1	95 416
16176	2	1	95 427
16177	2	1	95 430
16178	2	1	95 433
16179	2	1	95 446
16180	2	1	95 460
16181	2	1	95 466
16182	2	1	95 467
16183	2	1	95 468
16184	2	1	96 108
16185	2	1	96 115
16186	2	1	96 126
16187	2	1	96 155
16188	2	1	96 163
16189	2	1	96 173
16190	2	1	96 201
16191	2	1	96 202
16192	2	1	96 207
16193	2	1	96 217
16194	2	1	96 240
16195	2	1	96 274
16196	2	1	96 275
16197	2	1	96 285
16198	2	1	96 286
16199	2	1	96 291
16200	2	1	96 319
16201	2	1	96 322
16202	2	1	96 344
16203	2	1	96 357
16204	2	1	96 371
16205	2	1	96 378
16206	2	1	96 391
16207	2	1	96 403
16208	2	1	96 417
16209	2	1	96 430
16210	2	1	96 452
16211	2	1	96 472
16212	2	1	96 484
16213	2	1	96 485
16214	2	1	96 487
16215	2	1	97 104
16216	2	1	97 110
16217	2	1	97 116
16218	2	1	97 128
16219	2	1	97 138
16220	2	1	97 153
16221	2	1	97 160
16222	2	1	97 167
16223	2	1	97 234
16224	2	1	97 271
16225	2	1	97 279
16226	2	1	97 287
16227	2	1	97 308
16228	2	1	97 309
16229	2	1	97 325
16230	2	1	97 335
16231	2	1	97 345
16232	2	1	97 351
16233	2	1	97 357
16234	2	1	97 359
16235	2	1	97 362
16236	2	1	97 372
16237	2	1	97 429
16238	2	1	97 455
16239	2	1	97 467
16240	2	1	97 483
16241	2	1	97 486
16242	2	1	97 489
16243	2	1	98 102
16244	2	1	98 104
16245	2	1	98 136
16246	2	1	98 156
16247	2	1	98 157
16248	2	1	98 169
16249	2	1	98 202
16250	2	1	98 206
16251	2	1	98 207
16252	2	1	98 209
16253	2	1	98 211
16254	2	1	98 219
16255	2	1	98 229
16256	2	1	98 233
16257	2	1	98 241
16258	2	1	98 260
16259	2	1	98 281
16260	2	1	98 282
16261	2	1	98 295
16262	2	1	98 318
16263	2	1	98 353
16264	2	1	98 357
16265	2	1	98 364
16266	2	1	98 380
16267	2	1	98 405
16268	2	1	98 406
16269	2	1	98 416
16270	2	1	98 426
16271	2	1	98 427
16272	2	1	98 432
16273	2	1	98 469
16274	2	1	99 103
16275	2	1	99 121
16276	2	1	99 123
16277	2	1	99 133
16278	2	1	99 134
16279	2	1	99 148
16280	2	1	99 157
16281	2	1	99 164
16282	2	1	99 182
16283	2	1	99 209
16284	2	1	99 223
16285	2	1	99 227
16286	2	1	99 232
16287	2	1	99 233
16288	2	1	99 243
16289	2	1	99 256
16290	2	1	99 257
16291	2	1	99 264
16292	2	1	99 268
16293	2	1	99 297
16294	2	1	99 302
16295	2	1	99 324
16296	2	1	99 325
16297	2	1	99 364
16298	2	1	99 367
16299	2	1	99 383
16300	2	1	99 394
16301	2	1	99 400
16302	2	1	99 411
16303	2	1	99 417
16304	2	1	99 423
16305	2	1	99 432
16306	2	1	99 433
16307	2	1	99 441
16308	2	1	99 457
16309	2	1	99 488
16310	2	1	99 496
16311	2	1	99 500
16312	2	1	100 115
16313	2	1	100 119
16314	2	1	100 130
16315	2	1	100 138
16316	2	1	100 148
16317	2	1	100 167
16318	2	1	100 171
16319	2	1	100 173
16320	2	1	100 203
16321	2	1	100 208
16322	2	1	100 209
16323	2	1	100 218
16324	2	1	100 241
16325	2	1	100 289
16326	2	1	100 332
16327	2	1	100 346
16328	2	1	100 356
16329	2	1	100 384
16330	2	1	100 387
16331	2	1	100 396
16332	2	1	100 426
16333	2	1	100 440
16334	2	1	100 454
16335	2	1	100 458
16336	2	1	100 460
16337	2	1	100 469
16338	2	1	100 477
16339	2	1	100 494
16340	2	1	101 102
16341	2	1	101 106
16342	2	1	101 114
16343	2	1	101 116
16344	2	1	101 124
16345	2	1	101 145
16346	2	1	101 149
16347	2	1	101 150
16348	2	1	101 159
16349	2	1	101 183
16350	2	1	101 185
16351	2	1	101 188
16352	2	1	101 201
16353	2	1	101 202
16354	2	1	101 238
16355	2	1	101 239
16356	2	1	101 243
16357	2	1	101 244
16358	2	1	101 250
16359	2	1	101 261
16360	2	1	101 291
16361	2	1	101 303
16362	2	1	101 308
16363	2	1	101 320
16364	2	1	101 330
16365	2	1	101 356
16366	2	1	101 357
16367	2	1	101 389
16368	2	1	101 404
16369	2	1	101 423
16370	2	1	101 434
16371	2	1	101 446
16372	2	1	101 462
16373	2	1	101 464
16374	2	1	101 465
16375	2	1	101 480
16376	2	1	101 494
16377	2	1	102 105
16378	2	1	102 114
16379	2	1	102 140
16380	2	1	102 175
16381	2	1	102 183
16382	2	1	102 188
16383	2	1	102 216
16384	2	1	102 228
16385	2	1	102 260
16386	2	1	102 267
16387	2	1	102 269
16388	2	1	102 286
16389	2	1	102 292
16390	2	1	102 294
16391	2	1	102 301
16392	2	1	102 316
16393	2	1	102 365
16394	2	1	102 399
16395	2	1	102 400
16396	2	1	102 432
16397	2	1	102 446
16398	2	1	102 447
16399	2	1	102 455
16400	2	1	102 464
16401	2	1	102 479
16402	2	1	102 500
16403	2	1	103 109
16404	2	1	103 127
16405	2	1	103 160
16406	2	1	103 172
16407	2	1	103 177
16408	2	1	103 204
16409	2	1	103 218
16410	2	1	103 232
16411	2	1	103 234
16412	2	1	103 245
16413	2	1	103 249
16414	2	1	103 256
16415	2	1	103 288
16416	2	1	103 309
16417	2	1	103 311
16418	2	1	103 318
16419	2	1	103 350
16420	2	1	103 359
16421	2	1	103 367
16422	2	1	103 386
16423	2	1	103 395
16424	2	1	103 410
16425	2	1	103 417
16426	2	1	103 424
16427	2	1	103 436
16428	2	1	103 437
16429	2	1	103 488
16430	2	1	104 112
16431	2	1	104 116
16432	2	1	104 119
16433	2	1	104 130
16434	2	1	104 192
16435	2	1	104 193
16436	2	1	104 225
16437	2	1	104 233
16438	2	1	104 242
16439	2	1	104 274
16440	2	1	104 279
16441	2	1	104 287
16442	2	1	104 302
16443	2	1	104 305
16444	2	1	104 307
16445	2	1	104 313
16446	2	1	104 326
16447	2	1	104 334
16448	2	1	104 354
16449	2	1	104 361
16450	2	1	104 373
16451	2	1	104 389
16452	2	1	104 395
16453	2	1	104 403
16454	2	1	104 406
16455	2	1	104 436
16456	2	1	104 440
16457	2	1	104 459
16458	2	1	104 464
16459	2	1	104 472
16460	2	1	104 475
16461	2	1	104 479
16462	2	1	104 489
16463	2	1	105 134
16464	2	1	105 138
16465	2	1	105 161
16466	2	1	105 162
16467	2	1	105 185
16468	2	1	105 186
16469	2	1	105 197
16470	2	1	105 218
16471	2	1	105 257
16472	2	1	105 266
16473	2	1	105 276
16474	2	1	105 285
16475	2	1	105 287
16476	2	1	105 288
16477	2	1	105 294
16478	2	1	105 303
16479	2	1	105 307
16480	2	1	105 311
16481	2	1	105 325
16482	2	1	105 351
16483	2	1	105 371
16484	2	1	105 380
16485	2	1	105 384
16486	2	1	105 422
16487	2	1	105 423
16488	2	1	105 429
16489	2	1	105 433
16490	2	1	105 437
16491	2	1	105 439
16492	2	1	105 443
16493	2	1	105 453
16494	2	1	105 461
16495	2	1	105 466
16496	2	1	105 476
16497	2	1	105 485
16498	2	1	105 495
16499	2	1	106 108
16500	2	1	106 123
16501	2	1	106 128
16502	2	1	106 129
16503	2	1	106 148
16504	2	1	106 156
16505	2	1	106 163
16506	2	1	106 169
16507	2	1	106 208
16508	2	1	106 209
16509	2	1	106 226
16510	2	1	106 229
16511	2	1	106 237
16512	2	1	106 246
16513	2	1	106 249
16514	2	1	106 274
16515	2	1	106 275
16516	2	1	106 277
16517	2	1	106 298
16518	2	1	106 300
16519	2	1	106 308
16520	2	1	106 310
16521	2	1	106 319
16522	2	1	106 347
16523	2	1	106 350
16524	2	1	106 397
16525	2	1	106 433
16526	2	1	106 468
16527	2	1	106 472
16528	2	1	106 482
16529	2	1	107 110
16530	2	1	107 126
16531	2	1	107 130
16532	2	1	107 134
16533	2	1	107 169
16534	2	1	107 189
16535	2	1	107 200
16536	2	1	107 202
16537	2	1	107 204
16538	2	1	107 228
16539	2	1	107 231
16540	2	1	107 233
16541	2	1	107 234
16542	2	1	107 277
16543	2	1	107 282
16544	2	1	107 303
16545	2	1	107 315
16546	2	1	107 324
16547	2	1	107 330
16548	2	1	107 353
16549	2	1	107 369
16550	2	1	107 384
16551	2	1	107 386
16552	2	1	107 394
16553	2	1	107 399
16554	2	1	107 427
16555	2	1	107 430
16556	2	1	107 449
16557	2	1	107 453
16558	2	1	107 476
16559	2	1	108 114
16560	2	1	108 116
16561	2	1	108 123
16562	2	1	108 132
16563	2	1	108 137
16564	2	1	108 139
16565	2	1	108 149
16566	2	1	108 150
16567	2	1	108 175
16568	2	1	108 176
16569	2	1	108 183
16570	2	1	108 189
16571	2	1	108 197
16572	2	1	108 207
16573	2	1	108 231
16574	2	1	108 287
16575	2	1	108 365
16576	2	1	108 366
16577	2	1	108 372
16578	2	1	108 384
16579	2	1	108 395
16580	2	1	108 409
16581	2	1	108 423
16582	2	1	108 435
16583	2	1	108 451
16584	2	1	108 460
16585	2	1	108 469
16586	2	1	108 470
16587	2	1	108 475
16588	2	1	108 481
16589	2	1	109 127
16590	2	1	109 128
16591	2	1	109 152
16592	2	1	109 165
16593	2	1	109 174
16594	2	1	109 180
16595	2	1	109 183
16596	2	1	109 187
16597	2	1	109 188
16598	2	1	109 199
16599	2	1	109 207
16600	2	1	109 216
16601	2	1	109 219
16602	2	1	109 233
16603	2	1	109 243
16604	2	1	109 261
16605	2	1	109 268
16606	2	1	109 296
16607	2	1	109 318
16608	2	1	109 319
16609	2	1	109 320
16610	2	1	109 330
16611	2	1	109 332
16612	2	1	109 373
16613	2	1	109 399
16614	2	1	109 410
16615	2	1	109 413
16616	2	1	109 435
16617	2	1	109 443
16618	2	1	109 447
16619	2	1	109 453
16620	2	1	109 458
16621	2	1	109 460
16622	2	1	109 468
16623	2	1	109 469
16624	2	1	109 480
16625	2	1	110 124
16626	2	1	110 129
16627	2	1	110 132
16628	2	1	110 150
16629	2	1	110 156
16630	2	1	110 167
16631	2	1	110 190
16632	2	1	110 199
16633	2	1	110 207
16634	2	1	110 222
16635	2	1	110 224
16636	2	1	110 233
16637	2	1	110 240
16638	2	1	110 258
16639	2	1	110 260
16640	2	1	110 296
16641	2	1	110 315
16642	2	1	110 322
16643	2	1	110 329
16644	2	1	110 330
16645	2	1	110 335
16646	2	1	110 354
16647	2	1	110 357
16648	2	1	110 377
16649	2	1	110 383
16650	2	1	110 384
16651	2	1	110 396
16652	2	1	110 403
16653	2	1	110 404
16654	2	1	110 412
16655	2	1	110 432
16656	2	1	110 435
16657	2	1	110 436
16658	2	1	110 452
16659	2	1	110 462
16660	2	1	110 465
16661	2	1	110 479
16662	2	1	110 488
16663	2	1	112 115
16664	2	1	112 133
16665	2	1	112 136
16666	2	1	112 145
16667	2	1	112 160
16668	2	1	112 174
16669	2	1	112 175
16670	2	1	112 227
16671	2	1	112 249
16672	2	1	112 257
16673	2	1	112 267
16674	2	1	112 289
16675	2	1	112 296
16676	2	1	112 328
16677	2	1	112 337
16678	2	1	112 341
16679	2	1	112 344
16680	2	1	112 350
16681	2	1	112 364
16682	2	1	112 373
16683	2	1	112 379
16684	2	1	112 384
16685	2	1	112 404
16686	2	1	112 413
16687	2	1	112 426
16688	2	1	112 448
16689	2	1	112 462
16690	2	1	112 464
16691	2	1	112 466
16692	2	1	112 468
16693	2	1	112 482
16694	2	1	114 119
16695	2	1	114 136
16696	2	1	114 152
16697	2	1	114 166
16698	2	1	114 174
16699	2	1	114 177
16700	2	1	114 192
16701	2	1	114 199
16702	2	1	114 244
16703	2	1	114 263
16704	2	1	114 268
16705	2	1	114 276
16706	2	1	114 287
16707	2	1	114 289
16708	2	1	114 296
16709	2	1	114 299
16710	2	1	114 302
16711	2	1	114 329
16712	2	1	114 342
16713	2	1	114 345
16714	2	1	114 346
16715	2	1	114 364
16716	2	1	114 384
16717	2	1	114 397
16718	2	1	114 416
16719	2	1	114 430
16720	2	1	114 431
16721	2	1	114 439
16722	2	1	114 476
16723	2	1	114 489
16724	2	1	115 152
16725	2	1	115 155
16726	2	1	115 162
16727	2	1	115 187
16728	2	1	115 199
16729	2	1	115 216
16730	2	1	115 217
16731	2	1	115 223
16732	2	1	115 225
16733	2	1	115 242
16734	2	1	115 244
16735	2	1	115 278
16736	2	1	115 304
16737	2	1	115 319
16738	2	1	115 357
16739	2	1	115 359
16740	2	1	115 371
16741	2	1	115 373
16742	2	1	115 379
16743	2	1	115 399
16744	2	1	115 403
16745	2	1	115 412
16746	2	1	115 413
16747	2	1	115 427
16748	2	1	115 430
16749	2	1	115 433
16750	2	1	115 439
16751	2	1	115 441
16752	2	1	115 453
16753	2	1	115 488
16754	2	1	116 122
16755	2	1	116 133
16756	2	1	116 136
16757	2	1	116 170
16758	2	1	116 182
16759	2	1	116 186
16760	2	1	116 187
16761	2	1	116 208
16762	2	1	116 222
16763	2	1	116 229
16764	2	1	116 234
16765	2	1	116 238
16766	2	1	116 257
16767	2	1	116 260
16768	2	1	116 295
16769	2	1	116 322
16770	2	1	116 342
16771	2	1	116 366
16772	2	1	116 372
16773	2	1	116 380
16774	2	1	116 393
16775	2	1	116 394
16776	2	1	116 395
16777	2	1	116 397
16778	2	1	116 406
16779	2	1	116 428
16780	2	1	116 430
16781	2	1	116 446
16782	2	1	116 486
16783	2	1	116 491
16784	2	1	119 124
16785	2	1	119 134
16786	2	1	119 140
16787	2	1	119 164
16788	2	1	119 175
16789	2	1	119 187
16790	2	1	119 207
16791	2	1	119 224
16792	2	1	119 229
16793	2	1	119 238
16794	2	1	119 240
16795	2	1	119 245
16796	2	1	119 250
16797	2	1	119 268
16798	2	1	119 271
16799	2	1	119 276
16800	2	1	119 289
16801	2	1	119 292
16802	2	1	119 305
16803	2	1	119 330
16804	2	1	119 345
16805	2	1	119 355
16806	2	1	119 362
16807	2	1	119 384
16808	2	1	119 398
16809	2	1	119 399
16810	2	1	119 400
16811	2	1	119 439
16812	2	1	119 444
16813	2	1	119 459
16814	2	1	119 464
16815	2	1	119 469
16816	2	1	119 471
16817	2	1	119 477
16818	2	1	119 482
16819	2	1	120 134
16820	2	1	120 142
16821	2	1	120 150
16822	2	1	120 153
16823	2	1	120 161
16824	2	1	120 166
16825	2	1	120 167
16826	2	1	120 172
16827	2	1	120 182
16828	2	1	120 199
16829	2	1	120 226
16830	2	1	120 232
16831	2	1	120 234
16832	2	1	120 238
16833	2	1	120 239
16834	2	1	120 279
16835	2	1	120 301
16836	2	1	120 302
16837	2	1	120 313
16838	2	1	120 322
16839	2	1	120 330
16840	2	1	120 368
16841	2	1	120 369
16842	2	1	120 387
16843	2	1	120 409
16844	2	1	120 410
16845	2	1	120 417
16846	2	1	120 435
16847	2	1	121 136
16848	2	1	121 142
16849	2	1	121 199
16850	2	1	121 209
16851	2	1	121 210
16852	2	1	121 222
16853	2	1	121 225
16854	2	1	121 231
16855	2	1	121 246
16856	2	1	121 263
16857	2	1	121 265
16858	2	1	121 267
16859	2	1	121 295
16860	2	1	121 298
16861	2	1	121 301
16862	2	1	121 361
16863	2	1	121 410
16864	2	1	121 417
16865	2	1	121 423
16866	2	1	121 427
16867	2	1	121 428
16868	2	1	121 441
16869	2	1	121 464
16870	2	1	121 466
16871	2	1	121 469
16872	2	1	121 472
16873	2	1	121 473
16874	2	1	121 477
16875	2	1	121 488
16876	2	1	121 496
16877	2	1	121 500
16878	2	1	122 155
16879	2	1	122 156
16880	2	1	122 161
16881	2	1	122 167
16882	2	1	122 189
16883	2	1	122 192
16884	2	1	122 203
16885	2	1	122 223
16886	2	1	122 230
16887	2	1	122 233
16888	2	1	122 274
16889	2	1	122 283
16890	2	1	122 294
16891	2	1	122 297
16892	2	1	122 299
16893	2	1	122 310
16894	2	1	122 319
16895	2	1	122 335
16896	2	1	122 342
16897	2	1	122 347
16898	2	1	122 350
16899	2	1	122 355
16900	2	1	122 369
16901	2	1	122 371
16902	2	1	122 385
16903	2	1	122 395
16904	2	1	122 423
16905	2	1	122 426
16906	2	1	122 439
16907	2	1	122 446
16908	2	1	122 454
16909	2	1	122 471
16910	2	1	123 169
16911	2	1	123 274
16912	2	1	123 292
16913	2	1	123 297
16914	2	1	123 307
16915	2	1	123 319
16916	2	1	123 346
16917	2	1	123 369
16918	2	1	123 376
16919	2	1	123 398
16920	2	1	123 406
16921	2	1	123 417
16922	2	1	123 439
16923	2	1	123 441
16924	2	1	123 452
16925	2	1	123 454
16926	2	1	123 460
16927	2	1	123 475
16928	2	1	123 479
16929	2	1	123 480
16930	2	1	123 483
16931	2	1	124 128
16932	2	1	124 130
16933	2	1	124 143
16934	2	1	124 158
16935	2	1	124 171
16936	2	1	124 174
16937	2	1	124 176
16938	2	1	124 180
16939	2	1	124 193
16940	2	1	124 204
16941	2	1	124 207
16942	2	1	124 218
16943	2	1	124 219
16944	2	1	124 225
16945	2	1	124 232
16946	2	1	124 239
16947	2	1	124 250
16948	2	1	124 251
16949	2	1	124 267
16950	2	1	124 268
16951	2	1	124 284
16952	2	1	124 297
16953	2	1	124 320
16954	2	1	124 329
16955	2	1	124 347
16956	2	1	124 372
16957	2	1	124 400
16958	2	1	124 434
16959	2	1	124 440
16960	2	1	124 461
16961	2	1	124 467
16962	2	1	124 471
16963	2	1	124 497
16964	2	1	126 128
16965	2	1	126 129
16966	2	1	126 137
16967	2	1	126 153
16968	2	1	126 155
16969	2	1	126 161
16970	2	1	126 172
16971	2	1	126 192
16972	2	1	126 197
16973	2	1	126 201
16974	2	1	126 208
16975	2	1	126 224
16976	2	1	126 240
16977	2	1	126 248
16978	2	1	126 249
16979	2	1	126 282
16980	2	1	126 285
16981	2	1	126 288
16982	2	1	126 315
16983	2	1	126 341
16984	2	1	126 343
16985	2	1	126 346
16986	2	1	126 363
16987	2	1	126 369
16988	2	1	126 372
16989	2	1	126 406
16990	2	1	126 435
16991	2	1	126 467
16992	2	1	126 475
16993	2	1	126 489
16994	2	1	126 500
16995	2	1	127 153
16996	2	1	127 161
16997	2	1	127 172
16998	2	1	127 207
16999	2	1	127 213
17000	2	1	127 223
17001	2	1	127 228
17002	2	1	127 241
17003	2	1	127 244
17004	2	1	127 262
17005	2	1	127 295
17006	2	1	127 302
17007	2	1	127 314
17008	2	1	127 315
17009	2	1	127 329
17010	2	1	127 334
17011	2	1	127 337
17012	2	1	127 357
17013	2	1	127 391
17014	2	1	127 396
17015	2	1	127 399
17016	2	1	127 416
17017	2	1	127 422
17018	2	1	127 427
17019	2	1	127 430
17020	2	1	127 444
17021	2	1	127 447
17022	2	1	127 448
17023	2	1	127 467
17024	2	1	127 471
17025	2	1	128 129
17026	2	1	128 164
17027	2	1	128 183
17028	2	1	128 209
17029	2	1	128 210
17030	2	1	128 221
17031	2	1	128 231
17032	2	1	128 238
17033	2	1	128 240
17034	2	1	128 241
17035	2	1	128 258
17036	2	1	128 272
17037	2	1	128 279
17038	2	1	128 287
17039	2	1	128 298
17040	2	1	128 304
17041	2	1	128 313
17042	2	1	128 321
17043	2	1	128 327
17044	2	1	128 342
17045	2	1	128 344
17046	2	1	128 354
17047	2	1	128 389
17048	2	1	128 397
17049	2	1	128 398
17050	2	1	128 423
17051	2	1	128 485
17052	2	1	128 494
17053	2	1	129 137
17054	2	1	129 164
17055	2	1	129 169
17056	2	1	129 172
17057	2	1	129 174
17058	2	1	129 190
17059	2	1	129 211
17060	2	1	129 261
17061	2	1	129 282
17062	2	1	129 285
17063	2	1	129 287
17064	2	1	129 295
17065	2	1	129 324
17066	2	1	129 332
17067	2	1	129 337
17068	2	1	129 349
17069	2	1	129 355
17070	2	1	129 369
17071	2	1	129 370
17072	2	1	129 396
17073	2	1	129 404
17074	2	1	129 405
17075	2	1	129 416
17076	2	1	129 449
17077	2	1	129 462
17078	2	1	129 481
17079	2	1	129 488
17080	2	1	129 489
17081	2	1	130 135
17082	2	1	130 139
17083	2	1	130 145
17084	2	1	130 152
17085	2	1	130 156
17086	2	1	130 157
17087	2	1	130 175
17088	2	1	130 197
17089	2	1	130 216
17090	2	1	130 237
17091	2	1	130 242
17092	2	1	130 245
17093	2	1	130 262
17094	2	1	130 266
17095	2	1	130 267
17096	2	1	130 287
17097	2	1	130 297
17098	2	1	130 315
17099	2	1	130 318
17100	2	1	130 323
17101	2	1	130 350
17102	2	1	130 362
17103	2	1	130 379
17104	2	1	130 400
17105	2	1	130 427
17106	2	1	130 431
17107	2	1	130 441
17108	2	1	130 455
17109	2	1	130 458
17110	2	1	130 461
17111	2	1	130 462
17112	2	1	130 497
17113	2	1	132 161
17114	2	1	132 174
17115	2	1	132 203
17116	2	1	132 217
17117	2	1	132 223
17118	2	1	132 245
17119	2	1	132 250
17120	2	1	132 262
17121	2	1	132 275
17122	2	1	132 277
17123	2	1	132 282
17124	2	1	132 294
17125	2	1	132 296
17126	2	1	132 302
17127	2	1	132 335
17128	2	1	132 355
17129	2	1	132 370
17130	2	1	132 373
17131	2	1	132 380
17132	2	1	132 423
17133	2	1	132 436
17134	2	1	132 445
17135	2	1	132 466
17136	2	1	132 470
17137	2	1	132 489
17138	2	1	132 500
17139	2	1	133 141
17140	2	1	133 161
17141	2	1	133 167
17142	2	1	133 238
17143	2	1	133 283
17144	2	1	133 286
17145	2	1	133 313
17146	2	1	133 328
17147	2	1	133 338
17148	2	1	133 347
17149	2	1	133 356
17150	2	1	133 359
17151	2	1	133 362
17152	2	1	133 372
17153	2	1	133 376
17154	2	1	133 377
17155	2	1	133 391
17156	2	1	133 398
17157	2	1	133 437
17158	2	1	133 448
17159	2	1	133 459
17160	2	1	134 148
17161	2	1	134 153
17162	2	1	134 161
17163	2	1	134 166
17164	2	1	134 175
17165	2	1	134 200
17166	2	1	134 201
17167	2	1	134 218
17168	2	1	134 261
17169	2	1	134 264
17170	2	1	134 275
17171	2	1	134 284
17172	2	1	134 302
17173	2	1	134 307
17174	2	1	134 308
17175	2	1	134 309
17176	2	1	134 340
17177	2	1	134 386
17178	2	1	134 420
17179	2	1	134 439
17180	2	1	134 457
17181	2	1	134 462
17182	2	1	134 468
17183	2	1	134 483
17184	2	1	134 494
17185	2	1	135 140
17186	2	1	135 160
17187	2	1	135 161
17188	2	1	135 175
17189	2	1	135 183
17190	2	1	135 190
17191	2	1	135 201
17192	2	1	135 218
17193	2	1	135 222
17194	2	1	135 232
17195	2	1	135 238
17196	2	1	135 261
17197	2	1	135 274
17198	2	1	135 279
17199	2	1	135 294
17200	2	1	135 303
17201	2	1	135 310
17202	2	1	135 314
17203	2	1	135 319
17204	2	1	135 337
17205	2	1	135 364
17206	2	1	135 383
17207	2	1	135 412
17208	2	1	135 418
17209	2	1	135 420
17210	2	1	135 426
17211	2	1	135 428
17212	2	1	135 433
17213	2	1	135 441
17214	2	1	135 466
17215	2	1	136 139
17216	2	1	136 140
17217	2	1	136 153
17218	2	1	136 159
17219	2	1	136 172
17220	2	1	136 175
17221	2	1	136 186
17222	2	1	136 216
17223	2	1	136 218
17224	2	1	136 228
17225	2	1	136 244
17226	2	1	136 264
17227	2	1	136 269
17228	2	1	136 276
17229	2	1	136 293
17230	2	1	136 296
17231	2	1	136 321
17232	2	1	136 328
17233	2	1	136 334
17234	2	1	136 356
17235	2	1	136 361
17236	2	1	136 362
17237	2	1	136 365
17238	2	1	136 374
17239	2	1	136 397
17240	2	1	136 417
17241	2	1	136 452
17242	2	1	136 455
17243	2	1	136 465
17244	2	1	136 471
17245	2	1	136 488
17246	2	1	137 143
17247	2	1	137 157
17248	2	1	137 161
17249	2	1	137 167
17250	2	1	137 193
17251	2	1	137 200
17252	2	1	137 217
17253	2	1	137 219
17254	2	1	137 229
17255	2	1	137 236
17256	2	1	137 256
17257	2	1	137 261
17258	2	1	137 278
17259	2	1	137 279
17260	2	1	137 292
17261	2	1	137 309
17262	2	1	137 313
17263	2	1	137 330
17264	2	1	137 368
17265	2	1	137 385
17266	2	1	137 396
17267	2	1	137 423
17268	2	1	137 424
17269	2	1	137 441
17270	2	1	137 451
17271	2	1	137 454
17272	2	1	137 459
17273	2	1	137 484
17274	2	1	138 187
17275	2	1	138 206
17276	2	1	138 210
17277	2	1	138 229
17278	2	1	138 234
17279	2	1	138 237
17280	2	1	138 238
17281	2	1	138 241
17282	2	1	138 276
17283	2	1	138 287
17284	2	1	138 340
17285	2	1	138 343
17286	2	1	138 350
17287	2	1	138 351
17288	2	1	138 393
17289	2	1	138 410
17290	2	1	138 412
17291	2	1	138 430
17292	2	1	138 437
17293	2	1	138 441
17294	2	1	138 452
17295	2	1	138 470
17296	2	1	138 477
17297	2	1	138 482
17298	2	1	138 489
17299	2	1	139 159
17300	2	1	139 164
17301	2	1	139 173
17302	2	1	139 208
17303	2	1	139 209
17304	2	1	139 210
17305	2	1	139 217
17306	2	1	139 218
17307	2	1	139 227
17308	2	1	139 242
17309	2	1	139 251
17310	2	1	139 288
17311	2	1	139 297
17312	2	1	139 308
17313	2	1	139 311
17314	2	1	139 320
17315	2	1	139 329
17316	2	1	139 354
17317	2	1	139 355
17318	2	1	139 370
17319	2	1	139 430
17320	2	1	139 434
17321	2	1	139 435
17322	2	1	139 436
17323	2	1	139 441
17324	2	1	139 448
17325	2	1	139 449
17326	2	1	139 462
17327	2	1	139 465
17328	2	1	139 469
17329	2	1	139 470
17330	2	1	139 480
17331	2	1	140 143
17332	2	1	140 149
17333	2	1	140 150
17334	2	1	140 157
17335	2	1	140 166
17336	2	1	140 171
17337	2	1	140 175
17338	2	1	140 238
17339	2	1	140 248
17340	2	1	140 249
17341	2	1	140 278
17342	2	1	140 285
17343	2	1	140 303
17344	2	1	140 308
17345	2	1	140 310
17346	2	1	140 391
17347	2	1	140 397
17348	2	1	140 418
17349	2	1	140 426
17350	2	1	140 434
17351	2	1	140 455
17352	2	1	140 489
17353	2	1	141 142
17354	2	1	141 149
17355	2	1	141 153
17356	2	1	141 170
17357	2	1	141 185
17358	2	1	141 186
17359	2	1	141 187
17360	2	1	141 190
17361	2	1	141 227
17362	2	1	141 230
17363	2	1	141 281
17364	2	1	141 282
17365	2	1	141 293
17366	2	1	141 326
17367	2	1	141 344
17368	2	1	141 350
17369	2	1	141 368
17370	2	1	141 370
17371	2	1	141 386
17372	2	1	141 389
17373	2	1	141 395
17374	2	1	141 399
17375	2	1	141 405
17376	2	1	141 409
17377	2	1	141 428
17378	2	1	141 434
17379	2	1	141 449
17380	2	1	141 457
17381	2	1	141 458
17382	2	1	141 463
17383	2	1	141 465
17384	2	1	141 479
17385	2	1	141 488
17386	2	1	141 495
17387	2	1	142 143
17388	2	1	142 149
17389	2	1	142 150
17390	2	1	142 166
17391	2	1	142 176
17392	2	1	142 226
17393	2	1	142 232
17394	2	1	142 240
17395	2	1	142 241
17396	2	1	142 245
17397	2	1	142 258
17398	2	1	142 277
17399	2	1	142 281
17400	2	1	142 295
17401	2	1	142 301
17402	2	1	142 332
17403	2	1	142 338
17404	2	1	142 353
17405	2	1	142 372
17406	2	1	142 384
17407	2	1	142 389
17408	2	1	142 399
17409	2	1	142 405
17410	2	1	142 409
17411	2	1	142 412
17412	2	1	142 418
17413	2	1	142 424
17414	2	1	142 429
17415	2	1	142 433
17416	2	1	142 436
17417	2	1	142 453
17418	2	1	142 459
17419	2	1	142 491
17420	2	1	142 496
17421	2	1	143 148
17422	2	1	143 149
17423	2	1	143 167
17424	2	1	143 177
17425	2	1	143 181
17426	2	1	143 189
17427	2	1	143 199
17428	2	1	143 225
17429	2	1	143 241
17430	2	1	143 243
17431	2	1	143 266
17432	2	1	143 285
17433	2	1	143 293
17434	2	1	143 326
17435	2	1	143 334
17436	2	1	143 340
17437	2	1	143 349
17438	2	1	143 365
17439	2	1	143 377
17440	2	1	143 380
17441	2	1	143 387
17442	2	1	143 391
17443	2	1	143 409
17444	2	1	143 429
17445	2	1	143 436
17446	2	1	143 440
17447	2	1	143 450
17448	2	1	143 451
17449	2	1	143 454
17450	2	1	143 466
17451	2	1	143 479
17452	2	1	145 149
17453	2	1	145 158
17454	2	1	145 159
17455	2	1	145 160
17456	2	1	145 175
17457	2	1	145 185
17458	2	1	145 211
17459	2	1	145 238
17460	2	1	145 250
17461	2	1	145 267
17462	2	1	145 288
17463	2	1	145 315
17464	2	1	145 320
17465	2	1	145 338
17466	2	1	145 353
17467	2	1	145 366
17468	2	1	145 369
17469	2	1	145 386
17470	2	1	145 393
17471	2	1	145 410
17472	2	1	145 434
17473	2	1	145 453
17474	2	1	145 457
17475	2	1	145 468
17476	2	1	145 471
17477	2	1	145 473
17478	2	1	145 477
17479	2	1	145 483
17480	2	1	145 485
17481	2	1	145 496
17482	2	1	145 500
17483	2	1	148 166
17484	2	1	148 190
17485	2	1	148 197
17486	2	1	148 218
17487	2	1	148 221
17488	2	1	148 230
17489	2	1	148 233
17490	2	1	148 237
17491	2	1	148 238
17492	2	1	148 240
17493	2	1	148 245
17494	2	1	148 250
17495	2	1	148 267
17496	2	1	148 363
17497	2	1	148 367
17498	2	1	148 383
17499	2	1	148 387
17500	2	1	148 412
17501	2	1	148 413
17502	2	1	148 430
17503	2	1	148 435
17504	2	1	148 437
17505	2	1	148 440
17506	2	1	148 458
17507	2	1	148 473
17508	2	1	148 481
17509	2	1	148 482
17510	2	1	149 175
17511	2	1	149 185
17512	2	1	149 190
17513	2	1	149 199
17514	2	1	149 219
17515	2	1	149 231
17516	2	1	149 239
17517	2	1	149 240
17518	2	1	149 244
17519	2	1	149 246
17520	2	1	149 251
17521	2	1	149 296
17522	2	1	149 308
17523	2	1	149 312
17524	2	1	149 322
17525	2	1	149 350
17526	2	1	149 357
17527	2	1	149 367
17528	2	1	149 371
17529	2	1	149 376
17530	2	1	149 387
17531	2	1	149 389
17532	2	1	149 410
17533	2	1	149 416
17534	2	1	149 429
17535	2	1	149 448
17536	2	1	149 458
17537	2	1	149 476
17538	2	1	149 479
17539	2	1	149 491
17540	2	1	150 159
17541	2	1	150 169
17542	2	1	150 190
17543	2	1	150 228
17544	2	1	150 242
17545	2	1	150 243
17546	2	1	150 251
17547	2	1	150 256
17548	2	1	150 286
17549	2	1	150 295
17550	2	1	150 296
17551	2	1	150 305
17552	2	1	150 330
17553	2	1	150 332
17554	2	1	150 337
17555	2	1	150 364
17556	2	1	150 373
17557	2	1	150 374
17558	2	1	150 394
17559	2	1	150 395
17560	2	1	150 396
17561	2	1	150 462
17562	2	1	150 475
17563	2	1	150 479
17564	2	1	150 480
17565	2	1	150 491
17566	2	1	152 172
17567	2	1	152 174
17568	2	1	152 176
17569	2	1	152 199
17570	2	1	152 219
17571	2	1	152 281
17572	2	1	152 282
17573	2	1	152 283
17574	2	1	152 293
17575	2	1	152 304
17576	2	1	152 320
17577	2	1	152 344
17578	2	1	152 393
17579	2	1	152 398
17580	2	1	152 405
17581	2	1	152 410
17582	2	1	152 439
17583	2	1	152 443
17584	2	1	152 453
17585	2	1	152 454
17586	2	1	152 467
17587	2	1	152 468
17588	2	1	152 500
17589	2	1	153 156
17590	2	1	153 157
17591	2	1	153 163
17592	2	1	153 165
17593	2	1	153 193
17594	2	1	153 200
17595	2	1	153 211
17596	2	1	153 225
17597	2	1	153 231
17598	2	1	153 251
17599	2	1	153 271
17600	2	1	153 311
17601	2	1	153 312
17602	2	1	153 314
17603	2	1	153 323
17604	2	1	153 337
17605	2	1	153 346
17606	2	1	153 347
17607	2	1	153 351
17608	2	1	153 356
17609	2	1	153 363
17610	2	1	153 384
17611	2	1	153 420
17612	2	1	153 428
17613	2	1	153 439
17614	2	1	153 447
17615	2	1	153 476
17616	2	1	153 477
17617	2	1	153 485
17618	2	1	153 489
17619	2	1	155 158
17620	2	1	155 162
17621	2	1	155 163
17622	2	1	155 164
17623	2	1	155 186
17624	2	1	155 189
17625	2	1	155 192
17626	2	1	155 201
17627	2	1	155 210
17628	2	1	155 216
17629	2	1	155 248
17630	2	1	155 262
17631	2	1	155 269
17632	2	1	155 289
17633	2	1	155 291
17634	2	1	155 301
17635	2	1	155 311
17636	2	1	155 313
17637	2	1	155 326
17638	2	1	155 353
17639	2	1	155 372
17640	2	1	155 379
17641	2	1	155 398
17642	2	1	155 416
17643	2	1	155 440
17644	2	1	155 444
17645	2	1	155 465
17646	2	1	155 470
17647	2	1	155 473
17648	2	1	156 167
17649	2	1	156 169
17650	2	1	156 170
17651	2	1	156 181
17652	2	1	156 217
17653	2	1	156 284
17654	2	1	156 291
17655	2	1	156 298
17656	2	1	156 301
17657	2	1	156 305
17658	2	1	156 318
17659	2	1	156 321
17660	2	1	156 337
17661	2	1	156 354
17662	2	1	156 355
17663	2	1	156 364
17664	2	1	156 404
17665	2	1	156 423
17666	2	1	156 453
17667	2	1	156 472
17668	2	1	156 473
17669	2	1	157 161
17670	2	1	157 175
17671	2	1	157 203
17672	2	1	157 204
17673	2	1	157 206
17674	2	1	157 226
17675	2	1	157 230
17676	2	1	157 251
17677	2	1	157 263
17678	2	1	157 293
17679	2	1	157 297
17680	2	1	157 310
17681	2	1	157 314
17682	2	1	157 325
17683	2	1	157 328
17684	2	1	157 394
17685	2	1	157 398
17686	2	1	157 423
17687	2	1	157 424
17688	2	1	157 445
17689	2	1	157 447
17690	2	1	157 451
17691	2	1	157 480
17692	2	1	157 485
17693	2	1	157 496
17694	2	1	158 160
17695	2	1	158 161
17696	2	1	158 193
17697	2	1	158 212
17698	2	1	158 218
17699	2	1	158 219
17700	2	1	158 276
17701	2	1	158 286
17702	2	1	158 288
17703	2	1	158 292
17704	2	1	158 294
17705	2	1	158 300
17706	2	1	158 319
17707	2	1	158 322
17708	2	1	158 325
17709	2	1	158 343
17710	2	1	158 378
17711	2	1	158 411
17712	2	1	158 424
17713	2	1	158 430
17714	2	1	158 433
17715	2	1	158 437
17716	2	1	158 448
17717	2	1	158 454
17718	2	1	158 480
17719	2	1	158 487
17720	2	1	158 494
17721	2	1	159 189
17722	2	1	159 199
17723	2	1	159 216
17724	2	1	159 224
17725	2	1	159 225
17726	2	1	159 260
17727	2	1	159 278
17728	2	1	159 281
17729	2	1	159 324
17730	2	1	159 342
17731	2	1	159 347
17732	2	1	159 356
17733	2	1	159 362
17734	2	1	159 367
17735	2	1	159 369
17736	2	1	159 432
17737	2	1	159 437
17738	2	1	159 460
17739	2	1	159 461
17740	2	1	159 470
17741	2	1	159 481
17742	2	1	159 489
17743	2	1	159 500
17744	2	1	160 175
17745	2	1	160 221
17746	2	1	160 222
17747	2	1	160 236
17748	2	1	160 295
17749	2	1	160 296
17750	2	1	160 329
17751	2	1	160 347
17752	2	1	160 377
17753	2	1	160 391
17754	2	1	160 398
17755	2	1	160 406
17756	2	1	160 428
17757	2	1	160 440
17758	2	1	160 444
17759	2	1	160 445
17760	2	1	160 455
17761	2	1	160 464
17762	2	1	160 467
17763	2	1	160 470
17764	2	1	160 477
17765	2	1	160 483
17766	2	1	160 486
17767	2	1	161 173
17768	2	1	161 217
17769	2	1	161 222
17770	2	1	161 224
17771	2	1	161 227
17772	2	1	161 253
17773	2	1	161 274
17774	2	1	161 292
17775	2	1	161 297
17776	2	1	161 299
17777	2	1	161 303
17778	2	1	161 314
17779	2	1	161 321
17780	2	1	161 328
17781	2	1	161 329
17782	2	1	161 330
17783	2	1	161 337
17784	2	1	161 345
17785	2	1	161 354
17786	2	1	161 366
17787	2	1	161 370
17788	2	1	161 372
17789	2	1	161 373
17790	2	1	161 397
17791	2	1	161 410
17792	2	1	161 431
17793	2	1	161 480
17794	2	1	161 482
17795	2	1	161 485
17796	2	1	162 169
17797	2	1	162 173
17798	2	1	162 176
17799	2	1	162 182
17800	2	1	162 197
17801	2	1	162 201
17802	2	1	162 218
17803	2	1	162 232
17804	2	1	162 250
17805	2	1	162 281
17806	2	1	162 289
17807	2	1	162 292
17808	2	1	162 310
17809	2	1	162 311
17810	2	1	162 318
17811	2	1	162 337
17812	2	1	162 364
17813	2	1	162 377
17814	2	1	162 387
17815	2	1	162 400
17816	2	1	162 410
17817	2	1	162 417
17818	2	1	162 432
17819	2	1	162 450
17820	2	1	162 452
17821	2	1	162 472
17822	2	1	162 481
17823	2	1	162 485
17824	2	1	163 172
17825	2	1	163 174
17826	2	1	163 225
17827	2	1	163 245
17828	2	1	163 261
17829	2	1	163 264
17830	2	1	163 285
17831	2	1	163 298
17832	2	1	163 301
17833	2	1	163 305
17834	2	1	163 311
17835	2	1	163 314
17836	2	1	163 315
17837	2	1	163 325
17838	2	1	163 346
17839	2	1	163 373
17840	2	1	163 377
17841	2	1	163 378
17842	2	1	163 393
17843	2	1	163 396
17844	2	1	163 398
17845	2	1	163 403
17846	2	1	163 422
17847	2	1	163 446
17848	2	1	163 455
17849	2	1	163 463
17850	2	1	163 479
17851	2	1	163 485
17852	2	1	164 175
17853	2	1	164 185
17854	2	1	164 186
17855	2	1	164 189
17856	2	1	164 193
17857	2	1	164 229
17858	2	1	164 253
17859	2	1	164 260
17860	2	1	164 266
17861	2	1	164 282
17862	2	1	164 284
17863	2	1	164 296
17864	2	1	164 301
17865	2	1	164 302
17866	2	1	164 314
17867	2	1	164 326
17868	2	1	164 327
17869	2	1	164 338
17870	2	1	164 345
17871	2	1	164 363
17872	2	1	164 387
17873	2	1	164 473
17874	2	1	165 167
17875	2	1	165 174
17876	2	1	165 185
17877	2	1	165 221
17878	2	1	165 243
17879	2	1	165 253
17880	2	1	165 269
17881	2	1	165 275
17882	2	1	165 276
17883	2	1	165 282
17884	2	1	165 283
17885	2	1	165 291
17886	2	1	165 299
17887	2	1	165 310
17888	2	1	165 313
17889	2	1	165 319
17890	2	1	165 322
17891	2	1	165 337
17892	2	1	165 340
17893	2	1	165 366
17894	2	1	165 398
17895	2	1	165 417
17896	2	1	165 437
17897	2	1	165 454
17898	2	1	165 455
17899	2	1	165 482
17900	2	1	165 488
17901	2	1	165 489
17902	2	1	166 169
17903	2	1	166 173
17904	2	1	166 208
17905	2	1	166 219
17906	2	1	166 250
17907	2	1	166 267
17908	2	1	166 268
17909	2	1	166 272
17910	2	1	166 291
17911	2	1	166 292
17912	2	1	166 296
17913	2	1	166 304
17914	2	1	166 308
17915	2	1	166 340
17916	2	1	166 349
17917	2	1	166 364
17918	2	1	166 367
17919	2	1	166 373
17920	2	1	166 385
17921	2	1	166 394
17922	2	1	166 397
17923	2	1	166 412
17924	2	1	166 418
17925	2	1	166 469
17926	2	1	166 480
17927	2	1	166 484
17928	2	1	166 495
17929	2	1	167 186
17930	2	1	167 207
17931	2	1	167 217
17932	2	1	167 228
17933	2	1	167 269
17934	2	1	167 282
17935	2	1	167 284
17936	2	1	167 288
17937	2	1	167 295
17938	2	1	167 299
17939	2	1	167 307
17940	2	1	167 312
17941	2	1	167 314
17942	2	1	167 315
17943	2	1	167 332
17944	2	1	167 366
17945	2	1	167 368
17946	2	1	167 400
17947	2	1	167 428
17948	2	1	167 437
17949	2	1	167 449
17950	2	1	167 462
17951	2	1	167 477
17952	2	1	167 483
17953	2	1	167 487
17954	2	1	169 180
17955	2	1	169 189
17956	2	1	169 213
17957	2	1	169 240
17958	2	1	169 271
17959	2	1	169 295
17960	2	1	169 312
17961	2	1	169 329
17962	2	1	169 342
17963	2	1	169 344
17964	2	1	169 359
17965	2	1	169 372
17966	2	1	169 394
17967	2	1	169 400
17968	2	1	169 403
17969	2	1	169 424
17970	2	1	169 435
17971	2	1	169 441
17972	2	1	169 445
17973	2	1	169 454
17974	2	1	169 458
17975	2	1	169 472
17976	2	1	169 481
17977	2	1	169 488
17978	2	1	170 172
17979	2	1	170 197
17980	2	1	170 199
17981	2	1	170 229
17982	2	1	170 241
17983	2	1	170 248
17984	2	1	170 286
17985	2	1	170 293
17986	2	1	170 309
17987	2	1	170 321
17988	2	1	170 327
17989	2	1	170 329
17990	2	1	170 334
17991	2	1	170 342
17992	2	1	170 355
17993	2	1	170 362
17994	2	1	170 365
17995	2	1	170 366
17996	2	1	170 376
17997	2	1	170 387
17998	2	1	170 395
17999	2	1	170 410
18000	2	1	170 411
18001	2	1	170 418
18002	2	1	170 423
18003	2	1	170 436
18004	2	1	170 445
18005	2	1	170 468
18006	2	1	170 489
18007	2	1	170 494
18008	2	1	171 182
18009	2	1	171 199
18010	2	1	171 230
18011	2	1	171 285
18012	2	1	171 292
18013	2	1	171 304
18014	2	1	171 307
18015	2	1	171 325
18016	2	1	171 337
18017	2	1	171 345
18018	2	1	171 347
18019	2	1	171 350
18020	2	1	171 367
18021	2	1	171 377
18022	2	1	171 385
18023	2	1	171 389
18024	2	1	171 412
18025	2	1	171 417
18026	2	1	171 428
18027	2	1	171 437
18028	2	1	171 440
18029	2	1	171 443
18030	2	1	171 447
18031	2	1	171 449
18032	2	1	171 461
18033	2	1	171 464
18034	2	1	171 473
18035	2	1	171 487
18036	2	1	172 176
18037	2	1	172 188
18038	2	1	172 206
18039	2	1	172 208
18040	2	1	172 234
18041	2	1	172 246
18042	2	1	172 248
18043	2	1	172 313
18044	2	1	172 315
18045	2	1	172 329
18046	2	1	172 332
18047	2	1	172 341
18048	2	1	172 344
18049	2	1	172 355
18050	2	1	172 373
18051	2	1	172 378
18052	2	1	172 403
18053	2	1	172 432
18054	2	1	172 436
18055	2	1	172 440
18056	2	1	172 445
18057	2	1	172 447
18058	2	1	172 453
18059	2	1	172 469
18060	2	1	173 176
18061	2	1	173 186
18062	2	1	173 203
18063	2	1	173 228
18064	2	1	173 239
18065	2	1	173 242
18066	2	1	173 243
18067	2	1	173 253
18068	2	1	173 267
18069	2	1	173 272
18070	2	1	173 281
18071	2	1	173 283
18072	2	1	173 299
18073	2	1	173 305
18074	2	1	173 403
18075	2	1	173 412
18076	2	1	173 413
18077	2	1	173 432
18078	2	1	173 461
18079	2	1	173 471
18080	2	1	173 480
18081	2	1	173 487
18082	2	1	173 489
18083	2	1	173 495
18084	2	1	174 181
18085	2	1	174 188
18086	2	1	174 199
18087	2	1	174 225
18088	2	1	174 232
18089	2	1	174 237
18090	2	1	174 245
18091	2	1	174 250
18092	2	1	174 256
18093	2	1	174 265
18094	2	1	174 296
18095	2	1	174 298
18096	2	1	174 315
18097	2	1	174 335
18098	2	1	174 345
18099	2	1	174 350
18100	2	1	174 364
18101	2	1	174 368
18102	2	1	174 374
18103	2	1	174 397
18104	2	1	174 418
18105	2	1	174 434
18106	2	1	174 443
18107	2	1	174 463
18108	2	1	174 467
18109	2	1	175 219
18110	2	1	175 228
18111	2	1	175 234
18112	2	1	175 283
18113	2	1	175 322
18114	2	1	175 326
18115	2	1	175 346
18116	2	1	175 361
18117	2	1	175 368
18118	2	1	175 370
18119	2	1	175 372
18120	2	1	175 384
18121	2	1	175 437
18122	2	1	175 447
18123	2	1	175 449
18124	2	1	175 450
18125	2	1	176 189
18126	2	1	176 203
18127	2	1	176 219
18128	2	1	176 253
18129	2	1	176 296
18130	2	1	176 300
18131	2	1	176 312
18132	2	1	176 325
18133	2	1	176 330
18134	2	1	176 335
18135	2	1	176 340
18136	2	1	176 344
18137	2	1	176 349
18138	2	1	176 361
18139	2	1	176 383
18140	2	1	176 384
18141	2	1	176 387
18142	2	1	176 394
18143	2	1	176 470
18144	2	1	176 477
18145	2	1	176 485
18146	2	1	176 486
18147	2	1	177 188
18148	2	1	177 193
18149	2	1	177 230
18150	2	1	177 245
18151	2	1	177 278
18152	2	1	177 296
18153	2	1	177 308
18154	2	1	177 322
18155	2	1	177 337
18156	2	1	177 362
18157	2	1	177 426
18158	2	1	177 443
18159	2	1	177 454
18160	2	1	177 459
18161	2	1	180 221
18162	2	1	180 233
18163	2	1	180 236
18164	2	1	180 262
18165	2	1	180 279
18166	2	1	180 296
18167	2	1	180 299
18168	2	1	180 308
18169	2	1	180 315
18170	2	1	180 332
18171	2	1	180 343
18172	2	1	180 349
18173	2	1	180 380
18174	2	1	180 389
18175	2	1	180 413
18176	2	1	180 418
18177	2	1	180 428
18178	2	1	180 430
18179	2	1	180 455
18180	2	1	180 457
18181	2	1	180 481
18182	2	1	180 485
18183	2	1	180 487
18184	2	1	180 500
18185	2	1	181 185
18186	2	1	181 192
18187	2	1	181 203
18188	2	1	181 221
18189	2	1	181 228
18190	2	1	181 237
18191	2	1	181 245
18192	2	1	181 249
18193	2	1	181 257
18194	2	1	181 277
18195	2	1	181 304
18196	2	1	181 313
18197	2	1	181 314
18198	2	1	181 323
18199	2	1	181 334
18200	2	1	181 343
18201	2	1	181 361
18202	2	1	181 371
18203	2	1	181 405
18204	2	1	181 412
18205	2	1	181 420
18206	2	1	181 427
18207	2	1	181 437
18208	2	1	181 459
18209	2	1	181 464
18210	2	1	181 467
18211	2	1	181 473
18212	2	1	181 477
18213	2	1	181 479
18214	2	1	181 488
18215	2	1	181 495
18216	2	1	182 212
18217	2	1	182 230
18218	2	1	182 250
18219	2	1	182 261
18220	2	1	182 269
18221	2	1	182 276
18222	2	1	182 298
18223	2	1	182 300
18224	2	1	182 310
18225	2	1	182 335
18226	2	1	182 347
18227	2	1	182 362
18228	2	1	182 364
18229	2	1	182 370
18230	2	1	182 372
18231	2	1	182 385
18232	2	1	182 396
18233	2	1	182 399
18234	2	1	182 405
18235	2	1	182 417
18236	2	1	182 441
18237	2	1	182 449
18238	2	1	182 455
18239	2	1	182 457
18240	2	1	182 462
18241	2	1	182 475
18242	2	1	182 482
18243	2	1	182 494
18244	2	1	182 495
18245	2	1	182 496
18246	2	1	183 242
18247	2	1	183 246
18248	2	1	183 260
18249	2	1	183 276
18250	2	1	183 320
18251	2	1	183 323
18252	2	1	183 346
18253	2	1	183 353
18254	2	1	183 361
18255	2	1	183 372
18256	2	1	183 383
18257	2	1	183 384
18258	2	1	183 385
18259	2	1	183 387
18260	2	1	183 399
18261	2	1	183 400
18262	2	1	183 403
18263	2	1	183 404
18264	2	1	183 410
18265	2	1	183 422
18266	2	1	183 423
18267	2	1	183 432
18268	2	1	183 440
18269	2	1	183 444
18270	2	1	183 445
18271	2	1	183 461
18272	2	1	183 464
18273	2	1	183 488
18274	2	1	185 187
18275	2	1	185 189
18276	2	1	185 207
18277	2	1	185 221
18278	2	1	185 237
18279	2	1	185 243
18280	2	1	185 244
18281	2	1	185 287
18282	2	1	185 310
18283	2	1	185 323
18284	2	1	185 328
18285	2	1	185 334
18286	2	1	185 335
18287	2	1	185 340
18288	2	1	185 343
18289	2	1	185 351
18290	2	1	185 365
18291	2	1	185 369
18292	2	1	185 377
18293	2	1	185 395
18294	2	1	185 409
18295	2	1	185 423
18296	2	1	185 448
18297	2	1	185 468
18298	2	1	185 484
18299	2	1	185 486
18300	2	1	185 497
18301	2	1	186 190
18302	2	1	186 211
18303	2	1	186 216
18304	2	1	186 217
18305	2	1	186 236
18306	2	1	186 237
18307	2	1	186 243
18308	2	1	186 250
18309	2	1	186 258
18310	2	1	186 275
18311	2	1	186 279
18312	2	1	186 294
18313	2	1	186 301
18314	2	1	186 304
18315	2	1	186 313
18316	2	1	186 326
18317	2	1	186 359
18318	2	1	186 369
18319	2	1	186 406
18320	2	1	186 424
18321	2	1	186 428
18322	2	1	186 458
18323	2	1	186 465
18324	2	1	186 477
18325	2	1	187 188
18326	2	1	187 203
18327	2	1	187 222
18328	2	1	187 226
18329	2	1	187 232
18330	2	1	187 250
18331	2	1	187 253
18332	2	1	187 265
18333	2	1	187 287
18334	2	1	187 316
18335	2	1	187 327
18336	2	1	187 333
18337	2	1	187 335
18338	2	1	187 340
18339	2	1	187 362
18340	2	1	187 374
18341	2	1	187 379
18342	2	1	187 394
18343	2	1	187 400
18344	2	1	187 423
18345	2	1	187 429
18346	2	1	187 441
18347	2	1	187 444
18348	2	1	187 455
18349	2	1	187 484
18350	2	1	188 189
18351	2	1	188 208
18352	2	1	188 234
18353	2	1	188 237
18354	2	1	188 257
18355	2	1	188 266
18356	2	1	188 292
18357	2	1	188 308
18358	2	1	188 326
18359	2	1	188 337
18360	2	1	188 345
18361	2	1	188 371
18362	2	1	188 380
18363	2	1	188 383
18364	2	1	188 395
18365	2	1	188 398
18366	2	1	188 417
18367	2	1	188 428
18368	2	1	188 462
18369	2	1	188 467
18370	2	1	188 479
18371	2	1	188 500
18372	2	1	189 209
18373	2	1	189 212
18374	2	1	189 216
18375	2	1	189 234
18376	2	1	189 251
18377	2	1	189 272
18378	2	1	189 316
18379	2	1	189 322
18380	2	1	189 323
18381	2	1	189 333
18382	2	1	189 341
18383	2	1	189 354
18384	2	1	189 356
18385	2	1	189 413
18386	2	1	189 439
18387	2	1	189 448
18388	2	1	189 452
18389	2	1	189 453
18390	2	1	189 460
18391	2	1	189 467
18392	2	1	189 469
18393	2	1	189 480
18394	2	1	189 497
18395	2	1	189 500
18396	2	1	190 204
18397	2	1	190 211
18398	2	1	190 219
18399	2	1	190 245
18400	2	1	190 251
18401	2	1	190 263
18402	2	1	190 268
18403	2	1	190 277
18404	2	1	190 281
18405	2	1	190 327
18406	2	1	190 380
18407	2	1	190 386
18408	2	1	190 397
18409	2	1	190 398
18410	2	1	190 403
18411	2	1	190 416
18412	2	1	190 431
18413	2	1	190 436
18414	2	1	190 463
18415	2	1	190 465
18416	2	1	190 473
18417	2	1	190 477
18418	2	1	190 479
18419	2	1	190 486
18420	2	1	190 497
18421	2	1	192 197
18422	2	1	192 217
18423	2	1	192 221
18424	2	1	192 225
18425	2	1	192 227
18426	2	1	192 232
18427	2	1	192 242
18428	2	1	192 258
18429	2	1	192 263
18430	2	1	192 264
18431	2	1	192 268
18432	2	1	192 269
18433	2	1	192 277
18434	2	1	192 288
18435	2	1	192 291
18436	2	1	192 294
18437	2	1	192 302
18438	2	1	192 305
18439	2	1	192 314
18440	2	1	192 342
18441	2	1	192 347
18442	2	1	192 356
18443	2	1	192 389
18444	2	1	192 424
18445	2	1	192 428
18446	2	1	192 454
18447	2	1	192 465
18448	2	1	192 473
18449	2	1	193 212
18450	2	1	193 226
18451	2	1	193 227
18452	2	1	193 240
18453	2	1	193 243
18454	2	1	193 248
18455	2	1	193 253
18456	2	1	193 265
18457	2	1	193 285
18458	2	1	193 298
18459	2	1	193 309
18460	2	1	193 314
18461	2	1	193 354
18462	2	1	193 370
18463	2	1	193 393
18464	2	1	193 397
18465	2	1	193 411
18466	2	1	193 416
18467	2	1	193 431
18468	2	1	193 433
18469	2	1	193 445
18470	2	1	193 453
18471	2	1	193 460
18472	2	1	193 465
18473	2	1	193 466
18474	2	1	193 468
18475	2	1	193 470
18476	2	1	193 472
18477	2	1	193 495
18478	2	1	197 201
18479	2	1	197 203
18480	2	1	197 206
18481	2	1	197 240
18482	2	1	197 256
18483	2	1	197 264
18484	2	1	197 268
18485	2	1	197 274
18486	2	1	197 292
18487	2	1	197 293
18488	2	1	197 302
18489	2	1	197 305
18490	2	1	197 311
18491	2	1	197 321
18492	2	1	197 324
18493	2	1	197 356
18494	2	1	197 365
18495	2	1	197 367
18496	2	1	197 376
18497	2	1	197 389
18498	2	1	197 399
18499	2	1	197 424
18500	2	1	197 434
18501	2	1	197 454
18502	2	1	197 469
18503	2	1	199 202
18504	2	1	199 250
18505	2	1	199 271
18506	2	1	199 279
18507	2	1	199 286
18508	2	1	199 293
18509	2	1	199 307
18510	2	1	199 310
18511	2	1	199 316
18512	2	1	199 341
18513	2	1	199 364
18514	2	1	199 377
18515	2	1	199 385
18516	2	1	199 393
18517	2	1	199 394
18518	2	1	199 437
18519	2	1	199 447
18520	2	1	199 461
18521	2	1	199 494
18522	2	1	199 496
18523	2	1	200 218
18524	2	1	200 260
18525	2	1	200 312
18526	2	1	200 313
18527	2	1	200 322
18528	2	1	200 324
18529	2	1	200 329
18530	2	1	200 330
18531	2	1	200 347
18532	2	1	200 366
18533	2	1	200 372
18534	2	1	200 376
18535	2	1	200 380
18536	2	1	200 396
18537	2	1	200 434
18538	2	1	200 436
18539	2	1	200 454
18540	2	1	200 462
18541	2	1	200 465
18542	2	1	200 475
18543	2	1	200 476
18544	2	1	201 209
18545	2	1	201 227
18546	2	1	201 244
18547	2	1	201 250
18548	2	1	201 272
18549	2	1	201 275
18550	2	1	201 305
18551	2	1	201 333
18552	2	1	201 363
18553	2	1	201 395
18554	2	1	201 400
18555	2	1	201 405
18556	2	1	201 417
18557	2	1	201 418
18558	2	1	201 453
18559	2	1	201 466
18560	2	1	201 475
18561	2	1	201 479
18562	2	1	201 485
18563	2	1	202 213
18564	2	1	202 219
18565	2	1	202 232
18566	2	1	202 256
18567	2	1	202 257
18568	2	1	202 271
18569	2	1	202 282
18570	2	1	202 284
18571	2	1	202 293
18572	2	1	202 294
18573	2	1	202 296
18574	2	1	202 310
18575	2	1	202 318
18576	2	1	202 320
18577	2	1	202 321
18578	2	1	202 324
18579	2	1	202 327
18580	2	1	202 328
18581	2	1	202 333
18582	2	1	202 362
18583	2	1	202 366
18584	2	1	202 373
18585	2	1	202 384
18586	2	1	202 391
18587	2	1	202 426
18588	2	1	202 432
18589	2	1	202 439
18590	2	1	202 441
18591	2	1	202 447
18592	2	1	202 448
18593	2	1	202 452
18594	2	1	202 460
18595	2	1	202 476
18596	2	1	202 494
18597	2	1	202 500
18598	2	1	203 204
18599	2	1	203 209
18600	2	1	203 213
18601	2	1	203 216
18602	2	1	203 262
18603	2	1	203 264
18604	2	1	203 268
18605	2	1	203 274
18606	2	1	203 303
18607	2	1	203 310
18608	2	1	203 338
18609	2	1	203 341
18610	2	1	203 345
18611	2	1	203 373
18612	2	1	203 429
18613	2	1	203 451
18614	2	1	203 477
18615	2	1	203 487
18616	2	1	203 489
18617	2	1	203 491
18618	2	1	203 495
18619	2	1	204 222
18620	2	1	204 227
18621	2	1	204 231
18622	2	1	204 243
18623	2	1	204 260
18624	2	1	204 267
18625	2	1	204 276
18626	2	1	204 281
18627	2	1	204 286
18628	2	1	204 323
18629	2	1	204 324
18630	2	1	204 325
18631	2	1	204 329
18632	2	1	204 337
18633	2	1	204 356
18634	2	1	204 371
18635	2	1	204 426
18636	2	1	204 437
18637	2	1	204 455
18638	2	1	204 464
18639	2	1	204 476
18640	2	1	204 477
18641	2	1	204 497
18642	2	1	206 213
18643	2	1	206 230
18644	2	1	206 248
18645	2	1	206 251
18646	2	1	206 289
18647	2	1	206 333
18648	2	1	206 349
18649	2	1	206 369
18650	2	1	206 376
18651	2	1	206 389
18652	2	1	206 391
18653	2	1	206 413
18654	2	1	206 431
18655	2	1	206 495
18656	2	1	207 225
18657	2	1	207 233
18658	2	1	207 263
18659	2	1	207 267
18660	2	1	207 285
18661	2	1	207 287
18662	2	1	207 288
18663	2	1	207 314
18664	2	1	207 321
18665	2	1	207 329
18666	2	1	207 340
18667	2	1	207 354
18668	2	1	207 355
18669	2	1	207 410
18670	2	1	207 424
18671	2	1	207 433
18672	2	1	208 209
18673	2	1	208 256
18674	2	1	208 261
18675	2	1	208 268
18676	2	1	208 272
18677	2	1	208 274
18678	2	1	208 361
18679	2	1	208 364
18680	2	1	208 367
18681	2	1	208 376
18682	2	1	208 384
18683	2	1	208 394
18684	2	1	208 404
18685	2	1	208 409
18686	2	1	208 410
18687	2	1	208 417
18688	2	1	208 418
18689	2	1	208 424
18690	2	1	208 436
18691	2	1	208 437
18692	2	1	208 473
18693	2	1	208 500
18694	2	1	209 212
18695	2	1	209 221
18696	2	1	209 229
18697	2	1	209 237
18698	2	1	209 253
18699	2	1	209 271
18700	2	1	209 287
18701	2	1	209 292
18702	2	1	209 293
18703	2	1	209 304
18704	2	1	209 312
18705	2	1	209 319
18706	2	1	209 321
18707	2	1	209 349
18708	2	1	209 356
18709	2	1	209 367
18710	2	1	209 372
18711	2	1	209 376
18712	2	1	209 380
18713	2	1	209 420
18714	2	1	209 432
18715	2	1	209 436
18716	2	1	209 452
18717	2	1	209 462
18718	2	1	209 463
18719	2	1	209 481
18720	2	1	209 495
18721	2	1	210 217
18722	2	1	210 222
18723	2	1	210 228
18724	2	1	210 265
18725	2	1	210 274
18726	2	1	210 282
18727	2	1	210 298
18728	2	1	210 313
18729	2	1	210 343
18730	2	1	210 347
18731	2	1	210 362
18732	2	1	210 367
18733	2	1	210 373
18734	2	1	210 380
18735	2	1	210 386
18736	2	1	210 395
18737	2	1	210 398
18738	2	1	210 403
18739	2	1	210 424
18740	2	1	210 431
18741	2	1	210 433
18742	2	1	210 444
18743	2	1	210 445
18744	2	1	210 451
18745	2	1	210 485
18746	2	1	210 495
18747	2	1	211 213
18748	2	1	211 223
18749	2	1	211 239
18750	2	1	211 246
18751	2	1	211 250
18752	2	1	211 251
18753	2	1	211 256
18754	2	1	211 275
18755	2	1	211 305
18756	2	1	211 308
18757	2	1	211 321
18758	2	1	211 322
18759	2	1	211 324
18760	2	1	211 332
18761	2	1	211 355
18762	2	1	211 356
18763	2	1	211 380
18764	2	1	211 383
18765	2	1	211 387
18766	2	1	211 394
18767	2	1	211 398
18768	2	1	211 399
18769	2	1	211 409
18770	2	1	211 411
18771	2	1	211 413
18772	2	1	211 431
18773	2	1	211 448
18774	2	1	211 450
18775	2	1	211 461
18776	2	1	211 464
18777	2	1	211 471
18778	2	1	212 216
18779	2	1	212 218
18780	2	1	212 244
18781	2	1	212 279
18782	2	1	212 286
18783	2	1	212 291
18784	2	1	212 303
18785	2	1	212 316
18786	2	1	212 325
18787	2	1	212 342
18788	2	1	212 346
18789	2	1	212 351
18790	2	1	212 355
18791	2	1	212 371
18792	2	1	212 376
18793	2	1	212 396
18794	2	1	212 404
18795	2	1	212 406
18796	2	1	212 416
18797	2	1	212 448
18798	2	1	212 463
18799	2	1	212 473
18800	2	1	212 484
18801	2	1	212 486
18802	2	1	212 495
18803	2	1	213 224
18804	2	1	213 227
18805	2	1	213 232
18806	2	1	213 237
18807	2	1	213 238
18808	2	1	213 240
18809	2	1	213 264
18810	2	1	213 274
18811	2	1	213 298
18812	2	1	213 307
18813	2	1	213 311
18814	2	1	213 316
18815	2	1	213 322
18816	2	1	213 345
18817	2	1	213 363
18818	2	1	213 380
18819	2	1	213 397
18820	2	1	213 423
18821	2	1	213 443
18822	2	1	213 459
18823	2	1	213 461
18824	2	1	216 217
18825	2	1	216 227
18826	2	1	216 230
18827	2	1	216 236
18828	2	1	216 245
18829	2	1	216 251
18830	2	1	216 271
18831	2	1	216 282
18832	2	1	216 301
18833	2	1	216 318
18834	2	1	216 332
18835	2	1	216 345
18836	2	1	216 351
18837	2	1	216 353
18838	2	1	216 359
18839	2	1	216 366
18840	2	1	216 370
18841	2	1	216 371
18842	2	1	216 396
18843	2	1	216 400
18844	2	1	216 413
18845	2	1	216 416
18846	2	1	216 428
18847	2	1	216 430
18848	2	1	216 431
18849	2	1	216 432
18850	2	1	216 439
18851	2	1	216 446
18852	2	1	216 459
18853	2	1	216 472
18854	2	1	216 482
18855	2	1	216 484
18856	2	1	216 486
18857	2	1	216 487
18858	2	1	216 488
18859	2	1	216 497
18860	2	1	217 219
18861	2	1	217 224
18862	2	1	217 226
18863	2	1	217 237
18864	2	1	217 239
18865	2	1	217 240
18866	2	1	217 246
18867	2	1	217 278
18868	2	1	217 282
18869	2	1	217 283
18870	2	1	217 295
18871	2	1	217 297
18872	2	1	217 304
18873	2	1	217 328
18874	2	1	217 344
18875	2	1	217 345
18876	2	1	217 350
18877	2	1	217 364
18878	2	1	217 378
18879	2	1	217 386
18880	2	1	217 397
18881	2	1	217 409
18882	2	1	217 413
18883	2	1	217 447
18884	2	1	217 455
18885	2	1	217 458
18886	2	1	217 464
18887	2	1	217 468
18888	2	1	217 480
18889	2	1	217 481
18890	2	1	218 222
18891	2	1	218 258
18892	2	1	218 266
18893	2	1	218 268
18894	2	1	218 272
18895	2	1	218 279
18896	2	1	218 318
18897	2	1	218 351
18898	2	1	218 357
18899	2	1	218 372
18900	2	1	218 378
18901	2	1	218 411
18902	2	1	218 423
18903	2	1	218 430
18904	2	1	218 437
18905	2	1	218 452
18906	2	1	218 469
18907	2	1	219 223
18908	2	1	219 225
18909	2	1	219 240
18910	2	1	219 260
18911	2	1	219 264
18912	2	1	219 286
18913	2	1	219 287
18914	2	1	219 288
18915	2	1	219 299
18916	2	1	219 308
18917	2	1	219 315
18918	2	1	219 326
18919	2	1	219 328
18920	2	1	219 333
18921	2	1	219 338
18922	2	1	219 344
18923	2	1	219 345
18924	2	1	219 349
18925	2	1	219 361
18926	2	1	219 363
18927	2	1	219 364
18928	2	1	219 365
18929	2	1	219 373
18930	2	1	219 376
18931	2	1	219 380
18932	2	1	219 384
18933	2	1	219 385
18934	2	1	219 397
18935	2	1	219 449
18936	2	1	219 453
18937	2	1	219 460
18938	2	1	219 471
18939	2	1	219 475
18940	2	1	219 483
18941	2	1	219 486
18942	2	1	219 494
18943	2	1	221 226
18944	2	1	221 236
18945	2	1	221 264
18946	2	1	221 267
18947	2	1	221 299
18948	2	1	221 305
18949	2	1	221 309
18950	2	1	221 312
18951	2	1	221 319
18952	2	1	221 320
18953	2	1	221 322
18954	2	1	221 326
18955	2	1	221 338
18956	2	1	221 342
18957	2	1	221 386
18958	2	1	221 396
18959	2	1	221 406
18960	2	1	221 418
18961	2	1	221 424
18962	2	1	221 448
18963	2	1	221 471
18964	2	1	221 485
18965	2	1	221 494
18966	2	1	222 225
18967	2	1	222 244
18968	2	1	222 246
18969	2	1	222 248
18970	2	1	222 260
18971	2	1	222 272
18972	2	1	222 275
18973	2	1	222 286
18974	2	1	222 292
18975	2	1	222 293
18976	2	1	222 301
18977	2	1	222 309
18978	2	1	222 345
18979	2	1	222 356
18980	2	1	222 403
18981	2	1	222 435
18982	2	1	222 448
18983	2	1	222 452
18984	2	1	222 472
18985	2	1	222 476
18986	2	1	222 488
18987	2	1	223 232
18988	2	1	223 246
18989	2	1	223 248
18990	2	1	223 250
18991	2	1	223 272
18992	2	1	223 283
18993	2	1	223 288
18994	2	1	223 289
18995	2	1	223 293
18996	2	1	223 318
18997	2	1	223 328
18998	2	1	223 340
18999	2	1	223 353
19000	2	1	223 357
19001	2	1	223 361
19002	2	1	223 372
19003	2	1	223 410
19004	2	1	223 413
19005	2	1	223 431
19006	2	1	223 444
19007	2	1	223 476
19008	2	1	223 500
19009	2	1	224 229
19010	2	1	224 241
19011	2	1	224 249
19012	2	1	224 277
19013	2	1	224 282
19014	2	1	224 293
19015	2	1	224 295
19016	2	1	224 315
19017	2	1	224 329
19018	2	1	224 341
19019	2	1	224 345
19020	2	1	224 350
19021	2	1	224 362
19022	2	1	224 370
19023	2	1	224 399
19024	2	1	224 428
19025	2	1	224 452
19026	2	1	224 457
19027	2	1	224 471
19028	2	1	224 472
19029	2	1	224 475
19030	2	1	224 484
19031	2	1	225 233
19032	2	1	225 246
19033	2	1	225 275
19034	2	1	225 294
19035	2	1	225 295
19036	2	1	225 303
19037	2	1	225 308
19038	2	1	225 311
19039	2	1	225 312
19040	2	1	225 318
19041	2	1	225 345
19042	2	1	225 387
19043	2	1	225 404
19044	2	1	225 430
19045	2	1	225 441
19046	2	1	225 445
19047	2	1	225 451
19048	2	1	225 458
19049	2	1	225 464
19050	2	1	225 473
19051	2	1	225 476
19052	2	1	225 483
19053	2	1	226 276
19054	2	1	226 285
19055	2	1	226 302
19056	2	1	226 304
19057	2	1	226 312
19058	2	1	226 337
19059	2	1	226 371
19060	2	1	226 373
19061	2	1	226 403
19062	2	1	226 428
19063	2	1	226 463
19064	2	1	226 473
19065	2	1	226 477
19066	2	1	226 484
19067	2	1	227 244
19068	2	1	227 294
19069	2	1	227 305
19070	2	1	227 309
19071	2	1	227 318
19072	2	1	227 344
19073	2	1	227 346
19074	2	1	227 359
19075	2	1	227 364
19076	2	1	227 368
19077	2	1	227 369
19078	2	1	227 376
19079	2	1	227 378
19080	2	1	227 437
19081	2	1	227 446
19082	2	1	227 447
19083	2	1	227 455
19084	2	1	227 485
19085	2	1	227 496
19086	2	1	227 497
19087	2	1	228 232
19088	2	1	228 242
19089	2	1	228 258
19090	2	1	228 269
19091	2	1	228 287
19092	2	1	228 300
19093	2	1	228 308
19094	2	1	228 371
19095	2	1	228 376
19096	2	1	228 380
19097	2	1	228 386
19098	2	1	228 389
19099	2	1	228 403
19100	2	1	228 436
19101	2	1	228 437
19102	2	1	228 443
19103	2	1	228 471
19104	2	1	228 473
19105	2	1	228 476
19106	2	1	228 491
19107	2	1	229 237
19108	2	1	229 262
19109	2	1	229 269
19110	2	1	229 276
19111	2	1	229 301
19112	2	1	229 309
19113	2	1	229 310
19114	2	1	229 312
19115	2	1	229 318
19116	2	1	229 323
19117	2	1	229 363
19118	2	1	229 399
19119	2	1	229 404
19120	2	1	229 413
19121	2	1	229 436
19122	2	1	229 443
19123	2	1	229 464
19124	2	1	229 473
19125	2	1	229 482
19126	2	1	229 495
19127	2	1	230 234
19128	2	1	230 240
19129	2	1	230 261
19130	2	1	230 274
19131	2	1	230 277
19132	2	1	230 287
19133	2	1	230 318
19134	2	1	230 319
19135	2	1	230 325
19136	2	1	230 338
19137	2	1	230 368
19138	2	1	230 371
19139	2	1	230 373
19140	2	1	230 398
19141	2	1	230 436
19142	2	1	230 464
19143	2	1	230 468
19144	2	1	230 484
19145	2	1	231 232
19146	2	1	231 240
19147	2	1	231 257
19148	2	1	231 275
19149	2	1	231 301
19150	2	1	231 308
19151	2	1	231 321
19152	2	1	231 368
19153	2	1	231 378
19154	2	1	231 406
19155	2	1	231 431
19156	2	1	231 439
19157	2	1	231 445
19158	2	1	231 452
19159	2	1	231 458
19160	2	1	232 260
19161	2	1	232 266
19162	2	1	232 283
19163	2	1	232 295
19164	2	1	232 297
19165	2	1	232 329
19166	2	1	232 337
19167	2	1	232 341
19168	2	1	232 355
19169	2	1	232 359
19170	2	1	232 409
19171	2	1	232 418
19172	2	1	232 429
19173	2	1	232 430
19174	2	1	232 437
19175	2	1	232 440
19176	2	1	232 451
19177	2	1	232 463
19178	2	1	232 472
19179	2	1	232 485
19180	2	1	232 497
19181	2	1	233 237
19182	2	1	233 242
19183	2	1	233 291
19184	2	1	233 294
19185	2	1	233 296
19186	2	1	233 326
19187	2	1	233 340
19188	2	1	233 353
19189	2	1	233 380
19190	2	1	233 386
19191	2	1	233 391
19192	2	1	233 409
19193	2	1	233 410
19194	2	1	233 422
19195	2	1	233 426
19196	2	1	233 430
19197	2	1	233 437
19198	2	1	233 440
19199	2	1	233 459
19200	2	1	233 465
19201	2	1	233 468
19202	2	1	233 472
19203	2	1	233 484
19204	2	1	233 489
19205	2	1	233 494
19206	2	1	234 248
19207	2	1	234 250
19208	2	1	234 256
19209	2	1	234 258
19210	2	1	234 264
19211	2	1	234 286
19212	2	1	234 287
19213	2	1	234 291
19214	2	1	234 304
19215	2	1	234 312
19216	2	1	234 315
19217	2	1	234 320
19218	2	1	234 341
19219	2	1	234 342
19220	2	1	234 350
19221	2	1	234 364
19222	2	1	234 367
19223	2	1	234 387
19224	2	1	234 391
19225	2	1	234 411
19226	2	1	234 430
19227	2	1	234 439
19228	2	1	234 449
19229	2	1	234 455
19230	2	1	234 463
19231	2	1	234 464
19232	2	1	234 465
19233	2	1	234 466
19234	2	1	234 484
19235	2	1	234 488
19236	2	1	236 237
19237	2	1	236 264
19238	2	1	236 266
19239	2	1	236 271
19240	2	1	236 307
19241	2	1	236 322
19242	2	1	236 353
19243	2	1	236 355
19244	2	1	236 384
19245	2	1	236 387
19246	2	1	236 404
19247	2	1	236 413
19248	2	1	236 440
19249	2	1	236 445
19250	2	1	236 449
19251	2	1	236 460
19252	2	1	236 467
19253	2	1	236 471
19254	2	1	236 477
19255	2	1	236 495
19256	2	1	236 496
19257	2	1	237 242
19258	2	1	237 244
19259	2	1	237 260
19260	2	1	237 276
19261	2	1	237 295
19262	2	1	237 299
19263	2	1	237 300
19264	2	1	237 301
19265	2	1	237 310
19266	2	1	237 312
19267	2	1	237 322
19268	2	1	237 359
19269	2	1	237 387
19270	2	1	237 394
19271	2	1	237 395
19272	2	1	237 405
19273	2	1	237 417
19274	2	1	237 440
19275	2	1	237 458
19276	2	1	237 467
19277	2	1	237 475
19278	2	1	237 479
19279	2	1	238 243
19280	2	1	238 263
19281	2	1	238 284
19282	2	1	238 289
19283	2	1	238 292
19284	2	1	238 294
19285	2	1	238 307
19286	2	1	238 330
19287	2	1	238 332
19288	2	1	238 345
19289	2	1	238 350
19290	2	1	238 351
19291	2	1	238 386
19292	2	1	238 400
19293	2	1	238 404
19294	2	1	238 416
19295	2	1	238 429
19296	2	1	238 440
19297	2	1	238 449
19298	2	1	238 458
19299	2	1	238 470
19300	2	1	238 489
19301	2	1	238 496
19302	2	1	239 242
19303	2	1	239 269
19304	2	1	239 310
19305	2	1	239 371
19306	2	1	239 410
19307	2	1	239 426
19308	2	1	239 429
19309	2	1	239 434
19310	2	1	239 471
19311	2	1	239 491
19312	2	1	240 263
19313	2	1	240 266
19314	2	1	240 278
19315	2	1	240 282
19316	2	1	240 309
19317	2	1	240 310
19318	2	1	240 313
19319	2	1	240 324
19320	2	1	240 329
19321	2	1	240 338
19322	2	1	240 341
19323	2	1	240 344
19324	2	1	240 347
19325	2	1	240 351
19326	2	1	240 354
19327	2	1	240 370
19328	2	1	240 380
19329	2	1	240 389
19330	2	1	240 398
19331	2	1	240 430
19332	2	1	240 440
19333	2	1	240 451
19334	2	1	240 452
19335	2	1	240 471
19336	2	1	240 472
19337	2	1	240 486
19338	2	1	240 495
19339	2	1	241 271
19340	2	1	241 303
19341	2	1	241 305
19342	2	1	241 311
19343	2	1	241 316
19344	2	1	241 324
19345	2	1	241 325
19346	2	1	241 326
19347	2	1	241 340
19348	2	1	241 368
19349	2	1	241 370
19350	2	1	241 400
19351	2	1	241 403
19352	2	1	241 427
19353	2	1	241 433
19354	2	1	241 439
19355	2	1	241 445
19356	2	1	241 460
19357	2	1	241 480
19358	2	1	241 489
19359	2	1	242 244
19360	2	1	242 253
19361	2	1	242 257
19362	2	1	242 262
19363	2	1	242 267
19364	2	1	242 279
19365	2	1	242 297
19366	2	1	242 325
19367	2	1	242 341
19368	2	1	242 356
19369	2	1	242 380
19370	2	1	242 420
19371	2	1	242 445
19372	2	1	242 451
19373	2	1	242 452
19374	2	1	242 459
19375	2	1	242 466
19376	2	1	242 472
19377	2	1	242 473
19378	2	1	242 479
19379	2	1	243 250
19380	2	1	243 261
19381	2	1	243 268
19382	2	1	243 274
19383	2	1	243 277
19384	2	1	243 281
19385	2	1	243 291
19386	2	1	243 296
19387	2	1	243 303
19388	2	1	243 326
19389	2	1	243 330
19390	2	1	243 334
19391	2	1	243 341
19392	2	1	243 363
19393	2	1	243 364
19394	2	1	243 369
19395	2	1	243 372
19396	2	1	243 373
19397	2	1	243 379
19398	2	1	243 383
19399	2	1	243 385
19400	2	1	243 422
19401	2	1	243 430
19402	2	1	243 431
19403	2	1	243 454
19404	2	1	243 460
19405	2	1	243 495
19406	2	1	244 253
19407	2	1	244 269
19408	2	1	244 278
19409	2	1	244 287
19410	2	1	244 311
19411	2	1	244 312
19412	2	1	244 313
19413	2	1	244 322
19414	2	1	244 323
19415	2	1	244 326
19416	2	1	244 335
19417	2	1	244 337
19418	2	1	244 345
19419	2	1	244 362
19420	2	1	244 377
19421	2	1	244 384
19422	2	1	244 387
19423	2	1	244 399
19424	2	1	244 403
19425	2	1	244 431
19426	2	1	244 432
19427	2	1	244 433
19428	2	1	244 436
19429	2	1	244 439
19430	2	1	244 443
19431	2	1	244 447
19432	2	1	244 454
19433	2	1	244 455
19434	2	1	244 465
19435	2	1	244 468
19436	2	1	244 481
19437	2	1	244 494
19438	2	1	245 253
19439	2	1	245 272
19440	2	1	245 288
19441	2	1	245 292
19442	2	1	245 303
19443	2	1	245 308
19444	2	1	245 312
19445	2	1	245 324
19446	2	1	245 333
19447	2	1	245 340
19448	2	1	245 344
19449	2	1	245 359
19450	2	1	245 376
19451	2	1	245 386
19452	2	1	245 420
19453	2	1	245 436
19454	2	1	245 469
19455	2	1	245 473
19456	2	1	245 487
19457	2	1	245 489
19458	2	1	245 497
19459	2	1	245 500
19460	2	1	246 257
19461	2	1	246 262
19462	2	1	246 274
19463	2	1	246 276
19464	2	1	246 279
19465	2	1	246 281
19466	2	1	246 287
19467	2	1	246 330
19468	2	1	246 343
19469	2	1	246 362
19470	2	1	246 363
19471	2	1	246 371
19472	2	1	246 372
19473	2	1	246 400
19474	2	1	246 403
19475	2	1	246 426
19476	2	1	246 427
19477	2	1	246 446
19478	2	1	246 455
19479	2	1	246 469
19480	2	1	246 485
19481	2	1	246 486
19482	2	1	248 256
19483	2	1	248 272
19484	2	1	248 287
19485	2	1	248 291
19486	2	1	248 299
19487	2	1	248 310
19488	2	1	248 323
19489	2	1	248 324
19490	2	1	248 341
19491	2	1	248 357
19492	2	1	248 394
19493	2	1	248 409
19494	2	1	248 420
19495	2	1	248 422
19496	2	1	248 423
19497	2	1	248 426
19498	2	1	248 436
19499	2	1	248 437
19500	2	1	248 440
19501	2	1	248 452
19502	2	1	248 461
19503	2	1	248 480
19504	2	1	248 483
19505	2	1	248 491
19506	2	1	248 496
19507	2	1	248 497
19508	2	1	249 253
19509	2	1	249 265
19510	2	1	249 278
19511	2	1	249 281
19512	2	1	249 282
19513	2	1	249 284
19514	2	1	249 305
19515	2	1	249 319
19516	2	1	249 324
19517	2	1	249 335
19518	2	1	249 343
19519	2	1	249 351
19520	2	1	249 363
19521	2	1	249 369
19522	2	1	249 370
19523	2	1	249 371
19524	2	1	249 374
19525	2	1	249 391
19526	2	1	249 398
19527	2	1	249 399
19528	2	1	249 418
19529	2	1	249 426
19530	2	1	249 428
19531	2	1	249 429
19532	2	1	249 433
19533	2	1	249 454
19534	2	1	249 458
19535	2	1	249 461
19536	2	1	249 464
19537	2	1	249 473
19538	2	1	249 491
19539	2	1	250 267
19540	2	1	250 278
19541	2	1	250 291
19542	2	1	250 309
19543	2	1	250 335
19544	2	1	250 342
19545	2	1	250 353
19546	2	1	250 363
19547	2	1	250 365
19548	2	1	250 366
19549	2	1	250 369
19550	2	1	250 397
19551	2	1	250 400
19552	2	1	250 422
19553	2	1	250 428
19554	2	1	250 486
19555	2	1	250 495
19556	2	1	250 496
19557	2	1	251 266
19558	2	1	251 271
19559	2	1	251 278
19560	2	1	251 286
19561	2	1	251 300
19562	2	1	251 322
19563	2	1	251 335
19564	2	1	251 341
19565	2	1	251 343
19566	2	1	251 345
19567	2	1	251 349
19568	2	1	251 355
19569	2	1	251 356
19570	2	1	251 361
19571	2	1	251 413
19572	2	1	251 488
19573	2	1	253 276
19574	2	1	253 284
19575	2	1	253 288
19576	2	1	253 298
19577	2	1	253 304
19578	2	1	253 307
19579	2	1	253 311
19580	2	1	253 325
19581	2	1	253 332
19582	2	1	253 337
19583	2	1	253 343
19584	2	1	253 350
19585	2	1	253 351
19586	2	1	253 369
19587	2	1	253 397
19588	2	1	253 405
19589	2	1	253 424
19590	2	1	253 439
19591	2	1	253 440
19592	2	1	253 453
19593	2	1	253 469
19594	2	1	253 470
19595	2	1	253 481
19596	2	1	253 482
19597	2	1	253 484
19598	2	1	253 495
19599	2	1	256 282
19600	2	1	256 294
19601	2	1	256 297
19602	2	1	256 300
19603	2	1	256 313
19604	2	1	256 333
19605	2	1	256 350
19606	2	1	256 384
19607	2	1	256 395
19608	2	1	256 396
19609	2	1	256 412
19610	2	1	256 426
19611	2	1	256 427
19612	2	1	256 439
19613	2	1	256 445
19614	2	1	256 466
19615	2	1	256 481
19616	2	1	256 482
19617	2	1	256 491
19618	2	1	257 260
19619	2	1	257 269
19620	2	1	257 278
19621	2	1	257 292
19622	2	1	257 293
19623	2	1	257 311
19624	2	1	257 327
19625	2	1	257 359
19626	2	1	257 363
19627	2	1	257 365
19628	2	1	257 373
19629	2	1	257 377
19630	2	1	257 423
19631	2	1	257 444
19632	2	1	257 451
19633	2	1	257 454
19634	2	1	257 465
19635	2	1	257 470
19636	2	1	257 471
19637	2	1	257 480
19638	2	1	257 482
19639	2	1	257 485
19640	2	1	257 486
19641	2	1	258 287
19642	2	1	258 297
19643	2	1	258 299
19644	2	1	258 303
19645	2	1	258 304
19646	2	1	258 308
19647	2	1	258 323
19648	2	1	258 327
19649	2	1	258 330
19650	2	1	258 357
19651	2	1	258 371
19652	2	1	258 373
19653	2	1	258 376
19654	2	1	258 378
19655	2	1	258 394
19656	2	1	258 398
19657	2	1	258 426
19658	2	1	258 429
19659	2	1	258 431
19660	2	1	258 444
19661	2	1	258 448
19662	2	1	258 450
19663	2	1	258 485
19664	2	1	258 488
19665	2	1	258 489
19666	2	1	258 491
19667	2	1	260 281
19668	2	1	260 318
19669	2	1	260 319
19670	2	1	260 326
19671	2	1	260 328
19672	2	1	260 370
19673	2	1	260 374
19674	2	1	260 378
19675	2	1	260 379
19676	2	1	260 386
19677	2	1	260 397
19678	2	1	260 399
19679	2	1	260 406
19680	2	1	260 410
19681	2	1	260 418
19682	2	1	260 422
19683	2	1	260 429
19684	2	1	260 430
19685	2	1	260 465
19686	2	1	260 483
19687	2	1	260 489
19688	2	1	260 500
19689	2	1	261 263
19690	2	1	261 274
19691	2	1	261 285
19692	2	1	261 297
19693	2	1	261 313
19694	2	1	261 316
19695	2	1	261 328
19696	2	1	261 345
19697	2	1	261 380
19698	2	1	261 393
19699	2	1	261 398
19700	2	1	261 399
19701	2	1	261 411
19702	2	1	261 413
19703	2	1	261 422
19704	2	1	261 424
19705	2	1	261 433
19706	2	1	261 458
19707	2	1	261 465
19708	2	1	261 473
19709	2	1	261 475
19710	2	1	261 480
19711	2	1	261 481
19712	2	1	262 267
19713	2	1	262 271
19714	2	1	262 303
19715	2	1	262 304
19716	2	1	262 314
19717	2	1	262 324
19718	2	1	262 325
19719	2	1	262 326
19720	2	1	262 330
19721	2	1	262 332
19722	2	1	262 346
19723	2	1	262 353
19724	2	1	262 361
19725	2	1	262 364
19726	2	1	262 373
19727	2	1	262 378
19728	2	1	262 379
19729	2	1	262 422
19730	2	1	262 426
19731	2	1	262 446
19732	2	1	262 447
19733	2	1	262 488
19734	2	1	263 268
19735	2	1	263 269
19736	2	1	263 274
19737	2	1	263 277
19738	2	1	263 324
19739	2	1	263 369
19740	2	1	263 371
19741	2	1	263 384
19742	2	1	263 449
19743	2	1	263 457
19744	2	1	263 466
19745	2	1	263 484
19746	2	1	263 500
19747	2	1	264 285
19748	2	1	264 291
19749	2	1	264 299
19750	2	1	264 310
19751	2	1	264 315
19752	2	1	264 333
19753	2	1	264 337
19754	2	1	264 338
19755	2	1	264 356
19756	2	1	264 362
19757	2	1	264 364
19758	2	1	264 367
19759	2	1	264 385
19760	2	1	264 394
19761	2	1	264 409
19762	2	1	264 418
19763	2	1	264 420
19764	2	1	264 422
19765	2	1	264 443
19766	2	1	264 444
19767	2	1	264 457
19768	2	1	264 468
19769	2	1	265 268
19770	2	1	265 278
19771	2	1	265 283
19772	2	1	265 332
19773	2	1	265 340
19774	2	1	265 355
19775	2	1	265 356
19776	2	1	265 361
19777	2	1	265 395
19778	2	1	265 410
19779	2	1	265 412
19780	2	1	265 420
19781	2	1	265 424
19782	2	1	265 431
19783	2	1	265 436
19784	2	1	265 437
19785	2	1	265 453
19786	2	1	265 454
19787	2	1	265 471
19788	2	1	265 491
19789	2	1	265 495
19790	2	1	266 278
19791	2	1	266 292
19792	2	1	266 294
19793	2	1	266 302
19794	2	1	266 332
19795	2	1	266 334
19796	2	1	266 364
19797	2	1	266 371
19798	2	1	266 409
19799	2	1	266 424
19800	2	1	266 462
19801	2	1	266 463
19802	2	1	266 496
19803	2	1	267 284
19804	2	1	267 285
19805	2	1	267 289
19806	2	1	267 293
19807	2	1	267 299
19808	2	1	267 308
19809	2	1	267 311
19810	2	1	267 314
19811	2	1	267 343
19812	2	1	267 347
19813	2	1	267 363
19814	2	1	267 372
19815	2	1	267 387
19816	2	1	267 396
19817	2	1	267 418
19818	2	1	267 431
19819	2	1	267 460
19820	2	1	267 463
19821	2	1	267 464
19822	2	1	267 468
19823	2	1	267 487
19824	2	1	268 285
19825	2	1	268 287
19826	2	1	268 289
19827	2	1	268 295
19828	2	1	268 298
19829	2	1	268 303
19830	2	1	268 332
19831	2	1	268 341
19832	2	1	268 346
19833	2	1	268 391
19834	2	1	268 393
19835	2	1	268 394
19836	2	1	268 410
19837	2	1	268 423
19838	2	1	268 424
19839	2	1	268 426
19840	2	1	268 431
19841	2	1	268 433
19842	2	1	268 451
19843	2	1	268 455
19844	2	1	268 460
19845	2	1	268 461
19846	2	1	268 464
19847	2	1	268 469
19848	2	1	268 470
19849	2	1	268 485
19850	2	1	269 274
19851	2	1	269 288
19852	2	1	269 315
19853	2	1	269 322
19854	2	1	269 335
19855	2	1	269 393
19856	2	1	269 410
19857	2	1	269 418
19858	2	1	269 434
19859	2	1	269 445
19860	2	1	269 454
19861	2	1	269 460
19862	2	1	269 464
19863	2	1	269 473
19864	2	1	269 479
19865	2	1	271 278
19866	2	1	271 284
19867	2	1	271 285
19868	2	1	271 291
19869	2	1	271 295
19870	2	1	271 304
19871	2	1	271 324
19872	2	1	271 338
19873	2	1	271 347
19874	2	1	271 353
19875	2	1	271 363
19876	2	1	271 371
19877	2	1	271 377
19878	2	1	271 411
19879	2	1	271 412
19880	2	1	271 431
19881	2	1	271 435
19882	2	1	271 443
19883	2	1	271 444
19884	2	1	271 445
19885	2	1	271 448
19886	2	1	271 458
19887	2	1	271 461
19888	2	1	271 467
19889	2	1	271 476
19890	2	1	271 479
19891	2	1	272 275
19892	2	1	272 298
19893	2	1	272 309
19894	2	1	272 311
19895	2	1	272 324
19896	2	1	272 326
19897	2	1	272 333
19898	2	1	272 340
19899	2	1	272 347
19900	2	1	272 351
19901	2	1	272 356
19902	2	1	272 363
19903	2	1	272 370
19904	2	1	272 380
19905	2	1	272 400
19906	2	1	272 434
19907	2	1	272 435
19908	2	1	272 447
19909	2	1	272 454
19910	2	1	272 464
19911	2	1	272 469
19912	2	1	274 287
19913	2	1	274 291
19914	2	1	274 356
19915	2	1	274 393
19916	2	1	274 399
19917	2	1	274 400
19918	2	1	274 404
19919	2	1	274 428
19920	2	1	274 432
19921	2	1	274 440
19922	2	1	274 479
19923	2	1	274 485
19924	2	1	274 488
19925	2	1	275 279
19926	2	1	275 282
19927	2	1	275 293
19928	2	1	275 300
19929	2	1	275 302
19930	2	1	275 305
19931	2	1	275 307
19932	2	1	275 310
19933	2	1	275 322
19934	2	1	275 326
19935	2	1	275 327
19936	2	1	275 328
19937	2	1	275 345
19938	2	1	275 372
19939	2	1	275 387
19940	2	1	275 399
19941	2	1	275 418
19942	2	1	275 429
19943	2	1	275 434
19944	2	1	275 466
19945	2	1	275 467
19946	2	1	275 468
19947	2	1	275 473
19948	2	1	275 485
19949	2	1	275 486
19950	2	1	276 283
19951	2	1	276 297
19952	2	1	276 300
19953	2	1	276 303
19954	2	1	276 316
19955	2	1	276 320
19956	2	1	276 326
19957	2	1	276 328
19958	2	1	276 338
19959	2	1	276 367
19960	2	1	276 368
19961	2	1	276 403
19962	2	1	276 406
19963	2	1	276 430
19964	2	1	276 439
19965	2	1	276 444
19966	2	1	276 453
19967	2	1	276 454
19968	2	1	276 463
19969	2	1	276 472
19970	2	1	276 497
19971	2	1	277 284
19972	2	1	277 289
19973	2	1	277 312
19974	2	1	277 315
19975	2	1	277 334
19976	2	1	277 366
19977	2	1	277 378
19978	2	1	277 391
19979	2	1	277 396
19980	2	1	277 397
19981	2	1	277 416
19982	2	1	277 418
19983	2	1	277 430
19984	2	1	277 434
19985	2	1	277 465
19986	2	1	277 466
19987	2	1	277 475
19988	2	1	277 484
19989	2	1	278 287
19990	2	1	278 288
19991	2	1	278 293
19992	2	1	278 304
19993	2	1	278 307
19994	2	1	278 313
19995	2	1	278 333
19996	2	1	278 344
19997	2	1	278 351
19998	2	1	278 353
19999	2	1	278 361
20000	2	1	278 367
20001	2	1	278 387
20002	2	1	278 404
20003	2	1	278 422
20004	2	1	278 423
20005	2	1	278 434
20006	2	1	278 435
20007	2	1	278 446
20008	2	1	278 450
20009	2	1	278 455
20010	2	1	278 497
20011	2	1	279 283
20012	2	1	279 291
20013	2	1	279 301
20014	2	1	279 307
20015	2	1	279 312
20016	2	1	279 318
20017	2	1	279 321
20018	2	1	279 329
20019	2	1	279 332
20020	2	1	279 342
20021	2	1	279 374
20022	2	1	279 395
20023	2	1	279 397
20024	2	1	279 398
20025	2	1	279 405
20026	2	1	279 418
20027	2	1	279 420
20028	2	1	279 446
20029	2	1	279 457
20030	2	1	279 471
20031	2	1	279 472
20032	2	1	281 300
20033	2	1	281 312
20034	2	1	281 322
20035	2	1	281 323
20036	2	1	281 324
20037	2	1	281 328
20038	2	1	281 334
20039	2	1	281 350
20040	2	1	281 366
20041	2	1	281 380
20042	2	1	281 396
20043	2	1	281 404
20044	2	1	281 413
20045	2	1	281 422
20046	2	1	281 430
20047	2	1	281 433
20048	2	1	281 440
20049	2	1	281 449
20050	2	1	281 452
20051	2	1	281 454
20052	2	1	281 460
20053	2	1	281 462
20054	2	1	281 468
20055	2	1	281 471
20056	2	1	281 475
20057	2	1	281 476
20058	2	1	281 482
20059	2	1	281 485
20060	2	1	281 486
20061	2	1	281 500
20062	2	1	282 299
20063	2	1	282 310
20064	2	1	282 322
20065	2	1	282 328
20066	2	1	282 335
20067	2	1	282 338
20068	2	1	282 341
20069	2	1	282 363
20070	2	1	282 376
20071	2	1	282 383
20072	2	1	282 410
20073	2	1	282 418
20074	2	1	282 430
20075	2	1	282 436
20076	2	1	282 444
20077	2	1	282 445
20078	2	1	282 450
20079	2	1	282 469
20080	2	1	282 485
20081	2	1	282 494
20082	2	1	283 305
20083	2	1	283 316
20084	2	1	283 325
20085	2	1	283 326
20086	2	1	283 327
20087	2	1	283 330
20088	2	1	283 350
20089	2	1	283 354
20090	2	1	283 364
20091	2	1	283 366
20092	2	1	283 395
20093	2	1	283 411
20094	2	1	283 418
20095	2	1	283 422
20096	2	1	283 432
20097	2	1	283 433
20098	2	1	283 436
20099	2	1	283 469
20100	2	1	283 477
20101	2	1	283 497
20102	2	1	284 295
20103	2	1	284 305
20104	2	1	284 312
20105	2	1	284 321
20106	2	1	284 322
20107	2	1	284 344
20108	2	1	284 365
20109	2	1	284 369
20110	2	1	284 374
20111	2	1	284 383
20112	2	1	284 384
20113	2	1	284 399
20114	2	1	284 405
20115	2	1	284 420
20116	2	1	284 424
20117	2	1	284 429
20118	2	1	284 450
20119	2	1	284 452
20120	2	1	284 454
20121	2	1	284 461
20122	2	1	284 463
20123	2	1	284 487
20124	2	1	285 297
20125	2	1	285 298
20126	2	1	285 312
20127	2	1	285 357
20128	2	1	285 368
20129	2	1	285 374
20130	2	1	285 391
20131	2	1	285 394
20132	2	1	285 411
20133	2	1	285 422
20134	2	1	285 429
20135	2	1	285 435
20136	2	1	285 437
20137	2	1	285 461
20138	2	1	285 486
20139	2	1	286 293
20140	2	1	286 296
20141	2	1	286 314
20142	2	1	286 338
20143	2	1	286 350
20144	2	1	286 355
20145	2	1	286 386
20146	2	1	286 396
20147	2	1	286 398
20148	2	1	286 410
20149	2	1	286 423
20150	2	1	286 432
20151	2	1	286 434
20152	2	1	286 452
20153	2	1	286 457
20154	2	1	286 481
20155	2	1	286 495
20156	2	1	287 297
20157	2	1	287 298
20158	2	1	287 312
20159	2	1	287 324
20160	2	1	287 329
20161	2	1	287 337
20162	2	1	287 344
20163	2	1	287 356
20164	2	1	287 377
20165	2	1	287 397
20166	2	1	287 399
20167	2	1	287 420
20168	2	1	287 441
20169	2	1	287 446
20170	2	1	287 458
20171	2	1	287 459
20172	2	1	287 468
20173	2	1	287 472
20174	2	1	287 481
20175	2	1	287 489
20176	2	1	287 494
20177	2	1	287 495
20178	2	1	288 291
20179	2	1	288 296
20180	2	1	288 335
20181	2	1	288 338
20182	2	1	288 342
20183	2	1	288 346
20184	2	1	288 362
20185	2	1	288 380
20186	2	1	288 384
20187	2	1	288 403
20188	2	1	288 418
20189	2	1	288 440
20190	2	1	288 447
20191	2	1	288 459
20192	2	1	288 463
20193	2	1	288 475
20194	2	1	288 476
20195	2	1	289 299
20196	2	1	289 301
20197	2	1	289 308
20198	2	1	289 310
20199	2	1	289 326
20200	2	1	289 329
20201	2	1	289 340
20202	2	1	289 344
20203	2	1	289 353
20204	2	1	289 372
20205	2	1	289 373
20206	2	1	289 383
20207	2	1	289 385
20208	2	1	289 389
20209	2	1	289 394
20210	2	1	289 395
20211	2	1	289 412
20212	2	1	289 429
20213	2	1	289 433
20214	2	1	289 466
20215	2	1	289 487
20216	2	1	289 489
20217	2	1	291 300
20218	2	1	291 325
20219	2	1	291 353
20220	2	1	291 356
20221	2	1	291 362
20222	2	1	291 372
20223	2	1	291 373
20224	2	1	291 378
20225	2	1	291 391
20226	2	1	291 399
20227	2	1	291 404
20228	2	1	291 417
20229	2	1	291 423
20230	2	1	291 439
20231	2	1	291 443
20232	2	1	291 446
20233	2	1	291 447
20234	2	1	291 465
20235	2	1	292 296
20236	2	1	292 307
20237	2	1	292 311
20238	2	1	292 325
20239	2	1	292 369
20240	2	1	292 370
20241	2	1	292 377
20242	2	1	292 399
20243	2	1	292 409
20244	2	1	292 423
20245	2	1	292 433
20246	2	1	292 445
20247	2	1	292 449
20248	2	1	292 453
20249	2	1	292 457
20250	2	1	292 477
20251	2	1	292 484
20252	2	1	293 324
20253	2	1	293 335
20254	2	1	293 347
20255	2	1	293 365
20256	2	1	293 374
20257	2	1	293 380
20258	2	1	293 409
20259	2	1	293 410
20260	2	1	293 433
20261	2	1	293 434
20262	2	1	293 437
20263	2	1	293 440
20264	2	1	293 454
20265	2	1	293 455
20266	2	1	293 470
20267	2	1	293 471
20268	2	1	293 475
20269	2	1	293 487
20270	2	1	294 298
20271	2	1	294 313
20272	2	1	294 321
20273	2	1	294 325
20274	2	1	294 376
20275	2	1	294 378
20276	2	1	294 387
20277	2	1	294 394
20278	2	1	294 406
20279	2	1	294 420
20280	2	1	294 441
20281	2	1	294 463
20282	2	1	294 472
20283	2	1	295 296
20284	2	1	295 298
20285	2	1	295 301
20286	2	1	295 312
20287	2	1	295 319
20288	2	1	295 335
20289	2	1	295 357
20290	2	1	295 368
20291	2	1	295 370
20292	2	1	295 373
20293	2	1	295 374
20294	2	1	295 393
20295	2	1	295 432
20296	2	1	295 437
20297	2	1	295 444
20298	2	1	295 459
20299	2	1	295 497
20300	2	1	296 302
20301	2	1	296 308
20302	2	1	296 327
20303	2	1	296 342
20304	2	1	296 350
20305	2	1	296 367
20306	2	1	296 377
20307	2	1	296 396
20308	2	1	296 411
20309	2	1	296 417
20310	2	1	296 429
20311	2	1	296 433
20312	2	1	296 439
20313	2	1	296 454
20314	2	1	296 460
20315	2	1	296 462
20316	2	1	296 467
20317	2	1	296 470
20318	2	1	296 473
20319	2	1	297 300
20320	2	1	297 302
20321	2	1	297 308
20322	2	1	297 309
20323	2	1	297 326
20324	2	1	297 334
20325	2	1	297 364
20326	2	1	297 368
20327	2	1	297 395
20328	2	1	297 428
20329	2	1	297 430
20330	2	1	297 450
20331	2	1	297 454
20332	2	1	297 464
20333	2	1	297 466
20334	2	1	297 483
20335	2	1	297 489
20336	2	1	297 495
20337	2	1	297 496
20338	2	1	298 302
20339	2	1	298 303
20340	2	1	298 309
20341	2	1	298 344
20342	2	1	298 354
20343	2	1	298 359
20344	2	1	298 368
20345	2	1	298 372
20346	2	1	298 439
20347	2	1	298 461
20348	2	1	298 467
20349	2	1	298 470
20350	2	1	298 488
20351	2	1	298 491
20352	2	1	299 302
20353	2	1	299 311
20354	2	1	299 312
20355	2	1	299 325
20356	2	1	299 335
20357	2	1	299 343
20358	2	1	299 395
20359	2	1	299 399
20360	2	1	299 423
20361	2	1	299 459
20362	2	1	299 461
20363	2	1	299 470
20364	2	1	299 477
20365	2	1	300 307
20366	2	1	300 311
20367	2	1	300 322
20368	2	1	300 324
20369	2	1	300 325
20370	2	1	300 326
20371	2	1	300 334
20372	2	1	300 335
20373	2	1	300 393
20374	2	1	300 398
20375	2	1	300 399
20376	2	1	300 411
20377	2	1	300 431
20378	2	1	300 454
20379	2	1	300 458
20380	2	1	300 487
20381	2	1	301 310
20382	2	1	301 313
20383	2	1	301 314
20384	2	1	301 321
20385	2	1	301 325
20386	2	1	301 330
20387	2	1	301 344
20388	2	1	301 365
20389	2	1	301 372
20390	2	1	301 374
20391	2	1	301 383
20392	2	1	301 389
20393	2	1	301 403
20394	2	1	301 423
20395	2	1	301 447
20396	2	1	301 449
20397	2	1	301 459
20398	2	1	301 464
20399	2	1	301 468
20400	2	1	301 472
20401	2	1	301 479
20402	2	1	301 481
20403	2	1	301 483
20404	2	1	301 494
20405	2	1	302 313
20406	2	1	302 318
20407	2	1	302 323
20408	2	1	302 328
20409	2	1	302 329
20410	2	1	302 346
20411	2	1	302 349
20412	2	1	302 383
20413	2	1	302 404
20414	2	1	302 428
20415	2	1	302 451
20416	2	1	302 463
20417	2	1	302 479
20418	2	1	302 482
20419	2	1	302 500
20420	2	1	303 305
20421	2	1	303 316
20422	2	1	303 325
20423	2	1	303 330
20424	2	1	303 332
20425	2	1	303 353
20426	2	1	303 356
20427	2	1	303 362
20428	2	1	303 369
20429	2	1	303 384
20430	2	1	303 395
20431	2	1	303 399
20432	2	1	303 405
20433	2	1	303 427
20434	2	1	303 428
20435	2	1	303 430
20436	2	1	303 457
20437	2	1	303 469
20438	2	1	303 477
20439	2	1	303 484
20440	2	1	303 494
20441	2	1	303 495
20442	2	1	304 308
20443	2	1	304 387
20444	2	1	304 393
20445	2	1	304 424
20446	2	1	304 428
20447	2	1	304 434
20448	2	1	304 443
20449	2	1	304 458
20450	2	1	304 473
20451	2	1	304 480
20452	2	1	305 312
20453	2	1	305 327
20454	2	1	305 337
20455	2	1	305 338
20456	2	1	305 340
20457	2	1	305 355
20458	2	1	305 363
20459	2	1	305 376
20460	2	1	305 393
20461	2	1	305 412
20462	2	1	305 416
20463	2	1	305 418
20464	2	1	305 426
20465	2	1	305 428
20466	2	1	305 434
20467	2	1	305 468
20468	2	1	305 470
20469	2	1	305 471
20470	2	1	305 488
20471	2	1	307 311
20472	2	1	307 316
20473	2	1	307 324
20474	2	1	307 326
20475	2	1	307 329
20476	2	1	307 330
20477	2	1	307 346
20478	2	1	307 351
20479	2	1	307 365
20480	2	1	307 366
20481	2	1	307 377
20482	2	1	307 379
20483	2	1	307 383
20484	2	1	307 399
20485	2	1	307 431
20486	2	1	307 439
20487	2	1	307 441
20488	2	1	307 445
20489	2	1	307 455
20490	2	1	307 459
20491	2	1	307 463
20492	2	1	308 314
20493	2	1	308 319
20494	2	1	308 320
20495	2	1	308 325
20496	2	1	308 327
20497	2	1	308 359
20498	2	1	308 371
20499	2	1	308 372
20500	2	1	308 374
20501	2	1	308 399
20502	2	1	308 416
20503	2	1	308 437
20504	2	1	308 445
20505	2	1	308 450
20506	2	1	308 467
20507	2	1	308 468
20508	2	1	308 471
20509	2	1	308 486
20510	2	1	309 330
20511	2	1	309 347
20512	2	1	309 378
20513	2	1	309 430
20514	2	1	309 443
20515	2	1	309 451
20516	2	1	309 458
20517	2	1	309 461
20518	2	1	310 314
20519	2	1	310 315
20520	2	1	310 365
20521	2	1	310 378
20522	2	1	310 391
20523	2	1	310 403
20524	2	1	310 410
20525	2	1	310 426
20526	2	1	310 437
20527	2	1	310 459
20528	2	1	310 465
20529	2	1	310 468
20530	2	1	310 472
20531	2	1	310 479
20532	2	1	310 481
20533	2	1	310 494
20534	2	1	311 319
20535	2	1	311 323
20536	2	1	311 327
20537	2	1	311 371
20538	2	1	311 376
20539	2	1	311 380
20540	2	1	311 383
20541	2	1	311 391
20542	2	1	311 416
20543	2	1	311 466
20544	2	1	311 472
20545	2	1	312 323
20546	2	1	312 328
20547	2	1	312 356
20548	2	1	312 359
20549	2	1	312 372
20550	2	1	312 376
20551	2	1	312 380
20552	2	1	312 406
20553	2	1	312 423
20554	2	1	312 450
20555	2	1	312 487
20556	2	1	313 315
20557	2	1	313 350
20558	2	1	313 393
20559	2	1	313 431
20560	2	1	313 454
20561	2	1	313 458
20562	2	1	313 460
20563	2	1	313 477
20564	2	1	313 488
20565	2	1	313 491
20566	2	1	314 321
20567	2	1	314 322
20568	2	1	314 335
20569	2	1	314 364
20570	2	1	314 366
20571	2	1	314 373
20572	2	1	314 389
20573	2	1	314 413
20574	2	1	314 420
20575	2	1	314 450
20576	2	1	314 457
20577	2	1	314 459
20578	2	1	314 460
20579	2	1	314 467
20580	2	1	314 472
20581	2	1	314 484
20582	2	1	314 486
20583	2	1	315 318
20584	2	1	315 324
20585	2	1	315 341
20586	2	1	315 361
20587	2	1	315 389
20588	2	1	315 398
20589	2	1	315 400
20590	2	1	315 434
20591	2	1	315 444
20592	2	1	315 452
20593	2	1	315 453
20594	2	1	315 464
20595	2	1	316 319
20596	2	1	316 320
20597	2	1	316 372
20598	2	1	316 411
20599	2	1	316 427
20600	2	1	316 439
20601	2	1	316 465
20602	2	1	316 495
20603	2	1	316 496
20604	2	1	318 323
20605	2	1	318 330
20606	2	1	318 333
20607	2	1	318 340
20608	2	1	318 350
20609	2	1	318 362
20610	2	1	318 386
20611	2	1	318 400
20612	2	1	318 436
20613	2	1	318 480
20614	2	1	318 484
20615	2	1	318 495
20616	2	1	319 322
20617	2	1	319 329
20618	2	1	319 363
20619	2	1	319 367
20620	2	1	319 373
20621	2	1	319 394
20622	2	1	319 397
20623	2	1	319 429
20624	2	1	319 437
20625	2	1	319 466
20626	2	1	319 470
20627	2	1	319 483
20628	2	1	320 332
20629	2	1	320 333
20630	2	1	320 335
20631	2	1	320 362
20632	2	1	320 385
20633	2	1	320 400
20634	2	1	320 410
20635	2	1	320 465
20636	2	1	320 466
20637	2	1	320 471
20638	2	1	320 472
20639	2	1	320 476
20640	2	1	320 479
20641	2	1	320 485
20642	2	1	320 491
20643	2	1	321 330
20644	2	1	321 367
20645	2	1	321 387
20646	2	1	321 395
20647	2	1	321 396
20648	2	1	321 397
20649	2	1	321 405
20650	2	1	321 412
20651	2	1	321 424
20652	2	1	321 427
20653	2	1	321 430
20654	2	1	321 451
20655	2	1	321 464
20656	2	1	321 466
20657	2	1	321 475
20658	2	1	321 484
20659	2	1	321 497
20660	2	1	322 340
20661	2	1	322 351
20662	2	1	322 357
20663	2	1	322 370
20664	2	1	322 371
20665	2	1	322 372
20666	2	1	322 393
20667	2	1	322 400
20668	2	1	322 404
20669	2	1	322 411
20670	2	1	322 427
20671	2	1	322 433
20672	2	1	322 445
20673	2	1	322 447
20674	2	1	322 450
20675	2	1	322 465
20676	2	1	323 337
20677	2	1	323 369
20678	2	1	323 389
20679	2	1	323 406
20680	2	1	323 423
20681	2	1	323 455
20682	2	1	323 460
20683	2	1	323 497
20684	2	1	324 345
20685	2	1	324 350
20686	2	1	324 355
20687	2	1	324 365
20688	2	1	324 367
20689	2	1	324 370
20690	2	1	324 376
20691	2	1	324 380
20692	2	1	324 387
20693	2	1	324 389
20694	2	1	324 393
20695	2	1	324 430
20696	2	1	324 432
20697	2	1	324 457
20698	2	1	324 462
20699	2	1	324 471
20700	2	1	324 485
20701	2	1	324 486
20702	2	1	324 488
20703	2	1	325 326
20704	2	1	325 329
20705	2	1	325 333
20706	2	1	325 337
20707	2	1	325 342
20708	2	1	325 353
20709	2	1	325 354
20710	2	1	325 356
20711	2	1	325 380
20712	2	1	325 403
20713	2	1	325 409
20714	2	1	325 445
20715	2	1	325 463
20716	2	1	325 471
20717	2	1	325 488
20718	2	1	325 495
20719	2	1	326 332
20720	2	1	326 359
20721	2	1	326 371
20722	2	1	326 383
20723	2	1	326 412
20724	2	1	326 424
20725	2	1	326 448
20726	2	1	326 450
20727	2	1	326 466
20728	2	1	326 468
20729	2	1	326 475
20730	2	1	326 487
20731	2	1	327 343
20732	2	1	327 353
20733	2	1	327 356
20734	2	1	327 396
20735	2	1	327 413
20736	2	1	327 427
20737	2	1	327 447
20738	2	1	327 450
20739	2	1	327 475
20740	2	1	328 329
20741	2	1	328 333
20742	2	1	328 335
20743	2	1	328 356
20744	2	1	328 369
20745	2	1	328 373
20746	2	1	328 409
20747	2	1	328 416
20748	2	1	328 418
20749	2	1	328 448
20750	2	1	328 467
20751	2	1	329 350
20752	2	1	329 357
20753	2	1	329 359
20754	2	1	329 369
20755	2	1	329 379
20756	2	1	329 398
20757	2	1	329 404
20758	2	1	329 418
20759	2	1	329 427
20760	2	1	329 447
20761	2	1	329 466
20762	2	1	329 470
20763	2	1	329 479
20764	2	1	329 485
20765	2	1	329 495
20766	2	1	330 332
20767	2	1	330 350
20768	2	1	330 351
20769	2	1	330 354
20770	2	1	330 399
20771	2	1	330 429
20772	2	1	330 433
20773	2	1	330 437
20774	2	1	330 446
20775	2	1	330 450
20776	2	1	330 451
20777	2	1	330 480
20778	2	1	330 495
20779	2	1	332 351
20780	2	1	332 367
20781	2	1	332 370
20782	2	1	332 376
20783	2	1	332 399
20784	2	1	332 409
20785	2	1	332 423
20786	2	1	332 452
20787	2	1	332 453
20788	2	1	332 458
20789	2	1	332 460
20790	2	1	332 479
20791	2	1	332 481
20792	2	1	332 485
20793	2	1	332 494
20794	2	1	333 345
20795	2	1	333 346
20796	2	1	333 353
20797	2	1	333 356
20798	2	1	333 364
20799	2	1	333 379
20800	2	1	333 386
20801	2	1	333 389
20802	2	1	333 393
20803	2	1	333 431
20804	2	1	333 448
20805	2	1	333 459
20806	2	1	333 462
20807	2	1	333 466
20808	2	1	333 487
20809	2	1	334 335
20810	2	1	334 349
20811	2	1	334 366
20812	2	1	334 367
20813	2	1	334 368
20814	2	1	334 372
20815	2	1	334 377
20816	2	1	334 379
20817	2	1	334 380
20818	2	1	334 445
20819	2	1	334 475
20820	2	1	334 483
20821	2	1	335 343
20822	2	1	335 344
20823	2	1	335 387
20824	2	1	335 428
20825	2	1	335 445
20826	2	1	335 447
20827	2	1	335 463
20828	2	1	335 464
20829	2	1	335 475
20830	2	1	335 484
20831	2	1	335 497
20832	2	1	337 353
20833	2	1	337 365
20834	2	1	337 370
20835	2	1	337 374
20836	2	1	337 396
20837	2	1	337 397
20838	2	1	337 403
20839	2	1	337 404
20840	2	1	337 413
20841	2	1	337 430
20842	2	1	337 437
20843	2	1	337 462
20844	2	1	338 343
20845	2	1	338 357
20846	2	1	338 366
20847	2	1	338 368
20848	2	1	338 393
20849	2	1	338 394
20850	2	1	338 405
20851	2	1	338 410
20852	2	1	338 411
20853	2	1	338 418
20854	2	1	338 436
20855	2	1	338 462
20856	2	1	338 496
20857	2	1	338 500
20858	2	1	340 359
20859	2	1	340 364
20860	2	1	340 368
20861	2	1	340 386
20862	2	1	340 389
20863	2	1	340 395
20864	2	1	340 396
20865	2	1	340 406
20866	2	1	340 411
20867	2	1	340 417
20868	2	1	340 436
20869	2	1	340 443
20870	2	1	340 444
20871	2	1	340 461
20872	2	1	340 462
20873	2	1	340 476
20874	2	1	340 482
20875	2	1	340 484
20876	2	1	341 343
20877	2	1	341 353
20878	2	1	341 356
20879	2	1	341 372
20880	2	1	341 373
20881	2	1	341 379
20882	2	1	341 411
20883	2	1	341 417
20884	2	1	341 434
20885	2	1	341 451
20886	2	1	341 457
20887	2	1	341 462
20888	2	1	341 465
20889	2	1	341 468
20890	2	1	341 484
20891	2	1	341 489
20892	2	1	342 343
20893	2	1	342 344
20894	2	1	342 349
20895	2	1	342 357
20896	2	1	342 359
20897	2	1	342 371
20898	2	1	342 399
20899	2	1	342 404
20900	2	1	342 424
20901	2	1	342 432
20902	2	1	342 435
20903	2	1	342 445
20904	2	1	342 451
20905	2	1	342 459
20906	2	1	342 471
20907	2	1	342 481
20908	2	1	342 494
20909	2	1	343 347
20910	2	1	343 354
20911	2	1	343 416
20912	2	1	343 424
20913	2	1	343 428
20914	2	1	343 431
20915	2	1	343 448
20916	2	1	343 461
20917	2	1	343 470
20918	2	1	343 477
20919	2	1	343 483
20920	2	1	344 350
20921	2	1	344 361
20922	2	1	344 364
20923	2	1	344 366
20924	2	1	344 399
20925	2	1	344 445
20926	2	1	344 450
20927	2	1	344 469
20928	2	1	344 470
20929	2	1	344 481
20930	2	1	345 347
20931	2	1	345 361
20932	2	1	345 410
20933	2	1	345 411
20934	2	1	345 436
20935	2	1	345 458
20936	2	1	345 464
20937	2	1	345 484
20938	2	1	346 363
20939	2	1	346 377
20940	2	1	346 387
20941	2	1	346 418
20942	2	1	346 424
20943	2	1	346 443
20944	2	1	346 445
20945	2	1	346 450
20946	2	1	346 454
20947	2	1	346 460
20948	2	1	346 468
20949	2	1	346 494
20950	2	1	347 351
20951	2	1	347 363
20952	2	1	347 365
20953	2	1	347 397
20954	2	1	347 399
20955	2	1	347 424
20956	2	1	347 426
20957	2	1	347 429
20958	2	1	347 443
20959	2	1	347 445
20960	2	1	347 446
20961	2	1	347 491
20962	2	1	349 376
20963	2	1	349 378
20964	2	1	349 410
20965	2	1	349 413
20966	2	1	349 424
20967	2	1	349 429
20968	2	1	349 436
20969	2	1	349 452
20970	2	1	349 455
20971	2	1	349 487
20972	2	1	349 489
20973	2	1	349 495
20974	2	1	349 500
20975	2	1	350 413
20976	2	1	350 430
20977	2	1	350 435
20978	2	1	350 458
20979	2	1	350 491
20980	2	1	351 353
20981	2	1	351 357
20982	2	1	351 362
20983	2	1	351 395
20984	2	1	351 398
20985	2	1	351 429
20986	2	1	351 430
20987	2	1	351 432
20988	2	1	351 445
20989	2	1	351 450
20990	2	1	351 458
20991	2	1	351 462
20992	2	1	351 488
20993	2	1	351 497
20994	2	1	353 354
20995	2	1	353 356
20996	2	1	353 365
20997	2	1	353 369
20998	2	1	353 376
20999	2	1	353 411
21000	2	1	353 413
21001	2	1	353 417
21002	2	1	353 426
21003	2	1	353 428
21004	2	1	353 429
21005	2	1	353 433
21006	2	1	353 435
21007	2	1	353 447
21008	2	1	353 453
21009	2	1	353 459
21010	2	1	353 465
21011	2	1	353 469
21012	2	1	353 477
21013	2	1	353 497
21014	2	1	353 500
21015	2	1	354 362
21016	2	1	354 363
21017	2	1	354 376
21018	2	1	354 384
21019	2	1	354 395
21020	2	1	354 403
21021	2	1	354 405
21022	2	1	354 429
21023	2	1	354 453
21024	2	1	354 458
21025	2	1	354 459
21026	2	1	354 481
21027	2	1	354 484
21028	2	1	354 486
21029	2	1	354 489
21030	2	1	354 494
21031	2	1	355 364
21032	2	1	355 367
21033	2	1	355 372
21034	2	1	355 373
21035	2	1	355 385
21036	2	1	355 389
21037	2	1	355 404
21038	2	1	355 430
21039	2	1	355 458
21040	2	1	355 461
21041	2	1	355 483
21042	2	1	356 372
21043	2	1	356 380
21044	2	1	356 384
21045	2	1	356 393
21046	2	1	356 411
21047	2	1	356 417
21048	2	1	356 418
21049	2	1	356 427
21050	2	1	356 435
21051	2	1	356 451
21052	2	1	356 453
21053	2	1	356 464
21054	2	1	356 470
21055	2	1	356 472
21056	2	1	356 480
21057	2	1	357 362
21058	2	1	357 376
21059	2	1	357 379
21060	2	1	357 391
21061	2	1	357 393
21062	2	1	357 395
21063	2	1	357 396
21064	2	1	357 429
21065	2	1	357 432
21066	2	1	357 461
21067	2	1	357 464
21068	2	1	357 470
21069	2	1	357 479
21070	2	1	357 489
21071	2	1	359 364
21072	2	1	359 370
21073	2	1	359 376
21074	2	1	359 397
21075	2	1	359 406
21076	2	1	359 418
21077	2	1	359 422
21078	2	1	359 450
21079	2	1	359 453
21080	2	1	359 455
21081	2	1	361 372
21082	2	1	361 411
21083	2	1	361 412
21084	2	1	361 417
21085	2	1	361 447
21086	2	1	361 451
21087	2	1	361 457
21088	2	1	361 472
21089	2	1	362 365
21090	2	1	362 374
21091	2	1	362 385
21092	2	1	362 391
21093	2	1	362 393
21094	2	1	362 396
21095	2	1	362 405
21096	2	1	362 432
21097	2	1	362 446
21098	2	1	362 457
21099	2	1	362 467
21100	2	1	362 476
21101	2	1	363 364
21102	2	1	363 394
21103	2	1	363 410
21104	2	1	363 426
21105	2	1	363 479
21106	2	1	363 484
21107	2	1	364 372
21108	2	1	364 373
21109	2	1	364 376
21110	2	1	364 378
21111	2	1	364 380
21112	2	1	364 396
21113	2	1	364 409
21114	2	1	364 430
21115	2	1	364 446
21116	2	1	364 447
21117	2	1	364 462
21118	2	1	364 468
21119	2	1	364 475
21120	2	1	364 482
21121	2	1	365 396
21122	2	1	365 397
21123	2	1	365 403
21124	2	1	365 412
21125	2	1	365 449
21126	2	1	365 458
21127	2	1	365 485
21128	2	1	365 491
21129	2	1	366 368
21130	2	1	366 369
21131	2	1	366 383
21132	2	1	366 427
21133	2	1	366 434
21134	2	1	366 436
21135	2	1	366 450
21136	2	1	366 451
21137	2	1	366 462
21138	2	1	366 465
21139	2	1	366 468
21140	2	1	366 481
21141	2	1	366 486
21142	2	1	366 497
21143	2	1	367 373
21144	2	1	367 384
21145	2	1	367 393
21146	2	1	367 396
21147	2	1	367 437
21148	2	1	367 439
21149	2	1	367 453
21150	2	1	367 471
21151	2	1	367 481
21152	2	1	367 494
21153	2	1	367 495
21154	2	1	368 377
21155	2	1	368 378
21156	2	1	368 387
21157	2	1	368 391
21158	2	1	368 417
21159	2	1	368 426
21160	2	1	368 435
21161	2	1	368 441
21162	2	1	368 452
21163	2	1	368 477
21164	2	1	369 372
21165	2	1	369 374
21166	2	1	369 384
21167	2	1	369 417
21168	2	1	369 418
21169	2	1	369 426
21170	2	1	369 437
21171	2	1	369 448
21172	2	1	369 455
21173	2	1	369 466
21174	2	1	369 482
21175	2	1	370 378
21176	2	1	370 391
21177	2	1	370 395
21178	2	1	370 399
21179	2	1	370 406
21180	2	1	370 409
21181	2	1	370 416
21182	2	1	370 418
21183	2	1	370 453
21184	2	1	370 465
21185	2	1	370 470
21186	2	1	370 472
21187	2	1	370 482
21188	2	1	371 383
21189	2	1	371 406
21190	2	1	371 411
21191	2	1	371 422
21192	2	1	371 432
21193	2	1	371 443
21194	2	1	371 444
21195	2	1	371 449
21196	2	1	371 451
21197	2	1	371 455
21198	2	1	371 462
21199	2	1	371 469
21200	2	1	371 486
21201	2	1	372 420
21202	2	1	372 423
21203	2	1	372 435
21204	2	1	372 444
21205	2	1	372 457
21206	2	1	372 458
21207	2	1	372 470
21208	2	1	372 480
21209	2	1	372 486
21210	2	1	372 489
21211	2	1	373 386
21212	2	1	373 395
21213	2	1	373 399
21214	2	1	373 405
21215	2	1	373 431
21216	2	1	373 459
21217	2	1	373 462
21218	2	1	373 473
21219	2	1	373 491
21220	2	1	374 376
21221	2	1	374 386
21222	2	1	374 420
21223	2	1	374 422
21224	2	1	374 455
21225	2	1	374 462
21226	2	1	374 470
21227	2	1	374 483
21228	2	1	374 487
21229	2	1	376 378
21230	2	1	376 386
21231	2	1	376 412
21232	2	1	376 423
21233	2	1	376 435
21234	2	1	376 444
21235	2	1	376 458
21236	2	1	376 459
21237	2	1	376 480
21238	2	1	377 387
21239	2	1	377 404
21240	2	1	377 411
21241	2	1	377 436
21242	2	1	377 440
21243	2	1	377 444
21244	2	1	377 445
21245	2	1	377 451
21246	2	1	378 389
21247	2	1	378 395
21248	2	1	378 411
21249	2	1	378 413
21250	2	1	378 427
21251	2	1	378 439
21252	2	1	378 462
21253	2	1	378 471
21254	2	1	378 477
21255	2	1	378 479
21256	2	1	379 395
21257	2	1	379 410
21258	2	1	379 430
21259	2	1	379 448
21260	2	1	379 450
21261	2	1	379 458
21262	2	1	379 460
21263	2	1	379 469
21264	2	1	380 384
21265	2	1	380 389
21266	2	1	380 398
21267	2	1	380 400
21268	2	1	380 411
21269	2	1	380 429
21270	2	1	380 447
21271	2	1	380 457
21272	2	1	380 460
21273	2	1	380 464
21274	2	1	380 476
21275	2	1	380 481
21276	2	1	380 483
21277	2	1	380 489
21278	2	1	383 385
21279	2	1	383 393
21280	2	1	383 404
21281	2	1	383 413
21282	2	1	383 416
21283	2	1	383 436
21284	2	1	383 439
21285	2	1	383 465
21286	2	1	383 468
21287	2	1	383 469
21288	2	1	383 473
21289	2	1	384 386
21290	2	1	384 396
21291	2	1	384 424
21292	2	1	384 426
21293	2	1	384 428
21294	2	1	384 430
21295	2	1	384 434
21296	2	1	384 441
21297	2	1	384 452
21298	2	1	384 459
21299	2	1	384 483
21300	2	1	384 494
21301	2	1	385 386
21302	2	1	385 423
21303	2	1	385 429
21304	2	1	385 440
21305	2	1	385 446
21306	2	1	385 452
21307	2	1	385 453
21308	2	1	386 394
21309	2	1	386 406
21310	2	1	386 410
21311	2	1	386 413
21312	2	1	386 418
21313	2	1	386 423
21314	2	1	386 426
21315	2	1	386 431
21316	2	1	386 457
21317	2	1	386 461
21318	2	1	386 477
21319	2	1	387 400
21320	2	1	387 404
21321	2	1	387 432
21322	2	1	387 435
21323	2	1	387 473
21324	2	1	387 475
21325	2	1	387 489
21326	2	1	389 426
21327	2	1	389 446
21328	2	1	389 454
21329	2	1	389 457
21330	2	1	389 461
21331	2	1	389 464
21332	2	1	389 476
21333	2	1	389 494
21334	2	1	391 416
21335	2	1	391 417
21336	2	1	391 424
21337	2	1	391 455
21338	2	1	393 424
21339	2	1	393 450
21340	2	1	393 458
21341	2	1	393 476
21342	2	1	393 481
21343	2	1	393 500
21344	2	1	394 417
21345	2	1	394 424
21346	2	1	394 430
21347	2	1	394 431
21348	2	1	394 432
21349	2	1	394 475
21350	2	1	395 412
21351	2	1	395 428
21352	2	1	395 469
21353	2	1	395 475
21354	2	1	395 479
21355	2	1	395 481
21356	2	1	395 483
21357	2	1	395 487
21358	2	1	396 398
21359	2	1	396 416
21360	2	1	396 440
21361	2	1	396 444
21362	2	1	396 447
21363	2	1	396 448
21364	2	1	396 452
21365	2	1	396 467
21366	2	1	396 483
21367	2	1	396 496
21368	2	1	397 400
21369	2	1	397 424
21370	2	1	397 432
21371	2	1	397 439
21372	2	1	397 472
21373	2	1	397 476
21374	2	1	398 411
21375	2	1	398 434
21376	2	1	398 470
21377	2	1	398 471
21378	2	1	399 403
21379	2	1	399 412
21380	2	1	399 430
21381	2	1	399 432
21382	2	1	399 448
21383	2	1	399 468
21384	2	1	399 491
21385	2	1	399 497
21386	2	1	400 416
21387	2	1	400 417
21388	2	1	400 426
21389	2	1	400 427
21390	2	1	400 461
21391	2	1	400 471
21392	2	1	400 479
21393	2	1	400 488
21394	2	1	400 494
21395	2	1	403 405
21396	2	1	403 430
21397	2	1	403 451
21398	2	1	403 461
21399	2	1	403 465
21400	2	1	403 479
21401	2	1	403 487
21402	2	1	403 500
21403	2	1	404 409
21404	2	1	404 412
21405	2	1	404 426
21406	2	1	404 427
21407	2	1	404 430
21408	2	1	404 433
21409	2	1	404 445
21410	2	1	404 475
21411	2	1	404 500
21412	2	1	405 410
21413	2	1	405 430
21414	2	1	405 432
21415	2	1	405 443
21416	2	1	405 464
21417	2	1	405 466
21418	2	1	405 480
21419	2	1	405 481
21420	2	1	405 485
21421	2	1	405 500
21422	2	1	406 416
21423	2	1	406 423
21424	2	1	406 424
21425	2	1	406 428
21426	2	1	406 446
21427	2	1	406 451
21428	2	1	406 471
21429	2	1	406 476
21430	2	1	409 411
21431	2	1	409 417
21432	2	1	409 423
21433	2	1	409 432
21434	2	1	409 434
21435	2	1	409 437
21436	2	1	409 439
21437	2	1	409 451
21438	2	1	409 454
21439	2	1	409 463
21440	2	1	409 479
21441	2	1	409 482
21442	2	1	409 484
21443	2	1	409 485
21444	2	1	410 420
21445	2	1	410 427
21446	2	1	410 447
21447	2	1	410 459
21448	2	1	411 422
21449	2	1	411 423
21450	2	1	411 433
21451	2	1	411 452
21452	2	1	411 457
21453	2	1	411 470
21454	2	1	411 472
21455	2	1	411 477
21456	2	1	412 433
21457	2	1	412 440
21458	2	1	412 447
21459	2	1	412 448
21460	2	1	412 476
21461	2	1	412 479
21462	2	1	412 496
21463	2	1	413 416
21464	2	1	413 434
21465	2	1	413 470
21466	2	1	413 475
21467	2	1	413 480
21468	2	1	413 487
21469	2	1	413 494
21470	2	1	413 496
21471	2	1	416 434
21472	2	1	416 475
21473	2	1	416 476
21474	2	1	416 489
21475	2	1	417 432
21476	2	1	417 434
21477	2	1	417 439
21478	2	1	417 448
21479	2	1	417 459
21480	2	1	417 466
21481	2	1	417 472
21482	2	1	417 480
21483	2	1	418 430
21484	2	1	418 440
21485	2	1	418 453
21486	2	1	418 457
21487	2	1	418 467
21488	2	1	418 468
21489	2	1	418 469
21490	2	1	418 471
21491	2	1	418 482
21492	2	1	418 483
21493	2	1	418 487
21494	2	1	418 491
21495	2	1	418 494
21496	2	1	420 439
21497	2	1	420 445
21498	2	1	420 468
21499	2	1	420 471
21500	2	1	422 423
21501	2	1	422 434
21502	2	1	422 437
21503	2	1	422 449
21504	2	1	422 452
21505	2	1	423 428
21506	2	1	423 435
21507	2	1	423 455
21508	2	1	423 463
21509	2	1	423 466
21510	2	1	423 476
21511	2	1	423 489
21512	2	1	424 436
21513	2	1	424 464
21514	2	1	424 472
21515	2	1	424 477
21516	2	1	424 489
21517	2	1	426 437
21518	2	1	426 440
21519	2	1	426 451
21520	2	1	426 454
21521	2	1	426 466
21522	2	1	426 467
21523	2	1	426 471
21524	2	1	427 430
21525	2	1	427 437
21526	2	1	427 446
21527	2	1	427 448
21528	2	1	427 451
21529	2	1	427 453
21530	2	1	427 488
21531	2	1	427 497
21532	2	1	428 444
21533	2	1	428 446
21534	2	1	428 461
21535	2	1	428 463
21536	2	1	429 434
21537	2	1	429 444
21538	2	1	429 450
21539	2	1	429 458
21540	2	1	429 488
21541	2	1	430 453
21542	2	1	430 479
21543	2	1	430 484
21544	2	1	430 500
21545	2	1	431 435
21546	2	1	431 448
21547	2	1	431 462
21548	2	1	432 458
21549	2	1	432 469
21550	2	1	432 496
21551	2	1	433 437
21552	2	1	433 455
21553	2	1	433 468
21554	2	1	433 491
21555	2	1	434 445
21556	2	1	434 455
21557	2	1	434 470
21558	2	1	435 441
21559	2	1	435 451
21560	2	1	435 461
21561	2	1	435 484
21562	2	1	436 446
21563	2	1	436 459
21564	2	1	436 484
21565	2	1	436 491
21566	2	1	436 496
21567	2	1	437 439
21568	2	1	437 441
21569	2	1	437 451
21570	2	1	437 461
21571	2	1	437 462
21572	2	1	437 477
21573	2	1	437 495
21574	2	1	439 444
21575	2	1	439 452
21576	2	1	439 453
21577	2	1	439 481
21578	2	1	439 484
21579	2	1	440 444
21580	2	1	440 446
21581	2	1	440 447
21582	2	1	440 455
21583	2	1	440 467
21584	2	1	440 470
21585	2	1	440 477
21586	2	1	440 488
21587	2	1	441 447
21588	2	1	441 451
21589	2	1	441 467
21590	2	1	441 473
21591	2	1	441 491
21592	2	1	443 477
21593	2	1	443 481
21594	2	1	444 448
21595	2	1	444 466
21596	2	1	444 486
21597	2	1	445 470
21598	2	1	445 471
21599	2	1	445 473
21600	2	1	445 477
21601	2	1	445 479
21602	2	1	445 482
21603	2	1	446 447
21604	2	1	446 452
21605	2	1	446 455
21606	2	1	446 463
21607	2	1	446 471
21608	2	1	447 448
21609	2	1	447 454
21610	2	1	447 458
21611	2	1	447 480
21612	2	1	447 485
21613	2	1	447 494
21614	2	1	447 495
21615	2	1	448 465
21616	2	1	449 460
21617	2	1	449 469
21618	2	1	449 497
21619	2	1	449 500
21620	2	1	450 481
21621	2	1	450 483
21622	2	1	450 487
21623	2	1	450 500
21624	2	1	451 457
21625	2	1	451 464
21626	2	1	451 469
21627	2	1	451 481
21628	2	1	452 457
21629	2	1	452 477
21630	2	1	452 482
21631	2	1	452 494
21632	2	1	452 500
21633	2	1	453 454
21634	2	1	453 486
21635	2	1	453 489
21636	2	1	454 460
21637	2	1	455 463
21638	2	1	455 467
21639	2	1	457 458
21640	2	1	457 466
21641	2	1	457 467
21642	2	1	458 463
21643	2	1	458 476
21644	2	1	458 482
21645	2	1	458 483
21646	2	1	459 462
21647	2	1	459 473
21648	2	1	459 484
21649	2	1	459 487
21650	2	1	459 495
21651	2	1	460 461
21652	2	1	460 468
21653	2	1	460 482
21654	2	1	460 494
21655	2	1	461 465
21656	2	1	461 469
21657	2	1	461 476
21658	2	1	461 484
21659	2	1	461 488
21660	2	1	462 467
21661	2	1	462 476
21662	2	1	462 488
21663	2	1	462 494
21664	2	1	463 467
21665	2	1	463 486
21666	2	1	463 487
21667	2	1	464 465
21668	2	1	464 466
21669	2	1	464 469
21670	2	1	464 477
21671	2	1	464 484
21672	2	1	464 489
21673	2	1	465 470
21674	2	1	465 487
21675	2	1	465 496
21676	2	1	466 470
21677	2	1	466 475
21678	2	1	467 482
21679	2	1	467 487
21680	2	1	467 495
21681	2	1	467 500
21682	2	1	468 469
21683	2	1	468 475
21684	2	1	468 485
21685	2	1	469 471
21686	2	1	469 472
21687	2	1	469 484
21688	2	1	469 491
21689	2	1	469 494
21690	2	1	470 477
21691	2	1	470 480
21692	2	1	470 497
21693	2	1	470 500
21694	2	1	471 476
21695	2	1	471 477
21696	2	1	472 481
21697	2	1	472 495
21698	2	1	473 476
21699	2	1	475 479
21700	2	1	475 486
21701	2	1	475 491
21702	2	1	476 477
21703	2	1	476 480
21704	2	1	476 487
21705	2	1	476 488
21706	2	1	476 496
21707	2	1	477 479
21708	2	1	477 480
21709	2	1	477 483
21710	2	1	477 485
21711	2	1	479 485
21712	2	1	479 497
21713	2	1	480 489
21714	2	1	480 496
21715	2	1	482 484
21716	2	1	482 497
21717	2	1	486 491
21718	2	1	486 497
21719	2	1	487 491
21720	2	1	488 497
