column_id	size	score	vertices
0	4	251001	1 33 141 186
1	4	251001	1 51 346 494
2	4	251001	1 62 72 92
3	4	251001	1 62 92 323
4	4	251001	1 68 186 237
5	4	251001	1 68 237 244
6	4	251001	1 148 237 387
7	4	251001	1 181 237 405
8	4	251001	1 186 236 237
9	4	251001	1 236 237 387
10	4	251001	1 237 244 387
11	4	251001	1 237 394 417
12	4	251001	1 244 313 431
13	4	251001	1 244 323 337
14	4	251001	1 244 377 387
15	4	251001	1 258 394 431
16	4	251001	1 346 377 387
17	4	251001	2 7 33 294
18	4	251001	2 7 68 94
19	4	251001	2 7 94 294
20	4	251001	2 7 294 463
21	4	251001	2 33 192 294
22	4	251001	2 33 192 473
23	4	251001	2 33 304 473
24	4	251001	2 53 330 332
25	4	251001	2 114 166 397
26	4	251001	2 114 192 302
27	4	251001	2 119 187 362
28	4	251001	2 119 187 400
29	4	251001	2 122 156 167
30	4	251001	2 122 192 294
31	4	251001	2 122 369 426
32	4	251001	2 156 167 284
33	4	251001	2 156 181 473
34	4	251001	2 156 291 404
35	4	251001	2 181 192 473
36	4	251001	2 181 237 467
37	4	251001	2 181 304 473
38	4	251001	2 187 362 374
39	4	251001	2 192 302 428
40	4	251001	2 284 369 374
41	4	251001	2 291 362 446
42	4	251001	2 302 428 463
43	4	251001	2 332 425 452
44	4	251001	2 428 446 463
45	4	251001	3 10 275 279
46	4	251001	3 10 353 453
47	4	251001	3 10 385 453
48	4	251001	3 29 37 385
49	4	251001	3 32 349 388
50	4	251001	3 32 388 419
51	4	251001	3 37 44 497
52	4	251001	3 37 166 385
53	4	251001	3 37 245 497
54	4	251001	3 37 385 453
55	4	251001	3 44 89 462
56	4	251001	3 69 166 349
57	4	251001	3 130 245 497
58	4	251001	3 143 349 388
59	4	251001	3 169 342 435
60	4	251001	3 225 275 345
61	4	251001	3 279 397 472
62	4	251001	3 388 416 419
63	4	251001	3 397 419 472
64	4	251001	4 92 101 149
65	4	251001	4 92 149 367
66	4	251001	4 94 183 385
67	4	251001	4 100 346 387
68	4	251001	4 101 124 320
69	4	251001	4 101 183 320
70	4	251001	4 101 183 404
71	4	251001	4 149 350 491
72	4	251001	4 183 276 320
73	4	251001	4 183 320 385
74	4	251001	4 183 346 387
75	4	251001	4 183 387 404
76	4	251001	4 234 320 466
77	4	251001	4 234 367 442
78	4	251001	4 242 297 466
79	4	251001	4 276 297 300
80	4	251001	4 276 367 453
81	4	251001	4 320 333 466
82	4	251001	5 30 170 410
83	4	251001	5 33 172 432
84	4	251001	5 33 286 410
85	4	251001	5 33 286 432
86	4	251001	5 35 77 112
87	4	251001	5 35 183 440
88	4	251001	5 53 172 440
89	4	251001	5 53 183 440
90	4	251001	5 53 236 440
91	4	251001	5 103 245 288
92	4	251001	5 112 341 373
93	4	251001	5 112 364 373
94	4	251001	5 160 236 440
95	4	251001	5 170 286 410
96	4	251001	5 172 341 373
97	4	251001	5 189 251 341
98	4	251001	5 204 222 286
99	4	251001	6 16 157 394
100	4	251001	6 32 308 314
101	4	251001	6 98 281 380
102	4	251001	6 104 192 302
103	4	251001	6 104 192 389
104	4	251001	6 157 161 314
105	4	251001	6 157 310 314
106	4	251001	6 190 281 380
107	4	251001	6 190 380 398
108	4	251001	6 192 314 389
109	4	251001	7 57 149 240
110	4	251001	7 57 216 439
111	4	251001	7 57 216 488
112	4	251001	7 57 240 329
113	4	251001	7 68 94 120
114	4	251001	7 83 116 486
115	4	251001	7 88 163 298
116	4	251001	7 92 149 367
117	4	251001	7 94 171 385
118	4	251001	7 94 243 385
119	4	251001	7 94 294 298
120	4	251001	7 106 163 298
121	4	251001	7 171 385 440
122	4	251001	7 171 440 447
123	4	251001	7 197 321 367
124	4	251001	7 212 216 486
125	4	251001	7 212 463 486
126	4	251001	7 232 329 485
127	4	251001	7 329 447 485
128	4	251001	7 367 439 453
129	4	251001	8 65 97 372
130	4	251001	9 22 158 212
131	4	251001	9 22 353 413
132	4	251001	9 32 81 231
133	4	251001	9 32 81 259
134	4	251001	9 32 259 494
135	4	251001	9 32 413 494
136	4	251001	9 45 81 90
137	4	251001	9 45 81 259
138	4	251001	9 45 90 134
139	4	251001	9 90 134 419
140	4	251001	9 142 353 429
141	4	251001	9 269 322 445
142	4	251001	10 22 400 479
143	4	251001	10 102 400 479
144	4	251001	10 128 209 321
145	4	251001	10 128 279 321
146	4	251001	10 162 169 400
147	4	251001	10 233 353 465
148	4	251001	11 12 158 212
149	4	251001	11 12 412 476
150	4	251001	11 38 163 174
151	4	251001	11 56 105 138
152	4	251001	11 56 138 187
153	4	251001	11 84 244 436
154	4	251001	11 84 244 447
155	4	251001	11 84 412 447
156	4	251001	11 104 361 472
157	4	251001	11 104 436 459
158	4	251001	11 105 371 442
159	4	251001	11 105 442 476
160	4	251001	11 161 253 337
161	4	251001	11 163 174 298
162	4	251001	11 174 296 442
163	4	251001	11 212 342 371
164	4	251001	11 244 253 337
165	4	251001	11 244 253 439
166	4	251001	11 244 323 337
167	4	251001	11 244 323 455
168	4	251001	11 253 298 439
169	4	251001	11 271 371 411
170	4	251001	11 271 412 476
171	4	251001	11 361 411 472
172	4	251001	11 361 412 447
173	4	251001	11 412 442 476
174	4	251001	12 53 82 158
175	4	251001	12 53 158 319
176	4	251001	12 53 319 483
177	4	251001	12 57 59 236
178	4	251001	12 57 116 234
179	4	251001	12 57 149 240
180	4	251001	12 59 349 376
181	4	251001	12 158 212 325
182	4	251001	12 305 376 412
183	4	251001	13 75 221 267
184	4	251001	13 221 236 264
185	4	251001	13 221 264 299
186	4	251001	13 221 264 418
187	4	251001	13 221 267 299
188	4	251001	13 221 267 418
189	4	251001	13 267 289 299
190	4	251001	15 44 425 439
191	4	251001	15 47 296 462
192	4	251001	15 77 122 335
193	4	251001	15 77 122 439
194	4	251001	15 77 249 335
195	4	251001	15 77 328 335
196	4	251001	15 122 425 439
197	4	251001	15 176 219 349
198	4	251001	15 176 253 325
199	4	251001	15 185 328 335
200	4	251001	15 185 335 343
201	4	251001	15 185 335 388
202	4	251001	15 185 335 497
203	4	251001	15 185 351 497
204	4	251001	15 249 253 343
205	4	251001	15 249 253 351
206	4	251001	15 249 335 343
207	4	251001	16 34 86 106
208	4	251001	16 42 177 454
209	4	251001	16 42 316 495
210	4	251001	16 47 68 411
211	4	251001	16 47 124 239
212	4	251001	16 57 116 234
213	4	251001	16 116 234 442
214	4	251001	16 177 188 337
215	4	251001	16 177 426 454
216	4	251001	16 272 311 317
217	4	251001	16 272 317 447
218	4	251001	16 272 447 454
219	4	251001	16 389 426 442
220	4	251001	16 389 426 454
221	4	251001	17 18 248 497
222	4	251001	17 20 278 404
223	4	251001	17 36 171 304
224	4	251001	17 60 86 319
225	4	251001	17 130 216 497
226	4	251001	17 171 292 449
227	4	251001	17 175 219 449
228	4	251001	18 31 249 399
229	4	251001	18 112 289 344
230	4	251001	18 206 349 376
231	4	251001	18 206 349 495
232	4	251001	18 249 281 454
233	4	251001	18 258 287 297
234	4	251001	18 287 297 495
235	4	251001	18 287 344 399
236	4	251001	19 29 287 312
237	4	251001	19 62 303 369
238	4	251001	19 62 303 484
239	4	251001	19 62 439 484
240	4	251001	19 79 159 437
241	4	251001	19 98 357 432
242	4	251001	19 98 405 432
243	4	251001	19 98 406 416
244	4	251001	19 123 292 369
245	4	251001	19 124 204 497
246	4	251001	19 140 248 310
247	4	251001	19 145 159 369
248	4	251001	19 159 324 432
249	4	251001	19 159 369 437
250	4	251001	19 161 292 370
251	4	251001	19 248 272 324
252	4	251001	19 248 287 324
253	4	251001	19 248 310 437
254	4	251001	19 272 324 370
255	4	251001	19 370 406 416
256	4	251001	19 406 416 476
257	4	251001	20 25 291 423
258	4	251001	20 91 244 278
259	4	251001	20 91 278 333
260	4	251001	20 91 333 425
261	4	251001	20 93 333 346
262	4	251001	20 99 157 423
263	4	251001	20 141 142 399
264	4	251001	20 155 291 372
265	4	251001	20 244 278 287
266	4	251001	20 244 287 399
267	4	251001	20 251 271 278
268	4	251001	20 291 372 423
269	4	251001	20 372 425 458
270	4	251001	22 62 349 378
271	4	251001	22 62 378 479
272	4	251001	22 62 400 479
273	4	251001	22 105 422 423
274	4	251001	22 130 216 400
275	4	251001	22 216 353 413
276	4	251001	22 349 378 413
277	4	251001	23 38 297 302
278	4	251001	23 38 297 326
279	4	251001	23 63 76 155
280	4	251001	23 63 76 458
281	4	251001	23 63 155 162
282	4	251001	23 63 155 326
283	4	251001	23 76 351 458
284	4	251001	23 135 160 428
285	4	251001	23 160 377 444
286	4	251001	23 160 428 444
287	4	251001	23 162 310 410
288	4	251001	23 297 302 428
289	4	251001	23 310 410 459
290	4	251001	24 93 365 396
291	4	251001	24 180 418 430
292	4	251001	24 260 418 430
293	4	251001	24 304 393 458
294	4	251001	25 43 212 388
295	4	251001	25 47 61 462
296	4	251001	25 47 129 462
297	4	251001	25 47 296 462
298	4	251001	25 233 291 465
299	4	251001	25 233 409 437
300	4	251001	25 406 423 428
301	4	251001	25 406 428 446
302	4	251001	26 57 75 158
303	4	251001	26 57 75 355
304	4	251001	26 57 240 263
305	4	251001	26 75 139 355
306	4	251001	26 75 183 387
307	4	251001	26 139 251 355
308	4	251001	26 183 387 400
309	4	251001	26 219 240 486
310	4	251001	26 237 295 312
311	4	251001	28 71 282 485
312	4	251001	28 257 292 311
313	4	251001	28 257 292 423
314	4	251001	28 257 311 327
315	4	251001	28 258 297 450
316	4	251001	28 258 327 450
317	4	251001	28 282 328 335
318	4	251001	28 297 300 326
319	4	251001	28 297 326 450
320	4	251001	28 297 326 466
321	4	251001	28 311 383 416
322	4	251001	29 186 237 359
323	4	251001	29 237 312 359
324	4	251001	30 116 260 397
325	4	251001	30 124 174 225
326	4	251001	30 124 207 225
327	4	251001	30 149 322 357
328	4	251001	30 193 397 472
329	4	251001	30 287 397 472
330	4	251001	31 38 140 397
331	4	251001	31 38 397 424
332	4	251001	31 46 353 435
333	4	251001	31 98 353 426
334	4	251001	31 140 249 391
335	4	251001	31 140 249 426
336	4	251001	31 188 208 500
337	4	251001	31 208 209 376
338	4	251001	31 353 376 435
339	4	251001	31 376 423 435
340	4	251001	32 64 324 419
341	4	251001	32 81 128 231
342	4	251001	32 88 349 500
343	4	251001	32 159 189 500
344	4	251001	32 159 324 419
345	4	251001	32 303 316 427
346	4	251001	32 303 316 495
347	4	251001	32 303 399 430
348	4	251001	32 303 427 430
349	4	251001	32 324 419 430
350	4	251001	32 337 419 430
351	4	251001	32 388 419 425
352	4	251001	32 388 425 427
353	4	251001	32 419 425 430
354	4	251001	32 425 427 430
355	4	251001	33 48 153 211
356	4	251001	33 59 101 261
357	4	251001	33 59 137 261
358	4	251001	33 59 137 484
359	4	251001	33 59 409 484
360	4	251001	33 69 172 246
361	4	251001	33 101 261 465
362	4	251001	33 136 186 465
363	4	251001	33 141 186 465
364	4	251001	33 141 389 457
365	4	251001	33 208 261 473
366	4	251001	33 211 409 411
367	4	251001	34 107 134 386
368	4	251001	34 109 261 480
369	4	251001	34 159 260 489
370	4	251001	34 170 423 489
371	4	251001	34 208 409 437
372	4	251001	34 332 409 423
373	4	251001	34 372 423 489
374	4	251001	34 372 480 489
375	4	251001	35 77 112 448
376	4	251001	36 52 126 489
377	4	251001	36 52 135 274
378	4	251001	36 52 237 295
379	4	251001	36 126 153 363
380	4	251001	36 126 153 489
381	4	251001	36 153 156 337
382	4	251001	36 240 329 495
383	4	251001	36 286 386 410
384	4	251001	37 44 248 497
385	4	251001	37 161 217 224
386	4	251001	37 263 449 500
387	4	251001	37 278 351 497
388	4	251001	37 281 449 500
389	4	251001	38 139 297 430
390	4	251001	38 253 397 424
391	4	251001	38 397 424 472
392	4	251001	40 41 89 201
393	4	251001	40 41 201 485
394	4	251001	40 89 274 291
395	4	251001	40 233 291 391
396	4	251001	41 43 152 281
397	4	251001	41 66 201 485
398	4	251001	41 281 324 485
399	4	251001	41 281 324 486
400	4	251001	42 50 405 443
401	4	251001	42 105 437 495
402	4	251001	42 120 368 387
403	4	251001	42 160 444 486
404	4	251001	42 175 283 326
405	4	251001	43 106 277 397
406	4	251001	43 138 238 351
407	4	251001	43 140 434 455
408	4	251001	43 277 366 434
409	4	251001	43 293 434 455
410	4	251001	43 412 476 496
411	4	251001	44 302 328 329
412	4	251001	44 337 437 462
413	4	251001	45 49 51 367
414	4	251001	45 49 51 443
415	4	251001	45 49 228 443
416	4	251001	45 49 332 367
417	4	251001	45 51 90 162
418	4	251001	45 81 259 332
419	4	251001	45 89 206 251
420	4	251001	45 90 162 232
421	4	251001	45 91 128 272
422	4	251001	45 91 383 468
423	4	251001	45 99 134 148
424	4	251001	45 99 148 367
425	4	251001	45 99 148 383
426	4	251001	45 232 266 409
427	4	251001	45 256 445 482
428	4	251001	45 259 332 367
429	4	251001	45 266 332 409
430	4	251001	45 366 383 468
431	4	251001	46 66 405 485
432	4	251001	46 83 116 342
433	4	251001	46 83 116 486
434	4	251001	46 83 342 435
435	4	251001	46 89 162 281
436	4	251001	46 104 116 406
437	4	251001	46 104 242 459
438	4	251001	46 116 170 342
439	4	251001	46 162 281 485
440	4	251001	46 170 342 445
441	4	251001	47 56 76 129
442	4	251001	47 61 326 448
443	4	251001	47 64 412 448
444	4	251001	47 70 103 367
445	4	251001	47 76 129 355
446	4	251001	47 76 139 355
447	4	251001	47 103 109 318
448	4	251001	47 103 218 318
449	4	251001	47 139 209 462
450	4	251001	47 326 412 448
451	4	251001	48 79 116 430
452	4	251001	48 96 240 430
453	4	251001	48 148 240 430
454	4	251001	48 153 157 251
455	4	251001	48 153 211 251
456	4	251001	48 176 219 486
457	4	251001	48 219 240 486
458	4	251001	48 242 445 479
459	4	251001	49 51 346 443
460	4	251001	49 51 367 384
461	4	251001	49 78 346 443
462	4	251001	49 258 429 488
463	4	251001	50 70 75 139
464	4	251001	50 70 75 286
465	4	251001	50 138 287 489
466	4	251001	50 143 285 429
467	4	251001	50 261 285 411
468	4	251001	50 279 321 405
469	4	251001	51 367 384 494
470	4	251001	52 126 129 285
471	4	251001	52 126 129 489
472	4	251001	52 130 237 242
473	4	251001	52 142 295 301
474	4	251001	52 217 237 295
475	4	251001	52 237 295 301
476	4	251001	52 368 452 477
477	4	251001	53 149 239 491
478	4	251001	53 158 218 430
479	4	251001	53 172 313 315
480	4	251001	53 183 422 423
481	4	251001	54 92 367 384
482	4	251001	54 126 282 341
483	4	251001	54 126 341 489
484	4	251001	54 189 251 341
485	4	251001	54 367 384 494
486	4	251001	54 384 452 494
487	4	251001	55 378 442 479
488	4	251001	56 63 98 169
489	4	251001	56 76 129 481
490	4	251001	56 76 217 481
491	4	251001	56 88 201 363
492	4	251001	56 98 169 295
493	4	251001	56 129 169 295
494	4	251001	56 129 169 481
495	4	251001	56 138 187 340
496	4	251001	56 138 187 441
497	4	251001	56 169 180 481
498	4	251001	56 169 344 481
499	4	251001	56 217 344 481
500	4	251001	56 301 344 481
501	4	251001	57 132 282 445
502	4	251001	57 162 310 481
503	4	251001	57 216 371 432
504	4	251001	57 236 445 471
505	4	251001	57 240 282 310
506	4	251001	59 74 83 221
507	4	251001	59 83 136 365
508	4	251001	59 83 337 365
509	4	251001	59 83 349 376
510	4	251001	59 99 297 496
511	4	251001	59 101 106 308
512	4	251001	59 101 145 238
513	4	251001	59 101 238 243
514	4	251001	59 101 243 261
515	4	251001	59 101 261 480
516	4	251001	59 109 243 261
517	4	251001	59 109 261 480
518	4	251001	59 137 261 313
519	4	251001	59 145 238 496
520	4	251001	59 337 365 403
521	4	251001	60 64 172 313
522	4	251001	60 66 95 319
523	4	251001	60 66 95 333
524	4	251001	60 66 95 446
525	4	251001	60 66 187 333
526	4	251001	60 66 221 319
527	4	251001	60 76 129 369
528	4	251001	60 86 106 319
529	4	251001	60 86 313 488
530	4	251001	60 104 302 313
531	4	251001	60 141 185 187
532	4	251001	60 185 328 369
533	4	251001	60 328 369 418
534	4	251001	61 128 298 344
535	4	251001	61 260 374 422
536	4	251001	62 72 92 149
537	4	251001	62 72 92 354
538	4	251001	62 72 149 479
539	4	251001	62 72 354 362
540	4	251001	62 102 400 479
541	4	251001	62 163 378 479
542	4	251001	62 166 340 484
543	4	251001	62 202 318 362
544	4	251001	62 264 419 425
545	4	251001	62 318 340 484
546	4	251001	63 76 365 458
547	4	251001	63 100 148 458
548	4	251001	63 296 308 467
549	4	251001	64 135 412 433
550	4	251001	64 181 304 473
551	4	251001	64 182 370 482
552	4	251001	64 202 296 327
553	4	251001	64 202 296 439
554	4	251001	64 202 333 448
555	4	251001	64 212 303 484
556	4	251001	65 88 267 372
557	4	251001	65 97 372 489
558	4	251001	65 97 455 467
559	4	251001	65 192 227 305
560	4	251001	65 211 324 380
561	4	251001	65 263 324 457
562	4	251001	65 324 380 457
563	4	251001	66 91 221 406
564	4	251001	66 91 325 333
565	4	251001	66 152 405 443
566	4	251001	66 180 221 236
567	4	251001	66 180 221 485
568	4	251001	66 187 232 429
569	4	251001	66 201 405 485
570	4	251001	66 209 221 319
571	4	251001	66 243 296 454
572	4	251001	67 82 302 323
573	4	251001	68 173 176 203
574	4	251001	68 174 188 237
575	4	251001	69 166 349 495
576	4	251001	70 77 246 455
577	4	251001	70 82 94 159
578	4	251001	70 139 159 470
579	4	251001	70 139 465 470
580	4	251001	70 159 189 460
581	4	251001	70 221 386 406
582	4	251001	71 182 396 496
583	4	251001	71 224 282 341
584	4	251001	72 92 149 367
585	4	251001	72 92 210 367
586	4	251001	73 77 122 167
587	4	251001	73 77 167 477
588	4	251001	73 122 167 299
589	4	251001	73 122 347 446
590	4	251001	73 122 446 471
591	4	251001	73 163 261 393
592	4	251001	73 165 167 299
593	4	251001	73 167 295 312
594	4	251001	73 167 299 312
595	4	251001	73 167 299 477
596	4	251001	73 299 343 477
597	4	251001	73 406 446 471
598	4	251001	73 406 471 476
599	4	251001	73 471 476 477
600	4	251001	74 292 445 477
601	4	251001	75 86 192 294
602	4	251001	75 122 192 294
603	4	251001	75 192 221 305
604	4	251001	76 83 219 365
605	4	251001	76 157 230 325
606	4	251001	76 170 286 355
607	4	251001	76 170 334 366
608	4	251001	76 170 362 365
609	4	251001	76 219 286 338
610	4	251001	76 230 338 368
611	4	251001	76 334 366 368
612	4	251001	76 338 366 368
613	4	251001	77 99 157 496
614	4	251001	77 110 357 396
615	4	251001	77 112 328 448
616	4	251001	77 157 310 314
617	4	251001	77 157 480 496
618	4	251001	77 174 250 335
619	4	251001	77 202 256 294
620	4	251001	77 202 256 439
621	4	251001	77 202 310 494
622	4	251001	77 202 328 448
623	4	251001	78 95 188 398
624	4	251001	78 137 256 313
625	4	251001	78 162 387 432
626	4	251001	78 163 446 455
627	4	251001	78 170 366 436
628	4	251001	78 322 351 450
629	4	251001	78 322 393 450
630	4	251001	78 330 332 351
631	4	251001	78 330 351 450
632	4	251001	79 116 208 394
633	4	251001	79 116 394 430
634	4	251001	79 208 394 417
635	4	251001	79 285 422 437
636	4	251001	80 183 320 385
637	4	251001	80 183 383 385
638	4	251001	81 130 427 497
639	4	251001	81 249 281 324
640	4	251001	81 253 337 397
641	4	251001	81 281 324 462
642	4	251001	82 190 277 465
643	4	251001	83 91 185 221
644	4	251001	83 116 122 342
645	4	251001	83 122 156 355
646	4	251001	83 190 219 486
647	4	251001	83 219 225 483
648	4	251001	83 219 349 376
649	4	251001	84 86 115 412
650	4	251001	84 86 412 447
651	4	251001	84 102 399 432
652	4	251001	84 115 244 399
653	4	251001	84 115 399 412
654	4	251001	84 171 412 447
655	4	251001	84 201 227 244
656	4	251001	84 201 227 485
657	4	251001	84 227 244 447
658	4	251001	84 227 447 485
659	4	251001	84 229 318 436
660	4	251001	84 244 345 436
661	4	251001	84 244 399 432
662	4	251001	84 265 436 491
663	4	251001	86 88 321 412
664	4	251001	86 106 275 300
665	4	251001	86 106 319 397
666	4	251001	86 115 216 488
667	4	251001	86 115 412 433
668	4	251001	86 135 412 433
669	4	251001	86 202 294 321
670	4	251001	86 279 321 397
671	4	251001	87 161 372 480
672	4	251001	89 119 240 471
673	4	251001	89 234 291 465
674	4	251001	89 258 297 308
675	4	251001	89 258 297 489
676	4	251001	90 119 224 229
677	4	251001	90 134 264 419
678	4	251001	90 245 340 359
679	4	251001	91 185 244 468
680	4	251001	91 221 312 406
681	4	251001	91 245 272 333
682	4	251001	91 245 312 376
683	4	251001	91 257 470 480
684	4	251001	92 101 149 389
685	4	251001	93 132 296 302
686	4	251001	93 171 199 447
687	4	251001	93 177 296 308
688	4	251001	93 199 202 447
689	4	251001	93 202 333 448
690	4	251001	93 202 441 447
691	4	251001	93 202 447 448
692	4	251001	93 396 447 448
693	4	251001	94 342 344 399
694	4	251001	95 98 241 427
695	4	251001	95 105 266 371
696	4	251001	95 127 241 427
697	4	251001	95 127 399 430
698	4	251001	95 127 427 430
699	4	251001	95 188 237 467
700	4	251001	95 188 266 371
701	4	251001	95 203 213 264
702	4	251001	95 213 237 322
703	4	251001	95 237 300 322
704	4	251001	95 246 427 446
705	4	251001	95 264 333 425
706	4	251001	95 324 350 430
707	4	251001	95 425 427 430
708	4	251001	96 115 403 430
709	4	251001	96 126 155 201
710	4	251001	96 173 403 487
711	4	251001	96 201 275 485
712	4	251001	96 217 240 344
713	4	251001	96 285 357 391
714	4	251001	96 291 391 417
715	4	251001	97 104 287 489
716	4	251001	97 116 372 486
717	4	251001	97 138 234 287
718	4	251001	97 138 287 489
719	4	251001	97 160 455 467
720	4	251001	97 308 372 486
721	4	251001	97 351 357 362
722	4	251001	97 351 357 429
723	4	251001	98 219 364 380
724	4	251001	98 233 353 426
725	4	251001	98 295 357 432
726	4	251001	99 103 232 317
727	4	251001	99 134 264 457
728	4	251001	99 157 297 496
729	4	251001	99 394 417 432
730	4	251001	100 332 460 494
731	4	251001	100 346 454 460
732	4	251001	100 346 460 494
733	4	251001	101 124 239 434
734	4	251001	101 145 149 185
735	4	251001	101 149 185 244
736	4	251001	101 238 243 330
737	4	251001	101 243 250 291
738	4	251001	101 243 303 330
739	4	251001	102 183 260 399
740	4	251001	102 183 399 432
741	4	251001	103 234 256 350
742	4	251001	104 233 242 459
743	4	251001	104 233 242 472
744	4	251001	104 242 279 472
745	4	251001	105 134 218 442
746	4	251001	105 134 307 439
747	4	251001	105 162 197 311
748	4	251001	105 276 439 453
749	4	251001	105 285 422 437
750	4	251001	105 285 437 461
751	4	251001	105 288 380 384
752	4	251001	105 288 380 476
753	4	251001	105 303 325 495
754	4	251001	105 442 461 476
755	4	251001	106 156 169 472
756	4	251001	106 209 229 237
757	4	251001	106 229 237 310
758	4	251001	106 275 310 468
759	4	251001	107 303 330 399
760	4	251001	107 303 353 369
761	4	251001	107 303 369 384
762	4	251001	107 303 384 430
763	4	251001	107 303 399 430
764	4	251001	107 303 427 430
765	4	251001	107 427 430 453
766	4	251001	109 152 174 199
767	4	251001	109 152 174 443
768	4	251001	109 152 219 453
769	4	251001	109 152 320 410
770	4	251001	109 180 233 296
771	4	251001	109 183 320 410
772	4	251001	109 207 233 410
773	4	251001	109 243 296 460
774	4	251001	109 261 413 480
775	4	251001	109 318 330 480
776	4	251001	109 330 332 399
777	4	251001	110 124 207 329
778	4	251001	110 129 462 488
779	4	251001	110 190 403 465
780	4	251001	110 190 403 479
781	4	251001	110 224 315 452
782	4	251001	110 329 357 479
783	4	251001	110 384 396 452
784	4	251001	112 133 328 448
785	4	251001	112 145 160 175
786	4	251001	112 145 267 468
787	4	251001	112 174 296 350
788	4	251001	112 174 296 442
789	4	251001	112 227 344 364
790	4	251001	112 328 442 448
791	4	251001	112 341 373 462
792	4	251001	112 364 373 462
793	4	251001	114 119 276 439
794	4	251001	114 152 174 199
795	4	251001	114 174 199 364
796	4	251001	115 152 439 453
797	4	251001	115 216 217 413
798	4	251001	115 217 278 304
799	4	251001	115 244 399 403
800	4	251001	115 399 403 430
801	4	251001	115 427 430 453
802	4	251001	116 186 406 428
803	4	251001	116 234 430 442
804	4	251001	116 406 428 446
805	4	251001	119 124 250 400
806	4	251001	119 124 400 471
807	4	251001	119 187 250 400
808	4	251001	119 224 229 399
809	4	251001	119 240 398 471
810	4	251001	119 276 439 444
811	4	251001	120 142 232 409
812	4	251001	120 368 387 435
813	4	251001	121 136 361 417
814	4	251001	121 142 295 301
815	4	251001	121 222 225 246
816	4	251001	121 222 301 472
817	4	251001	121 225 441 473
818	4	251001	121 361 417 472
819	4	251001	123 346 454 460
820	4	251001	124 130 400 461
821	4	251001	124 320 400 471
822	4	251001	126 153 346 363
823	4	251001	126 172 248 341
824	4	251001	126 172 315 341
825	4	251001	126 224 249 282
826	4	251001	126 224 282 341
827	4	251001	126 224 315 341
828	4	251001	126 240 282 341
829	4	251001	126 249 282 363
830	4	251001	126 341 372 489
831	4	251001	127 172 329 447
832	4	251001	127 396 444 448
833	4	251001	127 396 447 448
834	4	251001	128 221 342 494
835	4	251001	128 279 321 397
836	4	251001	128 287 298 344
837	4	251001	129 211 324 355
838	4	251001	129 324 462 488
839	4	251001	130 139 242 297
840	4	251001	130 216 245 497
841	4	251001	130 216 318 400
842	4	251001	130 242 262 267
843	4	251001	130 315 318 400
844	4	251001	132 174 250 335
845	4	251001	132 203 262 373
846	4	251001	132 282 335 445
847	4	251001	134 153 420 439
848	4	251001	134 264 420 468
849	4	251001	135 140 310 426
850	4	251001	136 293 374 455
851	4	251001	137 200 313 454
852	4	251001	138 187 287 441
853	4	251001	138 229 237 276
854	4	251001	138 234 350 430
855	4	251001	138 343 470 477
856	4	251001	139 208 209 436
857	4	251001	139 370 465 470
858	4	251001	140 143 285 391
859	4	251001	140 248 310 426
860	4	251001	140 278 434 455
861	4	251001	141 142 149 389
862	4	251001	141 149 190 479
863	4	251001	141 149 350 458
864	4	251001	141 186 190 465
865	4	251001	141 281 442 449
866	4	251001	141 293 409 434
867	4	251001	142 143 149 429
868	4	251001	142 149 240 389
869	4	251001	142 259 332 399
870	4	251001	142 259 332 453
871	4	251001	142 295 301 459
872	4	251001	142 338 436 496
873	4	251001	143 293 409 454
874	4	251001	145 160 477 483
875	4	251001	145 250 353 369
876	4	251001	145 250 366 369
877	4	251001	145 338 393 500
878	4	251001	148 166 250 267
879	4	251001	148 190 245 473
880	4	251001	148 233 237 440
881	4	251001	148 250 267 363
882	4	251001	152 172 176 344
883	4	251001	152 176 219 344
884	4	251001	153 157 447 485
885	4	251001	153 163 225 311
886	4	251001	153 211 251 356
887	4	251001	153 271 347 363
888	4	251001	155 164 186 301
889	4	251001	155 164 186 326
890	4	251001	155 186 216 301
891	4	251001	155 186 301 313
892	4	251001	155 192 269 473
893	4	251001	155 192 291 465
894	4	251001	155 289 301 372
895	4	251001	155 291 353 465
896	4	251001	158 193 411 433
897	4	251001	158 218 378 411
898	4	251001	158 218 378 442
899	4	251001	158 218 430 442
900	4	251001	158 276 300 454
901	4	251001	158 300 322 411
902	4	251001	158 322 411 433
903	4	251001	159 199 437 461
904	4	251001	159 260 281 500
905	4	251001	160 236 440 467
906	4	251001	160 236 440 477
907	4	251001	160 236 445 477
908	4	251001	160 329 398 470
909	4	251001	160 377 440 444
910	4	251001	160 440 455 467
911	4	251001	160 440 470 477
912	4	251001	160 445 470 477
913	4	251001	161 217 224 345
914	4	251001	161 253 337 397
915	4	251001	162 169 472 481
916	4	251001	162 197 292 311
917	4	251001	162 201 250 400
918	4	251001	162 201 400 417
919	4	251001	162 310 472 481
920	4	251001	163 261 285 422
921	4	251001	163 264 285 422
922	4	251001	163 301 325 403
923	4	251001	163 301 403 479
924	4	251001	163 446 455 463
925	4	251001	165 167 282 299
926	4	251001	165 221 319 322
927	4	251001	165 275 282 310
928	4	251001	165 275 282 322
929	4	251001	166 219 364 373
930	4	251001	167 284 295 312
931	4	251001	167 284 312 487
932	4	251001	169 342 344 445
933	4	251001	169 342 344 481
934	4	251001	170 172 248 436
935	4	251001	170 197 293 365
936	4	251001	170 199 286 293
937	4	251001	170 286 293 410
938	4	251001	171 199 307 377
939	4	251001	171 199 437 461
940	4	251001	171 285 437 461
941	4	251001	171 292 307 377
942	4	251001	171 412 440 447
943	4	251001	172 234 248 341
944	4	251001	172 234 315 341
945	4	251001	174 181 237 467
946	4	251001	174 188 237 467
947	4	251001	176 219 344 361
948	4	251001	180 221 236 381
949	4	251001	180 279 418 457
950	4	251001	180 349 413 487
951	4	251001	180 380 389 457
952	4	251001	182 259 381 449
953	4	251001	183 246 276 403
954	4	251001	183 400 461 488
955	4	251001	185 187 335 484
956	4	251001	185 187 340 484
957	4	251001	185 189 323 497
958	4	251001	185 244 287 377
959	4	251001	185 244 287 468
960	4	251001	185 328 369 448
961	4	251001	185 335 388 484
962	4	251001	186 217 237 458
963	4	251001	186 217 304 458
964	4	251001	186 243 250 369
965	4	251001	188 189 467 500
966	4	251001	188 266 371 462
967	4	251001	188 326 371 383
968	4	251001	189 216 251 413
969	4	251001	189 251 341 356
970	4	251001	189 272 333 356
971	4	251001	190 211 380 398
972	4	251001	192 197 264 356
973	4	251001	192 197 389 454
974	4	251001	192 221 342 424
975	4	251001	192 264 291 356
976	4	251001	193 240 370 472
977	4	251001	193 240 472 495
978	4	251001	193 253 298 470
979	4	251001	193 370 465 470
980	4	251001	197 203 264 419
981	4	251001	197 240 324 389
982	4	251001	197 293 324 365
983	4	251001	199 202 310 494
984	4	251001	199 202 447 494
985	4	251001	201 275 305 418
986	4	251001	202 219 328 333
987	4	251001	202 219 328 373
988	4	251001	202 219 384 494
989	4	251001	202 219 460 494
990	4	251001	202 256 384 426
991	4	251001	202 282 310 494
992	4	251001	202 284 384 452
993	4	251001	202 320 362 476
994	4	251001	202 328 333 448
995	4	251001	202 384 452 494
996	4	251001	203 388 487 491
997	4	251001	206 251 349 413
998	4	251001	209 229 237 312
999	4	251001	209 287 312 356
1000	4	251001	209 312 356 372
1001	4	251001	209 312 356 380
1002	4	251001	210 343 347 424
1003	4	251001	210 373 386 431
1004	4	251001	211 305 317 471
1005	4	251001	211 356 380 411
1006	4	251001	211 380 398 411
1007	4	251001	212 216 371 486
1008	4	251001	212 216 396 416
1009	4	251001	212 303 316 495
1010	4	251001	212 303 325 495
1011	4	251001	212 388 416 419
1012	4	251001	216 230 318 484
1013	4	251001	216 236 271 353
1014	4	251001	216 236 353 413
1015	4	251001	216 351 353 497
1016	4	251001	216 351 488 497
1017	4	251001	216 366 486 497
1018	4	251001	217 219 240 344
1019	4	251001	217 219 344 364
1020	4	251001	217 240 278 344
1021	4	251001	219 264 333 364
1022	4	251001	219 288 380 384
1023	4	251001	219 380 384 483
1024	4	251001	221 264 338 418
1025	4	251001	221 305 338 418
1026	4	251001	221 305 418 471
1027	4	251001	222 225 275 345
1028	4	251001	222 272 356 435
1029	4	251001	224 249 370 399
1030	4	251001	225 275 387 473
1031	4	251001	226 302 428 463
1032	4	251001	227 294 376 378
1033	4	251001	227 305 317 376
1034	4	251001	227 359 364 376
1035	4	251001	227 364 376 378
1036	4	251001	227 364 446 447
1037	4	251001	228 258 308 371
1038	4	251001	228 380 389 476
1039	4	251001	229 237 301 310
1040	4	251001	230 318 436 484
1041	4	251001	232 260 418 430
1042	4	251001	232 266 409 463
1043	4	251001	232 329 359 418
1044	4	251001	233 291 353 465
1045	4	251001	236 237 440 467
1046	4	251001	236 322 404 445
1047	4	251001	236 445 471 477
1048	4	251001	237 301 310 479
1049	4	251001	238 307 330 351
1050	4	251001	238 330 332 351
1051	4	251001	238 330 351 429
1052	4	251001	238 332 351 458
1053	4	251001	238 351 429 458
1054	4	251001	240 324 380 389
1055	4	251001	241 303 316 427
1056	4	251001	242 325 356 380
1057	4	251001	243 281 454 460
1058	4	251001	243 296 454 460
1059	4	251001	243 303 330 495
1060	4	251001	244 253 439 481
1061	4	251001	244 287 399 468
1062	4	251001	245 312 359 376
1063	4	251001	246 262 330 446
1064	4	251001	248 310 426 437
1065	4	251001	249 253 284 369
1066	4	251001	249 284 369 374
1067	4	251001	249 305 363 426
1068	4	251001	249 335 343 428
1069	4	251001	249 343 428 461
1070	4	251001	249 351 429 458
1071	4	251001	253 276 439 453
1072	4	251001	256 313 350 491
1073	4	251001	258 287 297 489
1074	4	251001	258 297 308 450
1075	4	251001	258 308 327 450
1076	4	251001	258 330 429 450
1077	4	251001	259 317 371 442
1078	4	251001	259 317 381 442
1079	4	251001	259 332 351 458
1080	4	251001	259 332 367 453
1081	4	251001	259 332 367 494
1082	4	251001	259 371 442 449
1083	4	251001	259 381 442 449
1084	4	251001	260 281 430 500
1085	4	251001	261 285 411 422
1086	4	251001	261 313 393 458
1087	4	251001	261 380 398 411
1088	4	251001	262 303 325 353
1089	4	251001	262 303 330 332
1090	4	251001	262 314 364 373
1091	4	251001	262 364 446 447
1092	4	251001	267 284 463 487
1093	4	251001	267 289 308 372
1094	4	251001	271 278 353 435
1095	4	251001	271 285 435 461
1096	4	251001	275 282 328 418
1097	4	251001	275 300 307 326
1098	4	251001	275 300 307 399
1099	4	251001	275 305 418 468
1100	4	251001	275 328 418 467
1101	4	251001	276 297 300 326
1102	4	251001	276 297 300 454
1103	4	251001	276 367 439 453
1104	4	251001	278 293 434 455
1105	4	251001	278 351 353 497
1106	4	251001	281 322 404 433
1107	4	251001	281 324 350 430
1108	4	251001	281 404 430 500
1109	4	251001	284 312 450 487
1110	4	251001	291 325 353 356
1111	4	251001	291 353 356 417
1112	4	251001	292 307 377 445
1113	4	251001	299 343 470 477
1114	4	251001	301 310 314 459
1115	4	251001	301 310 314 472
1116	4	251001	301 310 365 403
1117	4	251001	301 310 403 479
1118	4	251001	301 310 472 481
1119	4	251001	303 325 353 356
1120	4	251001	303 330 332 399
1121	4	251001	307 346 377 445
1122	4	251001	308 325 445 471
1123	4	251001	312 323 406 423
1124	4	251001	318 340 436 484
1125	4	251001	319 329 388 466
1126	4	251001	319 329 466 470
1127	4	251001	320 332 425 479
1128	4	251001	320 332 479 485
1129	4	251001	324 380 389 457
1130	4	251001	325 333 353 356
1131	4	251001	325 342 445 471
1132	4	251001	328 329 369 418
1133	4	251001	330 351 429 450
1134	4	251001	332 409 479 485
1135	4	251001	340 389 461 476
1136	4	251001	341 353 356 411
1137	4	251001	341 353 356 417
1138	4	251001	344 366 450 481
1139	4	251001	351 357 362 432
1140	4	251001	353 354 376 459
1141	4	251001	356 372 470 480
1142	4	251001	359 370 418 453
1143	4	251001	368 419 425 452
1144	4	251001	372 425 457 458
1145	4	251001	381 412 442 448
1146	4	251001	389 442 461 476
1147	4	251001	403 405 430 500
1148	4	251001	404 425 427 430
1149	3	501	1 33 141
1150	3	501	1 33 186
1151	3	501	1 44 109
1152	3	501	1 44 121
1153	3	501	1 44 329
1154	3	501	1 44 337
1155	3	501	1 44 425
1156	3	501	1 51 157
1157	3	501	1 51 346
1158	3	501	1 51 427
1159	3	501	1 51 494
1160	3	501	1 62 72
1161	3	501	1 62 92
1162	3	501	1 62 121
1163	3	501	1 62 297
1164	3	501	1 62 323
1165	3	501	1 62 425
1166	3	501	1 62 429
1167	3	501	1 62 431
1168	3	501	1 68 186
1169	3	501	1 68 237
1170	3	501	1 68 244
1171	3	501	1 72 92
1172	3	501	1 72 222
1173	3	501	1 92 323
1174	3	501	1 92 346
1175	3	501	1 121 222
1176	3	501	1 121 417
1177	3	501	1 121 427
1178	3	501	1 141 186
1179	3	501	1 141 405
1180	3	501	1 148 237
1181	3	501	1 148 387
1182	3	501	1 157 206
1183	3	501	1 157 226
1184	3	501	1 157 297
1185	3	501	1 157 394
1186	3	501	1 181 237
1187	3	501	1 181 249
1188	3	501	1 181 313
1189	3	501	1 181 323
1190	3	501	1 181 405
1191	3	501	1 181 427
1192	3	501	1 186 236
1193	3	501	1 186 237
1194	3	501	1 186 258
1195	3	501	1 186 313
1196	3	501	1 206 431
1197	3	501	1 222 244
1198	3	501	1 226 337
1199	3	501	1 236 237
1200	3	501	1 236 271
1201	3	501	1 236 387
1202	3	501	1 237 244
1203	3	501	1 237 387
1204	3	501	1 237 394
1205	3	501	1 237 405
1206	3	501	1 237 417
1207	3	501	1 237 425
1208	3	501	1 244 313
1209	3	501	1 244 323
1210	3	501	1 244 337
1211	3	501	1 244 377
1212	3	501	1 244 387
1213	3	501	1 244 431
1214	3	501	1 244 494
1215	3	501	1 249 374
1216	3	501	1 249 429
1217	3	501	1 256 297
1218	3	501	1 256 313
1219	3	501	1 256 427
1220	3	501	1 258 297
1221	3	501	1 258 323
1222	3	501	1 258 394
1223	3	501	1 258 429
1224	3	501	1 258 431
1225	3	501	1 271 377
1226	3	501	1 271 431
1227	3	501	1 313 431
1228	3	501	1 323 337
1229	3	501	1 329 427
1230	3	501	1 337 374
1231	3	501	1 342 494
1232	3	501	1 346 377
1233	3	501	1 346 387
1234	3	501	1 346 494
1235	3	501	1 372 425
1236	3	501	1 377 387
1237	3	501	1 394 417
1238	3	501	1 394 431
1239	3	501	1 425 427
1240	3	501	2 7 33
1241	3	501	2 7 68
1242	3	501	2 7 94
1243	3	501	2 7 294
1244	3	501	2 7 463
1245	3	501	2 8 52
1246	3	501	2 8 166
1247	3	501	2 8 181
1248	3	501	2 8 376
1249	3	501	2 8 446
1250	3	501	2 33 192
1251	3	501	2 33 294
1252	3	501	2 33 304
1253	3	501	2 33 307
1254	3	501	2 33 473
1255	3	501	2 37 44
1256	3	501	2 37 166
1257	3	501	2 44 302
1258	3	501	2 44 307
1259	3	501	2 44 376
1260	3	501	2 44 425
1261	3	501	2 52 63
1262	3	501	2 52 237
1263	3	501	2 52 362
1264	3	501	2 52 452
1265	3	501	2 53 324
1266	3	501	2 53 330
1267	3	501	2 53 332
1268	3	501	2 53 369
1269	3	501	2 53 428
1270	3	501	2 63 302
1271	3	501	2 63 467
1272	3	501	2 68 94
1273	3	501	2 68 156
1274	3	501	2 68 237
1275	3	501	2 68 304
1276	3	501	2 68 446
1277	3	501	2 94 190
1278	3	501	2 94 294
1279	3	501	2 94 324
1280	3	501	2 94 426
1281	3	501	2 114 119
1282	3	501	2 114 166
1283	3	501	2 114 192
1284	3	501	2 114 302
1285	3	501	2 114 397
1286	3	501	2 114 425
1287	3	501	2 119 187
1288	3	501	2 119 207
1289	3	501	2 119 330
1290	3	501	2 119 362
1291	3	501	2 119 400
1292	3	501	2 122 156
1293	3	501	2 122 167
1294	3	501	2 122 192
1295	3	501	2 122 283
1296	3	501	2 122 294
1297	3	501	2 122 369
1298	3	501	2 122 425
1299	3	501	2 122 426
1300	3	501	2 122 446
1301	3	501	2 156 167
1302	3	501	2 156 181
1303	3	501	2 156 284
1304	3	501	2 156 291
1305	3	501	2 156 381
1306	3	501	2 156 404
1307	3	501	2 156 473
1308	3	501	2 166 291
1309	3	501	2 166 304
1310	3	501	2 166 397
1311	3	501	2 167 207
1312	3	501	2 167 284
1313	3	501	2 167 307
1314	3	501	2 167 332
1315	3	501	2 167 400
1316	3	501	2 167 428
1317	3	501	2 181 192
1318	3	501	2 181 237
1319	3	501	2 181 257
1320	3	501	2 181 304
1321	3	501	2 181 361
1322	3	501	2 181 467
1323	3	501	2 181 473
1324	3	501	2 187 222
1325	3	501	2 187 362
1326	3	501	2 187 374
1327	3	501	2 187 400
1328	3	501	2 190 381
1329	3	501	2 190 397
1330	3	501	2 190 403
1331	3	501	2 190 425
1332	3	501	2 190 463
1333	3	501	2 190 473
1334	3	501	2 192 291
1335	3	501	2 192 294
1336	3	501	2 192 302
1337	3	501	2 192 428
1338	3	501	2 192 473
1339	3	501	2 222 403
1340	3	501	2 222 452
1341	3	501	2 237 425
1342	3	501	2 237 467
1343	3	501	2 283 330
1344	3	501	2 284 369
1345	3	501	2 284 374
1346	3	501	2 284 452
1347	3	501	2 284 463
1348	3	501	2 291 362
1349	3	501	2 291 404
1350	3	501	2 291 446
1351	3	501	2 294 376
1352	3	501	2 294 463
1353	3	501	2 302 404
1354	3	501	2 302 428
1355	3	501	2 302 463
1356	3	501	2 304 428
1357	3	501	2 304 473
1358	3	501	2 307 324
1359	3	501	2 307 330
1360	3	501	2 307 463
1361	3	501	2 324 376
1362	3	501	2 330 332
1363	3	501	2 330 446
1364	3	501	2 332 376
1365	3	501	2 332 425
1366	3	501	2 332 452
1367	3	501	2 362 374
1368	3	501	2 362 446
1369	3	501	2 362 467
1370	3	501	2 369 374
1371	3	501	2 369 426
1372	3	501	2 374 376
1373	3	501	2 388 425
1374	3	501	2 397 400
1375	3	501	2 400 426
1376	3	501	2 404 425
1377	3	501	2 404 426
1378	3	501	2 425 452
1379	3	501	2 426 467
1380	3	501	2 428 446
1381	3	501	2 428 463
1382	3	501	2 446 452
1383	3	501	2 446 463
1384	3	501	2 463 467
1385	3	501	3 10 65
1386	3	501	3 10 169
1387	3	501	3 10 275
1388	3	501	3 10 279
1389	3	501	3 10 353
1390	3	501	3 10 385
1391	3	501	3 10 396
1392	3	501	3 10 453
1393	3	501	3 29 37
1394	3	501	3 29 130
1395	3	501	3 29 143
1396	3	501	3 29 385
1397	3	501	3 32 226
1398	3	501	3 32 259
1399	3	501	3 32 349
1400	3	501	3 32 388
1401	3	501	3 32 419
1402	3	501	3 37 44
1403	3	501	3 37 166
1404	3	501	3 37 245
1405	3	501	3 37 342
1406	3	501	3 37 385
1407	3	501	3 37 453
1408	3	501	3 37 497
1409	3	501	3 44 89
1410	3	501	3 44 328
1411	3	501	3 44 462
1412	3	501	3 44 497
1413	3	501	3 63 92
1414	3	501	3 63 148
1415	3	501	3 63 169
1416	3	501	3 63 497
1417	3	501	3 65 69
1418	3	501	3 65 133
1419	3	501	3 65 305
1420	3	501	3 69 130
1421	3	501	3 69 166
1422	3	501	3 69 185
1423	3	501	3 69 225
1424	3	501	3 69 279
1425	3	501	3 69 349
1426	3	501	3 89 206
1427	3	501	3 89 345
1428	3	501	3 89 435
1429	3	501	3 89 462
1430	3	501	3 92 259
1431	3	501	3 92 379
1432	3	501	3 92 385
1433	3	501	3 92 472
1434	3	501	3 130 245
1435	3	501	3 130 379
1436	3	501	3 130 462
1437	3	501	3 130 497
1438	3	501	3 133 328
1439	3	501	3 143 148
1440	3	501	3 143 225
1441	3	501	3 143 349
1442	3	501	3 143 388
1443	3	501	3 148 166
1444	3	501	3 148 245
1445	3	501	3 148 435
1446	3	501	3 166 169
1447	3	501	3 166 349
1448	3	501	3 166 385
1449	3	501	3 166 397
1450	3	501	3 169 342
1451	3	501	3 169 403
1452	3	501	3 169 435
1453	3	501	3 169 472
1454	3	501	3 185 328
1455	3	501	3 185 388
1456	3	501	3 185 497
1457	3	501	3 206 349
1458	3	501	3 225 275
1459	3	501	3 225 294
1460	3	501	3 225 345
1461	3	501	3 226 403
1462	3	501	3 245 419
1463	3	501	3 245 497
1464	3	501	3 259 453
1465	3	501	3 275 279
1466	3	501	3 275 305
1467	3	501	3 275 328
1468	3	501	3 275 345
1469	3	501	3 279 342
1470	3	501	3 279 397
1471	3	501	3 279 472
1472	3	501	3 294 406
1473	3	501	3 294 472
1474	3	501	3 305 416
1475	3	501	3 328 416
1476	3	501	3 342 349
1477	3	501	3 342 435
1478	3	501	3 349 388
1479	3	501	3 349 452
1480	3	501	3 353 435
1481	3	501	3 353 453
1482	3	501	3 353 497
1483	3	501	3 385 388
1484	3	501	3 385 452
1485	3	501	3 385 453
1486	3	501	3 388 416
1487	3	501	3 388 419
1488	3	501	3 396 416
1489	3	501	3 396 452
1490	3	501	3 397 419
1491	3	501	3 397 472
1492	3	501	3 406 416
1493	3	501	3 416 419
1494	3	501	3 419 452
1495	3	501	3 419 472
1496	3	501	4 5 160
1497	3	501	4 5 183
1498	3	501	4 5 197
1499	3	501	4 5 442
1500	3	501	4 5 466
1501	3	501	4 15 343
1502	3	501	4 48 140
1503	3	501	4 48 200
1504	3	501	4 48 242
1505	3	501	4 71 166
1506	3	501	4 71 300
1507	3	501	4 71 310
1508	3	501	4 71 320
1509	3	501	4 71 428
1510	3	501	4 73 343
1511	3	501	4 73 466
1512	3	501	4 92 101
1513	3	501	4 92 149
1514	3	501	4 92 300
1515	3	501	4 92 346
1516	3	501	4 92 367
1517	3	501	4 92 385
1518	3	501	4 92 466
1519	3	501	4 94 183
1520	3	501	4 94 297
1521	3	501	4 94 350
1522	3	501	4 94 385
1523	3	501	4 100 346
1524	3	501	4 100 387
1525	3	501	4 101 124
1526	3	501	4 101 149
1527	3	501	4 101 183
1528	3	501	4 101 320
1529	3	501	4 101 404
1530	3	501	4 101 442
1531	3	501	4 123 297
1532	3	501	4 123 346
1533	3	501	4 123 376
1534	3	501	4 124 297
1535	3	501	4 124 320
1536	3	501	4 140 149
1537	3	501	4 140 166
1538	3	501	4 140 285
1539	3	501	4 140 310
1540	3	501	4 149 322
1541	3	501	4 149 350
1542	3	501	4 149 367
1543	3	501	4 149 376
1544	3	501	4 149 387
1545	3	501	4 149 491
1546	3	501	4 160 428
1547	3	501	4 166 367
1548	3	501	4 166 385
1549	3	501	4 183 242
1550	3	501	4 183 276
1551	3	501	4 183 320
1552	3	501	4 183 346
1553	3	501	4 183 385
1554	3	501	4 183 387
1555	3	501	4 183 404
1556	3	501	4 197 367
1557	3	501	4 197 376
1558	3	501	4 200 322
1559	3	501	4 200 366
1560	3	501	4 200 376
1561	3	501	4 234 320
1562	3	501	4 234 350
1563	3	501	4 234 367
1564	3	501	4 234 387
1565	3	501	4 234 442
1566	3	501	4 234 466
1567	3	501	4 242 297
1568	3	501	4 242 466
1569	3	501	4 276 283
1570	3	501	4 276 297
1571	3	501	4 276 300
1572	3	501	4 276 320
1573	3	501	4 276 367
1574	3	501	4 276 453
1575	3	501	4 283 350
1576	3	501	4 283 366
1577	3	501	4 285 297
1578	3	501	4 297 300
1579	3	501	4 297 428
1580	3	501	4 297 466
1581	3	501	4 300 322
1582	3	501	4 320 333
1583	3	501	4 320 385
1584	3	501	4 320 466
1585	3	501	4 320 491
1586	3	501	4 322 404
1587	3	501	4 333 346
1588	3	501	4 333 466
1589	3	501	4 343 428
1590	3	501	4 346 387
1591	3	501	4 350 491
1592	3	501	4 367 442
1593	3	501	4 367 453
1594	3	501	4 385 442
1595	3	501	4 385 453
1596	3	501	4 387 404
1597	3	501	4 404 409
1598	3	501	5 6 103
1599	3	501	5 6 222
1600	3	501	5 6 236
1601	3	501	5 6 368
1602	3	501	5 6 389
1603	3	501	5 6 416
1604	3	501	5 30 170
1605	3	501	5 30 287
1606	3	501	5 30 410
1607	3	501	5 33 172
1608	3	501	5 33 211
1609	3	501	5 33 261
1610	3	501	5 33 286
1611	3	501	5 33 389
1612	3	501	5 33 410
1613	3	501	5 33 432
1614	3	501	5 33 466
1615	3	501	5 34 170
1616	3	501	5 34 261
1617	3	501	5 34 440
1618	3	501	5 35 77
1619	3	501	5 35 103
1620	3	501	5 35 112
1621	3	501	5 35 183
1622	3	501	5 35 251
1623	3	501	5 35 440
1624	3	501	5 53 172
1625	3	501	5 53 173
1626	3	501	5 53 183
1627	3	501	5 53 236
1628	3	501	5 53 269
1629	3	501	5 53 330
1630	3	501	5 53 440
1631	3	501	5 77 99
1632	3	501	5 77 112
1633	3	501	5 77 238
1634	3	501	5 78 90
1635	3	501	5 78 170
1636	3	501	5 78 330
1637	3	501	5 78 432
1638	3	501	5 90 222
1639	3	501	5 90 245
1640	3	501	5 90 261
1641	3	501	5 90 278
1642	3	501	5 90 391
1643	3	501	5 90 440
1644	3	501	5 99 103
1645	3	501	5 99 364
1646	3	501	5 99 432
1647	3	501	5 103 160
1648	3	501	5 103 172
1649	3	501	5 103 204
1650	3	501	5 103 245
1651	3	501	5 103 288
1652	3	501	5 103 410
1653	3	501	5 112 160
1654	3	501	5 112 337
1655	3	501	5 112 341
1656	3	501	5 112 364
1657	3	501	5 112 373
1658	3	501	5 112 442
1659	3	501	5 112 466
1660	3	501	5 142 245
1661	3	501	5 142 389
1662	3	501	5 142 405
1663	3	501	5 156 170
1664	3	501	5 156 337
1665	3	501	5 156 364
1666	3	501	5 156 442
1667	3	501	5 160 222
1668	3	501	5 160 236
1669	3	501	5 160 391
1670	3	501	5 160 440
1671	3	501	5 170 172
1672	3	501	5 170 197
1673	3	501	5 170 286
1674	3	501	5 170 410
1675	3	501	5 172 341
1676	3	501	5 172 373
1677	3	501	5 172 432
1678	3	501	5 172 440
1679	3	501	5 173 432
1680	3	501	5 183 410
1681	3	501	5 183 432
1682	3	501	5 183 440
1683	3	501	5 189 251
1684	3	501	5 189 341
1685	3	501	5 197 389
1686	3	501	5 204 222
1687	3	501	5 204 286
1688	3	501	5 204 337
1689	3	501	5 211 251
1690	3	501	5 211 275
1691	3	501	5 222 275
1692	3	501	5 222 286
1693	3	501	5 236 440
1694	3	501	5 238 330
1695	3	501	5 238 416
1696	3	501	5 238 440
1697	3	501	5 245 288
1698	3	501	5 245 442
1699	3	501	5 251 278
1700	3	501	5 251 286
1701	3	501	5 251 341
1702	3	501	5 269 288
1703	3	501	5 269 410
1704	3	501	5 275 466
1705	3	501	5 278 287
1706	3	501	5 278 288
1707	3	501	5 286 410
1708	3	501	5 286 432
1709	3	501	5 287 337
1710	3	501	5 288 440
1711	3	501	5 341 373
1712	3	501	5 364 373
1713	3	501	5 368 391
1714	3	501	5 373 405
1715	3	501	5 389 442
1716	3	501	5 391 416
1717	3	501	5 405 410
1718	3	501	5 405 432
1719	3	501	5 405 466
1720	3	501	5 432 442
1721	3	501	6 13 136
1722	3	501	6 13 236
1723	3	501	6 16 124
1724	3	501	6 16 157
1725	3	501	6 16 177
1726	3	501	6 16 389
1727	3	501	6 16 394
1728	3	501	6 26 253
1729	3	501	6 26 355
1730	3	501	6 26 500
1731	3	501	6 32 308
1732	3	501	6 32 314
1733	3	501	6 32 500
1734	3	501	6 40 201
1735	3	501	6 40 376
1736	3	501	6 79 103
1737	3	501	6 79 110
1738	3	501	6 79 394
1739	3	501	6 87 161
1740	3	501	6 87 416
1741	3	501	6 98 104
1742	3	501	6 98 136
1743	3	501	6 98 157
1744	3	501	6 98 202
1745	3	501	6 98 281
1746	3	501	6 98 380
1747	3	501	6 98 416
1748	3	501	6 103 177
1749	3	501	6 103 367
1750	3	501	6 104 192
1751	3	501	6 104 302
1752	3	501	6 104 389
1753	3	501	6 110 124
1754	3	501	6 110 190
1755	3	501	6 110 222
1756	3	501	6 110 315
1757	3	501	6 110 335
1758	3	501	6 115 217
1759	3	501	6 115 319
1760	3	501	6 124 176
1761	3	501	6 136 362
1762	3	501	6 157 161
1763	3	501	6 157 310
1764	3	501	6 157 314
1765	3	501	6 157 394
1766	3	501	6 157 398
1767	3	501	6 161 217
1768	3	501	6 161 222
1769	3	501	6 161 253
1770	3	501	6 161 314
1771	3	501	6 176 253
1772	3	501	6 176 335
1773	3	501	6 176 394
1774	3	501	6 177 308
1775	3	501	6 177 362
1776	3	501	6 190 281
1777	3	501	6 190 380
1778	3	501	6 190 398
1779	3	501	6 190 416
1780	3	501	6 192 217
1781	3	501	6 192 302
1782	3	501	6 192 314
1783	3	501	6 192 389
1784	3	501	6 202 310
1785	3	501	6 202 362
1786	3	501	6 202 448
1787	3	501	6 202 500
1788	3	501	6 222 448
1789	3	501	6 236 355
1790	3	501	6 281 380
1791	3	501	6 281 500
1792	3	501	6 302 500
1793	3	501	6 308 314
1794	3	501	6 308 319
1795	3	501	6 308 416
1796	3	501	6 310 314
1797	3	501	6 310 315
1798	3	501	6 314 335
1799	3	501	6 314 389
1800	3	501	6 315 389
1801	3	501	6 315 398
1802	3	501	6 319 367
1803	3	501	6 319 394
1804	3	501	6 355 367
1805	3	501	6 355 389
1806	3	501	6 380 389
1807	3	501	6 380 398
1808	3	501	7 9 197
1809	3	501	7 9 212
1810	3	501	7 9 221
1811	3	501	7 9 298
1812	3	501	7 20 33
1813	3	501	7 20 57
1814	3	501	7 20 193
1815	3	501	7 20 287
1816	3	501	7 20 346
1817	3	501	7 33 246
1818	3	501	7 33 294
1819	3	501	7 33 457
1820	3	501	7 38 57
1821	3	501	7 38 163
1822	3	501	7 38 453
1823	3	501	7 38 457
1824	3	501	7 50 56
1825	3	501	7 50 287
1826	3	501	7 50 321
1827	3	501	7 56 88
1828	3	501	7 57 116
1829	3	501	7 57 149
1830	3	501	7 57 216
1831	3	501	7 57 240
1832	3	501	7 57 321
1833	3	501	7 57 329
1834	3	501	7 57 439
1835	3	501	7 57 488
1836	3	501	7 68 94
1837	3	501	7 68 120
1838	3	501	7 68 163
1839	3	501	7 68 197
1840	3	501	7 68 212
1841	3	501	7 71 298
1842	3	501	7 71 485
1843	3	501	7 83 116
1844	3	501	7 83 193
1845	3	501	7 83 221
1846	3	501	7 83 346
1847	3	501	7 83 457
1848	3	501	7 83 486
1849	3	501	7 88 163
1850	3	501	7 88 298
1851	3	501	7 88 321
1852	3	501	7 88 440
1853	3	501	7 92 149
1854	3	501	7 92 232
1855	3	501	7 92 346
1856	3	501	7 92 367
1857	3	501	7 92 385
1858	3	501	7 94 120
1859	3	501	7 94 171
1860	3	501	7 94 243
1861	3	501	7 94 294
1862	3	501	7 94 298
1863	3	501	7 94 385
1864	3	501	7 106 163
1865	3	501	7 106 246
1866	3	501	7 106 298
1867	3	501	7 116 394
1868	3	501	7 116 486
1869	3	501	7 120 232
1870	3	501	7 149 240
1871	3	501	7 149 246
1872	3	501	7 149 367
1873	3	501	7 163 245
1874	3	501	7 163 298
1875	3	501	7 163 346
1876	3	501	7 163 378
1877	3	501	7 163 463
1878	3	501	7 163 485
1879	3	501	7 171 367
1880	3	501	7 171 385
1881	3	501	7 171 440
1882	3	501	7 171 447
1883	3	501	7 193 212
1884	3	501	7 193 240
1885	3	501	7 193 243
1886	3	501	7 193 298
1887	3	501	7 193 453
1888	3	501	7 197 240
1889	3	501	7 197 321
1890	3	501	7 197 367
1891	3	501	7 212 216
1892	3	501	7 212 346
1893	3	501	7 212 463
1894	3	501	7 212 486
1895	3	501	7 213 232
1896	3	501	7 213 240
1897	3	501	7 213 298
1898	3	501	7 216 245
1899	3	501	7 216 439
1900	3	501	7 216 486
1901	3	501	7 216 488
1902	3	501	7 221 485
1903	3	501	7 232 329
1904	3	501	7 232 440
1905	3	501	7 232 463
1906	3	501	7 232 485
1907	3	501	7 240 329
1908	3	501	7 240 440
1909	3	501	7 240 486
1910	3	501	7 243 385
1911	3	501	7 246 287
1912	3	501	7 246 485
1913	3	501	7 246 486
1914	3	501	7 287 298
1915	3	501	7 287 329
1916	3	501	7 294 298
1917	3	501	7 294 321
1918	3	501	7 294 378
1919	3	501	7 294 394
1920	3	501	7 294 463
1921	3	501	7 298 439
1922	3	501	7 298 488
1923	3	501	7 321 367
1924	3	501	7 329 447
1925	3	501	7 329 485
1926	3	501	7 335 447
1927	3	501	7 335 463
1928	3	501	7 367 439
1929	3	501	7 367 453
1930	3	501	7 378 439
1931	3	501	7 385 440
1932	3	501	7 385 453
1933	3	501	7 439 453
1934	3	501	7 440 447
1935	3	501	7 440 488
1936	3	501	7 447 485
1937	3	501	7 453 486
1938	3	501	7 463 486
1939	3	501	8 15 185
1940	3	501	8 15 439
1941	3	501	8 28 233
1942	3	501	8 28 282
1943	3	501	8 35 371
1944	3	501	8 35 440
1945	3	501	8 35 448
1946	3	501	8 35 454
1947	3	501	8 48 185
1948	3	501	8 50 143
1949	3	501	8 50 185
1950	3	501	8 52 97
1951	3	501	8 54 97
1952	3	501	8 54 193
1953	3	501	8 54 225
1954	3	501	8 54 282
1955	3	501	8 54 440
1956	3	501	8 61 128
1957	3	501	8 61 260
1958	3	501	8 61 372
1959	3	501	8 61 448
1960	3	501	8 65 97
1961	3	501	8 65 310
1962	3	501	8 65 372
1963	3	501	8 74 181
1964	3	501	8 74 233
1965	3	501	8 97 128
1966	3	501	8 97 234
1967	3	501	8 97 309
1968	3	501	8 97 372
1969	3	501	8 128 313
1970	3	501	8 143 181
1971	3	501	8 143 225
1972	3	501	8 143 440
1973	3	501	8 143 454
1974	3	501	8 155 313
1975	3	501	8 155 372
1976	3	501	8 155 440
1977	3	501	8 161 372
1978	3	501	8 166 394
1979	3	501	8 181 185
1980	3	501	8 181 313
1981	3	501	8 181 371
1982	3	501	8 185 310
1983	3	501	8 185 448
1984	3	501	8 193 309
1985	3	501	8 225 233
1986	3	501	8 225 246
1987	3	501	8 225 312
1988	3	501	8 229 309
1989	3	501	8 229 310
1990	3	501	8 229 312
1991	3	501	8 229 399
1992	3	501	8 233 440
1993	3	501	8 234 312
1994	3	501	8 234 439
1995	3	501	8 236 440
1996	3	501	8 246 371
1997	3	501	8 246 372
1998	3	501	8 246 446
1999	3	501	8 260 399
2000	3	501	8 282 310
2001	3	501	8 282 376
2002	3	501	8 312 372
2003	3	501	8 312 376
2004	3	501	8 313 454
2005	3	501	8 394 424
2006	3	501	8 399 448
2007	3	501	8 440 446
2008	3	501	9 22 158
2009	3	501	9 22 197
2010	3	501	9 22 212
2011	3	501	9 22 353
2012	3	501	9 22 413
2013	3	501	9 22 423
2014	3	501	9 32 81
2015	3	501	9 32 231
2016	3	501	9 32 259
2017	3	501	9 32 297
2018	3	501	9 32 413
2019	3	501	9 32 419
2020	3	501	9 32 494
2021	3	501	9 32 500
2022	3	501	9 45 81
2023	3	501	9 45 90
2024	3	501	9 45 134
2025	3	501	9 45 181
2026	3	501	9 45 259
2027	3	501	9 45 445
2028	3	501	9 69 231
2029	3	501	9 69 269
2030	3	501	9 69 298
2031	3	501	9 81 90
2032	3	501	9 81 197
2033	3	501	9 81 231
2034	3	501	9 81 259
2035	3	501	9 81 263
2036	3	501	9 81 322
2037	3	501	9 90 134
2038	3	501	9 90 419
2039	3	501	9 134 284
2040	3	501	9 134 419
2041	3	501	9 134 494
2042	3	501	9 139 297
2043	3	501	9 139 419
2044	3	501	9 142 259
2045	3	501	9 142 295
2046	3	501	9 142 353
2047	3	501	9 142 429
2048	3	501	9 158 212
2049	3	501	9 158 322
2050	3	501	9 158 494
2051	3	501	9 181 221
2052	3	501	9 181 419
2053	3	501	9 197 305
2054	3	501	9 197 419
2055	3	501	9 212 419
2056	3	501	9 221 267
2057	3	501	9 221 305
2058	3	501	9 221 322
2059	3	501	9 221 494
2060	3	501	9 231 445
2061	3	501	9 259 494
2062	3	501	9 263 269
2063	3	501	9 263 500
2064	3	501	9 267 284
2065	3	501	9 269 322
2066	3	501	9 269 445
2067	3	501	9 284 295
2068	3	501	9 284 305
2069	3	501	9 284 322
2070	3	501	9 284 344
2071	3	501	9 284 429
2072	3	501	9 295 298
2073	3	501	9 295 419
2074	3	501	9 297 364
2075	3	501	9 298 344
2076	3	501	9 322 445
2077	3	501	9 344 364
2078	3	501	9 344 445
2079	3	501	9 353 413
2080	3	501	9 353 429
2081	3	501	9 353 500
2082	3	501	9 413 494
2083	3	501	9 419 423
2084	3	501	9 419 445
2085	3	501	10 22 73
2086	3	501	10 22 161
2087	3	501	10 22 353
2088	3	501	10 22 400
2089	3	501	10 22 479
2090	3	501	10 60 258
2091	3	501	10 60 453
2092	3	501	10 60 476
2093	3	501	10 65 400
2094	3	501	10 65 455
2095	3	501	10 73 75
2096	3	501	10 73 128
2097	3	501	10 73 295
2098	3	501	10 73 381
2099	3	501	10 73 476
2100	3	501	10 87 161
2101	3	501	10 87 277
2102	3	501	10 87 385
2103	3	501	10 102 228
2104	3	501	10 102 400
2105	3	501	10 102 455
2106	3	501	10 102 479
2107	3	501	10 112 384
2108	3	501	10 128 209
2109	3	501	10 128 241
2110	3	501	10 128 258
2111	3	501	10 128 279
2112	3	501	10 128 321
2113	3	501	10 161 321
2114	3	501	10 162 169
2115	3	501	10 162 281
2116	3	501	10 162 400
2117	3	501	10 169 295
2118	3	501	10 169 400
2119	3	501	10 209 321
2120	3	501	10 228 258
2121	3	501	10 228 476
2122	3	501	10 233 353
2123	3	501	10 233 465
2124	3	501	10 234 248
2125	3	501	10 234 258
2126	3	501	10 234 411
2127	3	501	10 234 455
2128	3	501	10 234 465
2129	3	501	10 241 400
2130	3	501	10 275 279
2131	3	501	10 276 453
2132	3	501	10 277 284
2133	3	501	10 277 396
2134	3	501	10 277 465
2135	3	501	10 279 321
2136	3	501	10 279 381
2137	3	501	10 281 396
2138	3	501	10 281 476
2139	3	501	10 284 295
2140	3	501	10 284 321
2141	3	501	10 284 384
2142	3	501	10 321 396
2143	3	501	10 353 411
2144	3	501	10 353 453
2145	3	501	10 353 465
2146	3	501	10 384 396
2147	3	501	10 385 453
2148	3	501	10 400 479
2149	3	501	11 12 158
2150	3	501	11 12 187
2151	3	501	11 12 212
2152	3	501	11 12 412
2153	3	501	11 12 476
2154	3	501	11 32 337
2155	3	501	11 38 100
2156	3	501	11 38 163
2157	3	501	11 38 174
2158	3	501	11 38 253
2159	3	501	11 38 302
2160	3	501	11 38 431
2161	3	501	11 38 472
2162	3	501	11 56 105
2163	3	501	11 56 138
2164	3	501	11 56 174
2165	3	501	11 56 187
2166	3	501	11 56 244
2167	3	501	11 62 163
2168	3	501	11 62 323
2169	3	501	11 62 371
2170	3	501	11 62 431
2171	3	501	11 62 439
2172	3	501	11 84 174
2173	3	501	11 84 244
2174	3	501	11 84 412
2175	3	501	11 84 436
2176	3	501	11 84 447
2177	3	501	11 84 472
2178	3	501	11 100 138
2179	3	501	11 104 302
2180	3	501	11 104 361
2181	3	501	11 104 436
2182	3	501	11 104 459
2183	3	501	11 104 472
2184	3	501	11 105 138
2185	3	501	11 105 161
2186	3	501	11 105 371
2187	3	501	11 105 439
2188	3	501	11 105 442
2189	3	501	11 105 476
2190	3	501	11 138 187
2191	3	501	11 138 412
2192	3	501	11 158 161
2193	3	501	11 158 212
2194	3	501	11 158 411
2195	3	501	11 158 442
2196	3	501	11 161 253
2197	3	501	11 161 329
2198	3	501	11 161 337
2199	3	501	11 161 431
2200	3	501	11 163 174
2201	3	501	11 163 298
2202	3	501	11 163 455
2203	3	501	11 174 296
2204	3	501	11 174 298
2205	3	501	11 174 442
2206	3	501	11 187 253
2207	3	501	11 187 379
2208	3	501	11 187 455
2209	3	501	11 212 244
2210	3	501	11 212 342
2211	3	501	11 212 371
2212	3	501	11 212 416
2213	3	501	11 244 253
2214	3	501	11 244 323
2215	3	501	11 244 337
2216	3	501	11 244 431
2217	3	501	11 244 436
2218	3	501	11 244 439
2219	3	501	11 244 447
2220	3	501	11 244 455
2221	3	501	11 253 298
2222	3	501	11 253 337
2223	3	501	11 253 439
2224	3	501	11 271 371
2225	3	501	11 271 411
2226	3	501	11 271 412
2227	3	501	11 271 431
2228	3	501	11 271 476
2229	3	501	11 282 436
2230	3	501	11 296 302
2231	3	501	11 296 342
2232	3	501	11 296 411
2233	3	501	11 296 439
2234	3	501	11 296 442
2235	3	501	11 296 462
2236	3	501	11 298 302
2237	3	501	11 298 439
2238	3	501	11 302 323
2239	3	501	11 302 329
2240	3	501	11 323 337
2241	3	501	11 323 455
2242	3	501	11 329 379
2243	3	501	11 329 447
2244	3	501	11 337 462
2245	3	501	11 342 371
2246	3	501	11 342 459
2247	3	501	11 361 411
2248	3	501	11 361 412
2249	3	501	11 361 447
2250	3	501	11 361 472
2251	3	501	11 371 411
2252	3	501	11 371 442
2253	3	501	11 371 455
2254	3	501	11 371 462
2255	3	501	11 411 472
2256	3	501	11 412 442
2257	3	501	11 412 447
2258	3	501	11 412 476
2259	3	501	11 416 476
2260	3	501	11 431 462
2261	3	501	11 436 459
2262	3	501	11 442 459
2263	3	501	11 442 476
2264	3	501	11 459 462
2265	3	501	11 462 476
2266	3	501	12 23 63
2267	3	501	12 23 377
2268	3	501	12 29 443
2269	3	501	12 29 483
2270	3	501	12 52 63
2271	3	501	12 52 285
2272	3	501	12 53 82
2273	3	501	12 53 149
2274	3	501	12 53 158
2275	3	501	12 53 236
2276	3	501	12 53 319
2277	3	501	12 53 443
2278	3	501	12 53 483
2279	3	501	12 57 59
2280	3	501	12 57 116
2281	3	501	12 57 149
2282	3	501	12 57 158
2283	3	501	12 57 234
2284	3	501	12 57 236
2285	3	501	12 57 240
2286	3	501	12 57 412
2287	3	501	12 59 187
2288	3	501	12 59 236
2289	3	501	12 59 349
2290	3	501	12 59 376
2291	3	501	12 63 240
2292	3	501	12 63 258
2293	3	501	12 63 412
2294	3	501	12 68 212
2295	3	501	12 68 476
2296	3	501	12 82 158
2297	3	501	12 82 187
2298	3	501	12 82 356
2299	3	501	12 82 376
2300	3	501	12 82 419
2301	3	501	12 116 187
2302	3	501	12 116 234
2303	3	501	12 116 419
2304	3	501	12 149 240
2305	3	501	12 149 376
2306	3	501	12 149 476
2307	3	501	12 158 212
2308	3	501	12 158 319
2309	3	501	12 158 325
2310	3	501	12 158 343
2311	3	501	12 177 443
2312	3	501	12 180 236
2313	3	501	12 180 343
2314	3	501	12 180 349
2315	3	501	12 212 325
2316	3	501	12 212 376
2317	3	501	12 212 404
2318	3	501	12 212 419
2319	3	501	12 234 258
2320	3	501	12 236 307
2321	3	501	12 236 404
2322	3	501	12 258 376
2323	3	501	12 285 419
2324	3	501	12 305 376
2325	3	501	12 305 412
2326	3	501	12 307 377
2327	3	501	12 319 483
2328	3	501	12 325 356
2329	3	501	12 343 483
2330	3	501	12 349 376
2331	3	501	12 356 417
2332	3	501	12 376 412
2333	3	501	12 377 404
2334	3	501	12 404 412
2335	3	501	12 412 476
2336	3	501	13 46 299
2337	3	501	13 46 435
2338	3	501	13 47 226
2339	3	501	13 47 366
2340	3	501	13 63 169
2341	3	501	13 63 418
2342	3	501	13 71 169
2343	3	501	13 71 282
2344	3	501	13 71 300
2345	3	501	13 75 183
2346	3	501	13 75 221
2347	3	501	13 75 267
2348	3	501	13 119 289
2349	3	501	13 126 282
2350	3	501	13 126 435
2351	3	501	13 136 264
2352	3	501	13 136 417
2353	3	501	13 136 455
2354	3	501	13 169 435
2355	3	501	13 183 383
2356	3	501	13 183 422
2357	3	501	13 200 347
2358	3	501	13 200 366
2359	3	501	13 204 267
2360	3	501	13 204 455
2361	3	501	13 221 226
2362	3	501	13 221 236
2363	3	501	13 221 264
2364	3	501	13 221 267
2365	3	501	13 221 299
2366	3	501	13 221 418
2367	3	501	13 236 237
2368	3	501	13 236 264
2369	3	501	13 236 266
2370	3	501	13 237 299
2371	3	501	13 237 300
2372	3	501	13 237 417
2373	3	501	13 264 299
2374	3	501	13 264 418
2375	3	501	13 264 422
2376	3	501	13 267 289
2377	3	501	13 267 299
2378	3	501	13 267 347
2379	3	501	13 267 418
2380	3	501	13 282 299
2381	3	501	13 282 383
2382	3	501	13 282 418
2383	3	501	13 289 299
2384	3	501	13 289 383
2385	3	501	13 366 383
2386	3	501	13 418 453
2387	3	501	15 22 40
2388	3	501	15 22 158
2389	3	501	15 22 349
2390	3	501	15 44 86
2391	3	501	15 44 176
2392	3	501	15 44 243
2393	3	501	15 44 328
2394	3	501	15 44 425
2395	3	501	15 44 439
2396	3	501	15 44 462
2397	3	501	15 44 497
2398	3	501	15 45 328
2399	3	501	15 47 296
2400	3	501	15 47 462
2401	3	501	15 47 497
2402	3	501	15 69 185
2403	3	501	15 69 249
2404	3	501	15 69 349
2405	3	501	15 77 122
2406	3	501	15 77 249
2407	3	501	15 77 328
2408	3	501	15 77 335
2409	3	501	15 77 439
2410	3	501	15 77 455
2411	3	501	15 77 496
2412	3	501	15 86 447
2413	3	501	15 122 335
2414	3	501	15 122 425
2415	3	501	15 122 439
2416	3	501	15 158 219
2417	3	501	15 158 325
2418	3	501	15 158 343
2419	3	501	15 158 425
2420	3	501	15 176 219
2421	3	501	15 176 253
2422	3	501	15 176 296
2423	3	501	15 176 325
2424	3	501	15 176 335
2425	3	501	15 176 349
2426	3	501	15 185 221
2427	3	501	15 185 243
2428	3	501	15 185 328
2429	3	501	15 185 335
2430	3	501	15 185 343
2431	3	501	15 185 351
2432	3	501	15 185 388
2433	3	501	15 185 497
2434	3	501	15 219 328
2435	3	501	15 219 349
2436	3	501	15 219 483
2437	3	501	15 243 296
2438	3	501	15 249 253
2439	3	501	15 249 335
2440	3	501	15 249 343
2441	3	501	15 249 351
2442	3	501	15 253 325
2443	3	501	15 253 343
2444	3	501	15 253 351
2445	3	501	15 253 439
2446	3	501	15 296 439
2447	3	501	15 296 462
2448	3	501	15 325 463
2449	3	501	15 328 335
2450	3	501	15 335 343
2451	3	501	15 335 388
2452	3	501	15 335 447
2453	3	501	15 335 463
2454	3	501	15 335 497
2455	3	501	15 343 483
2456	3	501	15 349 388
2457	3	501	15 349 455
2458	3	501	15 351 462
2459	3	501	15 351 497
2460	3	501	15 388 425
2461	3	501	15 425 439
2462	3	501	15 455 463
2463	3	501	16 23 38
2464	3	501	16 23 44
2465	3	501	16 23 394
2466	3	501	16 23 410
2467	3	501	16 33 246
2468	3	501	16 33 317
2469	3	501	16 33 389
2470	3	501	16 33 410
2471	3	501	16 33 411
2472	3	501	16 34 86
2473	3	501	16 34 92
2474	3	501	16 34 106
2475	3	501	16 34 305
2476	3	501	16 34 396
2477	3	501	16 38 57
2478	3	501	16 38 124
2479	3	501	16 42 177
2480	3	501	16 42 185
2481	3	501	16 42 316
2482	3	501	16 42 454
2483	3	501	16 42 495
2484	3	501	16 44 86
2485	3	501	16 44 243
2486	3	501	16 44 337
2487	3	501	16 44 442
2488	3	501	16 47 68
2489	3	501	16 47 124
2490	3	501	16 47 239
2491	3	501	16 47 411
2492	3	501	16 57 116
2493	3	501	16 57 234
2494	3	501	16 68 188
2495	3	501	16 68 411
2496	3	501	16 68 442
2497	3	501	16 77 157
2498	3	501	16 77 246
2499	3	501	16 77 396
2500	3	501	16 86 106
2501	3	501	16 86 234
2502	3	501	16 86 374
2503	3	501	16 86 426
2504	3	501	16 86 447
2505	3	501	16 92 389
2506	3	501	16 106 246
2507	3	501	16 116 234
2508	3	501	16 116 322
2509	3	501	16 116 394
2510	3	501	16 116 442
2511	3	501	16 124 239
2512	3	501	16 157 394
2513	3	501	16 157 447
2514	3	501	16 177 188
2515	3	501	16 177 322
2516	3	501	16 177 337
2517	3	501	16 177 426
2518	3	501	16 177 454
2519	3	501	16 185 243
2520	3	501	16 185 317
2521	3	501	16 188 234
2522	3	501	16 188 337
2523	3	501	16 234 411
2524	3	501	16 234 442
2525	3	501	16 239 410
2526	3	501	16 239 426
2527	3	501	16 243 454
2528	3	501	16 243 495
2529	3	501	16 246 426
2530	3	501	16 272 311
2531	3	501	16 272 317
2532	3	501	16 272 447
2533	3	501	16 272 454
2534	3	501	16 305 317
2535	3	501	16 305 337
2536	3	501	16 305 426
2537	3	501	16 311 317
2538	3	501	16 316 411
2539	3	501	16 316 442
2540	3	501	16 316 495
2541	3	501	16 317 442
2542	3	501	16 317 447
2543	3	501	16 322 411
2544	3	501	16 322 447
2545	3	501	16 337 374
2546	3	501	16 337 396
2547	3	501	16 374 483
2548	3	501	16 389 426
2549	3	501	16 389 442
2550	3	501	16 389 454
2551	3	501	16 396 447
2552	3	501	16 396 483
2553	3	501	16 410 447
2554	3	501	16 426 442
2555	3	501	16 426 454
2556	3	501	16 447 454
2557	3	501	16 447 495
2558	3	501	17 18 50
2559	3	501	17 18 171
2560	3	501	17 18 248
2561	3	501	17 18 497
2562	3	501	17 20 278
2563	3	501	17 20 284
2564	3	501	17 20 404
2565	3	501	17 36 171
2566	3	501	17 36 304
2567	3	501	17 36 406
2568	3	501	17 60 86
2569	3	501	17 60 319
2570	3	501	17 60 328
2571	3	501	17 60 364
2572	3	501	17 86 216
2573	3	501	17 86 319
2574	3	501	17 123 292
2575	3	501	17 123 319
2576	3	501	17 123 406
2577	3	501	17 127 471
2578	3	501	17 130 175
2579	3	501	17 130 197
2580	3	501	17 130 216
2581	3	501	17 130 497
2582	3	501	17 148 197
2583	3	501	17 148 233
2584	3	501	17 171 292
2585	3	501	17 171 304
2586	3	501	17 171 449
2587	3	501	17 175 219
2588	3	501	17 175 449
2589	3	501	17 177 278
2590	3	501	17 197 292
2591	3	501	17 197 424
2592	3	501	17 216 497
2593	3	501	17 219 328
2594	3	501	17 219 364
2595	3	501	17 219 449
2596	3	501	17 219 471
2597	3	501	17 224 471
2598	3	501	17 233 409
2599	3	501	17 248 409
2600	3	501	17 248 497
2601	3	501	17 278 304
2602	3	501	17 278 404
2603	3	501	17 278 497
2604	3	501	17 284 424
2605	3	501	17 284 463
2606	3	501	17 292 409
2607	3	501	17 292 449
2608	3	501	17 304 424
2609	3	501	17 328 409
2610	3	501	17 364 409
2611	3	501	17 404 409
2612	3	501	17 406 424
2613	3	501	17 406 471
2614	3	501	17 409 463
2615	3	501	17 449 497
2616	3	501	18 31 193
2617	3	501	18 31 249
2618	3	501	18 31 376
2619	3	501	18 31 399
2620	3	501	18 41 171
2621	3	501	18 41 201
2622	3	501	18 41 258
2623	3	501	18 41 281
2624	3	501	18 41 344
2625	3	501	18 49 193
2626	3	501	18 49 257
2627	3	501	18 49 258
2628	3	501	18 49 384
2629	3	501	18 50 286
2630	3	501	18 50 287
2631	3	501	18 68 434
2632	3	501	18 93 171
2633	3	501	18 93 287
2634	3	501	18 93 365
2635	3	501	18 93 455
2636	3	501	18 112 249
2637	3	501	18 112 257
2638	3	501	18 112 289
2639	3	501	18 112 344
2640	3	501	18 112 384
2641	3	501	18 135 201
2642	3	501	18 171 377
2643	3	501	18 193 248
2644	3	501	18 193 354
2645	3	501	18 193 495
2646	3	501	18 206 213
2647	3	501	18 206 248
2648	3	501	18 206 289
2649	3	501	18 206 349
2650	3	501	18 206 376
2651	3	501	18 206 495
2652	3	501	18 213 380
2653	3	501	18 248 287
2654	3	501	18 248 497
2655	3	501	18 249 281
2656	3	501	18 249 282
2657	3	501	18 249 399
2658	3	501	18 249 454
2659	3	501	18 257 365
2660	3	501	18 257 377
2661	3	501	18 257 454
2662	3	501	18 258 287
2663	3	501	18 258 297
2664	3	501	18 258 376
2665	3	501	18 281 366
2666	3	501	18 281 380
2667	3	501	18 281 454
2668	3	501	18 282 376
2669	3	501	18 282 410
2670	3	501	18 286 355
2671	3	501	18 286 410
2672	3	501	18 286 434
2673	3	501	18 286 495
2674	3	501	18 287 297
2675	3	501	18 287 344
2676	3	501	18 287 377
2677	3	501	18 287 399
2678	3	501	18 287 495
2679	3	501	18 289 344
2680	3	501	18 289 372
2681	3	501	18 295 497
2682	3	501	18 297 454
2683	3	501	18 297 495
2684	3	501	18 344 366
2685	3	501	18 344 399
2686	3	501	18 349 376
2687	3	501	18 349 410
2688	3	501	18 349 455
2689	3	501	18 349 495
2690	3	501	18 354 376
2691	3	501	18 354 384
2692	3	501	18 355 372
2693	3	501	18 366 434
2694	3	501	18 366 497
2695	3	501	18 380 384
2696	3	501	18 384 434
2697	3	501	18 399 497
2698	3	501	18 434 455
2699	3	501	18 455 467
2700	3	501	18 467 495
2701	3	501	19 23 310
2702	3	501	19 23 439
2703	3	501	19 25 90
2704	3	501	19 25 388
2705	3	501	19 25 406
2706	3	501	19 25 437
2707	3	501	19 29 62
2708	3	501	19 29 161
2709	3	501	19 29 186
2710	3	501	19 29 204
2711	3	501	19 29 287
2712	3	501	19 29 312
2713	3	501	19 29 448
2714	3	501	19 62 303
2715	3	501	19 62 369
2716	3	501	19 62 439
2717	3	501	19 62 484
2718	3	501	19 77 79
2719	3	501	19 77 310
2720	3	501	19 77 357
2721	3	501	19 77 439
2722	3	501	19 77 448
2723	3	501	19 79 159
2724	3	501	19 79 437
2725	3	501	19 79 484
2726	3	501	19 90 310
2727	3	501	19 90 325
2728	3	501	19 90 412
2729	3	501	19 90 486
2730	3	501	19 98 357
2731	3	501	19 98 405
2732	3	501	19 98 406
2733	3	501	19 98 416
2734	3	501	19 98 432
2735	3	501	19 123 292
2736	3	501	19 123 369
2737	3	501	19 123 398
2738	3	501	19 123 406
2739	3	501	19 123 439
2740	3	501	19 124 204
2741	3	501	19 124 434
2742	3	501	19 124 497
2743	3	501	19 140 248
2744	3	501	19 140 303
2745	3	501	19 140 310
2746	3	501	19 140 434
2747	3	501	19 145 159
2748	3	501	19 145 369
2749	3	501	19 145 434
2750	3	501	19 159 324
2751	3	501	19 159 369
2752	3	501	19 159 432
2753	3	501	19 159 437
2754	3	501	19 161 292
2755	3	501	19 161 299
2756	3	501	19 161 303
2757	3	501	19 161 370
2758	3	501	19 186 369
2759	3	501	19 186 406
2760	3	501	19 204 324
2761	3	501	19 204 325
2762	3	501	19 204 437
2763	3	501	19 204 476
2764	3	501	19 204 497
2765	3	501	19 248 272
2766	3	501	19 248 287
2767	3	501	19 248 299
2768	3	501	19 248 310
2769	3	501	19 248 324
2770	3	501	19 248 357
2771	3	501	19 248 437
2772	3	501	19 248 497
2773	3	501	19 272 309
2774	3	501	19 272 324
2775	3	501	19 272 370
2776	3	501	19 272 434
2777	3	501	19 287 312
2778	3	501	19 287 324
2779	3	501	19 292 325
2780	3	501	19 292 369
2781	3	501	19 292 370
2782	3	501	19 292 484
2783	3	501	19 299 312
2784	3	501	19 299 325
2785	3	501	19 299 343
2786	3	501	19 303 325
2787	3	501	19 303 369
2788	3	501	19 303 405
2789	3	501	19 303 484
2790	3	501	19 310 365
2791	3	501	19 310 437
2792	3	501	19 312 406
2793	3	501	19 324 365
2794	3	501	19 324 370
2795	3	501	19 324 432
2796	3	501	19 324 486
2797	3	501	19 343 416
2798	3	501	19 343 448
2799	3	501	19 357 432
2800	3	501	19 365 412
2801	3	501	19 369 437
2802	3	501	19 369 448
2803	3	501	19 370 406
2804	3	501	19 370 416
2805	3	501	19 383 416
2806	3	501	19 383 439
2807	3	501	19 388 416
2808	3	501	19 388 484
2809	3	501	19 398 434
2810	3	501	19 405 432
2811	3	501	19 406 416
2812	3	501	19 406 476
2813	3	501	19 412 448
2814	3	501	19 412 476
2815	3	501	19 416 434
2816	3	501	19 416 476
2817	3	501	19 437 439
2818	3	501	19 439 484
2819	3	501	19 486 497
2820	3	501	20 22 35
2821	3	501	20 22 207
2822	3	501	20 22 423
2823	3	501	20 25 33
2824	3	501	20 25 43
2825	3	501	20 25 207
2826	3	501	20 25 291
2827	3	501	20 25 423
2828	3	501	20 33 141
2829	3	501	20 35 251
2830	3	501	20 35 333
2831	3	501	20 43 226
2832	3	501	20 57 263
2833	3	501	20 57 333
2834	3	501	20 57 458
2835	3	501	20 91 141
2836	3	501	20 91 244
2837	3	501	20 91 278
2838	3	501	20 91 333
2839	3	501	20 91 425
2840	3	501	20 93 251
2841	3	501	20 93 287
2842	3	501	20 93 333
2843	3	501	20 93 346
2844	3	501	20 93 365
2845	3	501	20 99 157
2846	3	501	20 99 256
2847	3	501	20 99 423
2848	3	501	20 100 346
2849	3	501	20 100 458
2850	3	501	20 100 477
2851	3	501	20 141 142
2852	3	501	20 141 230
2853	3	501	20 141 399
2854	3	501	20 141 458
2855	3	501	20 142 226
2856	3	501	20 142 372
2857	3	501	20 142 399
2858	3	501	20 155 291
2859	3	501	20 155 372
2860	3	501	20 157 204
2861	3	501	20 157 226
2862	3	501	20 157 230
2863	3	501	20 157 251
2864	3	501	20 157 263
2865	3	501	20 157 423
2866	3	501	20 193 226
2867	3	501	20 193 309
2868	3	501	20 204 267
2869	3	501	20 204 477
2870	3	501	20 207 263
2871	3	501	20 207 267
2872	3	501	20 207 287
2873	3	501	20 226 477
2874	3	501	20 230 287
2875	3	501	20 244 278
2876	3	501	20 244 287
2877	3	501	20 244 399
2878	3	501	20 250 267
2879	3	501	20 250 278
2880	3	501	20 250 291
2881	3	501	20 250 309
2882	3	501	20 250 365
2883	3	501	20 250 425
2884	3	501	20 251 271
2885	3	501	20 251 278
2886	3	501	20 251 425
2887	3	501	20 256 333
2888	3	501	20 267 284
2889	3	501	20 267 372
2890	3	501	20 271 278
2891	3	501	20 271 284
2892	3	501	20 271 291
2893	3	501	20 271 458
2894	3	501	20 278 287
2895	3	501	20 278 333
2896	3	501	20 278 404
2897	3	501	20 278 423
2898	3	501	20 284 365
2899	3	501	20 284 399
2900	3	501	20 287 399
2901	3	501	20 287 458
2902	3	501	20 291 372
2903	3	501	20 291 399
2904	3	501	20 291 404
2905	3	501	20 291 423
2906	3	501	20 309 458
2907	3	501	20 333 346
2908	3	501	20 333 425
2909	3	501	20 365 458
2910	3	501	20 372 423
2911	3	501	20 372 425
2912	3	501	20 372 458
2913	3	501	20 404 425
2914	3	501	20 425 458
2915	3	501	22 26 158
2916	3	501	22 26 197
2917	3	501	22 26 312
2918	3	501	22 26 400
2919	3	501	22 35 380
2920	3	501	22 35 440
2921	3	501	22 40 105
2922	3	501	22 62 349
2923	3	501	22 62 378
2924	3	501	22 62 400
2925	3	501	22 62 479
2926	3	501	22 64 212
2927	3	501	22 64 378
2928	3	501	22 73 312
2929	3	501	22 73 347
2930	3	501	22 73 413
2931	3	501	22 105 161
2932	3	501	22 105 197
2933	3	501	22 105 380
2934	3	501	22 105 422
2935	3	501	22 105 423
2936	3	501	22 130 197
2937	3	501	22 130 216
2938	3	501	22 130 400
2939	3	501	22 137 161
2940	3	501	22 137 423
2941	3	501	22 158 161
2942	3	501	22 158 212
2943	3	501	22 158 378
2944	3	501	22 161 173
2945	3	501	22 161 373
2946	3	501	22 173 413
2947	3	501	22 212 216
2948	3	501	22 216 353
2949	3	501	22 216 400
2950	3	501	22 216 413
2951	3	501	22 312 380
2952	3	501	22 312 423
2953	3	501	22 349 378
2954	3	501	22 349 413
2955	3	501	22 353 413
2956	3	501	22 377 440
2957	3	501	22 378 413
2958	3	501	22 378 479
2959	3	501	22 380 400
2960	3	501	22 400 479
2961	3	501	22 422 423
2962	3	501	22 440 467
2963	3	501	23 38 112
2964	3	501	23 38 297
2965	3	501	23 38 302
2966	3	501	23 38 326
2967	3	501	23 44 135
2968	3	501	23 44 176
2969	3	501	23 44 302
2970	3	501	23 44 439
2971	3	501	23 63 76
2972	3	501	23 63 155
2973	3	501	23 63 162
2974	3	501	23 63 302
2975	3	501	23 63 326
2976	3	501	23 63 458
2977	3	501	23 76 155
2978	3	501	23 76 351
2979	3	501	23 76 458
2980	3	501	23 112 160
2981	3	501	23 112 227
2982	3	501	23 122 155
2983	3	501	23 122 297
2984	3	501	23 122 310
2985	3	501	23 122 439
2986	3	501	23 134 218
2987	3	501	23 134 302
2988	3	501	23 134 439
2989	3	501	23 135 160
2990	3	501	23 135 218
2991	3	501	23 135 310
2992	3	501	23 135 428
2993	3	501	23 155 162
2994	3	501	23 155 291
2995	3	501	23 155 326
2996	3	501	23 155 444
2997	3	501	23 160 377
2998	3	501	23 160 428
2999	3	501	23 160 444
3000	3	501	23 160 455
3001	3	501	23 160 477
3002	3	501	23 162 176
3003	3	501	23 162 218
3004	3	501	23 162 310
3005	3	501	23 162 377
3006	3	501	23 162 410
3007	3	501	23 165 291
3008	3	501	23 165 310
3009	3	501	23 165 455
3010	3	501	23 176 394
3011	3	501	23 176 477
3012	3	501	23 218 351
3013	3	501	23 227 455
3014	3	501	23 291 439
3015	3	501	23 297 302
3016	3	501	23 297 326
3017	3	501	23 297 428
3018	3	501	23 302 428
3019	3	501	23 302 500
3020	3	501	23 310 410
3021	3	501	23 310 459
3022	3	501	23 327 427
3023	3	501	23 351 458
3024	3	501	23 377 444
3025	3	501	23 410 427
3026	3	501	23 410 459
3027	3	501	23 428 444
3028	3	501	23 428 461
3029	3	501	23 439 444
3030	3	501	24 28 130
3031	3	501	24 28 230
3032	3	501	24 28 485
3033	3	501	24 30 177
3034	3	501	24 30 180
3035	3	501	24 30 260
3036	3	501	24 30 365
3037	3	501	24 47 54
3038	3	501	24 47 61
3039	3	501	24 54 94
3040	3	501	24 54 359
3041	3	501	24 54 489
3042	3	501	24 61 230
3043	3	501	24 61 260
3044	3	501	24 61 359
3045	3	501	24 61 393
3046	3	501	24 61 396
3047	3	501	24 93 177
3048	3	501	24 93 304
3049	3	501	24 93 365
3050	3	501	24 93 396
3051	3	501	24 94 288
3052	3	501	24 104 130
3053	3	501	24 104 361
3054	3	501	24 104 489
3055	3	501	24 130 458
3056	3	501	24 177 188
3057	3	501	24 177 230
3058	3	501	24 180 418
3059	3	501	24 180 430
3060	3	501	24 180 485
3061	3	501	24 188 371
3062	3	501	24 223 246
3063	3	501	24 223 288
3064	3	501	24 223 361
3065	3	501	24 230 371
3066	3	501	24 246 330
3067	3	501	24 246 371
3068	3	501	24 246 485
3069	3	501	24 260 418
3070	3	501	24 260 430
3071	3	501	24 260 489
3072	3	501	24 275 310
3073	3	501	24 275 418
3074	3	501	24 275 434
3075	3	501	24 275 485
3076	3	501	24 288 291
3077	3	501	24 288 418
3078	3	501	24 291 356
3079	3	501	24 304 393
3080	3	501	24 304 434
3081	3	501	24 304 458
3082	3	501	24 310 365
3083	3	501	24 330 351
3084	3	501	24 351 430
3085	3	501	24 351 458
3086	3	501	24 356 393
3087	3	501	24 356 418
3088	3	501	24 359 418
3089	3	501	24 365 396
3090	3	501	24 365 458
3091	3	501	24 365 485
3092	3	501	24 393 458
3093	3	501	24 418 430
3094	3	501	24 418 482
3095	3	501	24 458 482
3096	3	501	25 30 176
3097	3	501	25 30 207
3098	3	501	25 30 409
3099	3	501	25 33 172
3100	3	501	25 33 409
3101	3	501	25 33 465
3102	3	501	25 43 106
3103	3	501	25 43 212
3104	3	501	25 43 388
3105	3	501	25 43 400
3106	3	501	25 43 437
3107	3	501	25 47 54
3108	3	501	25 47 61
3109	3	501	25 47 129
3110	3	501	25 47 296
3111	3	501	25 47 428
3112	3	501	25 47 462
3113	3	501	25 50 431
3114	3	501	25 50 500
3115	3	501	25 54 207
3116	3	501	25 54 400
3117	3	501	25 54 440
3118	3	501	25 61 176
3119	3	501	25 61 222
3120	3	501	25 61 396
3121	3	501	25 61 406
3122	3	501	25 61 462
3123	3	501	25 72 222
3124	3	501	25 72 361
3125	3	501	25 90 222
3126	3	501	25 90 440
3127	3	501	25 106 129
3128	3	501	25 106 468
3129	3	501	25 129 172
3130	3	501	25 129 396
3131	3	501	25 129 462
3132	3	501	25 129 481
3133	3	501	25 132 296
3134	3	501	25 132 423
3135	3	501	25 132 500
3136	3	501	25 172 176
3137	3	501	25 172 440
3138	3	501	25 176 296
3139	3	501	25 176 361
3140	3	501	25 207 233
3141	3	501	25 207 314
3142	3	501	25 212 291
3143	3	501	25 212 388
3144	3	501	25 212 396
3145	3	501	25 212 406
3146	3	501	25 233 291
3147	3	501	25 233 296
3148	3	501	25 233 409
3149	3	501	25 233 437
3150	3	501	25 233 440
3151	3	501	25 233 459
3152	3	501	25 233 465
3153	3	501	25 233 468
3154	3	501	25 236 440
3155	3	501	25 258 431
3156	3	501	25 291 423
3157	3	501	25 291 446
3158	3	501	25 291 465
3159	3	501	25 296 396
3160	3	501	25 296 462
3161	3	501	25 314 459
3162	3	501	25 396 440
3163	3	501	25 406 423
3164	3	501	25 406 428
3165	3	501	25 406 446
3166	3	501	25 409 423
3167	3	501	25 409 437
3168	3	501	25 418 440
3169	3	501	25 418 468
3170	3	501	25 423 428
3171	3	501	25 428 446
3172	3	501	25 431 462
3173	3	501	25 437 462
3174	3	501	25 440 446
3175	3	501	25 459 462
3176	3	501	26 57 75
3177	3	501	26 57 158
3178	3	501	26 57 240
3179	3	501	26 57 263
3180	3	501	26 57 355
3181	3	501	26 75 139
3182	3	501	26 75 158
3183	3	501	26 75 183
3184	3	501	26 75 355
3185	3	501	26 75 387
3186	3	501	26 139 251
3187	3	501	26 139 297
3188	3	501	26 139 355
3189	3	501	26 139 462
3190	3	501	26 140 397
3191	3	501	26 140 455
3192	3	501	26 158 219
3193	3	501	26 158 300
3194	3	501	26 158 425
3195	3	501	26 183 387
3196	3	501	26 183 400
3197	3	501	26 197 240
3198	3	501	26 219 240
3199	3	501	26 219 397
3200	3	501	26 219 483
3201	3	501	26 219 486
3202	3	501	26 237 295
3203	3	501	26 237 300
3204	3	501	26 237 312
3205	3	501	26 237 387
3206	3	501	26 237 425
3207	3	501	26 240 263
3208	3	501	26 240 266
3209	3	501	26 240 486
3210	3	501	26 240 495
3211	3	501	26 245 253
3212	3	501	26 245 312
3213	3	501	26 245 497
3214	3	501	26 245 500
3215	3	501	26 251 266
3216	3	501	26 251 300
3217	3	501	26 251 355
3218	3	501	26 251 425
3219	3	501	26 253 369
3220	3	501	26 253 397
3221	3	501	26 253 495
3222	3	501	26 263 369
3223	3	501	26 263 500
3224	3	501	26 266 462
3225	3	501	26 295 312
3226	3	501	26 295 393
3227	3	501	26 295 497
3228	3	501	26 297 300
3229	3	501	26 297 428
3230	3	501	26 297 483
3231	3	501	26 297 495
3232	3	501	26 300 393
3233	3	501	26 355 483
3234	3	501	26 369 455
3235	3	501	26 379 425
3236	3	501	26 387 400
3237	3	501	26 388 425
3238	3	501	26 393 500
3239	3	501	26 397 400
3240	3	501	26 486 497
3241	3	501	28 31 230
3242	3	501	28 31 333
3243	3	501	28 31 378
3244	3	501	28 31 383
3245	3	501	28 31 423
3246	3	501	28 32 292
3247	3	501	28 32 297
3248	3	501	28 32 333
3249	3	501	28 32 427
3250	3	501	28 32 465
3251	3	501	28 63 96
3252	3	501	28 63 120
3253	3	501	28 63 258
3254	3	501	28 63 292
3255	3	501	28 63 326
3256	3	501	28 67 82
3257	3	501	28 71 282
3258	3	501	28 71 298
3259	3	501	28 71 300
3260	3	501	28 71 327
3261	3	501	28 71 386
3262	3	501	28 71 389
3263	3	501	28 71 485
3264	3	501	28 75 292
3265	3	501	28 75 355
3266	3	501	28 75 427
3267	3	501	28 82 282
3268	3	501	28 82 300
3269	3	501	28 82 386
3270	3	501	28 82 389
3271	3	501	28 82 465
3272	3	501	28 90 232
3273	3	501	28 90 261
3274	3	501	28 90 300
3275	3	501	28 96 344
3276	3	501	28 96 378
3277	3	501	28 96 485
3278	3	501	28 120 172
3279	3	501	28 120 232
3280	3	501	28 130 297
3281	3	501	28 130 350
3282	3	501	28 130 427
3283	3	501	28 172 344
3284	3	501	28 172 355
3285	3	501	28 172 378
3286	3	501	28 230 261
3287	3	501	28 232 297
3288	3	501	28 232 355
3289	3	501	28 232 485
3290	3	501	28 233 326
3291	3	501	28 233 386
3292	3	501	28 233 465
3293	3	501	28 253 298
3294	3	501	28 253 311
3295	3	501	28 253 350
3296	3	501	28 257 292
3297	3	501	28 257 311
3298	3	501	28 257 327
3299	3	501	28 257 423
3300	3	501	28 257 465
3301	3	501	28 257 485
3302	3	501	28 258 297
3303	3	501	28 258 327
3304	3	501	28 258 378
3305	3	501	28 258 450
3306	3	501	28 258 485
3307	3	501	28 261 297
3308	3	501	28 261 328
3309	3	501	28 261 465
3310	3	501	28 282 328
3311	3	501	28 282 335
3312	3	501	28 282 383
3313	3	501	28 282 450
3314	3	501	28 282 485
3315	3	501	28 292 311
3316	3	501	28 292 423
3317	3	501	28 297 300
3318	3	501	28 297 326
3319	3	501	28 297 450
3320	3	501	28 297 466
3321	3	501	28 298 344
3322	3	501	28 300 311
3323	3	501	28 300 326
3324	3	501	28 300 335
3325	3	501	28 311 327
3326	3	501	28 311 383
3327	3	501	28 311 416
3328	3	501	28 311 466
3329	3	501	28 326 383
3330	3	501	28 326 450
3331	3	501	28 326 466
3332	3	501	28 327 427
3333	3	501	28 327 450
3334	3	501	28 328 333
3335	3	501	28 328 335
3336	3	501	28 328 416
3337	3	501	28 333 386
3338	3	501	28 333 389
3339	3	501	28 333 466
3340	3	501	28 335 344
3341	3	501	28 344 350
3342	3	501	28 344 450
3343	3	501	28 355 367
3344	3	501	28 355 389
3345	3	501	28 378 389
3346	3	501	28 378 427
3347	3	501	28 383 416
3348	3	501	28 383 465
3349	3	501	28 386 423
3350	3	501	28 423 466
3351	3	501	29 37 161
3352	3	501	29 37 278
3353	3	501	29 37 281
3354	3	501	29 37 385
3355	3	501	29 62 318
3356	3	501	29 62 429
3357	3	501	29 66 221
3358	3	501	29 66 429
3359	3	501	29 66 443
3360	3	501	29 66 454
3361	3	501	29 97 153
3362	3	501	29 97 287
3363	3	501	29 97 359
3364	3	501	29 97 429
3365	3	501	29 97 483
3366	3	501	29 107 130
3367	3	501	29 107 204
3368	3	501	29 109 318
3369	3	501	29 109 443
3370	3	501	29 130 237
3371	3	501	29 130 287
3372	3	501	29 130 318
3373	3	501	29 143 429
3374	3	501	29 143 454
3375	3	501	29 153 312
3376	3	501	29 153 347
3377	3	501	29 161 274
3378	3	501	29 186 237
3379	3	501	29 186 313
3380	3	501	29 186 359
3381	3	501	29 192 221
3382	3	501	29 192 347
3383	3	501	29 192 454
3384	3	501	29 204 281
3385	3	501	29 221 312
3386	3	501	29 221 448
3387	3	501	29 237 312
3388	3	501	29 237 359
3389	3	501	29 256 313
3390	3	501	29 274 287
3391	3	501	29 274 393
3392	3	501	29 278 287
3393	3	501	29 278 313
3394	3	501	29 278 422
3395	3	501	29 281 312
3396	3	501	29 281 422
3397	3	501	29 281 454
3398	3	501	29 287 312
3399	3	501	29 287 495
3400	3	501	29 312 359
3401	3	501	29 313 393
3402	3	501	29 313 454
3403	3	501	29 318 495
3404	3	501	29 347 429
3405	3	501	29 347 443
3406	3	501	29 359 422
3407	3	501	29 385 429
3408	3	501	29 429 444
3409	3	501	29 444 448
3410	3	501	30 41 59
3411	3	501	30 41 124
3412	3	501	30 41 177
3413	3	501	30 59 260
3414	3	501	30 59 365
3415	3	501	30 59 409
3416	3	501	30 82 302
3417	3	501	30 82 452
3418	3	501	30 116 170
3419	3	501	30 116 260
3420	3	501	30 116 322
3421	3	501	30 116 397
3422	3	501	30 116 491
3423	3	501	30 124 174
3424	3	501	30 124 176
3425	3	501	30 124 180
3426	3	501	30 124 193
3427	3	501	30 124 207
3428	3	501	30 124 225
3429	3	501	30 124 320
3430	3	501	30 149 322
3431	3	501	30 149 357
3432	3	501	30 149 410
3433	3	501	30 149 491
3434	3	501	30 170 355
3435	3	501	30 170 365
3436	3	501	30 170 410
3437	3	501	30 174 225
3438	3	501	30 174 397
3439	3	501	30 176 384
3440	3	501	30 176 477
3441	3	501	30 177 193
3442	3	501	30 177 322
3443	3	501	30 193 227
3444	3	501	30 193 397
3445	3	501	30 193 472
3446	3	501	30 207 225
3447	3	501	30 207 287
3448	3	501	30 207 355
3449	3	501	30 207 410
3450	3	501	30 225 311
3451	3	501	30 225 441
3452	3	501	30 227 346
3453	3	501	30 260 397
3454	3	501	30 260 399
3455	3	501	30 260 410
3456	3	501	30 287 397
3457	3	501	30 287 399
3458	3	501	30 287 441
3459	3	501	30 287 472
3460	3	501	30 302 346
3461	3	501	30 311 472
3462	3	501	30 320 385
3463	3	501	30 320 410
3464	3	501	30 320 472
3465	3	501	30 320 491
3466	3	501	30 322 357
3467	3	501	30 355 385
3468	3	501	30 365 397
3469	3	501	30 365 491
3470	3	501	30 384 441
3471	3	501	30 384 452
3472	3	501	30 385 452
3473	3	501	30 397 472
3474	3	501	30 399 491
3475	3	501	30 441 491
3476	3	501	30 452 477
3477	3	501	31 38 140
3478	3	501	31 38 397
3479	3	501	31 38 424
3480	3	501	31 38 430
3481	3	501	31 46 209
3482	3	501	31 46 242
3483	3	501	31 46 353
3484	3	501	31 46 435
3485	3	501	31 94 324
3486	3	501	31 94 399
3487	3	501	31 94 426
3488	3	501	31 94 500
3489	3	501	31 98 156
3490	3	501	31 98 209
3491	3	501	31 98 353
3492	3	501	31 98 426
3493	3	501	31 140 249
3494	3	501	31 140 391
3495	3	501	31 140 397
3496	3	501	31 140 426
3497	3	501	31 156 423
3498	3	501	31 164 186
3499	3	501	31 164 193
3500	3	501	31 186 424
3501	3	501	31 188 208
3502	3	501	31 188 383
3503	3	501	31 188 500
3504	3	501	31 193 397
3505	3	501	31 193 433
3506	3	501	31 208 209
3507	3	501	31 208 376
3508	3	501	31 208 409
3509	3	501	31 208 424
3510	3	501	31 208 500
3511	3	501	31 209 376
3512	3	501	31 218 378
3513	3	501	31 218 423
3514	3	501	31 218 430
3515	3	501	31 246 426
3516	3	501	31 249 324
3517	3	501	31 249 391
3518	3	501	31 249 399
3519	3	501	31 249 426
3520	3	501	31 249 433
3521	3	501	31 324 376
3522	3	501	31 324 430
3523	3	501	31 333 353
3524	3	501	31 353 376
3525	3	501	31 353 426
3526	3	501	31 353 433
3527	3	501	31 353 435
3528	3	501	31 353 500
3529	3	501	31 376 378
3530	3	501	31 376 423
3531	3	501	31 376 435
3532	3	501	31 391 424
3533	3	501	31 397 424
3534	3	501	31 399 430
3535	3	501	31 409 423
3536	3	501	31 423 435
3537	3	501	31 430 500
3538	3	501	32 64 303
3539	3	501	32 64 304
3540	3	501	32 64 324
3541	3	501	32 64 333
3542	3	501	32 64 419
3543	3	501	32 81 128
3544	3	501	32 81 231
3545	3	501	32 81 259
3546	3	501	32 81 324
3547	3	501	32 81 337
3548	3	501	32 81 349
3549	3	501	32 81 427
3550	3	501	32 88 141
3551	3	501	32 88 349
3552	3	501	32 88 500
3553	3	501	32 106 128
3554	3	501	32 106 156
3555	3	501	32 106 226
3556	3	501	32 106 277
3557	3	501	32 106 308
3558	3	501	32 128 231
3559	3	501	32 128 304
3560	3	501	32 128 494
3561	3	501	32 141 399
3562	3	501	32 141 419
3563	3	501	32 141 465
3564	3	501	32 141 495
3565	3	501	32 152 304
3566	3	501	32 152 500
3567	3	501	32 156 337
3568	3	501	32 159 189
3569	3	501	32 159 324
3570	3	501	32 159 419
3571	3	501	32 159 500
3572	3	501	32 173 413
3573	3	501	32 173 495
3574	3	501	32 189 316
3575	3	501	32 189 333
3576	3	501	32 189 413
3577	3	501	32 189 500
3578	3	501	32 193 226
3579	3	501	32 193 314
3580	3	501	32 193 465
3581	3	501	32 193 495
3582	3	501	32 226 304
3583	3	501	32 226 312
3584	3	501	32 226 337
3585	3	501	32 231 308
3586	3	501	32 250 425
3587	3	501	32 250 495
3588	3	501	32 259 277
3589	3	501	32 259 333
3590	3	501	32 259 399
3591	3	501	32 259 494
3592	3	501	32 277 312
3593	3	501	32 277 430
3594	3	501	32 277 465
3595	3	501	32 292 399
3596	3	501	32 292 425
3597	3	501	32 297 308
3598	3	501	32 297 430
3599	3	501	32 297 495
3600	3	501	32 303 316
3601	3	501	32 303 399
3602	3	501	32 303 427
3603	3	501	32 303 430
3604	3	501	32 303 494
3605	3	501	32 303 495
3606	3	501	32 304 308
3607	3	501	32 308 314
3608	3	501	32 308 399
3609	3	501	32 314 413
3610	3	501	32 316 427
3611	3	501	32 316 465
3612	3	501	32 316 495
3613	3	501	32 324 419
3614	3	501	32 324 430
3615	3	501	32 333 425
3616	3	501	32 337 413
3617	3	501	32 337 419
3618	3	501	32 337 430
3619	3	501	32 349 388
3620	3	501	32 349 413
3621	3	501	32 349 495
3622	3	501	32 349 500
3623	3	501	32 388 419
3624	3	501	32 388 425
3625	3	501	32 388 427
3626	3	501	32 399 430
3627	3	501	32 413 494
3628	3	501	32 419 425
3629	3	501	32 419 430
3630	3	501	32 425 427
3631	3	501	32 425 430
3632	3	501	32 427 430
3633	3	501	32 430 500
3634	3	501	33 48 79
3635	3	501	33 48 153
3636	3	501	33 48 211
3637	3	501	33 48 228
3638	3	501	33 59 101
3639	3	501	33 59 136
3640	3	501	33 59 137
3641	3	501	33 59 260
3642	3	501	33 59 261
3643	3	501	33 59 409
3644	3	501	33 59 484
3645	3	501	33 69 172
3646	3	501	33 69 246
3647	3	501	33 76 80
3648	3	501	33 76 153
3649	3	501	33 76 286
3650	3	501	33 79 208
3651	3	501	33 79 457
3652	3	501	33 79 484
3653	3	501	33 80 318
3654	3	501	33 80 457
3655	3	501	33 101 261
3656	3	501	33 101 389
3657	3	501	33 101 465
3658	3	501	33 136 153
3659	3	501	33 136 172
3660	3	501	33 136 186
3661	3	501	33 136 228
3662	3	501	33 136 276
3663	3	501	33 136 465
3664	3	501	33 137 261
3665	3	501	33 137 484
3666	3	501	33 141 153
3667	3	501	33 141 186
3668	3	501	33 141 389
3669	3	501	33 141 409
3670	3	501	33 141 457
3671	3	501	33 141 465
3672	3	501	33 153 211
3673	3	501	33 153 489
3674	3	501	33 172 208
3675	3	501	33 172 246
3676	3	501	33 172 315
3677	3	501	33 172 432
3678	3	501	33 186 211
3679	3	501	33 186 294
3680	3	501	33 186 304
3681	3	501	33 186 465
3682	3	501	33 192 294
3683	3	501	33 192 389
3684	3	501	33 192 465
3685	3	501	33 192 473
3686	3	501	33 208 261
3687	3	501	33 208 409
3688	3	501	33 208 410
3689	3	501	33 208 473
3690	3	501	33 211 246
3691	3	501	33 211 317
3692	3	501	33 211 409
3693	3	501	33 211 411
3694	3	501	33 228 389
3695	3	501	33 228 473
3696	3	501	33 246 276
3697	3	501	33 260 318
3698	3	501	33 260 319
3699	3	501	33 260 410
3700	3	501	33 260 465
3701	3	501	33 260 489
3702	3	501	33 261 411
3703	3	501	33 261 465
3704	3	501	33 261 473
3705	3	501	33 286 410
3706	3	501	33 286 432
3707	3	501	33 286 457
3708	3	501	33 304 473
3709	3	501	33 315 318
3710	3	501	33 315 389
3711	3	501	33 317 327
3712	3	501	33 318 484
3713	3	501	33 319 466
3714	3	501	33 327 353
3715	3	501	33 353 411
3716	3	501	33 353 465
3717	3	501	33 389 457
3718	3	501	33 409 411
3719	3	501	33 409 432
3720	3	501	33 409 484
3721	3	501	33 411 457
3722	3	501	33 457 466
3723	3	501	34 49 51
3724	3	501	34 49 122
3725	3	501	34 49 321
3726	3	501	34 49 332
3727	3	501	34 63 92
3728	3	501	34 63 120
3729	3	501	34 63 123
3730	3	501	34 63 365
3731	3	501	34 63 445
3732	3	501	34 69 107
3733	3	501	34 69 123
3734	3	501	34 69 170
3735	3	501	34 73 122
3736	3	501	34 73 261
3737	3	501	34 73 354
3738	3	501	34 86 106
3739	3	501	34 86 321
3740	3	501	34 86 372
3741	3	501	34 92 134
3742	3	501	34 92 259
3743	3	501	34 92 354
3744	3	501	34 106 123
3745	3	501	34 106 208
3746	3	501	34 107 134
3747	3	501	34 107 386
3748	3	501	34 109 261
3749	3	501	34 109 332
3750	3	501	34 109 480
3751	3	501	34 120 134
3752	3	501	34 120 409
3753	3	501	34 122 423
3754	3	501	34 123 259
3755	3	501	34 123 452
3756	3	501	34 123 480
3757	3	501	34 133 141
3758	3	501	34 133 372
3759	3	501	34 133 437
3760	3	501	34 134 261
3761	3	501	34 134 386
3762	3	501	34 141 170
3763	3	501	34 141 227
3764	3	501	34 141 386
3765	3	501	34 141 409
3766	3	501	34 159 260
3767	3	501	34 159 437
3768	3	501	34 159 489
3769	3	501	34 170 321
3770	3	501	34 170 365
3771	3	501	34 170 366
3772	3	501	34 170 423
3773	3	501	34 170 445
3774	3	501	34 170 489
3775	3	501	34 208 261
3776	3	501	34 208 409
3777	3	501	34 208 437
3778	3	501	34 227 305
3779	3	501	34 227 437
3780	3	501	34 259 260
3781	3	501	34 259 332
3782	3	501	34 260 386
3783	3	501	34 260 489
3784	3	501	34 261 480
3785	3	501	34 321 396
3786	3	501	34 332 409
3787	3	501	34 332 423
3788	3	501	34 332 452
3789	3	501	34 354 489
3790	3	501	34 365 396
3791	3	501	34 372 423
3792	3	501	34 372 480
3793	3	501	34 372 489
3794	3	501	34 386 423
3795	3	501	34 396 440
3796	3	501	34 396 452
3797	3	501	34 409 423
3798	3	501	34 409 437
3799	3	501	34 423 489
3800	3	501	34 480 489
3801	3	501	35 41 132
3802	3	501	35 41 251
3803	3	501	35 41 258
3804	3	501	35 77 112
3805	3	501	35 77 380
3806	3	501	35 77 448
3807	3	501	35 112 175
3808	3	501	35 112 448
3809	3	501	35 132 380
3810	3	501	35 183 383
3811	3	501	35 183 440
3812	3	501	35 251 356
3813	3	501	35 258 371
3814	3	501	35 258 398
3815	3	501	35 258 448
3816	3	501	35 333 356
3817	3	501	35 333 448
3818	3	501	35 333 487
3819	3	501	35 356 380
3820	3	501	35 356 453
3821	3	501	35 371 383
3822	3	501	35 380 398
3823	3	501	35 453 454
3824	3	501	36 52 126
3825	3	501	36 52 135
3826	3	501	36 52 237
3827	3	501	36 52 274
3828	3	501	36 52 295
3829	3	501	36 52 489
3830	3	501	36 126 153
3831	3	501	36 126 240
3832	3	501	36 126 363
3833	3	501	36 126 406
3834	3	501	36 126 489
3835	3	501	36 135 274
3836	3	501	36 135 314
3837	3	501	36 135 337
3838	3	501	36 153 156
3839	3	501	36 153 314
3840	3	501	36 153 337
3841	3	501	36 153 363
3842	3	501	36 153 489
3843	3	501	36 156 337
3844	3	501	36 171 199
3845	3	501	36 171 304
3846	3	501	36 171 337
3847	3	501	36 171 367
3848	3	501	36 199 202
3849	3	501	36 199 286
3850	3	501	36 202 333
3851	3	501	36 223 361
3852	3	501	36 223 410
3853	3	501	36 223 413
3854	3	501	36 237 295
3855	3	501	36 240 263
3856	3	501	36 240 329
3857	3	501	36 240 495
3858	3	501	36 263 274
3859	3	501	36 281 334
3860	3	501	36 281 413
3861	3	501	36 286 314
3862	3	501	36 286 386
3863	3	501	36 286 410
3864	3	501	36 286 495
3865	3	501	36 314 413
3866	3	501	36 329 379
3867	3	501	36 329 495
3868	3	501	36 333 379
3869	3	501	36 333 386
3870	3	501	36 334 367
3871	3	501	36 334 379
3872	3	501	36 334 445
3873	3	501	36 337 413
3874	3	501	36 363 410
3875	3	501	36 367 495
3876	3	501	36 379 410
3877	3	501	36 386 406
3878	3	501	36 386 410
3879	3	501	36 386 413
3880	3	501	37 44 224
3881	3	501	37 44 248
3882	3	501	37 44 497
3883	3	501	37 49 228
3884	3	501	37 93 342
3885	3	501	37 105 161
3886	3	501	37 105 351
3887	3	501	37 105 453
3888	3	501	37 161 217
3889	3	501	37 161 224
3890	3	501	37 161 354
3891	3	501	37 166 250
3892	3	501	37 166 385
3893	3	501	37 217 224
3894	3	501	37 217 278
3895	3	501	37 223 248
3896	3	501	37 223 250
3897	3	501	37 223 289
3898	3	501	37 223 500
3899	3	501	37 224 277
3900	3	501	37 224 341
3901	3	501	37 228 269
3902	3	501	37 245 497
3903	3	501	37 245 500
3904	3	501	37 248 341
3905	3	501	37 248 497
3906	3	501	37 250 278
3907	3	501	37 250 342
3908	3	501	37 263 269
3909	3	501	37 263 277
3910	3	501	37 263 449
3911	3	501	37 263 500
3912	3	501	37 269 322
3913	3	501	37 277 289
3914	3	501	37 278 351
3915	3	501	37 278 387
3916	3	501	37 278 497
3917	3	501	37 281 322
3918	3	501	37 281 449
3919	3	501	37 281 500
3920	3	501	37 286 338
3921	3	501	37 289 385
3922	3	501	37 322 351
3923	3	501	37 338 500
3924	3	501	37 342 459
3925	3	501	37 351 497
3926	3	501	37 354 453
3927	3	501	37 354 459
3928	3	501	37 385 453
3929	3	501	37 449 497
3930	3	501	37 449 500
3931	3	501	38 55 124
3932	3	501	38 60 258
3933	3	501	38 60 302
3934	3	501	38 60 453
3935	3	501	38 78 163
3936	3	501	38 103 424
3937	3	501	38 110 124
3938	3	501	38 110 258
3939	3	501	38 112 145
3940	3	501	38 112 174
3941	3	501	38 112 482
3942	3	501	38 124 174
3943	3	501	38 124 297
3944	3	501	38 139 297
3945	3	501	38 139 370
3946	3	501	38 139 430
3947	3	501	38 140 238
3948	3	501	38 140 397
3949	3	501	38 145 238
3950	3	501	38 145 453
3951	3	501	38 145 457
3952	3	501	38 163 174
3953	3	501	38 163 264
3954	3	501	38 174 345
3955	3	501	38 174 397
3956	3	501	38 238 345
3957	3	501	38 253 397
3958	3	501	38 253 424
3959	3	501	38 253 453
3960	3	501	38 253 482
3961	3	501	38 258 297
3962	3	501	38 258 431
3963	3	501	38 262 326
3964	3	501	38 264 457
3965	3	501	38 297 302
3966	3	501	38 297 326
3967	3	501	38 297 430
3968	3	501	38 302 482
3969	3	501	38 326 424
3970	3	501	38 370 406
3971	3	501	38 370 453
3972	3	501	38 370 472
3973	3	501	38 370 482
3974	3	501	38 397 424
3975	3	501	38 397 472
3976	3	501	38 406 424
3977	3	501	38 424 472
3978	3	501	38 430 453
3979	3	501	40 41 43
3980	3	501	40 41 89
3981	3	501	40 41 201
3982	3	501	40 41 391
3983	3	501	40 41 485
3984	3	501	40 43 95
3985	3	501	40 43 476
3986	3	501	40 89 201
3987	3	501	40 89 274
3988	3	501	40 89 291
3989	3	501	40 93 95
3990	3	501	40 93 304
3991	3	501	40 95 105
3992	3	501	40 95 233
3993	3	501	40 95 446
3994	3	501	40 102 105
3995	3	501	40 102 267
3996	3	501	40 102 432
3997	3	501	40 102 446
3998	3	501	40 105 218
3999	3	501	40 105 476
4000	3	501	40 105 485
4001	3	501	40 170 376
4002	3	501	40 187 317
4003	3	501	40 201 485
4004	3	501	40 208 274
4005	3	501	40 208 376
4006	3	501	40 218 317
4007	3	501	40 233 291
4008	3	501	40 233 391
4009	3	501	40 274 291
4010	3	501	40 274 432
4011	3	501	40 274 485
4012	3	501	40 278 304
4013	3	501	40 278 446
4014	3	501	40 291 391
4015	3	501	40 291 446
4016	3	501	40 317 376
4017	3	501	40 406 446
4018	3	501	40 406 476
4019	3	501	41 43 152
4020	3	501	41 43 281
4021	3	501	41 53 239
4022	3	501	41 53 264
4023	3	501	41 53 324
4024	3	501	41 54 251
4025	3	501	41 59 171
4026	3	501	41 66 152
4027	3	501	41 66 201
4028	3	501	41 66 239
4029	3	501	41 66 485
4030	3	501	41 89 107
4031	3	501	41 89 120
4032	3	501	41 89 201
4033	3	501	41 89 251
4034	3	501	41 89 258
4035	3	501	41 89 281
4036	3	501	41 107 134
4037	3	501	41 107 324
4038	3	501	41 114 152
4039	3	501	41 114 177
4040	3	501	41 114 342
4041	3	501	41 120 134
4042	3	501	41 120 239
4043	3	501	41 124 171
4044	3	501	41 124 239
4045	3	501	41 124 251
4046	3	501	41 132 470
4047	3	501	41 134 201
4048	3	501	41 134 264
4049	3	501	41 152 281
4050	3	501	41 152 344
4051	3	501	41 155 201
4052	3	501	41 155 470
4053	3	501	41 201 485
4054	3	501	41 251 413
4055	3	501	41 258 485
4056	3	501	41 281 324
4057	3	501	41 281 404
4058	3	501	41 281 413
4059	3	501	41 281 485
4060	3	501	41 281 486
4061	3	501	41 288 342
4062	3	501	41 324 485
4063	3	501	41 324 486
4064	3	501	41 342 344
4065	3	501	41 342 404
4066	3	501	41 344 470
4067	3	501	41 374 470
4068	3	501	41 413 470
4069	3	501	42 50 185
4070	3	501	42 50 353
4071	3	501	42 50 405
4072	3	501	42 50 431
4073	3	501	42 50 443
4074	3	501	42 50 491
4075	3	501	42 54 251
4076	3	501	42 54 326
4077	3	501	42 54 405
4078	3	501	42 54 491
4079	3	501	42 59 136
4080	3	501	42 59 171
4081	3	501	42 59 297
4082	3	501	42 59 376
4083	3	501	42 81 301
4084	3	501	42 81 332
4085	3	501	42 105 185
4086	3	501	42 105 294
4087	3	501	42 105 437
4088	3	501	42 105 443
4089	3	501	42 105 495
4090	3	501	42 120 166
4091	3	501	42 120 301
4092	3	501	42 120 368
4093	3	501	42 120 387
4094	3	501	42 133 283
4095	3	501	42 133 376
4096	3	501	42 133 437
4097	3	501	42 136 175
4098	3	501	42 160 175
4099	3	501	42 160 444
4100	3	501	42 160 486
4101	3	501	42 166 385
4102	3	501	42 166 412
4103	3	501	42 166 495
4104	3	501	42 171 385
4105	3	501	42 171 412
4106	3	501	42 171 437
4107	3	501	42 171 443
4108	3	501	42 175 283
4109	3	501	42 175 326
4110	3	501	42 175 368
4111	3	501	42 175 437
4112	3	501	42 177 443
4113	3	501	42 177 454
4114	3	501	42 185 486
4115	3	501	42 190 251
4116	3	501	42 190 431
4117	3	501	42 190 486
4118	3	501	42 240 486
4119	3	501	42 240 495
4120	3	501	42 241 316
4121	3	501	42 241 326
4122	3	501	42 241 368
4123	3	501	42 283 316
4124	3	501	42 283 326
4125	3	501	42 294 376
4126	3	501	42 294 387
4127	3	501	42 297 326
4128	3	501	42 297 368
4129	3	501	42 297 454
4130	3	501	42 297 495
4131	3	501	42 316 495
4132	3	501	42 326 332
4133	3	501	42 326 412
4134	3	501	42 332 376
4135	3	501	42 353 376
4136	3	501	42 368 387
4137	3	501	42 376 412
4138	3	501	42 376 444
4139	3	501	42 405 443
4140	3	501	42 437 495
4141	3	501	42 444 486
4142	3	501	42 486 491
4143	3	501	43 75 221
4144	3	501	43 84 412
4145	3	501	43 95 98
4146	3	501	43 95 127
4147	3	501	43 95 203
4148	3	501	43 98 281
4149	3	501	43 98 364
4150	3	501	43 103 127
4151	3	501	43 103 437
4152	3	501	43 106 226
4153	3	501	43 106 277
4154	3	501	43 106 397
4155	3	501	43 106 482
4156	3	501	43 127 302
4157	3	501	43 138 238
4158	3	501	43 138 351
4159	3	501	43 138 412
4160	3	501	43 138 437
4161	3	501	43 138 482
4162	3	501	43 140 238
4163	3	501	43 140 397
4164	3	501	43 140 434
4165	3	501	43 140 455
4166	3	501	43 152 281
4167	3	501	43 152 293
4168	3	501	43 180 221
4169	3	501	43 180 455
4170	3	501	43 203 388
4171	3	501	43 212 351
4172	3	501	43 212 388
4173	3	501	43 212 473
4174	3	501	43 221 226
4175	3	501	43 226 302
4176	3	501	43 226 473
4177	3	501	43 238 351
4178	3	501	43 238 400
4179	3	501	43 238 496
4180	3	501	43 277 366
4181	3	501	43 277 397
4182	3	501	43 277 434
4183	3	501	43 281 366
4184	3	501	43 281 476
4185	3	501	43 281 482
4186	3	501	43 293 434
4187	3	501	43 293 437
4188	3	501	43 293 455
4189	3	501	43 297 302
4190	3	501	43 297 364
4191	3	501	43 297 483
4192	3	501	43 297 496
4193	3	501	43 302 482
4194	3	501	43 364 482
4195	3	501	43 366 434
4196	3	501	43 397 400
4197	3	501	43 397 476
4198	3	501	43 412 476
4199	3	501	43 412 496
4200	3	501	43 434 455
4201	3	501	43 473 476
4202	3	501	43 476 496
4203	3	501	44 46 89
4204	3	501	44 46 135
4205	3	501	44 46 170
4206	3	501	44 46 328
4207	3	501	44 46 439
4208	3	501	44 46 457
4209	3	501	44 73 251
4210	3	501	44 73 337
4211	3	501	44 80 121
4212	3	501	44 80 424
4213	3	501	44 80 457
4214	3	501	44 86 135
4215	3	501	44 89 251
4216	3	501	44 89 462
4217	3	501	44 89 489
4218	3	501	44 109 243
4219	3	501	44 109 399
4220	3	501	44 135 314
4221	3	501	44 135 337
4222	3	501	44 170 248
4223	3	501	44 170 329
4224	3	501	44 170 365
4225	3	501	44 170 376
4226	3	501	44 170 489
4227	3	501	44 176 189
4228	3	501	44 189 251
4229	3	501	44 189 439
4230	3	501	44 189 497
4231	3	501	44 224 329
4232	3	501	44 224 399
4233	3	501	44 224 457
4234	3	501	44 248 425
4235	3	501	44 248 437
4236	3	501	44 248 491
4237	3	501	44 248 497
4238	3	501	44 251 425
4239	3	501	44 302 328
4240	3	501	44 302 329
4241	3	501	44 307 329
4242	3	501	44 307 365
4243	3	501	44 307 399
4244	3	501	44 307 439
4245	3	501	44 314 457
4246	3	501	44 328 329
4247	3	501	44 328 442
4248	3	501	44 337 365
4249	3	501	44 337 437
4250	3	501	44 337 462
4251	3	501	44 365 491
4252	3	501	44 376 386
4253	3	501	44 386 457
4254	3	501	44 399 491
4255	3	501	44 399 497
4256	3	501	44 424 489
4257	3	501	44 425 439
4258	3	501	44 425 457
4259	3	501	44 437 439
4260	3	501	44 437 462
4261	3	501	45 49 51
4262	3	501	45 49 228
4263	3	501	45 49 323
4264	3	501	45 49 332
4265	3	501	45 49 367
4266	3	501	45 49 443
4267	3	501	45 49 468
4268	3	501	45 51 90
4269	3	501	45 51 162
4270	3	501	45 51 367
4271	3	501	45 51 443
4272	3	501	45 51 482
4273	3	501	45 54 97
4274	3	501	45 54 251
4275	3	501	45 54 367
4276	3	501	45 80 383
4277	3	501	45 81 90
4278	3	501	45 81 128
4279	3	501	45 81 259
4280	3	501	45 81 332
4281	3	501	45 81 468
4282	3	501	45 84 99
4283	3	501	45 84 165
4284	3	501	45 84 409
4285	3	501	45 84 450
4286	3	501	45 88 165
4287	3	501	45 88 328
4288	3	501	45 89 162
4289	3	501	45 89 181
4290	3	501	45 89 206
4291	3	501	45 89 251
4292	3	501	45 89 291
4293	3	501	45 90 134
4294	3	501	45 90 152
4295	3	501	45 90 162
4296	3	501	45 90 165
4297	3	501	45 90 232
4298	3	501	45 91 128
4299	3	501	45 91 162
4300	3	501	45 91 272
4301	3	501	45 91 383
4302	3	501	45 91 406
4303	3	501	45 91 468
4304	3	501	45 97 128
4305	3	501	45 97 357
4306	3	501	45 99 134
4307	3	501	45 99 148
4308	3	501	45 99 232
4309	3	501	45 99 256
4310	3	501	45 99 367
4311	3	501	45 99 383
4312	3	501	45 128 129
4313	3	501	45 128 272
4314	3	501	45 129 332
4315	3	501	45 134 148
4316	3	501	45 134 468
4317	3	501	45 148 250
4318	3	501	45 148 367
4319	3	501	45 148 383
4320	3	501	45 148 482
4321	3	501	45 149 251
4322	3	501	45 149 357
4323	3	501	45 149 367
4324	3	501	45 152 443
4325	3	501	45 152 468
4326	3	501	45 162 232
4327	3	501	45 162 250
4328	3	501	45 162 311
4329	3	501	45 162 450
4330	3	501	45 165 291
4331	3	501	45 165 366
4332	3	501	45 165 482
4333	3	501	45 181 228
4334	3	501	45 181 323
4335	3	501	45 181 477
4336	3	501	45 206 251
4337	3	501	45 228 232
4338	3	501	45 228 443
4339	3	501	45 232 266
4340	3	501	45 232 409
4341	3	501	45 250 291
4342	3	501	45 250 366
4343	3	501	45 251 266
4344	3	501	45 256 445
4345	3	501	45 256 482
4346	3	501	45 259 332
4347	3	501	45 259 367
4348	3	501	45 266 332
4349	3	501	45 266 409
4350	3	501	45 272 311
4351	3	501	45 291 443
4352	3	501	45 311 323
4353	3	501	45 311 383
4354	3	501	45 323 406
4355	3	501	45 328 409
4356	3	501	45 332 367
4357	3	501	45 332 409
4358	3	501	45 366 383
4359	3	501	45 366 450
4360	3	501	45 366 468
4361	3	501	45 383 468
4362	3	501	45 409 482
4363	3	501	45 443 477
4364	3	501	45 445 477
4365	3	501	45 445 482
4366	3	501	46 59 83
4367	3	501	46 59 162
4368	3	501	46 61 405
4369	3	501	46 61 406
4370	3	501	46 66 206
4371	3	501	46 66 209
4372	3	501	46 66 405
4373	3	501	46 66 406
4374	3	501	46 66 485
4375	3	501	46 83 116
4376	3	501	46 83 342
4377	3	501	46 83 435
4378	3	501	46 83 457
4379	3	501	46 83 483
4380	3	501	46 83 486
4381	3	501	46 89 107
4382	3	501	46 89 162
4383	3	501	46 89 206
4384	3	501	46 89 281
4385	3	501	46 89 435
4386	3	501	46 104 116
4387	3	501	46 104 242
4388	3	501	46 104 406
4389	3	501	46 104 459
4390	3	501	46 107 202
4391	3	501	46 107 353
4392	3	501	46 116 170
4393	3	501	46 116 295
4394	3	501	46 116 342
4395	3	501	46 116 406
4396	3	501	46 116 486
4397	3	501	46 132 445
4398	3	501	46 135 310
4399	3	501	46 138 206
4400	3	501	46 138 477
4401	3	501	46 149 357
4402	3	501	46 162 281
4403	3	501	46 162 310
4404	3	501	46 162 400
4405	3	501	46 162 485
4406	3	501	46 170 342
4407	3	501	46 170 445
4408	3	501	46 202 310
4409	3	501	46 202 328
4410	3	501	46 202 439
4411	3	501	46 206 317
4412	3	501	46 242 341
4413	3	501	46 242 445
4414	3	501	46 242 459
4415	3	501	46 281 328
4416	3	501	46 281 485
4417	3	501	46 281 486
4418	3	501	46 295 357
4419	3	501	46 295 459
4420	3	501	46 299 459
4421	3	501	46 299 477
4422	3	501	46 310 459
4423	3	501	46 317 341
4424	3	501	46 317 405
4425	3	501	46 341 353
4426	3	501	46 341 457
4427	3	501	46 342 357
4428	3	501	46 342 435
4429	3	501	46 342 445
4430	3	501	46 342 459
4431	3	501	46 353 435
4432	3	501	46 353 459
4433	3	501	46 353 477
4434	3	501	46 405 485
4435	3	501	46 445 477
4436	3	501	46 477 483
4437	3	501	46 477 485
4438	3	501	47 54 140
4439	3	501	47 54 326
4440	3	501	47 54 367
4441	3	501	47 54 419
4442	3	501	47 56 76
4443	3	501	47 56 129
4444	3	501	47 56 209
4445	3	501	47 56 441
4446	3	501	47 61 326
4447	3	501	47 61 411
4448	3	501	47 61 443
4449	3	501	47 61 448
4450	3	501	47 61 462
4451	3	501	47 64 70
4452	3	501	47 64 248
4453	3	501	47 64 269
4454	3	501	47 64 296
4455	3	501	47 64 412
4456	3	501	47 64 419
4457	3	501	47 64 448
4458	3	501	47 66 209
4459	3	501	47 66 239
4460	3	501	47 66 296
4461	3	501	47 66 443
4462	3	501	47 68 411
4463	3	501	47 68 476
4464	3	501	47 70 103
4465	3	501	47 70 139
4466	3	501	47 70 326
4467	3	501	47 70 366
4468	3	501	47 70 367
4469	3	501	47 76 129
4470	3	501	47 76 139
4471	3	501	47 76 140
4472	3	501	47 76 355
4473	3	501	47 76 366
4474	3	501	47 103 109
4475	3	501	47 103 218
4476	3	501	47 103 309
4477	3	501	47 103 318
4478	3	501	47 103 367
4479	3	501	47 109 296
4480	3	501	47 109 318
4481	3	501	47 109 443
4482	3	501	47 124 218
4483	3	501	47 124 239
4484	3	501	47 124 250
4485	3	501	47 124 497
4486	3	501	47 129 355
4487	3	501	47 129 462
4488	3	501	47 139 209
4489	3	501	47 139 218
4490	3	501	47 139 355
4491	3	501	47 139 419
4492	3	501	47 139 441
4493	3	501	47 139 448
4494	3	501	47 139 462
4495	3	501	47 140 175
4496	3	501	47 140 248
4497	3	501	47 175 326
4498	3	501	47 175 419
4499	3	501	47 209 293
4500	3	501	47 209 367
4501	3	501	47 209 462
4502	3	501	47 218 318
4503	3	501	47 218 411
4504	3	501	47 226 403
4505	3	501	47 226 428
4506	3	501	47 239 269
4507	3	501	47 248 497
4508	3	501	47 250 309
4509	3	501	47 250 366
4510	3	501	47 250 428
4511	3	501	47 296 367
4512	3	501	47 296 411
4513	3	501	47 296 462
4514	3	501	47 309 419
4515	3	501	47 309 443
4516	3	501	47 326 412
4517	3	501	47 326 448
4518	3	501	47 355 364
4519	3	501	47 355 367
4520	3	501	47 364 462
4521	3	501	47 366 462
4522	3	501	47 366 497
4523	3	501	47 411 419
4524	3	501	47 412 448
4525	3	501	47 412 476
4526	3	501	47 462 476
4527	3	501	48 79 116
4528	3	501	48 79 430
4529	3	501	48 96 240
4530	3	501	48 96 430
4531	3	501	48 106 148
4532	3	501	48 106 433
4533	3	501	48 112 145
4534	3	501	48 116 430
4535	3	501	48 116 486
4536	3	501	48 132 445
4537	3	501	48 140 157
4538	3	501	48 140 171
4539	3	501	48 140 303
4540	3	501	48 140 434
4541	3	501	48 145 185
4542	3	501	48 145 211
4543	3	501	48 145 434
4544	3	501	48 145 496
4545	3	501	48 148 240
4546	3	501	48 148 430
4547	3	501	48 148 435
4548	3	501	48 153 157
4549	3	501	48 153 200
4550	3	501	48 153 211
4551	3	501	48 153 231
4552	3	501	48 153 251
4553	3	501	48 157 251
4554	3	501	48 157 445
4555	3	501	48 157 496
4556	3	501	48 171 292
4557	3	501	48 176 219
4558	3	501	48 176 486
4559	3	501	48 185 388
4560	3	501	48 185 486
4561	3	501	48 200 434
4562	3	501	48 211 251
4563	3	501	48 211 321
4564	3	501	48 219 240
4565	3	501	48 219 264
4566	3	501	48 219 460
4567	3	501	48 219 486
4568	3	501	48 228 232
4569	3	501	48 228 242
4570	3	501	48 231 232
4571	3	501	48 231 240
4572	3	501	48 231 321
4573	3	501	48 231 445
4574	3	501	48 232 430
4575	3	501	48 240 430
4576	3	501	48 240 486
4577	3	501	48 242 445
4578	3	501	48 242 479
4579	3	501	48 292 433
4580	3	501	48 292 445
4581	3	501	48 303 430
4582	3	501	48 321 430
4583	3	501	48 430 479
4584	3	501	48 434 445
4585	3	501	48 445 479
4586	3	501	49 51 157
4587	3	501	49 51 243
4588	3	501	49 51 346
4589	3	501	49 51 367
4590	3	501	49 51 384
4591	3	501	49 51 443
4592	3	501	49 57 321
4593	3	501	49 57 488
4594	3	501	49 71 468
4595	3	501	49 78 332
4596	3	501	49 78 346
4597	3	501	49 78 443
4598	3	501	49 83 122
4599	3	501	49 83 193
4600	3	501	49 83 346
4601	3	501	49 122 335
4602	3	501	49 122 425
4603	3	501	49 157 204
4604	3	501	49 193 243
4605	3	501	49 193 265
4606	3	501	49 193 416
4607	3	501	49 193 466
4608	3	501	49 193 468
4609	3	501	49 204 231
4610	3	501	49 204 243
4611	3	501	49 204 323
4612	3	501	49 228 242
4613	3	501	49 228 258
4614	3	501	49 228 443
4615	3	501	49 231 257
4616	3	501	49 231 321
4617	3	501	49 242 257
4618	3	501	49 242 420
4619	3	501	49 242 466
4620	3	501	49 258 323
4621	3	501	49 258 429
4622	3	501	49 258 488
4623	3	501	49 265 332
4624	3	501	49 265 420
4625	3	501	49 321 367
4626	3	501	49 321 466
4627	3	501	49 332 367
4628	3	501	49 332 425
4629	3	501	49 346 443
4630	3	501	49 346 468
4631	3	501	49 367 384
4632	3	501	49 404 425
4633	3	501	49 420 468
4634	3	501	49 425 443
4635	3	501	49 429 488
4636	3	501	49 461 488
4637	3	501	50 55 321
4638	3	501	50 56 75
4639	3	501	50 56 99
4640	3	501	50 56 138
4641	3	501	50 56 429
4642	3	501	50 62 261
4643	3	501	50 62 264
4644	3	501	50 62 286
4645	3	501	50 62 429
4646	3	501	50 62 431
4647	3	501	50 70 75
4648	3	501	50 70 139
4649	3	501	50 70 143
4650	3	501	50 70 286
4651	3	501	50 75 139
4652	3	501	50 75 183
4653	3	501	50 75 286
4654	3	501	50 75 287
4655	3	501	50 99 264
4656	3	501	50 99 383
4657	3	501	50 99 411
4658	3	501	50 99 500
4659	3	501	50 138 287
4660	3	501	50 138 489
4661	3	501	50 139 370
4662	3	501	50 143 266
4663	3	501	50 143 285
4664	3	501	50 143 429
4665	3	501	50 183 353
4666	3	501	50 183 383
4667	3	501	50 185 287
4668	3	501	50 231 321
4669	3	501	50 231 431
4670	3	501	50 253 405
4671	3	501	50 261 285
4672	3	501	50 261 411
4673	3	501	50 261 413
4674	3	501	50 264 285
4675	3	501	50 264 333
4676	3	501	50 264 443
4677	3	501	50 279 321
4678	3	501	50 279 405
4679	3	501	50 285 411
4680	3	501	50 285 429
4681	3	501	50 287 489
4682	3	501	50 321 405
4683	3	501	50 333 353
4684	3	501	50 333 431
4685	3	501	50 353 411
4686	3	501	50 353 413
4687	3	501	50 353 429
4688	3	501	50 353 500
4689	3	501	50 373 405
4690	3	501	50 373 431
4691	3	501	50 373 491
4692	3	501	50 383 413
4693	3	501	50 405 443
4694	3	501	50 405 500
4695	3	501	51 56 384
4696	3	501	51 67 157
4697	3	501	51 67 224
4698	3	501	51 70 326
4699	3	501	51 70 367
4700	3	501	51 70 484
4701	3	501	51 90 162
4702	3	501	51 90 223
4703	3	501	51 90 224
4704	3	501	51 90 325
4705	3	501	51 104 274
4706	3	501	51 104 326
4707	3	501	51 140 157
4708	3	501	51 140 248
4709	3	501	51 140 285
4710	3	501	51 157 314
4711	3	501	51 157 325
4712	3	501	51 162 176
4713	3	501	51 176 325
4714	3	501	51 176 384
4715	3	501	51 223 248
4716	3	501	51 223 413
4717	3	501	51 224 457
4718	3	501	51 224 484
4719	3	501	51 243 274
4720	3	501	51 243 326
4721	3	501	51 275 326
4722	3	501	51 314 413
4723	3	501	51 314 457
4724	3	501	51 314 484
4725	3	501	51 319 367
4726	3	501	51 325 326
4727	3	501	51 346 443
4728	3	501	51 346 494
4729	3	501	51 355 367
4730	3	501	51 367 384
4731	3	501	51 367 494
4732	3	501	51 384 494
4733	3	501	51 413 494
4734	3	501	51 482 484
4735	3	501	52 63 80
4736	3	501	52 63 98
4737	3	501	52 63 123
4738	3	501	52 63 418
4739	3	501	52 64 75
4740	3	501	52 64 98
4741	3	501	52 64 135
4742	3	501	52 67 126
4743	3	501	52 67 409
4744	3	501	52 67 442
4745	3	501	52 75 387
4746	3	501	52 75 477
4747	3	501	52 80 217
4748	3	501	52 97 345
4749	3	501	52 97 362
4750	3	501	52 97 489
4751	3	501	52 98 295
4752	3	501	52 123 274
4753	3	501	52 123 452
4754	3	501	52 126 129
4755	3	501	52 126 197
4756	3	501	52 126 285
4757	3	501	52 126 489
4758	3	501	52 129 285
4759	3	501	52 129 295
4760	3	501	52 129 462
4761	3	501	52 129 489
4762	3	501	52 130 135
4763	3	501	52 130 197
4764	3	501	52 130 237
4765	3	501	52 130 242
4766	3	501	52 130 362
4767	3	501	52 130 461
4768	3	501	52 130 462
4769	3	501	52 135 274
4770	3	501	52 135 418
4771	3	501	52 142 295
4772	3	501	52 142 301
4773	3	501	52 142 409
4774	3	501	52 142 418
4775	3	501	52 197 274
4776	3	501	52 217 237
4777	3	501	52 217 295
4778	3	501	52 217 345
4779	3	501	52 217 409
4780	3	501	52 237 242
4781	3	501	52 237 295
4782	3	501	52 237 300
4783	3	501	52 237 301
4784	3	501	52 237 387
4785	3	501	52 242 452
4786	3	501	52 285 368
4787	3	501	52 285 461
4788	3	501	52 295 301
4789	3	501	52 295 368
4790	3	501	52 301 423
4791	3	501	52 362 442
4792	3	501	52 368 387
4793	3	501	52 368 452
4794	3	501	52 368 477
4795	3	501	52 387 489
4796	3	501	52 409 423
4797	3	501	52 423 489
4798	3	501	52 442 452
4799	3	501	52 442 461
4800	3	501	52 452 477
4801	3	501	53 70 82
4802	3	501	53 70 173
4803	3	501	53 82 158
4804	3	501	53 96 173
4805	3	501	53 96 274
4806	3	501	53 96 319
4807	3	501	53 96 430
4808	3	501	53 149 239
4809	3	501	53 149 491
4810	3	501	53 158 218
4811	3	501	53 158 319
4812	3	501	53 158 430
4813	3	501	53 172 313
4814	3	501	53 172 315
4815	3	501	53 172 329
4816	3	501	53 172 332
4817	3	501	53 172 440
4818	3	501	53 172 445
4819	3	501	53 173 239
4820	3	501	53 174 315
4821	3	501	53 174 345
4822	3	501	53 174 443
4823	3	501	53 183 422
4824	3	501	53 183 423
4825	3	501	53 183 440
4826	3	501	53 183 445
4827	3	501	53 218 423
4828	3	501	53 218 430
4829	3	501	53 227 369
4830	3	501	53 236 264
4831	3	501	53 236 440
4832	3	501	53 236 445
4833	3	501	53 239 269
4834	3	501	53 239 491
4835	3	501	53 264 315
4836	3	501	53 264 333
4837	3	501	53 264 422
4838	3	501	53 264 443
4839	3	501	53 269 274
4840	3	501	53 269 315
4841	3	501	53 269 445
4842	3	501	53 274 428
4843	3	501	53 274 440
4844	3	501	53 293 324
4845	3	501	53 293 440
4846	3	501	53 297 428
4847	3	501	53 297 430
4848	3	501	53 297 483
4849	3	501	53 313 315
4850	3	501	53 313 491
4851	3	501	53 315 324
4852	3	501	53 319 329
4853	3	501	53 319 483
4854	3	501	53 324 345
4855	3	501	53 324 430
4856	3	501	53 329 369
4857	3	501	53 330 332
4858	3	501	53 330 354
4859	3	501	53 332 423
4860	3	501	53 333 345
4861	3	501	53 422 423
4862	3	501	53 423 428
4863	3	501	53 423 435
4864	3	501	54 78 94
4865	3	501	54 78 97
4866	3	501	54 78 225
4867	3	501	54 78 449
4868	3	501	54 92 262
4869	3	501	54 92 367
4870	3	501	54 92 384
4871	3	501	54 94 267
4872	3	501	54 97 359
4873	3	501	54 97 419
4874	3	501	54 97 489
4875	3	501	54 102 140
4876	3	501	54 102 267
4877	3	501	54 102 400
4878	3	501	54 126 282
4879	3	501	54 126 341
4880	3	501	54 126 435
4881	3	501	54 126 489
4882	3	501	54 140 489
4883	3	501	54 182 405
4884	3	501	54 182 417
4885	3	501	54 182 449
4886	3	501	54 182 494
4887	3	501	54 189 251
4888	3	501	54 189 341
4889	3	501	54 189 452
4890	3	501	54 199 341
4891	3	501	54 199 494
4892	3	501	54 207 225
4893	3	501	54 207 267
4894	3	501	54 251 341
4895	3	501	54 262 267
4896	3	501	54 262 326
4897	3	501	54 262 373
4898	3	501	54 282 341
4899	3	501	54 282 494
4900	3	501	54 326 359
4901	3	501	54 341 373
4902	3	501	54 341 417
4903	3	501	54 341 489
4904	3	501	54 367 373
4905	3	501	54 367 384
4906	3	501	54 367 494
4907	3	501	54 373 405
4908	3	501	54 373 491
4909	3	501	54 384 452
4910	3	501	54 384 494
4911	3	501	54 400 417
4912	3	501	54 400 494
4913	3	501	54 419 452
4914	3	501	54 452 494
4915	3	501	55 82 190
4916	3	501	55 82 321
4917	3	501	55 83 190
4918	3	501	55 83 193
4919	3	501	55 83 230
4920	3	501	55 83 342
4921	3	501	55 124 193
4922	3	501	55 124 461
4923	3	501	55 124 467
4924	3	501	55 148 190
4925	3	501	55 148 230
4926	3	501	55 148 237
4927	3	501	55 148 437
4928	3	501	55 162 169
4929	3	501	55 162 311
4930	3	501	55 164 193
4931	3	501	55 169 342
4932	3	501	55 190 381
4933	3	501	55 190 479
4934	3	501	55 193 460
4935	3	501	55 237 467
4936	3	501	55 237 479
4937	3	501	55 342 459
4938	3	501	55 378 442
4939	3	501	55 378 479
4940	3	501	55 381 442
4941	3	501	55 437 461
4942	3	501	55 442 459
4943	3	501	55 442 461
4944	3	501	55 442 479
4945	3	501	55 446 447
4946	3	501	55 447 480
4947	3	501	55 460 461
4948	3	501	56 63 76
4949	3	501	56 63 88
4950	3	501	56 63 98
4951	3	501	56 63 169
4952	3	501	56 75 315
4953	3	501	56 75 340
4954	3	501	56 76 129
4955	3	501	56 76 217
4956	3	501	56 76 236
4957	3	501	56 76 362
4958	3	501	56 76 481
4959	3	501	56 88 138
4960	3	501	56 88 201
4961	3	501	56 88 295
4962	3	501	56 88 363
4963	3	501	56 98 169
4964	3	501	56 98 209
4965	3	501	56 98 295
4966	3	501	56 99 209
4967	3	501	56 99 297
4968	3	501	56 99 441
4969	3	501	56 105 138
4970	3	501	56 105 384
4971	3	501	56 105 429
4972	3	501	56 129 169
4973	3	501	56 129 174
4974	3	501	56 129 295
4975	3	501	56 129 396
4976	3	501	56 129 481
4977	3	501	56 138 187
4978	3	501	56 138 340
4979	3	501	56 138 441
4980	3	501	56 169 180
4981	3	501	56 169 295
4982	3	501	56 169 344
4983	3	501	56 169 441
4984	3	501	56 169 481
4985	3	501	56 174 315
4986	3	501	56 180 236
4987	3	501	56 180 315
4988	3	501	56 180 481
4989	3	501	56 187 340
4990	3	501	56 187 362
4991	3	501	56 187 429
4992	3	501	56 187 441
4993	3	501	56 201 209
4994	3	501	56 201 244
4995	3	501	56 201 363
4996	3	501	56 209 481
4997	3	501	56 217 295
4998	3	501	56 217 297
4999	3	501	56 217 344
5000	3	501	56 217 481
5001	3	501	56 236 384
5002	3	501	56 244 362
5003	3	501	56 244 377
5004	3	501	56 244 384
5005	3	501	56 244 481
5006	3	501	56 251 425
5007	3	501	56 291 362
5008	3	501	56 295 301
5009	3	501	56 301 344
5010	3	501	56 301 481
5011	3	501	56 340 396
5012	3	501	56 340 425
5013	3	501	56 344 481
5014	3	501	56 347 363
5015	3	501	56 347 429
5016	3	501	56 362 396
5017	3	501	56 384 396
5018	3	501	56 384 441
5019	3	501	57 59 162
5020	3	501	57 59 236
5021	3	501	57 59 282
5022	3	501	57 59 313
5023	3	501	57 59 333
5024	3	501	57 66 69
5025	3	501	57 66 236
5026	3	501	57 66 282
5027	3	501	57 66 296
5028	3	501	57 66 333
5029	3	501	57 66 432
5030	3	501	57 66 488
5031	3	501	57 69 107
5032	3	501	57 69 123
5033	3	501	57 75 158
5034	3	501	57 75 329
5035	3	501	57 75 355
5036	3	501	57 75 488
5037	3	501	57 107 234
5038	3	501	57 107 282
5039	3	501	57 107 386
5040	3	501	57 116 234
5041	3	501	57 123 439
5042	3	501	57 123 441
5043	3	501	57 123 479
5044	3	501	57 132 282
5045	3	501	57 132 296
5046	3	501	57 132 355
5047	3	501	57 132 445
5048	3	501	57 149 240
5049	3	501	57 149 296
5050	3	501	57 149 371
5051	3	501	57 149 458
5052	3	501	57 149 479
5053	3	501	57 153 363
5054	3	501	57 153 439
5055	3	501	57 162 310
5056	3	501	57 162 432
5057	3	501	57 162 481
5058	3	501	57 216 236
5059	3	501	57 216 282
5060	3	501	57 216 359
5061	3	501	57 216 371
5062	3	501	57 216 432
5063	3	501	57 216 439
5064	3	501	57 216 488
5065	3	501	57 234 439
5066	3	501	57 234 488
5067	3	501	57 236 355
5068	3	501	57 236 445
5069	3	501	57 236 471
5070	3	501	57 240 263
5071	3	501	57 240 282
5072	3	501	57 240 310
5073	3	501	57 240 313
5074	3	501	57 240 329
5075	3	501	57 240 471
5076	3	501	57 263 371
5077	3	501	57 282 310
5078	3	501	57 282 363
5079	3	501	57 282 445
5080	3	501	57 296 439
5081	3	501	57 310 479
5082	3	501	57 310 481
5083	3	501	57 313 458
5084	3	501	57 313 488
5085	3	501	57 321 412
5086	3	501	57 329 359
5087	3	501	57 329 479
5088	3	501	57 333 386
5089	3	501	57 355 458
5090	3	501	57 359 422
5091	3	501	57 363 479
5092	3	501	57 371 422
5093	3	501	57 371 432
5094	3	501	57 412 479
5095	3	501	57 432 458
5096	3	501	57 439 481
5097	3	501	57 445 471
5098	3	501	57 445 479
5099	3	501	59 74 83
5100	3	501	59 74 221
5101	3	501	59 74 314
5102	3	501	59 74 480
5103	3	501	59 83 101
5104	3	501	59 83 136
5105	3	501	59 83 221
5106	3	501	59 83 313
5107	3	501	59 83 337
5108	3	501	59 83 349
5109	3	501	59 83 365
5110	3	501	59 83 376
5111	3	501	59 99 243
5112	3	501	59 99 297
5113	3	501	59 99 394
5114	3	501	59 99 433
5115	3	501	59 99 496
5116	3	501	59 101 106
5117	3	501	59 101 145
5118	3	501	59 101 238
5119	3	501	59 101 243
5120	3	501	59 101 261
5121	3	501	59 101 308
5122	3	501	59 101 446
5123	3	501	59 101 480
5124	3	501	59 106 308
5125	3	501	59 106 433
5126	3	501	59 109 187
5127	3	501	59 109 243
5128	3	501	59 109 261
5129	3	501	59 109 480
5130	3	501	59 136 140
5131	3	501	59 136 365
5132	3	501	59 137 236
5133	3	501	59 137 261
5134	3	501	59 137 313
5135	3	501	59 137 484
5136	3	501	59 140 171
5137	3	501	59 140 238
5138	3	501	59 140 308
5139	3	501	59 145 238
5140	3	501	59 145 496
5141	3	501	59 162 337
5142	3	501	59 171 337
5143	3	501	59 187 265
5144	3	501	59 187 333
5145	3	501	59 187 394
5146	3	501	59 187 484
5147	3	501	59 221 236
5148	3	501	59 236 496
5149	3	501	59 238 243
5150	3	501	59 238 284
5151	3	501	59 238 496
5152	3	501	59 243 261
5153	3	501	59 261 297
5154	3	501	59 261 313
5155	3	501	59 261 433
5156	3	501	59 261 480
5157	3	501	59 282 376
5158	3	501	59 284 365
5159	3	501	59 297 308
5160	3	501	59 297 496
5161	3	501	59 308 314
5162	3	501	59 314 484
5163	3	501	59 337 365
5164	3	501	59 337 403
5165	3	501	59 349 376
5166	3	501	59 365 403
5167	3	501	59 376 480
5168	3	501	59 409 484
5169	3	501	59 480 496
5170	3	501	60 64 70
5171	3	501	60 64 172
5172	3	501	60 64 313
5173	3	501	60 64 333
5174	3	501	60 66 95
5175	3	501	60 66 187
5176	3	501	60 66 221
5177	3	501	60 66 319
5178	3	501	60 66 333
5179	3	501	60 66 369
5180	3	501	60 66 446
5181	3	501	60 66 488
5182	3	501	60 70 106
5183	3	501	60 70 159
5184	3	501	60 70 221
5185	3	501	60 76 92
5186	3	501	60 76 129
5187	3	501	60 76 369
5188	3	501	60 86 106
5189	3	501	60 86 313
5190	3	501	60 86 319
5191	3	501	60 86 487
5192	3	501	60 86 488
5193	3	501	60 92 210
5194	3	501	60 92 259
5195	3	501	60 95 261
5196	3	501	60 95 319
5197	3	501	60 95 333
5198	3	501	60 95 446
5199	3	501	60 104 302
5200	3	501	60 104 307
5201	3	501	60 104 313
5202	3	501	60 106 129
5203	3	501	60 106 319
5204	3	501	60 121 210
5205	3	501	60 121 488
5206	3	501	60 129 172
5207	3	501	60 129 261
5208	3	501	60 129 369
5209	3	501	60 129 488
5210	3	501	60 141 185
5211	3	501	60 141 187
5212	3	501	60 141 488
5213	3	501	60 158 319
5214	3	501	60 158 343
5215	3	501	60 158 487
5216	3	501	60 159 369
5217	3	501	60 167 307
5218	3	501	60 167 487
5219	3	501	60 172 313
5220	3	501	60 172 453
5221	3	501	60 185 187
5222	3	501	60 185 221
5223	3	501	60 185 328
5224	3	501	60 185 343
5225	3	501	60 185 369
5226	3	501	60 187 333
5227	3	501	60 210 313
5228	3	501	60 210 343
5229	3	501	60 221 319
5230	3	501	60 221 418
5231	3	501	60 258 450
5232	3	501	60 258 488
5233	3	501	60 259 319
5234	3	501	60 259 333
5235	3	501	60 259 453
5236	3	501	60 261 313
5237	3	501	60 261 328
5238	3	501	60 261 422
5239	3	501	60 302 313
5240	3	501	60 302 328
5241	3	501	60 313 488
5242	3	501	60 328 333
5243	3	501	60 328 369
5244	3	501	60 328 418
5245	3	501	60 333 364
5246	3	501	60 333 487
5247	3	501	60 364 446
5248	3	501	60 369 418
5249	3	501	60 418 453
5250	3	501	60 418 487
5251	3	501	60 450 487
5252	3	501	60 476 487
5253	3	501	60 476 488
5254	3	501	61 101 308
5255	3	501	61 101 462
5256	3	501	61 128 241
5257	3	501	61 128 298
5258	3	501	61 128 344
5259	3	501	61 167 307
5260	3	501	61 167 332
5261	3	501	61 167 462
5262	3	501	61 171 230
5263	3	501	61 171 307
5264	3	501	61 171 443
5265	3	501	61 173 176
5266	3	501	61 173 471
5267	3	501	61 173 495
5268	3	501	61 176 344
5269	3	501	61 222 260
5270	3	501	61 222 448
5271	3	501	61 241 326
5272	3	501	61 249 265
5273	3	501	61 249 374
5274	3	501	61 260 326
5275	3	501	61 260 374
5276	3	501	61 260 406
5277	3	501	61 260 422
5278	3	501	61 265 332
5279	3	501	61 265 471
5280	3	501	61 265 495
5281	3	501	61 266 332
5282	3	501	61 266 462
5283	3	501	61 298 344
5284	3	501	61 298 359
5285	3	501	61 298 372
5286	3	501	61 307 326
5287	3	501	61 307 455
5288	3	501	61 308 359
5289	3	501	61 308 372
5290	3	501	61 308 374
5291	3	501	61 308 471
5292	3	501	61 326 332
5293	3	501	61 326 359
5294	3	501	61 326 448
5295	3	501	61 333 393
5296	3	501	61 333 448
5297	3	501	61 333 462
5298	3	501	61 359 406
5299	3	501	61 359 422
5300	3	501	61 359 455
5301	3	501	61 374 422
5302	3	501	61 374 455
5303	3	501	61 374 462
5304	3	501	61 396 448
5305	3	501	61 405 443
5306	3	501	61 406 471
5307	3	501	61 411 422
5308	3	501	62 72 92
5309	3	501	62 72 149
5310	3	501	62 72 354
5311	3	501	62 72 362
5312	3	501	62 72 433
5313	3	501	62 72 479
5314	3	501	62 89 297
5315	3	501	62 89 354
5316	3	501	62 89 381
5317	3	501	62 89 465
5318	3	501	62 92 149
5319	3	501	62 92 165
5320	3	501	62 92 202
5321	3	501	62 92 264
5322	3	501	62 92 323
5323	3	501	62 92 351
5324	3	501	62 92 354
5325	3	501	62 94 297
5326	3	501	62 102 260
5327	3	501	62 102 286
5328	3	501	62 102 400
5329	3	501	62 102 479
5330	3	501	62 121 419
5331	3	501	62 121 428
5332	3	501	62 149 371
5333	3	501	62 149 429
5334	3	501	62 149 479
5335	3	501	62 163 261
5336	3	501	62 163 264
5337	3	501	62 163 311
5338	3	501	62 163 378
5339	3	501	62 163 479
5340	3	501	62 165 275
5341	3	501	62 165 340
5342	3	501	62 165 381
5343	3	501	62 166 340
5344	3	501	62 166 349
5345	3	501	62 166 484
5346	3	501	62 202 318
5347	3	501	62 202 362
5348	3	501	62 202 439
5349	3	501	62 218 318
5350	3	501	62 218 351
5351	3	501	62 218 378
5352	3	501	62 260 318
5353	3	501	62 260 378
5354	3	501	62 260 429
5355	3	501	62 260 465
5356	3	501	62 261 297
5357	3	501	62 261 433
5358	3	501	62 261 465
5359	3	501	62 264 362
5360	3	501	62 264 419
5361	3	501	62 264 425
5362	3	501	62 275 429
5363	3	501	62 297 428
5364	3	501	62 303 362
5365	3	501	62 303 369
5366	3	501	62 303 381
5367	3	501	62 303 428
5368	3	501	62 303 484
5369	3	501	62 311 323
5370	3	501	62 311 371
5371	3	501	62 318 323
5372	3	501	62 318 340
5373	3	501	62 318 362
5374	3	501	62 318 400
5375	3	501	62 318 484
5376	3	501	62 323 369
5377	3	501	62 340 425
5378	3	501	62 340 484
5379	3	501	62 349 378
5380	3	501	62 349 429
5381	3	501	62 351 362
5382	3	501	62 351 429
5383	3	501	62 354 362
5384	3	501	62 354 429
5385	3	501	62 354 484
5386	3	501	62 378 439
5387	3	501	62 378 479
5388	3	501	62 400 479
5389	3	501	62 419 425
5390	3	501	62 425 439
5391	3	501	62 425 479
5392	3	501	62 439 484
5393	3	501	63 76 80
5394	3	501	63 76 92
5395	3	501	63 76 153
5396	3	501	63 76 155
5397	3	501	63 76 365
5398	3	501	63 76 458
5399	3	501	63 80 240
5400	3	501	63 80 288
5401	3	501	63 87 292
5402	3	501	63 87 412
5403	3	501	63 88 100
5404	3	501	63 88 359
5405	3	501	63 88 412
5406	3	501	63 92 98
5407	3	501	63 96 155
5408	3	501	63 96 240
5409	3	501	63 98 169
5410	3	501	63 98 229
5411	3	501	63 100 148
5412	3	501	63 100 458
5413	3	501	63 120 153
5414	3	501	63 120 182
5415	3	501	63 120 302
5416	3	501	63 123 169
5417	3	501	63 123 292
5418	3	501	63 148 240
5419	3	501	63 148 412
5420	3	501	63 148 458
5421	3	501	63 153 193
5422	3	501	63 155 162
5423	3	501	63 155 326
5424	3	501	63 162 169
5425	3	501	63 162 182
5426	3	501	63 162 292
5427	3	501	63 169 240
5428	3	501	63 169 359
5429	3	501	63 169 445
5430	3	501	63 169 458
5431	3	501	63 193 240
5432	3	501	63 193 445
5433	3	501	63 258 308
5434	3	501	63 288 296
5435	3	501	63 288 418
5436	3	501	63 292 296
5437	3	501	63 292 445
5438	3	501	63 296 302
5439	3	501	63 296 308
5440	3	501	63 296 467
5441	3	501	63 308 359
5442	3	501	63 308 445
5443	3	501	63 308 467
5444	3	501	63 326 359
5445	3	501	63 326 412
5446	3	501	63 359 418
5447	3	501	63 365 412
5448	3	501	63 365 458
5449	3	501	63 418 467
5450	3	501	63 434 445
5451	3	501	64 70 75
5452	3	501	64 70 246
5453	3	501	64 70 378
5454	3	501	64 70 484
5455	3	501	64 75 372
5456	3	501	64 98 202
5457	3	501	64 101 202
5458	3	501	64 101 303
5459	3	501	64 101 480
5460	3	501	64 135 222
5461	3	501	64 135 303
5462	3	501	64 135 412
5463	3	501	64 135 433
5464	3	501	64 172 246
5465	3	501	64 172 248
5466	3	501	64 172 313
5467	3	501	64 172 378
5468	3	501	64 181 304
5469	3	501	64 181 313
5470	3	501	64 181 371
5471	3	501	64 181 412
5472	3	501	64 181 419
5473	3	501	64 181 473
5474	3	501	64 182 212
5475	3	501	64 182 269
5476	3	501	64 182 370
5477	3	501	64 182 372
5478	3	501	64 182 482
5479	3	501	64 202 296
5480	3	501	64 202 324
5481	3	501	64 202 327
5482	3	501	64 202 333
5483	3	501	64 202 439
5484	3	501	64 202 448
5485	3	501	64 212 303
5486	3	501	64 212 371
5487	3	501	64 212 419
5488	3	501	64 212 448
5489	3	501	64 212 473
5490	3	501	64 212 484
5491	3	501	64 222 246
5492	3	501	64 222 248
5493	3	501	64 222 448
5494	3	501	64 224 370
5495	3	501	64 224 484
5496	3	501	64 246 371
5497	3	501	64 246 372
5498	3	501	64 248 324
5499	3	501	64 248 480
5500	3	501	64 248 483
5501	3	501	64 269 473
5502	3	501	64 278 304
5503	3	501	64 278 313
5504	3	501	64 278 333
5505	3	501	64 278 419
5506	3	501	64 296 327
5507	3	501	64 296 433
5508	3	501	64 296 439
5509	3	501	64 296 473
5510	3	501	64 303 484
5511	3	501	64 304 473
5512	3	501	64 304 480
5513	3	501	64 324 370
5514	3	501	64 324 419
5515	3	501	64 333 448
5516	3	501	64 370 378
5517	3	501	64 370 482
5518	3	501	64 372 480
5519	3	501	64 378 439
5520	3	501	64 397 419
5521	3	501	64 397 439
5522	3	501	64 412 433
5523	3	501	64 412 448
5524	3	501	64 439 484
5525	3	501	64 482 484
5526	3	501	65 88 100
5527	3	501	65 88 267
5528	3	501	65 88 372
5529	3	501	65 97 167
5530	3	501	65 97 372
5531	3	501	65 97 455
5532	3	501	65 97 467
5533	3	501	65 97 489
5534	3	501	65 100 167
5535	3	501	65 100 171
5536	3	501	65 127 329
5537	3	501	65 127 467
5538	3	501	65 133 167
5539	3	501	65 133 238
5540	3	501	65 133 372
5541	3	501	65 167 400
5542	3	501	65 174 467
5543	3	501	65 192 227
5544	3	501	65 192 263
5545	3	501	65 192 305
5546	3	501	65 211 305
5547	3	501	65 211 324
5548	3	501	65 211 380
5549	3	501	65 211 409
5550	3	501	65 227 305
5551	3	501	65 227 378
5552	3	501	65 227 455
5553	3	501	65 238 263
5554	3	501	65 238 400
5555	3	501	65 238 489
5556	3	501	65 263 324
5557	3	501	65 263 457
5558	3	501	65 267 372
5559	3	501	65 310 378
5560	3	501	65 323 455
5561	3	501	65 324 380
5562	3	501	65 324 457
5563	3	501	65 372 457
5564	3	501	65 372 489
5565	3	501	65 380 400
5566	3	501	65 380 457
5567	3	501	65 380 489
5568	3	501	65 455 467
5569	3	501	65 457 467
5570	3	501	66 69 180
5571	3	501	66 69 239
5572	3	501	66 69 482
5573	3	501	66 87 333
5574	3	501	66 91 221
5575	3	501	66 91 325
5576	3	501	66 91 333
5577	3	501	66 91 406
5578	3	501	66 95 319
5579	3	501	66 95 333
5580	3	501	66 95 398
5581	3	501	66 95 446
5582	3	501	66 112 133
5583	3	501	66 112 296
5584	3	501	66 112 482
5585	3	501	66 133 398
5586	3	501	66 152 282
5587	3	501	66 152 398
5588	3	501	66 152 405
5589	3	501	66 152 443
5590	3	501	66 152 454
5591	3	501	66 180 221
5592	3	501	66 180 236
5593	3	501	66 180 296
5594	3	501	66 180 485
5595	3	501	66 182 405
5596	3	501	66 182 482
5597	3	501	66 187 232
5598	3	501	66 187 316
5599	3	501	66 187 333
5600	3	501	66 187 429
5601	3	501	66 201 209
5602	3	501	66 201 333
5603	3	501	66 201 405
5604	3	501	66 201 485
5605	3	501	66 206 333
5606	3	501	66 206 369
5607	3	501	66 209 221
5608	3	501	66 209 319
5609	3	501	66 209 432
5610	3	501	66 211 239
5611	3	501	66 211 387
5612	3	501	66 211 398
5613	3	501	66 221 236
5614	3	501	66 221 319
5615	3	501	66 221 406
5616	3	501	66 221 485
5617	3	501	66 232 429
5618	3	501	66 232 485
5619	3	501	66 236 387
5620	3	501	66 239 429
5621	3	501	66 243 296
5622	3	501	66 243 369
5623	3	501	66 243 454
5624	3	501	66 282 485
5625	3	501	66 296 429
5626	3	501	66 296 454
5627	3	501	66 316 319
5628	3	501	66 319 429
5629	3	501	66 325 333
5630	3	501	66 325 354
5631	3	501	66 325 488
5632	3	501	66 333 345
5633	3	501	66 354 405
5634	3	501	66 354 429
5635	3	501	66 369 482
5636	3	501	66 387 432
5637	3	501	66 405 432
5638	3	501	66 405 443
5639	3	501	66 405 485
5640	3	501	66 406 446
5641	3	501	66 429 488
5642	3	501	67 82 302
5643	3	501	67 82 323
5644	3	501	67 82 400
5645	3	501	67 86 447
5646	3	501	67 93 302
5647	3	501	67 93 400
5648	3	501	67 93 447
5649	3	501	67 126 224
5650	3	501	67 148 267
5651	3	501	67 148 437
5652	3	501	67 148 481
5653	3	501	67 157 394
5654	3	501	67 157 447
5655	3	501	67 164 302
5656	3	501	67 207 267
5657	3	501	67 224 471
5658	3	501	67 228 437
5659	3	501	67 228 471
5660	3	501	67 267 299
5661	3	501	67 299 302
5662	3	501	67 302 323
5663	3	501	67 400 471
5664	3	501	67 409 437
5665	3	501	67 442 481
5666	3	501	68 69 94
5667	3	501	68 69 156
5668	3	501	68 81 94
5669	3	501	68 81 197
5670	3	501	68 81 263
5671	3	501	68 87 413
5672	3	501	68 94 120
5673	3	501	68 94 411
5674	3	501	68 94 413
5675	3	501	68 99 411
5676	3	501	68 104 373
5677	3	501	68 120 435
5678	3	501	68 156 442
5679	3	501	68 163 174
5680	3	501	68 163 373
5681	3	501	68 163 446
5682	3	501	68 173 176
5683	3	501	68 173 186
5684	3	501	68 173 203
5685	3	501	68 173 413
5686	3	501	68 174 188
5687	3	501	68 174 237
5688	3	501	68 174 434
5689	3	501	68 174 442
5690	3	501	68 176 203
5691	3	501	68 186 237
5692	3	501	68 186 304
5693	3	501	68 188 237
5694	3	501	68 188 308
5695	3	501	68 197 203
5696	3	501	68 197 434
5697	3	501	68 203 303
5698	3	501	68 203 373
5699	3	501	68 212 244
5700	3	501	68 212 303
5701	3	501	68 230 373
5702	3	501	68 237 244
5703	3	501	68 263 466
5704	3	501	68 304 308
5705	3	501	68 304 434
5706	3	501	68 413 434
5707	3	501	68 442 476
5708	3	501	69 82 94
5709	3	501	69 82 376
5710	3	501	69 94 298
5711	3	501	69 94 312
5712	3	501	69 94 426
5713	3	501	69 107 130
5714	3	501	69 107 231
5715	3	501	69 123 376
5716	3	501	69 130 156
5717	3	501	69 156 170
5718	3	501	69 156 298
5719	3	501	69 166 349
5720	3	501	69 166 495
5721	3	501	69 170 172
5722	3	501	69 170 376
5723	3	501	69 170 468
5724	3	501	69 172 246
5725	3	501	69 180 279
5726	3	501	69 180 349
5727	3	501	69 180 428
5728	3	501	69 185 468
5729	3	501	69 193 298
5730	3	501	69 193 468
5731	3	501	69 193 495
5732	3	501	69 225 246
5733	3	501	69 225 312
5734	3	501	69 239 269
5735	3	501	69 239 426
5736	3	501	69 246 279
5737	3	501	69 246 426
5738	3	501	69 249 278
5739	3	501	69 249 426
5740	3	501	69 249 428
5741	3	501	69 264 468
5742	3	501	69 279 312
5743	3	501	69 312 376
5744	3	501	69 349 376
5745	3	501	69 349 495
5746	3	501	70 75 139
5747	3	501	70 75 221
5748	3	501	70 75 286
5749	3	501	70 75 459
5750	3	501	70 77 246
5751	3	501	70 77 357
5752	3	501	70 77 455
5753	3	501	70 82 87
5754	3	501	70 82 94
5755	3	501	70 82 159
5756	3	501	70 82 386
5757	3	501	70 82 465
5758	3	501	70 94 159
5759	3	501	70 94 455
5760	3	501	70 103 367
5761	3	501	70 103 386
5762	3	501	70 106 163
5763	3	501	70 106 246
5764	3	501	70 106 308
5765	3	501	70 106 347
5766	3	501	70 116 366
5767	3	501	70 116 406
5768	3	501	70 139 159
5769	3	501	70 139 164
5770	3	501	70 139 173
5771	3	501	70 139 308
5772	3	501	70 139 465
5773	3	501	70 139 470
5774	3	501	70 143 189
5775	3	501	70 143 326
5776	3	501	70 153 163
5777	3	501	70 153 347
5778	3	501	70 159 189
5779	3	501	70 159 347
5780	3	501	70 159 367
5781	3	501	70 159 460
5782	3	501	70 159 470
5783	3	501	70 163 301
5784	3	501	70 163 378
5785	3	501	70 163 455
5786	3	501	70 164 189
5787	3	501	70 164 301
5788	3	501	70 164 326
5789	3	501	70 189 460
5790	3	501	70 221 326
5791	3	501	70 221 386
5792	3	501	70 221 406
5793	3	501	70 246 455
5794	3	501	70 286 386
5795	3	501	70 301 459
5796	3	501	70 357 470
5797	3	501	70 366 465
5798	3	501	70 386 406
5799	3	501	70 459 484
5800	3	501	70 465 470
5801	3	501	71 93 300
5802	3	501	71 93 304
5803	3	501	71 93 396
5804	3	501	71 142 143
5805	3	501	71 142 166
5806	3	501	71 142 277
5807	3	501	71 142 389
5808	3	501	71 142 496
5809	3	501	71 143 454
5810	3	501	71 156 169
5811	3	501	71 156 298
5812	3	501	71 166 169
5813	3	501	71 166 304
5814	3	501	71 169 454
5815	3	501	71 169 481
5816	3	501	71 182 298
5817	3	501	71 182 300
5818	3	501	71 182 310
5819	3	501	71 182 396
5820	3	501	71 182 496
5821	3	501	71 224 229
5822	3	501	71 224 277
5823	3	501	71 224 282
5824	3	501	71 224 341
5825	3	501	71 224 428
5826	3	501	71 224 452
5827	3	501	71 229 310
5828	3	501	71 277 396
5829	3	501	71 282 310
5830	3	501	71 282 341
5831	3	501	71 282 485
5832	3	501	71 298 368
5833	3	501	71 300 393
5834	3	501	71 300 454
5835	3	501	71 304 393
5836	3	501	71 304 428
5837	3	501	71 310 468
5838	3	501	71 310 481
5839	3	501	71 320 485
5840	3	501	71 327 396
5841	3	501	71 341 468
5842	3	501	71 368 452
5843	3	501	71 389 454
5844	3	501	71 393 481
5845	3	501	71 393 500
5846	3	501	71 396 452
5847	3	501	71 396 496
5848	3	501	71 432 496
5849	3	501	71 452 500
5850	3	501	71 468 485
5851	3	501	72 80 133
5852	3	501	72 80 159
5853	3	501	72 80 288
5854	3	501	72 92 134
5855	3	501	72 92 149
5856	3	501	72 92 210
5857	3	501	72 92 354
5858	3	501	72 92 367
5859	3	501	72 119 134
5860	3	501	72 119 362
5861	3	501	72 133 362
5862	3	501	72 149 367
5863	3	501	72 149 479
5864	3	501	72 155 210
5865	3	501	72 155 248
5866	3	501	72 159 362
5867	3	501	72 159 367
5868	3	501	72 159 460
5869	3	501	72 159 489
5870	3	501	72 170 248
5871	3	501	72 170 362
5872	3	501	72 170 411
5873	3	501	72 170 489
5874	3	501	72 210 222
5875	3	501	72 210 362
5876	3	501	72 210 367
5877	3	501	72 210 433
5878	3	501	72 222 248
5879	3	501	72 248 310
5880	3	501	72 288 362
5881	3	501	72 310 479
5882	3	501	72 316 319
5883	3	501	72 316 411
5884	3	501	72 319 367
5885	3	501	72 325 354
5886	3	501	72 354 362
5887	3	501	72 354 489
5888	3	501	72 361 411
5889	3	501	72 404 433
5890	3	501	72 411 433
5891	3	501	73 75 122
5892	3	501	73 75 354
5893	3	501	73 75 477
5894	3	501	73 75 488
5895	3	501	73 77 122
5896	3	501	73 77 157
5897	3	501	73 77 167
5898	3	501	73 77 238
5899	3	501	73 77 381
5900	3	501	73 77 477
5901	3	501	73 122 167
5902	3	501	73 122 223
5903	3	501	73 122 299
5904	3	501	73 122 347
5905	3	501	73 122 446
5906	3	501	73 122 471
5907	3	501	73 128 164
5908	3	501	73 128 238
5909	3	501	73 128 354
5910	3	501	73 136 417
5911	3	501	73 136 471
5912	3	501	73 136 488
5913	3	501	73 157 251
5914	3	501	73 157 394
5915	3	501	73 163 245
5916	3	501	73 163 261
5917	3	501	73 163 393
5918	3	501	73 163 446
5919	3	501	73 165 167
5920	3	501	73 165 299
5921	3	501	73 165 337
5922	3	501	73 165 381
5923	3	501	73 165 417
5924	3	501	73 165 482
5925	3	501	73 165 488
5926	3	501	73 167 295
5927	3	501	73 167 299
5928	3	501	73 167 312
5929	3	501	73 167 477
5930	3	501	73 223 413
5931	3	501	73 223 431
5932	3	501	73 223 476
5933	3	501	73 223 500
5934	3	501	73 245 312
5935	3	501	73 245 500
5936	3	501	73 251 343
5937	3	501	73 251 413
5938	3	501	73 251 488
5939	3	501	73 261 316
5940	3	501	73 261 393
5941	3	501	73 261 413
5942	3	501	73 295 312
5943	3	501	73 295 393
5944	3	501	73 299 312
5945	3	501	73 299 343
5946	3	501	73 299 477
5947	3	501	73 312 406
5948	3	501	73 337 413
5949	3	501	73 343 347
5950	3	501	73 343 354
5951	3	501	73 343 431
5952	3	501	73 343 477
5953	3	501	73 347 446
5954	3	501	73 393 476
5955	3	501	73 393 500
5956	3	501	73 394 417
5957	3	501	73 394 431
5958	3	501	73 406 446
5959	3	501	73 406 471
5960	3	501	73 406 476
5961	3	501	73 417 466
5962	3	501	73 446 471
5963	3	501	73 471 476
5964	3	501	73 471 477
5965	3	501	73 476 477
5966	3	501	73 476 488
5967	3	501	74 80 385
5968	3	501	74 80 405
5969	3	501	74 83 122
5970	3	501	74 83 221
5971	3	501	74 122 233
5972	3	501	74 122 385
5973	3	501	74 181 221
5974	3	501	74 181 314
5975	3	501	74 181 405
5976	3	501	74 181 477
5977	3	501	74 212 218
5978	3	501	74 212 291
5979	3	501	74 213 461
5980	3	501	74 218 258
5981	3	501	74 218 317
5982	3	501	74 233 291
5983	3	501	74 233 472
5984	3	501	74 258 373
5985	3	501	74 289 329
5986	3	501	74 289 373
5987	3	501	74 289 385
5988	3	501	74 291 373
5989	3	501	74 292 317
5990	3	501	74 292 445
5991	3	501	74 292 477
5992	3	501	74 295 373
5993	3	501	74 314 373
5994	3	501	74 314 472
5995	3	501	74 317 405
5996	3	501	74 373 405
5997	3	501	74 405 480
5998	3	501	74 428 461
5999	3	501	74 445 477
6000	3	501	74 477 480
6001	3	501	75 86 192
6002	3	501	75 86 294
6003	3	501	75 86 372
6004	3	501	75 86 488
6005	3	501	75 89 354
6006	3	501	75 122 192
6007	3	501	75 122 294
6008	3	501	75 122 355
6009	3	501	75 139 329
6010	3	501	75 139 354
6011	3	501	75 139 355
6012	3	501	75 139 449
6013	3	501	75 158 286
6014	3	501	75 158 292
6015	3	501	75 158 294
6016	3	501	75 183 372
6017	3	501	75 183 387
6018	3	501	75 183 488
6019	3	501	75 188 292
6020	3	501	75 192 221
6021	3	501	75 192 294
6022	3	501	75 192 305
6023	3	501	75 192 314
6024	3	501	75 199 286
6025	3	501	75 221 267
6026	3	501	75 221 305
6027	3	501	75 267 314
6028	3	501	75 267 372
6029	3	501	75 267 387
6030	3	501	75 286 314
6031	3	501	75 286 355
6032	3	501	75 287 329
6033	3	501	75 287 459
6034	3	501	75 292 317
6035	3	501	75 292 449
6036	3	501	75 292 477
6037	3	501	75 294 387
6038	3	501	75 305 317
6039	3	501	75 305 340
6040	3	501	75 305 355
6041	3	501	75 305 488
6042	3	501	75 314 459
6043	3	501	75 315 318
6044	3	501	75 318 340
6045	3	501	75 329 427
6046	3	501	75 354 459
6047	3	501	75 355 372
6048	3	501	75 427 488
6049	3	501	76 80 163
6050	3	501	76 80 217
6051	3	501	76 83 219
6052	3	501	76 83 230
6053	3	501	76 83 355
6054	3	501	76 83 365
6055	3	501	76 92 351
6056	3	501	76 128 129
6057	3	501	76 129 355
6058	3	501	76 129 369
6059	3	501	76 129 481
6060	3	501	76 139 217
6061	3	501	76 139 355
6062	3	501	76 140 157
6063	3	501	76 153 157
6064	3	501	76 153 163
6065	3	501	76 153 351
6066	3	501	76 155 163
6067	3	501	76 157 230
6068	3	501	76 157 325
6069	3	501	76 163 325
6070	3	501	76 170 286
6071	3	501	76 170 334
6072	3	501	76 170 355
6073	3	501	76 170 362
6074	3	501	76 170 365
6075	3	501	76 170 366
6076	3	501	76 217 219
6077	3	501	76 217 458
6078	3	501	76 217 481
6079	3	501	76 219 223
6080	3	501	76 219 286
6081	3	501	76 219 338
6082	3	501	76 219 365
6083	3	501	76 230 325
6084	3	501	76 230 338
6085	3	501	76 230 368
6086	3	501	76 236 355
6087	3	501	76 243 334
6088	3	501	76 243 369
6089	3	501	76 265 355
6090	3	501	76 286 338
6091	3	501	76 286 355
6092	3	501	76 286 481
6093	3	501	76 334 366
6094	3	501	76 334 368
6095	3	501	76 338 366
6096	3	501	76 338 368
6097	3	501	76 351 362
6098	3	501	76 351 458
6099	3	501	76 355 458
6100	3	501	76 362 365
6101	3	501	76 365 458
6102	3	501	76 366 368
6103	3	501	76 366 369
6104	3	501	76 366 481
6105	3	501	77 79 110
6106	3	501	77 79 381
6107	3	501	77 96 155
6108	3	501	77 96 202
6109	3	501	77 96 357
6110	3	501	77 99 157
6111	3	501	77 99 256
6112	3	501	77 99 496
6113	3	501	77 107 110
6114	3	501	77 107 202
6115	3	501	77 107 231
6116	3	501	77 110 167
6117	3	501	77 110 260
6118	3	501	77 110 335
6119	3	501	77 110 357
6120	3	501	77 110 396
6121	3	501	77 112 174
6122	3	501	77 112 249
6123	3	501	77 112 289
6124	3	501	77 112 328
6125	3	501	77 112 448
6126	3	501	77 122 155
6127	3	501	77 122 167
6128	3	501	77 122 294
6129	3	501	77 122 310
6130	3	501	77 122 335
6131	3	501	77 122 439
6132	3	501	77 155 289
6133	3	501	77 157 310
6134	3	501	77 157 314
6135	3	501	77 157 328
6136	3	501	77 157 480
6137	3	501	77 157 496
6138	3	501	77 167 314
6139	3	501	77 167 477
6140	3	501	77 174 250
6141	3	501	77 174 256
6142	3	501	77 174 298
6143	3	501	77 174 335
6144	3	501	77 174 345
6145	3	501	77 174 443
6146	3	501	77 193 298
6147	3	501	77 193 314
6148	3	501	77 202 256
6149	3	501	77 202 294
6150	3	501	77 202 310
6151	3	501	77 202 327
6152	3	501	77 202 328
6153	3	501	77 202 439
6154	3	501	77 202 448
6155	3	501	77 202 494
6156	3	501	77 218 357
6157	3	501	77 231 439
6158	3	501	77 238 289
6159	3	501	77 238 294
6160	3	501	77 238 345
6161	3	501	77 238 496
6162	3	501	77 242 380
6163	3	501	77 246 455
6164	3	501	77 249 335
6165	3	501	77 249 461
6166	3	501	77 250 335
6167	3	501	77 250 496
6168	3	501	77 256 294
6169	3	501	77 256 396
6170	3	501	77 256 439
6171	3	501	77 260 328
6172	3	501	77 289 310
6173	3	501	77 294 298
6174	3	501	77 298 439
6175	3	501	77 298 461
6176	3	501	77 310 314
6177	3	501	77 310 494
6178	3	501	77 314 335
6179	3	501	77 327 396
6180	3	501	77 328 335
6181	3	501	77 328 448
6182	3	501	77 357 396
6183	3	501	77 357 461
6184	3	501	77 381 448
6185	3	501	77 396 448
6186	3	501	77 396 496
6187	3	501	77 443 477
6188	3	501	77 477 480
6189	3	501	77 480 496
6190	3	501	78 88 95
6191	3	501	78 88 163
6192	3	501	78 88 230
6193	3	501	78 90 162
6194	3	501	78 90 210
6195	3	501	78 90 223
6196	3	501	78 94 120
6197	3	501	78 94 455
6198	3	501	78 95 188
6199	3	501	78 95 322
6200	3	501	78 95 398
6201	3	501	78 95 446
6202	3	501	78 97 351
6203	3	501	78 97 455
6204	3	501	78 120 226
6205	3	501	78 120 313
6206	3	501	78 120 322
6207	3	501	78 120 330
6208	3	501	78 120 387
6209	3	501	78 129 137
6210	3	501	78 129 332
6211	3	501	78 129 449
6212	3	501	78 137 256
6213	3	501	78 137 313
6214	3	501	78 137 330
6215	3	501	78 137 459
6216	3	501	78 162 218
6217	3	501	78 162 281
6218	3	501	78 162 387
6219	3	501	78 162 432
6220	3	501	78 162 450
6221	3	501	78 163 225
6222	3	501	78 163 346
6223	3	501	78 163 393
6224	3	501	78 163 398
6225	3	501	78 163 446
6226	3	501	78 163 455
6227	3	501	78 170 366
6228	3	501	78 170 387
6229	3	501	78 170 436
6230	3	501	78 188 208
6231	3	501	78 188 398
6232	3	501	78 208 256
6233	3	501	78 208 436
6234	3	501	78 210 313
6235	3	501	78 210 398
6236	3	501	78 218 351
6237	3	501	78 225 387
6238	3	501	78 230 398
6239	3	501	78 230 436
6240	3	501	78 256 313
6241	3	501	78 260 281
6242	3	501	78 260 374
6243	3	501	78 281 322
6244	3	501	78 281 366
6245	3	501	78 281 449
6246	3	501	78 313 393
6247	3	501	78 322 351
6248	3	501	78 322 393
6249	3	501	78 322 450
6250	3	501	78 330 332
6251	3	501	78 330 351
6252	3	501	78 330 446
6253	3	501	78 330 450
6254	3	501	78 332 351
6255	3	501	78 346 387
6256	3	501	78 346 443
6257	3	501	78 346 450
6258	3	501	78 351 398
6259	3	501	78 351 432
6260	3	501	78 351 450
6261	3	501	78 366 434
6262	3	501	78 366 436
6263	3	501	78 366 450
6264	3	501	78 374 455
6265	3	501	78 387 432
6266	3	501	78 393 450
6267	3	501	78 398 434
6268	3	501	78 434 455
6269	3	501	78 436 446
6270	3	501	78 436 459
6271	3	501	78 446 455
6272	3	501	79 84 229
6273	3	501	79 84 334
6274	3	501	79 84 472
6275	3	501	79 84 491
6276	3	501	79 103 417
6277	3	501	79 103 437
6278	3	501	79 110 129
6279	3	501	79 110 207
6280	3	501	79 116 208
6281	3	501	79 116 229
6282	3	501	79 116 393
6283	3	501	79 116 394
6284	3	501	79 116 430
6285	3	501	79 116 446
6286	3	501	79 116 491
6287	3	501	79 129 285
6288	3	501	79 149 491
6289	3	501	79 152 393
6290	3	501	79 159 437
6291	3	501	79 159 470
6292	3	501	79 207 285
6293	3	501	79 208 394
6294	3	501	79 208 417
6295	3	501	79 208 437
6296	3	501	79 229 323
6297	3	501	79 229 482
6298	3	501	79 230 484
6299	3	501	79 285 394
6300	3	501	79 285 422
6301	3	501	79 285 437
6302	3	501	79 341 417
6303	3	501	79 341 457
6304	3	501	79 341 484
6305	3	501	79 381 422
6306	3	501	79 394 417
6307	3	501	79 394 430
6308	3	501	79 417 472
6309	3	501	79 422 437
6310	3	501	79 425 430
6311	3	501	79 425 457
6312	3	501	79 430 484
6313	3	501	79 482 484
6314	3	501	80 163 305
6315	3	501	80 163 446
6316	3	501	80 175 449
6317	3	501	80 183 320
6318	3	501	80 183 383
6319	3	501	80 183 385
6320	3	501	80 183 444
6321	3	501	80 200 312
6322	3	501	80 200 330
6323	3	501	80 200 454
6324	3	501	80 217 226
6325	3	501	80 217 239
6326	3	501	80 217 240
6327	3	501	80 226 312
6328	3	501	80 239 471
6329	3	501	80 240 471
6330	3	501	80 241 305
6331	3	501	80 253 288
6332	3	501	80 253 405
6333	3	501	80 253 424
6334	3	501	80 305 312
6335	3	501	80 305 471
6336	3	501	80 318 330
6337	3	501	80 320 385
6338	3	501	80 320 471
6339	3	501	80 330 446
6340	3	501	80 383 385
6341	3	501	80 385 388
6342	3	501	80 385 446
6343	3	501	80 446 471
6344	3	501	81 93 132
6345	3	501	81 93 301
6346	3	501	81 93 334
6347	3	501	81 93 397
6348	3	501	81 93 441
6349	3	501	81 93 448
6350	3	501	81 93 455
6351	3	501	81 93 462
6352	3	501	81 94 324
6353	3	501	81 94 455
6354	3	501	81 100 130
6355	3	501	81 100 332
6356	3	501	81 110 132
6357	3	501	81 110 322
6358	3	501	81 110 329
6359	3	501	81 110 462
6360	3	501	81 114 263
6361	3	501	81 114 276
6362	3	501	81 114 329
6363	3	501	81 114 397
6364	3	501	81 128 164
6365	3	501	81 128 231
6366	3	501	81 128 313
6367	3	501	81 128 397
6368	3	501	81 128 398
6369	3	501	81 130 197
6370	3	501	81 130 262
6371	3	501	81 130 427
6372	3	501	81 130 441
6373	3	501	81 130 455
6374	3	501	81 130 462
6375	3	501	81 130 497
6376	3	501	81 132 217
6377	3	501	81 132 262
6378	3	501	81 164 253
6379	3	501	81 164 301
6380	3	501	81 197 324
6381	3	501	81 211 322
6382	3	501	81 211 324
6383	3	501	81 211 332
6384	3	501	81 211 398
6385	3	501	81 211 448
6386	3	501	81 217 397
6387	3	501	81 217 455
6388	3	501	81 217 468
6389	3	501	81 231 301
6390	3	501	81 249 253
6391	3	501	81 249 281
6392	3	501	81 249 324
6393	3	501	81 249 398
6394	3	501	81 253 276
6395	3	501	81 253 332
6396	3	501	81 253 337
6397	3	501	81 253 397
6398	3	501	81 259 332
6399	3	501	81 262 324
6400	3	501	81 262 332
6401	3	501	81 263 324
6402	3	501	81 276 472
6403	3	501	81 276 497
6404	3	501	81 281 322
6405	3	501	81 281 324
6406	3	501	81 281 334
6407	3	501	81 281 462
6408	3	501	81 281 468
6409	3	501	81 301 313
6410	3	501	81 301 468
6411	3	501	81 301 472
6412	3	501	81 322 427
6413	3	501	81 324 462
6414	3	501	81 329 398
6415	3	501	81 329 427
6416	3	501	81 334 349
6417	3	501	81 337 397
6418	3	501	81 337 462
6419	3	501	81 349 455
6420	3	501	81 397 472
6421	3	501	81 427 448
6422	3	501	81 427 497
6423	3	501	82 87 277
6424	3	501	82 87 452
6425	3	501	82 94 159
6426	3	501	82 94 190
6427	3	501	82 133 356
6428	3	501	82 133 376
6429	3	501	82 133 398
6430	3	501	82 142 226
6431	3	501	82 142 277
6432	3	501	82 142 281
6433	3	501	82 142 389
6434	3	501	82 158 300
6435	3	501	82 159 281
6436	3	501	82 159 356
6437	3	501	82 159 419
6438	3	501	82 187 226
6439	3	501	82 187 400
6440	3	501	82 190 277
6441	3	501	82 190 281
6442	3	501	82 190 386
6443	3	501	82 190 398
6444	3	501	82 190 465
6445	3	501	82 226 302
6446	3	501	82 277 465
6447	3	501	82 281 300
6448	3	501	82 281 323
6449	3	501	82 281 452
6450	3	501	82 282 363
6451	3	501	82 282 376
6452	3	501	82 300 398
6453	3	501	82 302 323
6454	3	501	82 323 389
6455	3	501	82 376 386
6456	3	501	82 419 452
6457	3	501	83 86 91
6458	3	501	83 86 300
6459	3	501	83 86 313
6460	3	501	83 86 346
6461	3	501	83 86 412
6462	3	501	83 86 435
6463	3	501	83 91 185
6464	3	501	83 91 221
6465	3	501	83 91 376
6466	3	501	83 95 101
6467	3	501	83 95 127
6468	3	501	83 95 300
6469	3	501	83 101 116
6470	3	501	83 101 185
6471	3	501	83 101 239
6472	3	501	83 116 122
6473	3	501	83 116 136
6474	3	501	83 116 229
6475	3	501	83 116 342
6476	3	501	83 116 486
6477	3	501	83 122 156
6478	3	501	83 122 230
6479	3	501	83 122 283
6480	3	501	83 122 342
6481	3	501	83 122 355
6482	3	501	83 123 346
6483	3	501	83 123 376
6484	3	501	83 123 483
6485	3	501	83 127 172
6486	3	501	83 127 337
6487	3	501	83 136 172
6488	3	501	83 136 365
6489	3	501	83 142 143
6490	3	501	83 142 412
6491	3	501	83 143 225
6492	3	501	83 143 326
6493	3	501	83 143 349
6494	3	501	83 143 365
6495	3	501	83 152 172
6496	3	501	83 152 219
6497	3	501	83 152 283
6498	3	501	83 156 318
6499	3	501	83 156 337
6500	3	501	83 156 355
6501	3	501	83 172 313
6502	3	501	83 172 355
6503	3	501	83 185 221
6504	3	501	83 185 365
6505	3	501	83 185 486
6506	3	501	83 190 219
6507	3	501	83 190 486
6508	3	501	83 219 225
6509	3	501	83 219 326
6510	3	501	83 219 349
6511	3	501	83 219 365
6512	3	501	83 219 376
6513	3	501	83 219 483
6514	3	501	83 219 486
6515	3	501	83 221 326
6516	3	501	83 221 342
6517	3	501	83 225 318
6518	3	501	83 225 483
6519	3	501	83 229 318
6520	3	501	83 230 318
6521	3	501	83 283 326
6522	3	501	83 300 326
6523	3	501	83 326 412
6524	3	501	83 337 365
6525	3	501	83 342 349
6526	3	501	83 342 435
6527	3	501	83 349 376
6528	3	501	83 355 483
6529	3	501	83 365 412
6530	3	501	83 376 412
6531	3	501	83 376 435
6532	3	501	84 86 115
6533	3	501	84 86 372
6534	3	501	84 86 412
6535	3	501	84 86 447
6536	3	501	84 99 227
6537	3	501	84 99 233
6538	3	501	84 99 432
6539	3	501	84 102 365
6540	3	501	84 102 399
6541	3	501	84 102 432
6542	3	501	84 102 447
6543	3	501	84 115 244
6544	3	501	84 115 399
6545	3	501	84 115 412
6546	3	501	84 143 334
6547	3	501	84 143 365
6548	3	501	84 143 409
6549	3	501	84 143 436
6550	3	501	84 143 450
6551	3	501	84 143 466
6552	3	501	84 165 174
6553	3	501	84 166 385
6554	3	501	84 166 412
6555	3	501	84 171 345
6556	3	501	84 171 385
6557	3	501	84 171 412
6558	3	501	84 171 447
6559	3	501	84 174 265
6560	3	501	84 174 345
6561	3	501	84 201 227
6562	3	501	84 201 244
6563	3	501	84 201 466
6564	3	501	84 201 485
6565	3	501	84 227 244
6566	3	501	84 227 318
6567	3	501	84 227 447
6568	3	501	84 227 485
6569	3	501	84 229 318
6570	3	501	84 229 399
6571	3	501	84 229 436
6572	3	501	84 233 409
6573	3	501	84 233 472
6574	3	501	84 240 472
6575	3	501	84 244 345
6576	3	501	84 244 399
6577	3	501	84 244 432
6578	3	501	84 244 436
6579	3	501	84 244 447
6580	3	501	84 265 412
6581	3	501	84 265 436
6582	3	501	84 265 491
6583	3	501	84 288 447
6584	3	501	84 318 436
6585	3	501	84 334 372
6586	3	501	84 345 436
6587	3	501	84 365 412
6588	3	501	84 365 485
6589	3	501	84 365 491
6590	3	501	84 399 412
6591	3	501	84 399 432
6592	3	501	84 399 491
6593	3	501	84 409 432
6594	3	501	84 409 485
6595	3	501	84 412 447
6596	3	501	84 419 472
6597	3	501	84 436 491
6598	3	501	84 447 485
6599	3	501	86 88 321
6600	3	501	86 88 338
6601	3	501	86 88 372
6602	3	501	86 88 412
6603	3	501	86 91 275
6604	3	501	86 91 321
6605	3	501	86 91 383
6606	3	501	86 106 275
6607	3	501	86 106 300
6608	3	501	86 106 319
6609	3	501	86 106 397
6610	3	501	86 106 433
6611	3	501	86 114 192
6612	3	501	86 114 346
6613	3	501	86 114 397
6614	3	501	86 114 431
6615	3	501	86 115 216
6616	3	501	86 115 319
6617	3	501	86 115 412
6618	3	501	86 115 433
6619	3	501	86 115 488
6620	3	501	86 135 232
6621	3	501	86 135 279
6622	3	501	86 135 294
6623	3	501	86 135 319
6624	3	501	86 135 383
6625	3	501	86 135 412
6626	3	501	86 135 426
6627	3	501	86 135 433
6628	3	501	86 182 300
6629	3	501	86 182 372
6630	3	501	86 192 232
6631	3	501	86 192 294
6632	3	501	86 202 232
6633	3	501	86 202 294
6634	3	501	86 202 321
6635	3	501	86 202 426
6636	3	501	86 202 447
6637	3	501	86 216 431
6638	3	501	86 216 487
6639	3	501	86 216 488
6640	3	501	86 234 488
6641	3	501	86 275 279
6642	3	501	86 275 300
6643	3	501	86 275 372
6644	3	501	86 275 467
6645	3	501	86 279 321
6646	3	501	86 279 374
6647	3	501	86 279 397
6648	3	501	86 294 313
6649	3	501	86 294 321
6650	3	501	86 294 378
6651	3	501	86 300 431
6652	3	501	86 300 487
6653	3	501	86 313 431
6654	3	501	86 313 488
6655	3	501	86 319 397
6656	3	501	86 321 397
6657	3	501	86 321 412
6658	3	501	86 338 368
6659	3	501	86 368 378
6660	3	501	86 368 426
6661	3	501	86 368 435
6662	3	501	86 372 435
6663	3	501	86 374 487
6664	3	501	86 412 433
6665	3	501	86 412 447
6666	3	501	86 426 467
6667	3	501	86 431 435
6668	3	501	86 467 487
6669	3	501	87 130 175
6670	3	501	87 130 318
6671	3	501	87 161 292
6672	3	501	87 161 372
6673	3	501	87 161 410
6674	3	501	87 161 480
6675	3	501	87 171 292
6676	3	501	87 171 385
6677	3	501	87 171 412
6678	3	501	87 175 372
6679	3	501	87 175 450
6680	3	501	87 208 404
6681	3	501	87 208 410
6682	3	501	87 208 424
6683	3	501	87 210 424
6684	3	501	87 277 416
6685	3	501	87 318 333
6686	3	501	87 318 480
6687	3	501	87 372 480
6688	3	501	87 385 452
6689	3	501	87 404 412
6690	3	501	87 413 416
6691	3	501	87 413 480
6692	3	501	87 450 481
6693	3	501	88 93 95
6694	3	501	88 100 138
6695	3	501	88 100 440
6696	3	501	88 104 440
6697	3	501	88 122 230
6698	3	501	88 138 412
6699	3	501	88 141 230
6700	3	501	88 163 298
6701	3	501	88 163 325
6702	3	501	88 163 422
6703	3	501	88 175 372
6704	3	501	88 201 363
6705	3	501	88 207 267
6706	3	501	88 207 321
6707	3	501	88 230 325
6708	3	501	88 230 338
6709	3	501	88 267 363
6710	3	501	88 267 372
6711	3	501	88 295 298
6712	3	501	88 298 359
6713	3	501	88 298 372
6714	3	501	88 317 341
6715	3	501	88 321 412
6716	3	501	88 338 500
6717	3	501	88 341 372
6718	3	501	88 349 500
6719	3	501	88 359 422
6720	3	501	88 412 440
6721	3	501	89 107 234
6722	3	501	89 107 394
6723	3	501	89 119 140
6724	3	501	89 119 240
6725	3	501	89 119 271
6726	3	501	89 119 289
6727	3	501	89 119 345
6728	3	501	89 119 471
6729	3	501	89 120 167
6730	3	501	89 120 234
6731	3	501	89 120 435
6732	3	501	89 140 308
6733	3	501	89 140 381
6734	3	501	89 140 434
6735	3	501	89 140 489
6736	3	501	89 162 201
6737	3	501	89 162 281
6738	3	501	89 162 289
6739	3	501	89 167 462
6740	3	501	89 167 487
6741	3	501	89 201 466
6742	3	501	89 206 251
6743	3	501	89 206 289
6744	3	501	89 210 274
6745	3	501	89 210 381
6746	3	501	89 234 258
6747	3	501	89 234 291
6748	3	501	89 234 463
6749	3	501	89 234 465
6750	3	501	89 234 466
6751	3	501	89 240 354
6752	3	501	89 240 471
6753	3	501	89 251 271
6754	3	501	89 251 345
6755	3	501	89 258 297
6756	3	501	89 258 308
6757	3	501	89 258 394
6758	3	501	89 258 489
6759	3	501	89 271 291
6760	3	501	89 271 435
6761	3	501	89 274 291
6762	3	501	89 281 462
6763	3	501	89 281 471
6764	3	501	89 281 500
6765	3	501	89 289 308
6766	3	501	89 289 394
6767	3	501	89 289 466
6768	3	501	89 289 487
6769	3	501	89 289 489
6770	3	501	89 291 423
6771	3	501	89 291 465
6772	3	501	89 297 308
6773	3	501	89 297 466
6774	3	501	89 297 489
6775	3	501	89 308 471
6776	3	501	89 354 489
6777	3	501	89 381 462
6778	3	501	89 423 435
6779	3	501	89 423 463
6780	3	501	89 423 466
6781	3	501	89 423 489
6782	3	501	89 463 487
6783	3	501	89 465 487
6784	3	501	90 119 134
6785	3	501	90 119 224
6786	3	501	90 119 229
6787	3	501	90 119 240
6788	3	501	90 119 245
6789	3	501	90 134 201
6790	3	501	90 134 261
6791	3	501	90 134 264
6792	3	501	90 134 340
6793	3	501	90 134 419
6794	3	501	90 138 210
6795	3	501	90 138 229
6796	3	501	90 138 234
6797	3	501	90 138 340
6798	3	501	90 138 412
6799	3	501	90 162 201
6800	3	501	90 162 232
6801	3	501	90 162 310
6802	3	501	90 165 310
6803	3	501	90 165 340
6804	3	501	90 210 222
6805	3	501	90 222 435
6806	3	501	90 223 232
6807	3	501	90 223 340
6808	3	501	90 224 229
6809	3	501	90 229 310
6810	3	501	90 232 359
6811	3	501	90 232 440
6812	3	501	90 234 264
6813	3	501	90 234 391
6814	3	501	90 240 278
6815	3	501	90 240 310
6816	3	501	90 240 440
6817	3	501	90 240 486
6818	3	501	90 245 340
6819	3	501	90 245 359
6820	3	501	90 245 419
6821	3	501	90 261 480
6822	3	501	90 264 310
6823	3	501	90 264 419
6824	3	501	90 278 419
6825	3	501	90 278 435
6826	3	501	90 300 325
6827	3	501	90 310 391
6828	3	501	90 340 359
6829	3	501	90 371 486
6830	3	501	90 412 440
6831	3	501	90 412 496
6832	3	501	90 480 496
6833	3	501	90 486 491
6834	3	501	91 120 153
6835	3	501	91 120 166
6836	3	501	91 120 238
6837	3	501	91 120 419
6838	3	501	91 126 128
6839	3	501	91 126 153
6840	3	501	91 126 406
6841	3	501	91 128 221
6842	3	501	91 128 238
6843	3	501	91 128 272
6844	3	501	91 128 321
6845	3	501	91 141 153
6846	3	501	91 141 185
6847	3	501	91 141 370
6848	3	501	91 141 419
6849	3	501	91 141 479
6850	3	501	91 153 312
6851	3	501	91 153 425
6852	3	501	91 166 272
6853	3	501	91 166 480
6854	3	501	91 185 221
6855	3	501	91 185 244
6856	3	501	91 185 317
6857	3	501	91 185 468
6858	3	501	91 221 312
6859	3	501	91 221 381
6860	3	501	91 221 406
6861	3	501	91 238 307
6862	3	501	91 238 470
6863	3	501	91 244 278
6864	3	501	91 244 312
6865	3	501	91 244 362
6866	3	501	91 244 468
6867	3	501	91 245 272
6868	3	501	91 245 312
6869	3	501	91 245 333
6870	3	501	91 245 376
6871	3	501	91 245 419
6872	3	501	91 257 278
6873	3	501	91 257 470
6874	3	501	91 257 480
6875	3	501	91 272 275
6876	3	501	91 272 317
6877	3	501	91 272 333
6878	3	501	91 272 370
6879	3	501	91 275 307
6880	3	501	91 275 466
6881	3	501	91 275 468
6882	3	501	91 278 307
6883	3	501	91 278 333
6884	3	501	91 278 419
6885	3	501	91 307 383
6886	3	501	91 307 441
6887	3	501	91 312 376
6888	3	501	91 312 406
6889	3	501	91 317 376
6890	3	501	91 317 381
6891	3	501	91 317 470
6892	3	501	91 317 491
6893	3	501	91 321 466
6894	3	501	91 325 333
6895	3	501	91 333 425
6896	3	501	91 333 466
6897	3	501	91 370 406
6898	3	501	91 370 470
6899	3	501	91 376 480
6900	3	501	91 383 468
6901	3	501	91 419 425
6902	3	501	91 425 479
6903	3	501	91 441 491
6904	3	501	91 466 470
6905	3	501	91 470 480
6906	3	501	92 98 202
6907	3	501	92 101 149
6908	3	501	92 101 202
6909	3	501	92 101 389
6910	3	501	92 115 379
6911	3	501	92 134 161
6912	3	501	92 134 264
6913	3	501	92 149 231
6914	3	501	92 149 367
6915	3	501	92 149 389
6916	3	501	92 161 173
6917	3	501	92 161 354
6918	3	501	92 202 232
6919	3	501	92 202 293
6920	3	501	92 202 384
6921	3	501	92 202 391
6922	3	501	92 210 367
6923	3	501	92 231 232
6924	3	501	92 232 266
6925	3	501	92 232 472
6926	3	501	92 259 351
6927	3	501	92 259 367
6928	3	501	92 262 346
6929	3	501	92 262 379
6930	3	501	92 264 367
6931	3	501	92 264 385
6932	3	501	92 323 389
6933	3	501	92 354 384
6934	3	501	92 367 384
6935	3	501	93 95 132
6936	3	501	93 95 300
6937	3	501	93 95 333
6938	3	501	93 96 202
6939	3	501	93 132 296
6940	3	501	93 132 302
6941	3	501	93 133 448
6942	3	501	93 134 302
6943	3	501	93 134 308
6944	3	501	93 134 462
6945	3	501	93 140 171
6946	3	501	93 140 308
6947	3	501	93 140 397
6948	3	501	93 140 455
6949	3	501	93 171 199
6950	3	501	93 171 304
6951	3	501	93 171 447
6952	3	501	93 177 296
6953	3	501	93 177 308
6954	3	501	93 181 304
6955	3	501	93 181 334
6956	3	501	93 199 202
6957	3	501	93 199 447
6958	3	501	93 202 296
6959	3	501	93 202 333
6960	3	501	93 202 441
6961	3	501	93 202 447
6962	3	501	93 202 448
6963	3	501	93 243 296
6964	3	501	93 243 334
6965	3	501	93 251 300
6966	3	501	93 287 397
6967	3	501	93 287 441
6968	3	501	93 296 302
6969	3	501	93 296 308
6970	3	501	93 296 342
6971	3	501	93 296 396
6972	3	501	93 296 429
6973	3	501	93 296 462
6974	3	501	93 300 334
6975	3	501	93 301 365
6976	3	501	93 301 447
6977	3	501	93 302 346
6978	3	501	93 304 308
6979	3	501	93 333 346
6980	3	501	93 333 448
6981	3	501	93 333 462
6982	3	501	93 342 435
6983	3	501	93 365 396
6984	3	501	93 365 397
6985	3	501	93 396 447
6986	3	501	93 396 448
6987	3	501	93 397 400
6988	3	501	93 435 441
6989	3	501	93 441 447
6990	3	501	93 447 448
6991	3	501	94 148 190
6992	3	501	94 148 267
6993	3	501	94 148 413
6994	3	501	94 159 324
6995	3	501	94 159 342
6996	3	501	94 159 500
6997	3	501	94 171 350
6998	3	501	94 171 385
6999	3	501	94 171 487
7000	3	501	94 183 385
7001	3	501	94 183 399
7002	3	501	94 243 385
7003	3	501	94 267 487
7004	3	501	94 288 342
7005	3	501	94 294 298
7006	3	501	94 295 298
7007	3	501	94 295 312
7008	3	501	94 298 344
7009	3	501	94 312 487
7010	3	501	94 315 324
7011	3	501	94 324 350
7012	3	501	94 342 344
7013	3	501	94 342 399
7014	3	501	94 344 350
7015	3	501	94 344 399
7016	3	501	94 350 413
7017	3	501	94 413 480
7018	3	501	94 413 487
7019	3	501	95 98 233
7020	3	501	95 98 241
7021	3	501	95 98 416
7022	3	501	95 98 427
7023	3	501	95 101 188
7024	3	501	95 101 261
7025	3	501	95 101 446
7026	3	501	95 105 266
7027	3	501	95 105 371
7028	3	501	95 105 433
7029	3	501	95 105 466
7030	3	501	95 127 213
7031	3	501	95 127 241
7032	3	501	95 127 399
7033	3	501	95 127 416
7034	3	501	95 127 427
7035	3	501	95 127 430
7036	3	501	95 127 467
7037	3	501	95 132 203
7038	3	501	95 132 466
7039	3	501	95 188 237
7040	3	501	95 188 266
7041	3	501	95 188 371
7042	3	501	95 188 398
7043	3	501	95 188 467
7044	3	501	95 203 213
7045	3	501	95 203 264
7046	3	501	95 213 224
7047	3	501	95 213 237
7048	3	501	95 213 264
7049	3	501	95 213 322
7050	3	501	95 222 246
7051	3	501	95 224 241
7052	3	501	95 224 350
7053	3	501	95 224 399
7054	3	501	95 233 237
7055	3	501	95 233 430
7056	3	501	95 233 468
7057	3	501	95 237 300
7058	3	501	95 237 312
7059	3	501	95 237 322
7060	3	501	95 237 425
7061	3	501	95 237 467
7062	3	501	95 241 324
7063	3	501	95 241 427
7064	3	501	95 241 433
7065	3	501	95 241 460
7066	3	501	95 246 371
7067	3	501	95 246 427
7068	3	501	95 246 446
7069	3	501	95 261 398
7070	3	501	95 261 399
7071	3	501	95 261 433
7072	3	501	95 264 333
7073	3	501	95 264 425
7074	3	501	95 264 468
7075	3	501	95 266 371
7076	3	501	95 300 322
7077	3	501	95 300 324
7078	3	501	95 300 398
7079	3	501	95 300 399
7080	3	501	95 319 322
7081	3	501	95 319 466
7082	3	501	95 322 371
7083	3	501	95 322 427
7084	3	501	95 322 433
7085	3	501	95 324 350
7086	3	501	95 324 430
7087	3	501	95 333 425
7088	3	501	95 333 466
7089	3	501	95 350 430
7090	3	501	95 399 430
7091	3	501	95 399 468
7092	3	501	95 425 427
7093	3	501	95 425 430
7094	3	501	95 427 430
7095	3	501	95 427 446
7096	3	501	95 433 468
7097	3	501	95 460 468
7098	3	501	96 115 155
7099	3	501	96 115 217
7100	3	501	96 115 319
7101	3	501	96 115 357
7102	3	501	96 115 371
7103	3	501	96 115 403
7104	3	501	96 115 430
7105	3	501	96 126 155
7106	3	501	96 126 201
7107	3	501	96 126 240
7108	3	501	96 126 285
7109	3	501	96 155 163
7110	3	501	96 155 201
7111	3	501	96 155 291
7112	3	501	96 163 285
7113	3	501	96 163 378
7114	3	501	96 163 403
7115	3	501	96 163 485
7116	3	501	96 173 403
7117	3	501	96 173 487
7118	3	501	96 201 275
7119	3	501	96 201 417
7120	3	501	96 201 485
7121	3	501	96 202 391
7122	3	501	96 202 452
7123	3	501	96 207 285
7124	3	501	96 217 240
7125	3	501	96 217 344
7126	3	501	96 217 378
7127	3	501	96 240 344
7128	3	501	96 240 430
7129	3	501	96 240 452
7130	3	501	96 240 472
7131	3	501	96 274 291
7132	3	501	96 274 485
7133	3	501	96 275 322
7134	3	501	96 275 485
7135	3	501	96 285 357
7136	3	501	96 285 391
7137	3	501	96 286 452
7138	3	501	96 291 378
7139	3	501	96 291 391
7140	3	501	96 291 417
7141	3	501	96 319 322
7142	3	501	96 322 357
7143	3	501	96 322 371
7144	3	501	96 357 391
7145	3	501	96 391 417
7146	3	501	96 403 430
7147	3	501	96 403 487
7148	3	501	96 417 472
7149	3	501	96 430 484
7150	3	501	97 104 116
7151	3	501	97 104 279
7152	3	501	97 104 287
7153	3	501	97 104 489
7154	3	501	97 110 167
7155	3	501	97 110 335
7156	3	501	97 110 357
7157	3	501	97 116 234
7158	3	501	97 116 372
7159	3	501	97 116 419
7160	3	501	97 116 486
7161	3	501	97 128 279
7162	3	501	97 128 287
7163	3	501	97 138 234
7164	3	501	97 138 287
7165	3	501	97 138 351
7166	3	501	97 138 489
7167	3	501	97 153 271
7168	3	501	97 153 351
7169	3	501	97 153 489
7170	3	501	97 160 455
7171	3	501	97 160 467
7172	3	501	97 160 483
7173	3	501	97 160 486
7174	3	501	97 167 483
7175	3	501	97 234 287
7176	3	501	97 234 455
7177	3	501	97 271 467
7178	3	501	97 287 489
7179	3	501	97 308 325
7180	3	501	97 308 359
7181	3	501	97 308 372
7182	3	501	97 308 467
7183	3	501	97 308 486
7184	3	501	97 309 419
7185	3	501	97 351 357
7186	3	501	97 351 362
7187	3	501	97 351 429
7188	3	501	97 357 362
7189	3	501	97 357 429
7190	3	501	97 357 489
7191	3	501	97 359 455
7192	3	501	97 362 467
7193	3	501	97 372 486
7194	3	501	97 372 489
7195	3	501	97 455 467
7196	3	501	98 102 260
7197	3	501	98 102 432
7198	3	501	98 104 233
7199	3	501	98 104 406
7200	3	501	98 156 169
7201	3	501	98 156 318
7202	3	501	98 156 364
7203	3	501	98 157 206
7204	3	501	98 169 295
7205	3	501	98 202 219
7206	3	501	98 202 282
7207	3	501	98 202 318
7208	3	501	98 202 426
7209	3	501	98 202 432
7210	3	501	98 207 233
7211	3	501	98 209 229
7212	3	501	98 209 380
7213	3	501	98 209 432
7214	3	501	98 211 380
7215	3	501	98 219 260
7216	3	501	98 219 364
7217	3	501	98 219 380
7218	3	501	98 229 318
7219	3	501	98 233 353
7220	3	501	98 233 380
7221	3	501	98 233 426
7222	3	501	98 241 427
7223	3	501	98 260 281
7224	3	501	98 260 318
7225	3	501	98 260 406
7226	3	501	98 281 380
7227	3	501	98 295 357
7228	3	501	98 295 432
7229	3	501	98 353 426
7230	3	501	98 357 432
7231	3	501	98 364 380
7232	3	501	98 405 432
7233	3	501	98 406 416
7234	3	501	99 103 232
7235	3	501	99 103 256
7236	3	501	99 103 317
7237	3	501	99 103 367
7238	3	501	99 103 417
7239	3	501	99 103 488
7240	3	501	99 121 209
7241	3	501	99 121 317
7242	3	501	99 121 417
7243	3	501	99 121 423
7244	3	501	99 121 441
7245	3	501	99 121 488
7246	3	501	99 121 496
7247	3	501	99 121 500
7248	3	501	99 123 297
7249	3	501	99 123 417
7250	3	501	99 123 441
7251	3	501	99 134 148
7252	3	501	99 134 264
7253	3	501	99 134 302
7254	3	501	99 134 457
7255	3	501	99 148 233
7256	3	501	99 148 367
7257	3	501	99 148 383
7258	3	501	99 157 297
7259	3	501	99 157 325
7260	3	501	99 157 394
7261	3	501	99 157 423
7262	3	501	99 157 496
7263	3	501	99 164 302
7264	3	501	99 182 364
7265	3	501	99 182 417
7266	3	501	99 182 441
7267	3	501	99 182 457
7268	3	501	99 182 496
7269	3	501	99 209 367
7270	3	501	99 209 432
7271	3	501	99 223 232
7272	3	501	99 223 500
7273	3	501	99 227 317
7274	3	501	99 227 364
7275	3	501	99 227 496
7276	3	501	99 232 297
7277	3	501	99 232 317
7278	3	501	99 243 364
7279	3	501	99 243 383
7280	3	501	99 256 297
7281	3	501	99 257 423
7282	3	501	99 264 364
7283	3	501	99 264 367
7284	3	501	99 264 394
7285	3	501	99 264 457
7286	3	501	99 297 302
7287	3	501	99 297 364
7288	3	501	99 297 496
7289	3	501	99 302 383
7290	3	501	99 302 500
7291	3	501	99 324 367
7292	3	501	99 324 432
7293	3	501	99 324 457
7294	3	501	99 324 488
7295	3	501	99 325 488
7296	3	501	99 394 417
7297	3	501	99 394 432
7298	3	501	99 400 417
7299	3	501	99 400 488
7300	3	501	99 411 423
7301	3	501	99 411 433
7302	3	501	99 411 457
7303	3	501	99 417 432
7304	3	501	99 432 496
7305	3	501	100 119 289
7306	3	501	100 119 384
7307	3	501	100 119 477
7308	3	501	100 130 458
7309	3	501	100 138 241
7310	3	501	100 138 477
7311	3	501	100 148 218
7312	3	501	100 148 387
7313	3	501	100 148 440
7314	3	501	100 148 458
7315	3	501	100 167 332
7316	3	501	100 167 477
7317	3	501	100 171 440
7318	3	501	100 173 203
7319	3	501	100 203 209
7320	3	501	100 203 477
7321	3	501	100 208 209
7322	3	501	100 208 384
7323	3	501	100 209 356
7324	3	501	100 241 460
7325	3	501	100 332 458
7326	3	501	100 332 460
7327	3	501	100 332 494
7328	3	501	100 346 387
7329	3	501	100 346 454
7330	3	501	100 346 460
7331	3	501	100 346 494
7332	3	501	100 356 384
7333	3	501	100 384 396
7334	3	501	100 384 426
7335	3	501	100 384 494
7336	3	501	100 396 440
7337	3	501	100 426 440
7338	3	501	100 426 454
7339	3	501	100 440 477
7340	3	501	100 454 460
7341	3	501	100 460 494
7342	3	501	101 102 114
7343	3	501	101 102 183
7344	3	501	101 102 188
7345	3	501	101 102 446
7346	3	501	101 106 308
7347	3	501	101 114 244
7348	3	501	101 116 238
7349	3	501	101 116 442
7350	3	501	101 116 446
7351	3	501	101 124 239
7352	3	501	101 124 250
7353	3	501	101 124 320
7354	3	501	101 124 434
7355	3	501	101 145 149
7356	3	501	101 145 159
7357	3	501	101 145 185
7358	3	501	101 145 238
7359	3	501	101 145 250
7360	3	501	101 145 320
7361	3	501	101 145 434
7362	3	501	101 149 185
7363	3	501	101 149 239
7364	3	501	101 149 244
7365	3	501	101 149 308
7366	3	501	101 149 357
7367	3	501	101 149 389
7368	3	501	101 159 356
7369	3	501	101 183 320
7370	3	501	101 183 404
7371	3	501	101 183 423
7372	3	501	101 185 243
7373	3	501	101 185 244
7374	3	501	101 185 423
7375	3	501	101 188 308
7376	3	501	101 188 462
7377	3	501	101 201 244
7378	3	501	101 201 250
7379	3	501	101 202 320
7380	3	501	101 202 494
7381	3	501	101 238 243
7382	3	501	101 238 330
7383	3	501	101 238 404
7384	3	501	101 239 434
7385	3	501	101 243 250
7386	3	501	101 243 261
7387	3	501	101 243 291
7388	3	501	101 243 303
7389	3	501	101 243 330
7390	3	501	101 244 465
7391	3	501	101 244 494
7392	3	501	101 250 291
7393	3	501	101 261 465
7394	3	501	101 261 480
7395	3	501	101 291 356
7396	3	501	101 291 404
7397	3	501	101 291 423
7398	3	501	101 291 446
7399	3	501	101 291 465
7400	3	501	101 303 330
7401	3	501	101 303 356
7402	3	501	101 303 494
7403	3	501	101 308 320
7404	3	501	101 320 465
7405	3	501	101 330 446
7406	3	501	101 330 480
7407	3	501	101 356 480
7408	3	501	101 389 442
7409	3	501	101 389 446
7410	3	501	101 389 494
7411	3	501	101 462 494
7412	3	501	102 105 294
7413	3	501	102 140 175
7414	3	501	102 140 455
7415	3	501	102 175 228
7416	3	501	102 175 447
7417	3	501	102 183 260
7418	3	501	102 183 399
7419	3	501	102 183 400
7420	3	501	102 183 432
7421	3	501	102 188 292
7422	3	501	102 188 479
7423	3	501	102 188 500
7424	3	501	102 216 301
7425	3	501	102 216 400
7426	3	501	102 216 432
7427	3	501	102 216 446
7428	3	501	102 228 269
7429	3	501	102 260 399
7430	3	501	102 260 500
7431	3	501	102 269 479
7432	3	501	102 286 432
7433	3	501	102 292 399
7434	3	501	102 301 365
7435	3	501	102 301 447
7436	3	501	102 301 479
7437	3	501	102 399 432
7438	3	501	102 400 479
7439	3	501	102 446 447
7440	3	501	102 446 455
7441	3	501	103 109 127
7442	3	501	103 109 318
7443	3	501	103 109 410
7444	3	501	103 127 172
7445	3	501	103 172 234
7446	3	501	103 172 436
7447	3	501	103 177 245
7448	3	501	103 204 437
7449	3	501	103 218 317
7450	3	501	103 218 318
7451	3	501	103 218 437
7452	3	501	103 232 317
7453	3	501	103 232 359
7454	3	501	103 232 437
7455	3	501	103 234 256
7456	3	501	103 234 350
7457	3	501	103 234 367
7458	3	501	103 234 488
7459	3	501	103 245 288
7460	3	501	103 245 359
7461	3	501	103 245 386
7462	3	501	103 245 436
7463	3	501	103 256 350
7464	3	501	103 311 317
7465	3	501	103 317 424
7466	3	501	103 318 350
7467	3	501	103 318 386
7468	3	501	103 318 436
7469	3	501	103 367 437
7470	3	501	103 386 410
7471	3	501	103 424 436
7472	3	501	104 112 373
7473	3	501	104 116 406
7474	3	501	104 119 305
7475	3	501	104 119 459
7476	3	501	104 130 242
7477	3	501	104 130 287
7478	3	501	104 192 225
7479	3	501	104 192 242
7480	3	501	104 192 302
7481	3	501	104 192 305
7482	3	501	104 192 389
7483	3	501	104 193 354
7484	3	501	104 193 472
7485	3	501	104 225 233
7486	3	501	104 233 242
7487	3	501	104 233 326
7488	3	501	104 233 440
7489	3	501	104 233 459
7490	3	501	104 233 472
7491	3	501	104 233 489
7492	3	501	104 242 279
7493	3	501	104 242 459
7494	3	501	104 242 472
7495	3	501	104 242 479
7496	3	501	104 274 287
7497	3	501	104 274 440
7498	3	501	104 274 479
7499	3	501	104 279 307
7500	3	501	104 279 472
7501	3	501	104 287 459
7502	3	501	104 287 472
7503	3	501	104 287 489
7504	3	501	104 302 313
7505	3	501	104 302 479
7506	3	501	104 307 326
7507	3	501	104 307 459
7508	3	501	104 354 403
7509	3	501	104 354 459
7510	3	501	104 354 489
7511	3	501	104 361 472
7512	3	501	104 373 459
7513	3	501	104 403 479
7514	3	501	104 436 459
7515	3	501	105 134 161
7516	3	501	105 134 218
7517	3	501	105 134 307
7518	3	501	105 134 439
7519	3	501	105 134 442
7520	3	501	105 138 276
7521	3	501	105 138 287
7522	3	501	105 138 351
7523	3	501	105 138 437
7524	3	501	105 161 303
7525	3	501	105 161 485
7526	3	501	105 162 197
7527	3	501	105 162 218
7528	3	501	105 162 311
7529	3	501	105 162 485
7530	3	501	105 185 287
7531	3	501	105 185 351
7532	3	501	105 185 423
7533	3	501	105 186 294
7534	3	501	105 197 311
7535	3	501	105 218 266
7536	3	501	105 218 351
7537	3	501	105 218 423
7538	3	501	105 218 437
7539	3	501	105 218 442
7540	3	501	105 257 311
7541	3	501	105 257 423
7542	3	501	105 257 485
7543	3	501	105 266 294
7544	3	501	105 266 371
7545	3	501	105 276 303
7546	3	501	105 276 439
7547	3	501	105 276 453
7548	3	501	105 285 422
7549	3	501	105 285 429
7550	3	501	105 285 437
7551	3	501	105 285 461
7552	3	501	105 287 495
7553	3	501	105 288 380
7554	3	501	105 288 384
7555	3	501	105 288 476
7556	3	501	105 294 325
7557	3	501	105 303 325
7558	3	501	105 303 384
7559	3	501	105 303 495
7560	3	501	105 307 311
7561	3	501	105 307 351
7562	3	501	105 307 439
7563	3	501	105 311 371
7564	3	501	105 311 380
7565	3	501	105 311 466
7566	3	501	105 325 380
7567	3	501	105 325 495
7568	3	501	105 351 429
7569	3	501	105 371 422
7570	3	501	105 371 442
7571	3	501	105 371 443
7572	3	501	105 380 384
7573	3	501	105 380 429
7574	3	501	105 380 476
7575	3	501	105 422 423
7576	3	501	105 422 437
7577	3	501	105 423 466
7578	3	501	105 423 476
7579	3	501	105 433 437
7580	3	501	105 433 442
7581	3	501	105 437 439
7582	3	501	105 437 461
7583	3	501	105 437 495
7584	3	501	105 439 453
7585	3	501	105 442 461
7586	3	501	105 442 476
7587	3	501	105 461 476
7588	3	501	106 123 169
7589	3	501	106 123 274
7590	3	501	106 123 319
7591	3	501	106 128 129
7592	3	501	106 128 209
7593	3	501	106 128 298
7594	3	501	106 128 397
7595	3	501	106 129 169
7596	3	501	106 148 237
7597	3	501	106 148 482
7598	3	501	106 156 169
7599	3	501	106 156 298
7600	3	501	106 156 472
7601	3	501	106 163 298
7602	3	501	106 169 472
7603	3	501	106 208 209
7604	3	501	106 208 274
7605	3	501	106 209 229
7606	3	501	106 209 237
7607	3	501	106 209 319
7608	3	501	106 229 237
7609	3	501	106 229 310
7610	3	501	106 229 482
7611	3	501	106 237 300
7612	3	501	106 237 310
7613	3	501	106 246 274
7614	3	501	106 249 319
7615	3	501	106 249 433
7616	3	501	106 275 300
7617	3	501	106 275 310
7618	3	501	106 275 468
7619	3	501	106 277 397
7620	3	501	106 308 319
7621	3	501	106 308 468
7622	3	501	106 310 468
7623	3	501	106 310 472
7624	3	501	106 319 397
7625	3	501	106 347 397
7626	3	501	106 397 472
7627	3	501	106 433 468
7628	3	501	107 110 233
7629	3	501	107 110 315
7630	3	501	107 110 330
7631	3	501	107 110 384
7632	3	501	107 126 282
7633	3	501	107 126 315
7634	3	501	107 126 369
7635	3	501	107 130 315
7636	3	501	107 130 427
7637	3	501	107 134 200
7638	3	501	107 134 386
7639	3	501	107 169 189
7640	3	501	107 169 394
7641	3	501	107 189 234
7642	3	501	107 189 453
7643	3	501	107 200 324
7644	3	501	107 200 330
7645	3	501	107 200 476
7646	3	501	107 202 282
7647	3	501	107 202 324
7648	3	501	107 202 384
7649	3	501	107 202 476
7650	3	501	107 204 231
7651	3	501	107 204 324
7652	3	501	107 204 476
7653	3	501	107 228 386
7654	3	501	107 228 476
7655	3	501	107 233 353
7656	3	501	107 233 386
7657	3	501	107 233 430
7658	3	501	107 234 315
7659	3	501	107 234 430
7660	3	501	107 234 449
7661	3	501	107 277 315
7662	3	501	107 277 430
7663	3	501	107 282 430
7664	3	501	107 303 330
7665	3	501	107 303 353
7666	3	501	107 303 369
7667	3	501	107 303 384
7668	3	501	107 303 399
7669	3	501	107 303 427
7670	3	501	107 303 430
7671	3	501	107 315 324
7672	3	501	107 315 453
7673	3	501	107 324 430
7674	3	501	107 330 399
7675	3	501	107 353 369
7676	3	501	107 353 453
7677	3	501	107 369 384
7678	3	501	107 384 386
7679	3	501	107 384 430
7680	3	501	107 386 394
7681	3	501	107 394 430
7682	3	501	107 399 430
7683	3	501	107 427 430
7684	3	501	107 427 453
7685	3	501	107 430 453
7686	3	501	109 127 207
7687	3	501	109 127 399
7688	3	501	109 127 447
7689	3	501	109 128 183
7690	3	501	109 152 174
7691	3	501	109 152 199
7692	3	501	109 152 219
7693	3	501	109 152 320
7694	3	501	109 152 410
7695	3	501	109 152 443
7696	3	501	109 152 453
7697	3	501	109 152 468
7698	3	501	109 165 174
7699	3	501	109 165 243
7700	3	501	109 165 319
7701	3	501	109 174 188
7702	3	501	109 174 199
7703	3	501	109 174 296
7704	3	501	109 174 443
7705	3	501	109 180 233
7706	3	501	109 180 296
7707	3	501	109 180 332
7708	3	501	109 180 413
7709	3	501	109 183 320
7710	3	501	109 183 399
7711	3	501	109 183 410
7712	3	501	109 187 188
7713	3	501	109 199 447
7714	3	501	109 207 233
7715	3	501	109 207 410
7716	3	501	109 216 318
7717	3	501	109 216 332
7718	3	501	109 216 413
7719	3	501	109 219 373
7720	3	501	109 219 453
7721	3	501	109 219 460
7722	3	501	109 233 296
7723	3	501	109 233 410
7724	3	501	109 233 468
7725	3	501	109 243 261
7726	3	501	109 243 296
7727	3	501	109 243 330
7728	3	501	109 243 373
7729	3	501	109 243 460
7730	3	501	109 261 399
7731	3	501	109 261 413
7732	3	501	109 261 458
7733	3	501	109 261 480
7734	3	501	109 296 460
7735	3	501	109 318 330
7736	3	501	109 318 480
7737	3	501	109 319 373
7738	3	501	109 320 332
7739	3	501	109 320 410
7740	3	501	109 330 332
7741	3	501	109 330 399
7742	3	501	109 330 480
7743	3	501	109 332 399
7744	3	501	109 332 453
7745	3	501	109 332 458
7746	3	501	109 332 460
7747	3	501	109 373 399
7748	3	501	109 399 468
7749	3	501	109 410 447
7750	3	501	109 413 480
7751	3	501	109 447 458
7752	3	501	109 447 480
7753	3	501	109 460 468
7754	3	501	110 124 207
7755	3	501	110 124 329
7756	3	501	110 129 190
7757	3	501	110 129 396
7758	3	501	110 129 404
7759	3	501	110 129 462
7760	3	501	110 129 488
7761	3	501	110 132 296
7762	3	501	110 132 335
7763	3	501	110 132 436
7764	3	501	110 156 167
7765	3	501	110 156 354
7766	3	501	110 156 404
7767	3	501	110 167 207
7768	3	501	110 167 315
7769	3	501	110 167 462
7770	3	501	110 190 403
7771	3	501	110 190 436
7772	3	501	110 190 465
7773	3	501	110 190 479
7774	3	501	110 199 377
7775	3	501	110 207 233
7776	3	501	110 207 329
7777	3	501	110 207 354
7778	3	501	110 222 260
7779	3	501	110 222 403
7780	3	501	110 222 435
7781	3	501	110 222 452
7782	3	501	110 222 488
7783	3	501	110 224 315
7784	3	501	110 224 329
7785	3	501	110 224 452
7786	3	501	110 233 296
7787	3	501	110 233 465
7788	3	501	110 240 329
7789	3	501	110 240 354
7790	3	501	110 240 452
7791	3	501	110 258 330
7792	3	501	110 258 357
7793	3	501	110 258 488
7794	3	501	110 260 465
7795	3	501	110 296 377
7796	3	501	110 296 396
7797	3	501	110 296 462
7798	3	501	110 315 452
7799	3	501	110 322 357
7800	3	501	110 322 404
7801	3	501	110 322 465
7802	3	501	110 329 357
7803	3	501	110 329 404
7804	3	501	110 329 479
7805	3	501	110 330 354
7806	3	501	110 354 384
7807	3	501	110 354 403
7808	3	501	110 357 396
7809	3	501	110 357 432
7810	3	501	110 357 479
7811	3	501	110 377 404
7812	3	501	110 377 436
7813	3	501	110 383 404
7814	3	501	110 383 436
7815	3	501	110 383 465
7816	3	501	110 384 396
7817	3	501	110 384 452
7818	3	501	110 396 452
7819	3	501	110 403 465
7820	3	501	110 403 479
7821	3	501	110 404 412
7822	3	501	110 412 479
7823	3	501	110 462 488
7824	3	501	112 115 373
7825	3	501	112 115 379
7826	3	501	112 115 413
7827	3	501	112 133 328
7828	3	501	112 133 448
7829	3	501	112 136 175
7830	3	501	112 136 296
7831	3	501	112 136 328
7832	3	501	112 145 160
7833	3	501	112 145 175
7834	3	501	112 145 259
7835	3	501	112 145 267
7836	3	501	112 145 468
7837	3	501	112 160 175
7838	3	501	112 160 296
7839	3	501	112 174 296
7840	3	501	112 174 350
7841	3	501	112 174 364
7842	3	501	112 174 442
7843	3	501	112 175 384
7844	3	501	112 227 344
7845	3	501	112 227 364
7846	3	501	112 249 426
7847	3	501	112 257 373
7848	3	501	112 257 482
7849	3	501	112 259 341
7850	3	501	112 259 442
7851	3	501	112 267 289
7852	3	501	112 267 468
7853	3	501	112 289 344
7854	3	501	112 289 373
7855	3	501	112 289 466
7856	3	501	112 296 350
7857	3	501	112 296 442
7858	3	501	112 296 462
7859	3	501	112 328 373
7860	3	501	112 328 442
7861	3	501	112 328 448
7862	3	501	112 337 404
7863	3	501	112 337 413
7864	3	501	112 337 462
7865	3	501	112 341 373
7866	3	501	112 341 379
7867	3	501	112 341 462
7868	3	501	112 341 468
7869	3	501	112 344 350
7870	3	501	112 344 364
7871	3	501	112 350 413
7872	3	501	112 364 373
7873	3	501	112 364 462
7874	3	501	112 364 468
7875	3	501	112 364 482
7876	3	501	112 373 462
7877	3	501	112 379 448
7878	3	501	112 384 426
7879	3	501	112 404 426
7880	3	501	112 426 442
7881	3	501	112 426 466
7882	3	501	112 442 448
7883	3	501	114 119 276
7884	3	501	114 119 289
7885	3	501	114 119 345
7886	3	501	114 119 384
7887	3	501	114 119 439
7888	3	501	114 136 244
7889	3	501	114 136 276
7890	3	501	114 136 296
7891	3	501	114 136 397
7892	3	501	114 152 174
7893	3	501	114 152 199
7894	3	501	114 152 439
7895	3	501	114 166 296
7896	3	501	114 166 364
7897	3	501	114 166 397
7898	3	501	114 174 199
7899	3	501	114 174 296
7900	3	501	114 174 345
7901	3	501	114 174 364
7902	3	501	114 174 397
7903	3	501	114 177 296
7904	3	501	114 192 263
7905	3	501	114 192 302
7906	3	501	114 192 342
7907	3	501	114 199 364
7908	3	501	114 244 287
7909	3	501	114 244 345
7910	3	501	114 244 384
7911	3	501	114 244 431
7912	3	501	114 244 439
7913	3	501	114 263 384
7914	3	501	114 276 430
7915	3	501	114 276 439
7916	3	501	114 287 329
7917	3	501	114 287 397
7918	3	501	114 287 489
7919	3	501	114 289 299
7920	3	501	114 289 329
7921	3	501	114 289 489
7922	3	501	114 296 302
7923	3	501	114 296 342
7924	3	501	114 296 439
7925	3	501	114 299 302
7926	3	501	114 302 329
7927	3	501	114 302 346
7928	3	501	114 364 430
7929	3	501	114 384 430
7930	3	501	114 397 439
7931	3	501	114 397 476
7932	3	501	114 416 476
7933	3	501	114 416 489
7934	3	501	114 425 430
7935	3	501	114 425 439
7936	3	501	115 152 199
7937	3	501	115 152 304
7938	3	501	115 152 439
7939	3	501	115 152 453
7940	3	501	115 155 162
7941	3	501	115 155 216
7942	3	501	115 155 379
7943	3	501	115 187 379
7944	3	501	115 187 441
7945	3	501	115 216 217
7946	3	501	115 216 359
7947	3	501	115 216 371
7948	3	501	115 216 413
7949	3	501	115 216 430
7950	3	501	115 216 439
7951	3	501	115 216 488
7952	3	501	115 217 278
7953	3	501	115 217 304
7954	3	501	115 217 413
7955	3	501	115 223 357
7956	3	501	115 223 413
7957	3	501	115 225 430
7958	3	501	115 225 441
7959	3	501	115 242 244
7960	3	501	115 244 278
7961	3	501	115 244 399
7962	3	501	115 244 403
7963	3	501	115 244 433
7964	3	501	115 244 439
7965	3	501	115 278 304
7966	3	501	115 319 373
7967	3	501	115 357 379
7968	3	501	115 359 453
7969	3	501	115 373 399
7970	3	501	115 379 430
7971	3	501	115 399 403
7972	3	501	115 399 412
7973	3	501	115 399 430
7974	3	501	115 403 430
7975	3	501	115 412 433
7976	3	501	115 427 430
7977	3	501	115 427 453
7978	3	501	115 427 488
7979	3	501	115 430 453
7980	3	501	115 439 453
7981	3	501	116 122 342
7982	3	501	116 122 446
7983	3	501	116 133 238
7984	3	501	116 133 372
7985	3	501	116 136 186
7986	3	501	116 136 397
7987	3	501	116 170 229
7988	3	501	116 170 342
7989	3	501	116 170 366
7990	3	501	116 182 372
7991	3	501	116 186 406
7992	3	501	116 186 428
7993	3	501	116 187 222
7994	3	501	116 187 394
7995	3	501	116 208 394
7996	3	501	116 222 260
7997	3	501	116 234 342
7998	3	501	116 234 430
7999	3	501	116 234 442
8000	3	501	116 257 260
8001	3	501	116 257 486
8002	3	501	116 260 397
8003	3	501	116 260 406
8004	3	501	116 260 430
8005	3	501	116 295 393
8006	3	501	116 295 419
8007	3	501	116 322 372
8008	3	501	116 322 393
8009	3	501	116 366 486
8010	3	501	116 372 486
8011	3	501	116 394 430
8012	3	501	116 397 419
8013	3	501	116 406 428
8014	3	501	116 406 446
8015	3	501	116 419 430
8016	3	501	116 428 446
8017	3	501	116 430 442
8018	3	501	116 486 491
8019	3	501	119 124 207
8020	3	501	119 124 250
8021	3	501	119 124 400
8022	3	501	119 124 471
8023	3	501	119 134 175
8024	3	501	119 134 439
8025	3	501	119 140 175
8026	3	501	119 140 238
8027	3	501	119 164 175
8028	3	501	119 164 229
8029	3	501	119 164 345
8030	3	501	119 175 384
8031	3	501	119 187 250
8032	3	501	119 187 362
8033	3	501	119 187 400
8034	3	501	119 187 444
8035	3	501	119 207 355
8036	3	501	119 224 229
8037	3	501	119 224 345
8038	3	501	119 224 362
8039	3	501	119 224 399
8040	3	501	119 224 471
8041	3	501	119 229 276
8042	3	501	119 229 399
8043	3	501	119 229 482
8044	3	501	119 238 289
8045	3	501	119 238 292
8046	3	501	119 238 330
8047	3	501	119 238 345
8048	3	501	119 238 400
8049	3	501	119 240 398
8050	3	501	119 240 471
8051	3	501	119 245 292
8052	3	501	119 250 400
8053	3	501	119 259 271
8054	3	501	119 259 399
8055	3	501	119 259 471
8056	3	501	119 271 444
8057	3	501	119 276 439
8058	3	501	119 276 444
8059	3	501	119 292 399
8060	3	501	119 292 477
8061	3	501	119 305 355
8062	3	501	119 305 471
8063	3	501	119 330 399
8064	3	501	119 384 459
8065	3	501	119 398 471
8066	3	501	119 400 471
8067	3	501	119 439 444
8068	3	501	119 471 477
8069	3	501	120 134 153
8070	3	501	120 134 161
8071	3	501	120 134 166
8072	3	501	120 134 302
8073	3	501	120 134 419
8074	3	501	120 142 166
8075	3	501	120 142 226
8076	3	501	120 142 232
8077	3	501	120 142 301
8078	3	501	120 142 409
8079	3	501	120 161 330
8080	3	501	120 161 410
8081	3	501	120 167 368
8082	3	501	120 172 234
8083	3	501	120 172 313
8084	3	501	120 182 417
8085	3	501	120 199 279
8086	3	501	120 226 302
8087	3	501	120 232 409
8088	3	501	120 234 387
8089	3	501	120 238 330
8090	3	501	120 239 410
8091	3	501	120 279 301
8092	3	501	120 301 313
8093	3	501	120 301 330
8094	3	501	120 302 313
8095	3	501	120 368 387
8096	3	501	120 368 417
8097	3	501	120 368 419
8098	3	501	120 368 435
8099	3	501	120 369 417
8100	3	501	120 387 435
8101	3	501	120 409 417
8102	3	501	121 136 361
8103	3	501	121 136 417
8104	3	501	121 136 488
8105	3	501	121 142 295
8106	3	501	121 142 301
8107	3	501	121 142 496
8108	3	501	121 199 496
8109	3	501	121 210 222
8110	3	501	121 210 265
8111	3	501	121 210 298
8112	3	501	121 222 225
8113	3	501	121 222 246
8114	3	501	121 222 301
8115	3	501	121 222 472
8116	3	501	121 222 488
8117	3	501	121 225 246
8118	3	501	121 225 295
8119	3	501	121 225 441
8120	3	501	121 225 473
8121	3	501	121 231 301
8122	3	501	121 246 427
8123	3	501	121 263 466
8124	3	501	121 263 500
8125	3	501	121 265 361
8126	3	501	121 265 410
8127	3	501	121 295 298
8128	3	501	121 295 301
8129	3	501	121 295 419
8130	3	501	121 298 488
8131	3	501	121 301 423
8132	3	501	121 301 472
8133	3	501	121 361 417
8134	3	501	121 361 472
8135	3	501	121 410 427
8136	3	501	121 417 466
8137	3	501	121 417 472
8138	3	501	121 419 423
8139	3	501	121 419 472
8140	3	501	121 419 488
8141	3	501	121 423 428
8142	3	501	121 423 466
8143	3	501	121 427 488
8144	3	501	121 441 473
8145	3	501	122 155 189
8146	3	501	122 155 192
8147	3	501	122 156 167
8148	3	501	122 156 355
8149	3	501	122 156 423
8150	3	501	122 161 274
8151	3	501	122 161 297
8152	3	501	122 161 299
8153	3	501	122 167 299
8154	3	501	122 189 439
8155	3	501	122 192 294
8156	3	501	122 192 342
8157	3	501	122 192 347
8158	3	501	122 192 454
8159	3	501	122 203 274
8160	3	501	122 203 310
8161	3	501	122 223 283
8162	3	501	122 230 274
8163	3	501	122 230 319
8164	3	501	122 230 371
8165	3	501	122 233 294
8166	3	501	122 233 426
8167	3	501	122 283 350
8168	3	501	122 297 454
8169	3	501	122 299 335
8170	3	501	122 299 423
8171	3	501	122 310 426
8172	3	501	122 342 371
8173	3	501	122 342 471
8174	3	501	122 347 426
8175	3	501	122 347 446
8176	3	501	122 355 385
8177	3	501	122 369 426
8178	3	501	122 385 423
8179	3	501	122 385 446
8180	3	501	122 425 439
8181	3	501	122 426 454
8182	3	501	122 426 471
8183	3	501	122 446 471
8184	3	501	123 169 441
8185	3	501	123 169 454
8186	3	501	123 259 319
8187	3	501	123 259 417
8188	3	501	123 274 479
8189	3	501	123 292 307
8190	3	501	123 292 369
8191	3	501	123 297 454
8192	3	501	123 297 483
8193	3	501	123 307 346
8194	3	501	123 307 439
8195	3	501	123 307 441
8196	3	501	123 319 483
8197	3	501	123 346 454
8198	3	501	123 346 460
8199	3	501	123 369 417
8200	3	501	123 376 480
8201	3	501	123 417 439
8202	3	501	123 417 480
8203	3	501	123 439 452
8204	3	501	123 454 460
8205	3	501	124 130 267
8206	3	501	124 130 297
8207	3	501	124 130 400
8208	3	501	124 130 461
8209	3	501	124 130 497
8210	3	501	124 143 225
8211	3	501	124 143 440
8212	3	501	124 158 193
8213	3	501	124 158 218
8214	3	501	124 158 219
8215	3	501	124 158 425
8216	3	501	124 171 347
8217	3	501	124 171 440
8218	3	501	124 171 461
8219	3	501	124 174 225
8220	3	501	124 174 232
8221	3	501	124 174 250
8222	3	501	124 174 434
8223	3	501	124 174 467
8224	3	501	124 176 219
8225	3	501	124 204 267
8226	3	501	124 204 329
8227	3	501	124 204 497
8228	3	501	124 207 225
8229	3	501	124 207 267
8230	3	501	124 207 329
8231	3	501	124 218 372
8232	3	501	124 219 225
8233	3	501	124 219 471
8234	3	501	124 232 297
8235	3	501	124 232 329
8236	3	501	124 232 440
8237	3	501	124 232 497
8238	3	501	124 239 434
8239	3	501	124 239 471
8240	3	501	124 250 267
8241	3	501	124 250 400
8242	3	501	124 250 425
8243	3	501	124 251 425
8244	3	501	124 267 284
8245	3	501	124 267 347
8246	3	501	124 267 372
8247	3	501	124 284 461
8248	3	501	124 320 400
8249	3	501	124 320 425
8250	3	501	124 320 471
8251	3	501	124 372 425
8252	3	501	124 400 461
8253	3	501	124 400 471
8254	3	501	124 440 467
8255	3	501	126 128 129
8256	3	501	126 128 240
8257	3	501	126 129 137
8258	3	501	126 129 172
8259	3	501	126 129 282
8260	3	501	126 129 285
8261	3	501	126 129 369
8262	3	501	126 129 489
8263	3	501	126 137 161
8264	3	501	126 153 346
8265	3	501	126 153 363
8266	3	501	126 153 489
8267	3	501	126 155 192
8268	3	501	126 155 201
8269	3	501	126 155 248
8270	3	501	126 155 372
8271	3	501	126 161 224
8272	3	501	126 161 372
8273	3	501	126 172 208
8274	3	501	126 172 248
8275	3	501	126 172 315
8276	3	501	126 172 341
8277	3	501	126 192 197
8278	3	501	126 192 288
8279	3	501	126 197 201
8280	3	501	126 197 240
8281	3	501	126 201 363
8282	3	501	126 208 500
8283	3	501	126 224 249
8284	3	501	126 224 282
8285	3	501	126 224 315
8286	3	501	126 224 341
8287	3	501	126 240 282
8288	3	501	126 240 341
8289	3	501	126 248 341
8290	3	501	126 249 282
8291	3	501	126 249 343
8292	3	501	126 249 363
8293	3	501	126 249 369
8294	3	501	126 282 341
8295	3	501	126 282 363
8296	3	501	126 285 435
8297	3	501	126 288 346
8298	3	501	126 315 341
8299	3	501	126 341 343
8300	3	501	126 341 372
8301	3	501	126 341 489
8302	3	501	126 346 363
8303	3	501	126 369 372
8304	3	501	126 372 435
8305	3	501	126 372 489
8306	3	501	126 467 500
8307	3	501	127 153 314
8308	3	501	127 153 337
8309	3	501	127 153 447
8310	3	501	127 161 314
8311	3	501	127 161 329
8312	3	501	127 161 337
8313	3	501	127 172 315
8314	3	501	127 172 329
8315	3	501	127 172 447
8316	3	501	127 207 314
8317	3	501	127 207 329
8318	3	501	127 223 357
8319	3	501	127 223 444
8320	3	501	127 228 471
8321	3	501	127 241 427
8322	3	501	127 244 337
8323	3	501	127 244 399
8324	3	501	127 244 447
8325	3	501	127 262 314
8326	3	501	127 262 422
8327	3	501	127 262 447
8328	3	501	127 295 357
8329	3	501	127 295 444
8330	3	501	127 302 329
8331	3	501	127 314 467
8332	3	501	127 315 444
8333	3	501	127 329 357
8334	3	501	127 329 427
8335	3	501	127 329 447
8336	3	501	127 337 396
8337	3	501	127 337 430
8338	3	501	127 357 391
8339	3	501	127 357 396
8340	3	501	127 391 416
8341	3	501	127 396 416
8342	3	501	127 396 444
8343	3	501	127 396 447
8344	3	501	127 396 448
8345	3	501	127 396 467
8346	3	501	127 399 430
8347	3	501	127 399 448
8348	3	501	127 427 430
8349	3	501	127 427 448
8350	3	501	127 444 448
8351	3	501	127 447 448
8352	3	501	128 129 164
8353	3	501	128 129 287
8354	3	501	128 164 327
8355	3	501	128 183 423
8356	3	501	128 209 221
8357	3	501	128 209 287
8358	3	501	128 209 304
8359	3	501	128 209 321
8360	3	501	128 210 298
8361	3	501	128 210 313
8362	3	501	128 210 398
8363	3	501	128 210 485
8364	3	501	128 221 342
8365	3	501	128 221 485
8366	3	501	128 221 494
8367	3	501	128 231 240
8368	3	501	128 231 321
8369	3	501	128 240 313
8370	3	501	128 240 344
8371	3	501	128 240 354
8372	3	501	128 240 389
8373	3	501	128 240 398
8374	3	501	128 258 287
8375	3	501	128 258 304
8376	3	501	128 258 327
8377	3	501	128 258 398
8378	3	501	128 258 485
8379	3	501	128 272 298
8380	3	501	128 279 321
8381	3	501	128 279 342
8382	3	501	128 279 397
8383	3	501	128 279 398
8384	3	501	128 287 298
8385	3	501	128 287 344
8386	3	501	128 287 397
8387	3	501	128 287 494
8388	3	501	128 298 344
8389	3	501	128 298 354
8390	3	501	128 321 397
8391	3	501	128 342 344
8392	3	501	128 342 494
8393	3	501	128 354 494
8394	3	501	128 389 494
8395	3	501	129 137 261
8396	3	501	129 137 396
8397	3	501	129 164 282
8398	3	501	129 169 295
8399	3	501	129 169 481
8400	3	501	129 169 488
8401	3	501	129 172 332
8402	3	501	129 172 355
8403	3	501	129 190 211
8404	3	501	129 190 416
8405	3	501	129 211 324
8406	3	501	129 211 332
8407	3	501	129 211 355
8408	3	501	129 261 285
8409	3	501	129 261 481
8410	3	501	129 287 324
8411	3	501	129 287 337
8412	3	501	129 287 481
8413	3	501	129 287 489
8414	3	501	129 295 370
8415	3	501	129 324 355
8416	3	501	129 324 370
8417	3	501	129 324 462
8418	3	501	129 324 488
8419	3	501	129 332 370
8420	3	501	129 332 481
8421	3	501	129 337 370
8422	3	501	129 337 396
8423	3	501	129 337 404
8424	3	501	129 337 462
8425	3	501	129 349 489
8426	3	501	129 355 404
8427	3	501	129 370 416
8428	3	501	129 396 416
8429	3	501	129 405 481
8430	3	501	129 416 489
8431	3	501	129 462 488
8432	3	501	130 135 175
8433	3	501	130 135 441
8434	3	501	130 139 242
8435	3	501	130 139 297
8436	3	501	130 139 441
8437	3	501	130 139 462
8438	3	501	130 145 175
8439	3	501	130 145 267
8440	3	501	130 145 315
8441	3	501	130 156 318
8442	3	501	130 157 175
8443	3	501	130 157 297
8444	3	501	130 216 245
8445	3	501	130 216 318
8446	3	501	130 216 400
8447	3	501	130 216 431
8448	3	501	130 216 497
8449	3	501	130 237 242
8450	3	501	130 237 458
8451	3	501	130 242 262
8452	3	501	130 242 267
8453	3	501	130 242 297
8454	3	501	130 245 497
8455	3	501	130 262 267
8456	3	501	130 262 379
8457	3	501	130 266 462
8458	3	501	130 267 431
8459	3	501	130 287 297
8460	3	501	130 287 441
8461	3	501	130 287 458
8462	3	501	130 315 318
8463	3	501	130 315 400
8464	3	501	130 318 323
8465	3	501	130 318 350
8466	3	501	130 318 362
8467	3	501	130 318 400
8468	3	501	130 323 455
8469	3	501	130 323 497
8470	3	501	130 350 458
8471	3	501	130 379 458
8472	3	501	130 400 427
8473	3	501	130 400 461
8474	3	501	130 427 497
8475	3	501	130 431 462
8476	3	501	132 161 217
8477	3	501	132 161 370
8478	3	501	132 161 373
8479	3	501	132 174 245
8480	3	501	132 174 250
8481	3	501	132 174 296
8482	3	501	132 174 335
8483	3	501	132 203 262
8484	3	501	132 203 373
8485	3	501	132 203 489
8486	3	501	132 217 282
8487	3	501	132 223 250
8488	3	501	132 223 500
8489	3	501	132 245 436
8490	3	501	132 245 489
8491	3	501	132 245 500
8492	3	501	132 250 335
8493	3	501	132 262 373
8494	3	501	132 275 282
8495	3	501	132 275 302
8496	3	501	132 275 466
8497	3	501	132 277 466
8498	3	501	132 282 335
8499	3	501	132 282 436
8500	3	501	132 282 445
8501	3	501	132 296 302
8502	3	501	132 296 470
8503	3	501	132 302 500
8504	3	501	132 335 445
8505	3	501	132 355 373
8506	3	501	132 370 470
8507	3	501	132 380 489
8508	3	501	132 423 466
8509	3	501	132 423 489
8510	3	501	132 445 470
8511	3	501	132 466 470
8512	3	501	132 470 500
8513	3	501	133 161 328
8514	3	501	133 161 372
8515	3	501	133 167 437
8516	3	501	133 286 338
8517	3	501	133 286 398
8518	3	501	133 328 356
8519	3	501	133 328 448
8520	3	501	133 356 372
8521	3	501	133 359 376
8522	3	501	133 362 391
8523	3	501	133 372 425
8524	3	501	133 376 459
8525	3	501	134 148 166
8526	3	501	134 148 218
8527	3	501	134 153 200
8528	3	501	134 153 420
8529	3	501	134 153 439
8530	3	501	134 166 308
8531	3	501	134 166 340
8532	3	501	134 175 419
8533	3	501	134 200 218
8534	3	501	134 200 462
8535	3	501	134 201 275
8536	3	501	134 218 442
8537	3	501	134 264 419
8538	3	501	134 264 420
8539	3	501	134 264 457
8540	3	501	134 264 468
8541	3	501	134 275 302
8542	3	501	134 275 307
8543	3	501	134 275 468
8544	3	501	134 284 420
8545	3	501	134 307 439
8546	3	501	134 308 468
8547	3	501	134 309 419
8548	3	501	134 340 386
8549	3	501	134 340 462
8550	3	501	134 386 457
8551	3	501	134 420 439
8552	3	501	134 420 468
8553	3	501	134 462 494
8554	3	501	135 140 175
8555	3	501	135 140 238
8556	3	501	135 140 303
8557	3	501	135 140 310
8558	3	501	135 140 418
8559	3	501	135 140 426
8560	3	501	135 160 175
8561	3	501	135 160 222
8562	3	501	135 160 428
8563	3	501	135 161 222
8564	3	501	135 161 274
8565	3	501	135 161 303
8566	3	501	135 161 314
8567	3	501	135 161 337
8568	3	501	135 183 383
8569	3	501	135 201 418
8570	3	501	135 201 466
8571	3	501	135 218 222
8572	3	501	135 218 279
8573	3	501	135 232 337
8574	3	501	135 232 418
8575	3	501	135 238 294
8576	3	501	135 261 274
8577	3	501	135 261 433
8578	3	501	135 274 428
8579	3	501	135 279 418
8580	3	501	135 279 420
8581	3	501	135 294 420
8582	3	501	135 294 441
8583	3	501	135 303 428
8584	3	501	135 310 314
8585	3	501	135 310 426
8586	3	501	135 314 364
8587	3	501	135 314 420
8588	3	501	135 319 466
8589	3	501	135 412 433
8590	3	501	135 426 466
8591	3	501	136 139 159
8592	3	501	136 139 218
8593	3	501	136 139 465
8594	3	501	136 140 175
8595	3	501	136 140 397
8596	3	501	136 140 455
8597	3	501	136 153 356
8598	3	501	136 159 216
8599	3	501	136 159 356
8600	3	501	136 159 362
8601	3	501	136 175 228
8602	3	501	136 175 361
8603	3	501	136 186 216
8604	3	501	136 186 465
8605	3	501	136 216 488
8606	3	501	136 218 452
8607	3	501	136 228 269
8608	3	501	136 228 471
8609	3	501	136 244 269
8610	3	501	136 244 362
8611	3	501	136 244 455
8612	3	501	136 244 465
8613	3	501	136 264 356
8614	3	501	136 264 362
8615	3	501	136 276 328
8616	3	501	136 293 365
8617	3	501	136 293 374
8618	3	501	136 293 455
8619	3	501	136 293 471
8620	3	501	136 296 417
8621	3	501	136 321 397
8622	3	501	136 328 356
8623	3	501	136 356 417
8624	3	501	136 361 417
8625	3	501	136 362 365
8626	3	501	136 362 374
8627	3	501	136 365 397
8628	3	501	136 374 455
8629	3	501	137 143 167
8630	3	501	137 143 454
8631	3	501	137 157 161
8632	3	501	137 157 423
8633	3	501	137 157 424
8634	3	501	137 161 217
8635	3	501	137 161 292
8636	3	501	137 161 330
8637	3	501	137 167 217
8638	3	501	137 167 368
8639	3	501	137 193 309
8640	3	501	137 200 313
8641	3	501	137 200 330
8642	3	501	137 200 396
8643	3	501	137 200 454
8644	3	501	137 217 219
8645	3	501	137 217 278
8646	3	501	137 219 385
8647	3	501	137 229 309
8648	3	501	137 256 313
8649	3	501	137 256 396
8650	3	501	137 261 313
8651	3	501	137 261 424
8652	3	501	137 278 313
8653	3	501	137 278 423
8654	3	501	137 292 423
8655	3	501	137 292 484
8656	3	501	137 309 330
8657	3	501	137 313 454
8658	3	501	137 368 441
8659	3	501	137 385 423
8660	3	501	137 459 484
8661	3	501	138 187 287
8662	3	501	138 187 340
8663	3	501	138 187 441
8664	3	501	138 210 343
8665	3	501	138 229 237
8666	3	501	138 229 276
8667	3	501	138 229 482
8668	3	501	138 234 287
8669	3	501	138 234 350
8670	3	501	138 234 430
8671	3	501	138 237 276
8672	3	501	138 238 350
8673	3	501	138 238 351
8674	3	501	138 238 470
8675	3	501	138 238 489
8676	3	501	138 241 340
8677	3	501	138 241 489
8678	3	501	138 259 351
8679	3	501	138 276 430
8680	3	501	138 287 441
8681	3	501	138 287 489
8682	3	501	138 340 482
8683	3	501	138 343 470
8684	3	501	138 343 477
8685	3	501	138 350 430
8686	3	501	138 351 430
8687	3	501	138 437 441
8688	3	501	138 437 477
8689	3	501	138 452 477
8690	3	501	138 452 482
8691	3	501	138 470 477
8692	3	501	139 159 419
8693	3	501	139 159 470
8694	3	501	139 173 242
8695	3	501	139 173 480
8696	3	501	139 208 209
8697	3	501	139 208 436
8698	3	501	139 209 436
8699	3	501	139 209 462
8700	3	501	139 210 217
8701	3	501	139 217 297
8702	3	501	139 217 480
8703	3	501	139 218 430
8704	3	501	139 242 297
8705	3	501	139 251 355
8706	3	501	139 297 308
8707	3	501	139 297 430
8708	3	501	139 308 320
8709	3	501	139 320 465
8710	3	501	139 329 470
8711	3	501	139 355 430
8712	3	501	139 370 465
8713	3	501	139 370 470
8714	3	501	139 419 430
8715	3	501	139 434 470
8716	3	501	139 435 441
8717	3	501	139 448 465
8718	3	501	139 465 470
8719	3	501	139 470 480
8720	3	501	140 143 149
8721	3	501	140 143 285
8722	3	501	140 143 391
8723	3	501	140 149 175
8724	3	501	140 149 308
8725	3	501	140 157 175
8726	3	501	140 157 310
8727	3	501	140 166 308
8728	3	501	140 166 397
8729	3	501	140 166 418
8730	3	501	140 171 285
8731	3	501	140 238 489
8732	3	501	140 248 310
8733	3	501	140 248 426
8734	3	501	140 249 278
8735	3	501	140 249 391
8736	3	501	140 249 418
8737	3	501	140 249 426
8738	3	501	140 278 434
8739	3	501	140 278 455
8740	3	501	140 285 391
8741	3	501	140 303 381
8742	3	501	140 310 391
8743	3	501	140 310 426
8744	3	501	140 391 455
8745	3	501	140 434 455
8746	3	501	141 142 149
8747	3	501	141 142 281
8748	3	501	141 142 389
8749	3	501	141 142 399
8750	3	501	141 142 405
8751	3	501	141 142 409
8752	3	501	141 149 185
8753	3	501	141 149 190
8754	3	501	141 149 350
8755	3	501	141 149 389
8756	3	501	141 149 458
8757	3	501	141 149 479
8758	3	501	141 153 428
8759	3	501	141 170 293
8760	3	501	141 185 187
8761	3	501	141 185 409
8762	3	501	141 186 190
8763	3	501	141 186 326
8764	3	501	141 186 428
8765	3	501	141 186 458
8766	3	501	141 186 465
8767	3	501	141 190 281
8768	3	501	141 190 386
8769	3	501	141 190 463
8770	3	501	141 190 465
8771	3	501	141 190 479
8772	3	501	141 227 344
8773	3	501	141 227 368
8774	3	501	141 230 368
8775	3	501	141 281 350
8776	3	501	141 281 442
8777	3	501	141 281 449
8778	3	501	141 293 409
8779	3	501	141 293 434
8780	3	501	141 344 350
8781	3	501	141 344 399
8782	3	501	141 350 458
8783	3	501	141 368 419
8784	3	501	141 370 399
8785	3	501	141 370 409
8786	3	501	141 370 465
8787	3	501	141 386 457
8788	3	501	141 389 442
8789	3	501	141 389 457
8790	3	501	141 409 434
8791	3	501	141 409 463
8792	3	501	141 409 479
8793	3	501	141 419 488
8794	3	501	141 428 463
8795	3	501	141 442 449
8796	3	501	141 442 479
8797	3	501	141 457 458
8798	3	501	141 458 463
8799	3	501	142 143 149
8800	3	501	142 143 241
8801	3	501	142 143 409
8802	3	501	142 143 429
8803	3	501	142 143 436
8804	3	501	142 149 240
8805	3	501	142 149 389
8806	3	501	142 149 429
8807	3	501	142 149 491
8808	3	501	142 166 412
8809	3	501	142 166 418
8810	3	501	142 176 384
8811	3	501	142 232 295
8812	3	501	142 232 409
8813	3	501	142 232 418
8814	3	501	142 232 429
8815	3	501	142 240 338
8816	3	501	142 240 389
8817	3	501	142 241 433
8818	3	501	142 245 436
8819	3	501	142 258 429
8820	3	501	142 258 491
8821	3	501	142 259 277
8822	3	501	142 259 332
8823	3	501	142 259 381
8824	3	501	142 259 399
8825	3	501	142 259 453
8826	3	501	142 277 418
8827	3	501	142 281 433
8828	3	501	142 295 301
8829	3	501	142 295 459
8830	3	501	142 301 372
8831	3	501	142 301 389
8832	3	501	142 301 459
8833	3	501	142 332 399
8834	3	501	142 332 409
8835	3	501	142 332 453
8836	3	501	142 338 405
8837	3	501	142 338 418
8838	3	501	142 338 436
8839	3	501	142 338 496
8840	3	501	142 353 429
8841	3	501	142 353 433
8842	3	501	142 353 453
8843	3	501	142 353 459
8844	3	501	142 381 409
8845	3	501	142 381 412
8846	3	501	142 381 424
8847	3	501	142 384 424
8848	3	501	142 384 459
8849	3	501	142 399 412
8850	3	501	142 399 491
8851	3	501	142 412 433
8852	3	501	142 412 496
8853	3	501	142 418 453
8854	3	501	142 418 491
8855	3	501	142 424 436
8856	3	501	142 433 491
8857	3	501	142 436 459
8858	3	501	142 436 491
8859	3	501	142 436 496
8860	3	501	143 148 387
8861	3	501	143 148 440
8862	3	501	143 149 199
8863	3	501	143 149 387
8864	3	501	143 149 429
8865	3	501	143 149 479
8866	3	501	143 177 454
8867	3	501	143 181 334
8868	3	501	143 181 479
8869	3	501	143 199 293
8870	3	501	143 199 377
8871	3	501	143 225 387
8872	3	501	143 241 326
8873	3	501	143 241 340
8874	3	501	143 243 326
8875	3	501	143 243 334
8876	3	501	143 243 454
8877	3	501	143 266 334
8878	3	501	143 266 409
8879	3	501	143 285 391
8880	3	501	143 285 429
8881	3	501	143 293 365
8882	3	501	143 293 380
8883	3	501	143 293 409
8884	3	501	143 293 440
8885	3	501	143 293 454
8886	3	501	143 326 450
8887	3	501	143 326 466
8888	3	501	143 334 349
8889	3	501	143 334 377
8890	3	501	143 334 380
8891	3	501	143 340 436
8892	3	501	143 349 388
8893	3	501	143 349 429
8894	3	501	143 349 436
8895	3	501	143 377 387
8896	3	501	143 377 436
8897	3	501	143 377 440
8898	3	501	143 380 429
8899	3	501	143 388 466
8900	3	501	143 409 454
8901	3	501	143 409 479
8902	3	501	143 429 450
8903	3	501	145 149 175
8904	3	501	145 149 185
8905	3	501	145 149 410
8906	3	501	145 158 160
8907	3	501	145 158 288
8908	3	501	145 158 425
8909	3	501	145 159 369
8910	3	501	145 159 500
8911	3	501	145 160 175
8912	3	501	145 160 477
8913	3	501	145 160 483
8914	3	501	145 185 369
8915	3	501	145 185 468
8916	3	501	145 211 250
8917	3	501	145 211 471
8918	3	501	145 238 386
8919	3	501	145 238 496
8920	3	501	145 250 267
8921	3	501	145 250 353
8922	3	501	145 250 366
8923	3	501	145 250 369
8924	3	501	145 250 425
8925	3	501	145 250 496
8926	3	501	145 259 453
8927	3	501	145 259 471
8928	3	501	145 267 468
8929	3	501	145 288 338
8930	3	501	145 315 434
8931	3	501	145 315 453
8932	3	501	145 320 410
8933	3	501	145 320 425
8934	3	501	145 320 471
8935	3	501	145 320 485
8936	3	501	145 338 366
8937	3	501	145 338 393
8938	3	501	145 338 410
8939	3	501	145 338 496
8940	3	501	145 338 500
8941	3	501	145 353 369
8942	3	501	145 353 453
8943	3	501	145 353 477
8944	3	501	145 353 500
8945	3	501	145 366 369
8946	3	501	145 366 434
8947	3	501	145 366 468
8948	3	501	145 386 410
8949	3	501	145 386 457
8950	3	501	145 386 477
8951	3	501	145 393 500
8952	3	501	145 425 457
8953	3	501	145 468 485
8954	3	501	145 471 477
8955	3	501	145 477 483
8956	3	501	145 477 485
8957	3	501	148 166 250
8958	3	501	148 166 267
8959	3	501	148 166 367
8960	3	501	148 166 412
8961	3	501	148 190 245
8962	3	501	148 190 473
8963	3	501	148 197 240
8964	3	501	148 197 367
8965	3	501	148 218 430
8966	3	501	148 218 437
8967	3	501	148 221 267
8968	3	501	148 230 240
8969	3	501	148 233 237
8970	3	501	148 233 430
8971	3	501	148 233 437
8972	3	501	148 233 440
8973	3	501	148 237 387
8974	3	501	148 237 440
8975	3	501	148 237 458
8976	3	501	148 238 440
8977	3	501	148 238 458
8978	3	501	148 240 430
8979	3	501	148 240 440
8980	3	501	148 245 473
8981	3	501	148 250 267
8982	3	501	148 250 363
8983	3	501	148 267 363
8984	3	501	148 267 387
8985	3	501	148 367 437
8986	3	501	148 367 481
8987	3	501	148 383 413
8988	3	501	148 383 473
8989	3	501	148 387 435
8990	3	501	148 387 473
8991	3	501	148 412 440
8992	3	501	148 458 482
8993	3	501	149 175 219
8994	3	501	149 175 322
8995	3	501	149 185 244
8996	3	501	149 185 448
8997	3	501	149 190 219
8998	3	501	149 190 251
8999	3	501	149 190 416
9000	3	501	149 190 479
9001	3	501	149 219 240
9002	3	501	149 219 308
9003	3	501	149 219 376
9004	3	501	149 231 240
9005	3	501	149 231 308
9006	3	501	149 231 458
9007	3	501	149 239 371
9008	3	501	149 239 410
9009	3	501	149 239 429
9010	3	501	149 239 491
9011	3	501	149 240 389
9012	3	501	149 244 312
9013	3	501	149 244 322
9014	3	501	149 244 387
9015	3	501	149 246 371
9016	3	501	149 251 322
9017	3	501	149 296 308
9018	3	501	149 296 350
9019	3	501	149 296 367
9020	3	501	149 296 429
9021	3	501	149 308 371
9022	3	501	149 308 416
9023	3	501	149 312 376
9024	3	501	149 322 357
9025	3	501	149 322 371
9026	3	501	149 350 458
9027	3	501	149 350 491
9028	3	501	149 357 376
9029	3	501	149 357 429
9030	3	501	149 357 479
9031	3	501	149 376 458
9032	3	501	149 389 476
9033	3	501	149 416 476
9034	3	501	149 429 458
9035	3	501	149 458 476
9036	3	501	152 172 176
9037	3	501	152 172 344
9038	3	501	152 172 453
9039	3	501	152 174 199
9040	3	501	152 174 443
9041	3	501	152 174 467
9042	3	501	152 176 219
9043	3	501	152 176 344
9044	3	501	152 199 293
9045	3	501	152 199 393
9046	3	501	152 219 344
9047	3	501	152 219 453
9048	3	501	152 281 454
9049	3	501	152 281 468
9050	3	501	152 281 500
9051	3	501	152 282 410
9052	3	501	152 293 410
9053	3	501	152 293 454
9054	3	501	152 304 393
9055	3	501	152 304 443
9056	3	501	152 320 410
9057	3	501	152 393 500
9058	3	501	152 405 410
9059	3	501	152 405 443
9060	3	501	152 405 500
9061	3	501	152 439 453
9062	3	501	152 453 454
9063	3	501	152 467 500
9064	3	501	153 156 337
9065	3	501	153 157 251
9066	3	501	153 157 314
9067	3	501	153 157 447
9068	3	501	153 157 485
9069	3	501	153 163 225
9070	3	501	153 163 311
9071	3	501	153 163 314
9072	3	501	153 163 346
9073	3	501	153 163 485
9074	3	501	153 165 337
9075	3	501	153 165 489
9076	3	501	153 193 314
9077	3	501	153 200 312
9078	3	501	153 200 347
9079	3	501	153 200 476
9080	3	501	153 211 251
9081	3	501	153 211 356
9082	3	501	153 225 311
9083	3	501	153 225 312
9084	3	501	153 225 476
9085	3	501	153 231 439
9086	3	501	153 251 271
9087	3	501	153 251 356
9088	3	501	153 251 425
9089	3	501	153 271 347
9090	3	501	153 271 363
9091	3	501	153 271 476
9092	3	501	153 311 323
9093	3	501	153 312 323
9094	3	501	153 312 356
9095	3	501	153 314 420
9096	3	501	153 323 337
9097	3	501	153 346 363
9098	3	501	153 347 351
9099	3	501	153 347 363
9100	3	501	153 356 384
9101	3	501	153 384 428
9102	3	501	153 420 439
9103	3	501	153 425 439
9104	3	501	153 447 485
9105	3	501	153 476 477
9106	3	501	153 477 485
9107	3	501	155 158 442
9108	3	501	155 162 201
9109	3	501	155 162 289
9110	3	501	155 162 311
9111	3	501	155 163 301
9112	3	501	155 163 311
9113	3	501	155 163 398
9114	3	501	155 164 186
9115	3	501	155 164 189
9116	3	501	155 164 301
9117	3	501	155 164 326
9118	3	501	155 164 473
9119	3	501	155 186 216
9120	3	501	155 186 301
9121	3	501	155 186 313
9122	3	501	155 186 326
9123	3	501	155 186 465
9124	3	501	155 189 216
9125	3	501	155 192 269
9126	3	501	155 192 291
9127	3	501	155 192 465
9128	3	501	155 192 473
9129	3	501	155 210 313
9130	3	501	155 210 398
9131	3	501	155 210 444
9132	3	501	155 216 301
9133	3	501	155 216 353
9134	3	501	155 216 416
9135	3	501	155 248 291
9136	3	501	155 248 440
9137	3	501	155 262 326
9138	3	501	155 262 353
9139	3	501	155 262 379
9140	3	501	155 262 442
9141	3	501	155 269 473
9142	3	501	155 289 301
9143	3	501	155 289 326
9144	3	501	155 289 353
9145	3	501	155 289 372
9146	3	501	155 291 353
9147	3	501	155 291 372
9148	3	501	155 291 465
9149	3	501	155 301 313
9150	3	501	155 301 372
9151	3	501	155 311 416
9152	3	501	155 353 465
9153	3	501	155 372 444
9154	3	501	155 372 470
9155	3	501	155 398 470
9156	3	501	155 440 444
9157	3	501	155 440 470
9158	3	501	155 465 470
9159	3	501	156 167 217
9160	3	501	156 167 284
9161	3	501	156 169 472
9162	3	501	156 170 321
9163	3	501	156 170 355
9164	3	501	156 170 423
9165	3	501	156 181 473
9166	3	501	156 217 364
9167	3	501	156 284 305
9168	3	501	156 284 321
9169	3	501	156 291 404
9170	3	501	156 291 423
9171	3	501	156 298 354
9172	3	501	156 301 321
9173	3	501	156 301 423
9174	3	501	156 301 472
9175	3	501	156 305 337
9176	3	501	156 305 355
9177	3	501	156 337 404
9178	3	501	156 354 453
9179	3	501	156 355 364
9180	3	501	156 355 404
9181	3	501	156 381 442
9182	3	501	157 161 297
9183	3	501	157 161 314
9184	3	501	157 161 328
9185	3	501	157 161 480
9186	3	501	157 161 485
9187	3	501	157 175 447
9188	3	501	157 203 204
9189	3	501	157 203 310
9190	3	501	157 204 325
9191	3	501	157 206 230
9192	3	501	157 206 251
9193	3	501	157 230 325
9194	3	501	157 230 398
9195	3	501	157 297 496
9196	3	501	157 310 314
9197	3	501	157 325 445
9198	3	501	157 394 424
9199	3	501	157 447 480
9200	3	501	157 447 485
9201	3	501	157 480 496
9202	3	501	158 161 292
9203	3	501	158 161 480
9204	3	501	158 193 212
9205	3	501	158 193 411
9206	3	501	158 193 433
9207	3	501	158 212 218
9208	3	501	158 212 286
9209	3	501	158 212 325
9210	3	501	158 212 448
9211	3	501	158 218 378
9212	3	501	158 218 411
9213	3	501	158 218 430
9214	3	501	158 218 437
9215	3	501	158 218 442
9216	3	501	158 219 286
9217	3	501	158 219 288
9218	3	501	158 219 494
9219	3	501	158 276 300
9220	3	501	158 276 430
9221	3	501	158 276 454
9222	3	501	158 292 325
9223	3	501	158 292 425
9224	3	501	158 292 433
9225	3	501	158 294 325
9226	3	501	158 294 378
9227	3	501	158 300 322
9228	3	501	158 300 325
9229	3	501	158 300 411
9230	3	501	158 300 454
9231	3	501	158 300 487
9232	3	501	158 319 322
9233	3	501	158 319 437
9234	3	501	158 322 411
9235	3	501	158 322 433
9236	3	501	158 343 424
9237	3	501	158 343 448
9238	3	501	158 378 411
9239	3	501	158 378 442
9240	3	501	158 411 433
9241	3	501	158 425 430
9242	3	501	158 430 442
9243	3	501	158 433 437
9244	3	501	158 433 442
9245	3	501	158 442 448
9246	3	501	159 189 216
9247	3	501	159 189 356
9248	3	501	159 189 460
9249	3	501	159 189 500
9250	3	501	159 199 437
9251	3	501	159 199 461
9252	3	501	159 216 432
9253	3	501	159 224 362
9254	3	501	159 260 281
9255	3	501	159 260 489
9256	3	501	159 260 500
9257	3	501	159 278 367
9258	3	501	159 278 419
9259	3	501	159 281 324
9260	3	501	159 281 460
9261	3	501	159 281 500
9262	3	501	159 324 367
9263	3	501	159 324 419
9264	3	501	159 324 432
9265	3	501	159 342 432
9266	3	501	159 342 481
9267	3	501	159 356 470
9268	3	501	159 362 432
9269	3	501	159 367 437
9270	3	501	159 367 481
9271	3	501	159 369 437
9272	3	501	159 437 461
9273	3	501	159 460 461
9274	3	501	159 470 500
9275	3	501	160 221 236
9276	3	501	160 221 406
9277	3	501	160 236 440
9278	3	501	160 236 445
9279	3	501	160 236 467
9280	3	501	160 236 477
9281	3	501	160 295 296
9282	3	501	160 295 444
9283	3	501	160 296 377
9284	3	501	160 296 467
9285	3	501	160 296 470
9286	3	501	160 329 388
9287	3	501	160 329 398
9288	3	501	160 329 470
9289	3	501	160 347 445
9290	3	501	160 377 440
9291	3	501	160 377 444
9292	3	501	160 377 445
9293	3	501	160 391 455
9294	3	501	160 398 470
9295	3	501	160 406 428
9296	3	501	160 428 444
9297	3	501	160 440 444
9298	3	501	160 440 455
9299	3	501	160 440 467
9300	3	501	160 440 470
9301	3	501	160 440 477
9302	3	501	160 444 486
9303	3	501	160 445 470
9304	3	501	160 445 477
9305	3	501	160 455 467
9306	3	501	160 470 477
9307	3	501	160 477 483
9308	3	501	161 173 253
9309	3	501	161 173 299
9310	3	501	161 173 480
9311	3	501	161 217 224
9312	3	501	161 217 297
9313	3	501	161 217 328
9314	3	501	161 217 345
9315	3	501	161 217 397
9316	3	501	161 217 480
9317	3	501	161 222 292
9318	3	501	161 222 345
9319	3	501	161 224 329
9320	3	501	161 224 345
9321	3	501	161 224 370
9322	3	501	161 227 485
9323	3	501	161 253 337
9324	3	501	161 253 397
9325	3	501	161 253 482
9326	3	501	161 274 485
9327	3	501	161 292 370
9328	3	501	161 303 330
9329	3	501	161 314 321
9330	3	501	161 314 366
9331	3	501	161 314 373
9332	3	501	161 321 330
9333	3	501	161 321 397
9334	3	501	161 328 329
9335	3	501	161 328 373
9336	3	501	161 329 485
9337	3	501	161 330 354
9338	3	501	161 330 480
9339	3	501	161 337 370
9340	3	501	161 337 397
9341	3	501	161 345 410
9342	3	501	161 370 482
9343	3	501	161 372 480
9344	3	501	161 373 431
9345	3	501	162 169 400
9346	3	501	162 169 472
9347	3	501	162 169 481
9348	3	501	162 173 176
9349	3	501	162 173 281
9350	3	501	162 173 432
9351	3	501	162 176 387
9352	3	501	162 176 485
9353	3	501	162 182 250
9354	3	501	162 182 310
9355	3	501	162 182 364
9356	3	501	162 182 417
9357	3	501	162 197 201
9358	3	501	162 197 292
9359	3	501	162 197 311
9360	3	501	162 201 250
9361	3	501	162 201 400
9362	3	501	162 201 417
9363	3	501	162 201 485
9364	3	501	162 218 318
9365	3	501	162 218 452
9366	3	501	162 232 337
9367	3	501	162 232 472
9368	3	501	162 232 485
9369	3	501	162 250 400
9370	3	501	162 281 452
9371	3	501	162 281 485
9372	3	501	162 289 310
9373	3	501	162 292 311
9374	3	501	162 292 377
9375	3	501	162 310 410
9376	3	501	162 310 472
9377	3	501	162 310 481
9378	3	501	162 311 472
9379	3	501	162 318 400
9380	3	501	162 377 387
9381	3	501	162 387 400
9382	3	501	162 387 432
9383	3	501	162 388 485
9384	3	501	162 400 417
9385	3	501	162 417 432
9386	3	501	162 417 472
9387	3	501	162 450 481
9388	3	501	162 472 481
9389	3	501	163 172 315
9390	3	501	163 172 373
9391	3	501	163 172 378
9392	3	501	163 172 403
9393	3	501	163 174 225
9394	3	501	163 174 245
9395	3	501	163 174 298
9396	3	501	163 174 315
9397	3	501	163 174 463
9398	3	501	163 225 311
9399	3	501	163 261 285
9400	3	501	163 261 393
9401	3	501	163 261 398
9402	3	501	163 261 422
9403	3	501	163 264 285
9404	3	501	163 264 315
9405	3	501	163 264 422
9406	3	501	163 285 298
9407	3	501	163 285 422
9408	3	501	163 301 314
9409	3	501	163 301 325
9410	3	501	163 301 403
9411	3	501	163 301 479
9412	3	501	163 305 393
9413	3	501	163 314 373
9414	3	501	163 315 398
9415	3	501	163 325 403
9416	3	501	163 325 463
9417	3	501	163 346 377
9418	3	501	163 378 479
9419	3	501	163 396 398
9420	3	501	163 403 479
9421	3	501	163 446 455
9422	3	501	163 446 463
9423	3	501	163 455 463
9424	3	501	163 479 485
9425	3	501	164 175 326
9426	3	501	164 185 189
9427	3	501	164 186 301
9428	3	501	164 186 326
9429	3	501	164 193 253
9430	3	501	164 193 314
9431	3	501	164 229 301
9432	3	501	164 229 363
9433	3	501	164 229 473
9434	3	501	164 253 284
9435	3	501	164 260 326
9436	3	501	164 266 302
9437	3	501	164 282 338
9438	3	501	164 282 363
9439	3	501	164 296 302
9440	3	501	164 296 327
9441	3	501	164 296 473
9442	3	501	164 301 314
9443	3	501	164 387 473
9444	3	501	165 167 269
9445	3	501	165 167 282
9446	3	501	165 167 299
9447	3	501	165 167 366
9448	3	501	165 167 437
9449	3	501	165 185 221
9450	3	501	165 185 243
9451	3	501	165 185 310
9452	3	501	165 185 340
9453	3	501	165 221 299
9454	3	501	165 221 319
9455	3	501	165 221 322
9456	3	501	165 221 381
9457	3	501	165 243 291
9458	3	501	165 243 454
9459	3	501	165 253 276
9460	3	501	165 253 337
9461	3	501	165 253 482
9462	3	501	165 269 322
9463	3	501	165 269 454
9464	3	501	165 275 282
9465	3	501	165 275 310
9466	3	501	165 275 322
9467	3	501	165 276 283
9468	3	501	165 276 454
9469	3	501	165 282 299
9470	3	501	165 282 310
9471	3	501	165 282 322
9472	3	501	165 283 366
9473	3	501	165 291 417
9474	3	501	165 310 437
9475	3	501	165 313 454
9476	3	501	165 313 488
9477	3	501	165 319 322
9478	3	501	165 319 437
9479	3	501	165 322 340
9480	3	501	165 337 437
9481	3	501	165 340 417
9482	3	501	165 340 482
9483	3	501	166 169 394
9484	3	501	166 173 267
9485	3	501	166 173 272
9486	3	501	166 173 412
9487	3	501	166 173 480
9488	3	501	166 173 495
9489	3	501	166 208 272
9490	3	501	166 208 364
9491	3	501	166 208 367
9492	3	501	166 208 394
9493	3	501	166 208 418
9494	3	501	166 219 308
9495	3	501	166 219 349
9496	3	501	166 219 364
9497	3	501	166 219 373
9498	3	501	166 219 385
9499	3	501	166 219 397
9500	3	501	166 250 267
9501	3	501	166 250 291
9502	3	501	166 250 397
9503	3	501	166 250 495
9504	3	501	166 267 308
9505	3	501	166 267 418
9506	3	501	166 272 340
9507	3	501	166 291 373
9508	3	501	166 292 296
9509	3	501	166 292 484
9510	3	501	166 296 308
9511	3	501	166 296 367
9512	3	501	166 304 308
9513	3	501	166 304 480
9514	3	501	166 340 364
9515	3	501	166 340 484
9516	3	501	166 349 495
9517	3	501	166 364 373
9518	3	501	166 367 373
9519	3	501	166 367 495
9520	3	501	167 186 217
9521	3	501	167 186 428
9522	3	501	167 186 477
9523	3	501	167 207 288
9524	3	501	167 207 314
9525	3	501	167 217 282
9526	3	501	167 217 295
9527	3	501	167 228 269
9528	3	501	167 228 437
9529	3	501	167 269 288
9530	3	501	167 269 315
9531	3	501	167 282 299
9532	3	501	167 284 295
9533	3	501	167 284 312
9534	3	501	167 284 487
9535	3	501	167 295 312
9536	3	501	167 295 368
9537	3	501	167 295 437
9538	3	501	167 299 312
9539	3	501	167 299 477
9540	3	501	167 307 366
9541	3	501	167 312 487
9542	3	501	167 314 366
9543	3	501	167 315 400
9544	3	501	167 366 368
9545	3	501	167 366 462
9546	3	501	167 368 477
9547	3	501	167 437 462
9548	3	501	167 437 477
9549	3	501	167 477 483
9550	3	501	169 180 481
9551	3	501	169 213 240
9552	3	501	169 240 329
9553	3	501	169 240 344
9554	3	501	169 240 472
9555	3	501	169 271 295
9556	3	501	169 271 435
9557	3	501	169 271 445
9558	3	501	169 271 458
9559	3	501	169 295 312
9560	3	501	169 312 359
9561	3	501	169 312 372
9562	3	501	169 329 359
9563	3	501	169 342 344
9564	3	501	169 342 359
9565	3	501	169 342 424
9566	3	501	169 342 435
9567	3	501	169 342 445
9568	3	501	169 342 481
9569	3	501	169 344 445
9570	3	501	169 344 481
9571	3	501	169 372 435
9572	3	501	169 372 458
9573	3	501	169 394 424
9574	3	501	169 400 488
9575	3	501	169 424 472
9576	3	501	169 435 441
9577	3	501	169 472 481
9578	3	501	170 172 248
9579	3	501	170 172 329
9580	3	501	170 172 355
9581	3	501	170 172 436
9582	3	501	170 172 445
9583	3	501	170 197 293
9584	3	501	170 197 321
9585	3	501	170 197 365
9586	3	501	170 197 376
9587	3	501	170 199 286
9588	3	501	170 199 293
9589	3	501	170 199 494
9590	3	501	170 229 309
9591	3	501	170 229 436
9592	3	501	170 241 445
9593	3	501	170 241 489
9594	3	501	170 248 423
9595	3	501	170 248 436
9596	3	501	170 286 293
9597	3	501	170 286 355
9598	3	501	170 286 410
9599	3	501	170 286 423
9600	3	501	170 293 365
9601	3	501	170 293 410
9602	3	501	170 321 387
9603	3	501	170 329 418
9604	3	501	170 334 366
9605	3	501	170 334 445
9606	3	501	170 342 445
9607	3	501	170 342 494
9608	3	501	170 362 365
9609	3	501	170 366 436
9610	3	501	170 366 468
9611	3	501	170 376 423
9612	3	501	170 387 489
9613	3	501	170 411 423
9614	3	501	170 418 468
9615	3	501	170 418 494
9616	3	501	170 423 489
9617	3	501	171 182 230
9618	3	501	171 182 347
9619	3	501	171 182 385
9620	3	501	171 182 417
9621	3	501	171 182 449
9622	3	501	171 199 307
9623	3	501	171 199 377
9624	3	501	171 199 385
9625	3	501	171 199 437
9626	3	501	171 199 447
9627	3	501	171 199 461
9628	3	501	171 230 325
9629	3	501	171 285 437
9630	3	501	171 285 461
9631	3	501	171 292 307
9632	3	501	171 292 325
9633	3	501	171 292 377
9634	3	501	171 292 449
9635	3	501	171 304 428
9636	3	501	171 304 443
9637	3	501	171 304 473
9638	3	501	171 307 377
9639	3	501	171 325 337
9640	3	501	171 337 437
9641	3	501	171 345 347
9642	3	501	171 347 443
9643	3	501	171 367 437
9644	3	501	171 377 440
9645	3	501	171 385 440
9646	3	501	171 389 461
9647	3	501	171 412 440
9648	3	501	171 412 447
9649	3	501	171 428 461
9650	3	501	171 437 461
9651	3	501	171 440 447
9652	3	501	172 176 344
9653	3	501	172 188 208
9654	3	501	172 188 234
9655	3	501	172 206 248
9656	3	501	172 208 436
9657	3	501	172 234 248
9658	3	501	172 234 315
9659	3	501	172 234 341
9660	3	501	172 246 403
9661	3	501	172 248 341
9662	3	501	172 248 436
9663	3	501	172 248 440
9664	3	501	172 313 315
9665	3	501	172 315 341
9666	3	501	172 315 453
9667	3	501	172 329 447
9668	3	501	172 332 453
9669	3	501	172 341 373
9670	3	501	172 344 445
9671	3	501	172 355 373
9672	3	501	172 440 447
9673	3	501	173 176 203
9674	3	501	173 176 253
9675	3	501	173 186 243
9676	3	501	173 203 487
9677	3	501	173 203 489
9678	3	501	173 203 495
9679	3	501	173 228 242
9680	3	501	173 228 403
9681	3	501	173 228 471
9682	3	501	173 239 242
9683	3	501	173 239 471
9684	3	501	173 242 253
9685	3	501	173 242 267
9686	3	501	173 243 281
9687	3	501	173 243 495
9688	3	501	173 253 495
9689	3	501	173 267 299
9690	3	501	173 267 487
9691	3	501	173 281 413
9692	3	501	173 281 471
9693	3	501	173 283 305
9694	3	501	173 283 432
9695	3	501	173 299 461
9696	3	501	173 305 412
9697	3	501	173 305 471
9698	3	501	173 403 461
9699	3	501	173 403 487
9700	3	501	173 413 480
9701	3	501	173 413 487
9702	3	501	173 480 489
9703	3	501	174 181 237
9704	3	501	174 181 245
9705	3	501	174 181 467
9706	3	501	174 188 237
9707	3	501	174 188 345
9708	3	501	174 188 467
9709	3	501	174 199 250
9710	3	501	174 199 364
9711	3	501	174 225 345
9712	3	501	174 232 418
9713	3	501	174 232 463
9714	3	501	174 237 467
9715	3	501	174 245 442
9716	3	501	174 250 335
9717	3	501	174 250 397
9718	3	501	174 256 350
9719	3	501	174 265 442
9720	3	501	174 296 350
9721	3	501	174 296 442
9722	3	501	174 296 467
9723	3	501	174 298 368
9724	3	501	174 298 467
9725	3	501	174 315 434
9726	3	501	174 335 463
9727	3	501	174 418 467
9728	3	501	174 463 467
9729	3	501	175 219 326
9730	3	501	175 219 361
9731	3	501	175 219 384
9732	3	501	175 219 449
9733	3	501	175 228 437
9734	3	501	175 234 449
9735	3	501	175 283 326
9736	3	501	175 322 370
9737	3	501	175 322 372
9738	3	501	175 322 447
9739	3	501	175 322 450
9740	3	501	175 326 450
9741	3	501	175 346 450
9742	3	501	175 361 372
9743	3	501	175 361 447
9744	3	501	175 368 419
9745	3	501	176 203 477
9746	3	501	176 219 344
9747	3	501	176 219 349
9748	3	501	176 219 361
9749	3	501	176 219 384
9750	3	501	176 219 486
9751	3	501	176 253 325
9752	3	501	176 253 470
9753	3	501	176 296 470
9754	3	501	176 300 325
9755	3	501	176 300 335
9756	3	501	176 335 344
9757	3	501	176 335 387
9758	3	501	176 344 361
9759	3	501	176 344 470
9760	3	501	176 470 477
9761	3	501	176 477 485
9762	3	501	177 188 308
9763	3	501	177 188 337
9764	3	501	177 245 308
9765	3	501	177 296 308
9766	3	501	177 296 454
9767	3	501	177 426 454
9768	3	501	180 221 236
9769	3	501	180 221 299
9770	3	501	180 221 381
9771	3	501	180 221 418
9772	3	501	180 221 485
9773	3	501	180 233 296
9774	3	501	180 233 380
9775	3	501	180 233 430
9776	3	501	180 236 381
9777	3	501	180 236 413
9778	3	501	180 262 332
9779	3	501	180 279 332
9780	3	501	180 279 381
9781	3	501	180 279 418
9782	3	501	180 279 457
9783	3	501	180 296 308
9784	3	501	180 299 343
9785	3	501	180 315 389
9786	3	501	180 332 481
9787	3	501	180 332 485
9788	3	501	180 343 428
9789	3	501	180 349 413
9790	3	501	180 349 455
9791	3	501	180 349 487
9792	3	501	180 349 500
9793	3	501	180 380 389
9794	3	501	180 380 457
9795	3	501	180 380 481
9796	3	501	180 389 457
9797	3	501	180 413 487
9798	3	501	180 418 430
9799	3	501	180 418 457
9800	3	501	180 418 487
9801	3	501	180 430 500
9802	3	501	181 185 221
9803	3	501	181 185 237
9804	3	501	181 185 323
9805	3	501	181 185 334
9806	3	501	181 185 343
9807	3	501	181 192 221
9808	3	501	181 192 277
9809	3	501	181 192 314
9810	3	501	181 192 473
9811	3	501	181 203 419
9812	3	501	181 203 477
9813	3	501	181 203 495
9814	3	501	181 228 371
9815	3	501	181 228 437
9816	3	501	181 228 473
9817	3	501	181 237 405
9818	3	501	181 237 467
9819	3	501	181 237 479
9820	3	501	181 245 419
9821	3	501	181 245 420
9822	3	501	181 245 473
9823	3	501	181 249 343
9824	3	501	181 249 371
9825	3	501	181 249 473
9826	3	501	181 277 334
9827	3	501	181 304 473
9828	3	501	181 313 477
9829	3	501	181 313 488
9830	3	501	181 314 420
9831	3	501	181 314 459
9832	3	501	181 314 467
9833	3	501	181 343 477
9834	3	501	181 361 412
9835	3	501	181 412 479
9836	3	501	181 419 488
9837	3	501	181 427 437
9838	3	501	181 427 488
9839	3	501	181 437 477
9840	3	501	181 437 495
9841	3	501	181 459 473
9842	3	501	181 459 495
9843	3	501	181 467 495
9844	3	501	181 477 479
9845	3	501	182 212 396
9846	3	501	182 212 495
9847	3	501	182 230 261
9848	3	501	182 250 335
9849	3	501	182 250 495
9850	3	501	182 250 496
9851	3	501	182 259 381
9852	3	501	182 259 399
9853	3	501	182 259 417
9854	3	501	182 259 449
9855	3	501	182 259 494
9856	3	501	182 261 399
9857	3	501	182 269 335
9858	3	501	182 276 300
9859	3	501	182 298 372
9860	3	501	182 300 335
9861	3	501	182 300 399
9862	3	501	182 310 494
9863	3	501	182 347 399
9864	3	501	182 362 385
9865	3	501	182 362 396
9866	3	501	182 362 405
9867	3	501	182 362 457
9868	3	501	182 364 372
9869	3	501	182 364 396
9870	3	501	182 364 462
9871	3	501	182 364 482
9872	3	501	182 370 399
9873	3	501	182 370 482
9874	3	501	182 372 457
9875	3	501	182 381 449
9876	3	501	182 381 462
9877	3	501	182 396 496
9878	3	501	182 462 494
9879	3	501	183 242 445
9880	3	501	183 246 276
9881	3	501	183 246 372
9882	3	501	183 246 400
9883	3	501	183 246 403
9884	3	501	183 260 399
9885	3	501	183 260 410
9886	3	501	183 260 422
9887	3	501	183 276 320
9888	3	501	183 276 403
9889	3	501	183 276 444
9890	3	501	183 320 385
9891	3	501	183 320 400
9892	3	501	183 320 410
9893	3	501	183 323 423
9894	3	501	183 346 387
9895	3	501	183 346 445
9896	3	501	183 361 372
9897	3	501	183 372 423
9898	3	501	183 372 444
9899	3	501	183 381 422
9900	3	501	183 383 385
9901	3	501	183 383 404
9902	3	501	183 385 423
9903	3	501	183 385 440
9904	3	501	183 387 400
9905	3	501	183 387 404
9906	3	501	183 387 432
9907	3	501	183 399 403
9908	3	501	183 399 432
9909	3	501	183 400 461
9910	3	501	183 400 488
9911	3	501	183 403 461
9912	3	501	183 404 445
9913	3	501	183 422 423
9914	3	501	183 440 444
9915	3	501	183 440 488
9916	3	501	183 461 488
9917	3	501	185 187 287
9918	3	501	185 187 317
9919	3	501	185 187 335
9920	3	501	185 187 340
9921	3	501	185 187 423
9922	3	501	185 187 484
9923	3	501	185 189 323
9924	3	501	185 189 448
9925	3	501	185 189 497
9926	3	501	185 207 287
9927	3	501	185 207 340
9928	3	501	185 221 448
9929	3	501	185 237 244
9930	3	501	185 237 310
9931	3	501	185 243 334
9932	3	501	185 243 369
9933	3	501	185 244 287
9934	3	501	185 244 323
9935	3	501	185 244 335
9936	3	501	185 244 377
9937	3	501	185 244 468
9938	3	501	185 287 377
9939	3	501	185 287 468
9940	3	501	185 310 365
9941	3	501	185 310 468
9942	3	501	185 317 388
9943	3	501	185 323 369
9944	3	501	185 323 423
9945	3	501	185 323 497
9946	3	501	185 328 335
9947	3	501	185 328 369
9948	3	501	185 328 409
9949	3	501	185 328 448
9950	3	501	185 334 335
9951	3	501	185 334 377
9952	3	501	185 335 343
9953	3	501	185 335 388
9954	3	501	185 335 484
9955	3	501	185 335 497
9956	3	501	185 340 484
9957	3	501	185 343 448
9958	3	501	185 351 497
9959	3	501	185 369 448
9960	3	501	185 388 484
9961	3	501	185 409 423
9962	3	501	185 409 484
9963	3	501	185 486 497
9964	3	501	186 190 211
9965	3	501	186 190 465
9966	3	501	186 190 477
9967	3	501	186 211 250
9968	3	501	186 211 275
9969	3	501	186 216 217
9970	3	501	186 216 236
9971	3	501	186 216 301
9972	3	501	186 216 359
9973	3	501	186 216 428
9974	3	501	186 217 237
9975	3	501	186 217 304
9976	3	501	186 217 458
9977	3	501	186 236 237
9978	3	501	186 236 477
9979	3	501	186 237 301
9980	3	501	186 237 359
9981	3	501	186 237 458
9982	3	501	186 243 250
9983	3	501	186 243 326
9984	3	501	186 243 369
9985	3	501	186 250 369
9986	3	501	186 250 428
9987	3	501	186 258 304
9988	3	501	186 275 279
9989	3	501	186 275 326
9990	3	501	186 279 301
9991	3	501	186 294 313
9992	3	501	186 294 406
9993	3	501	186 301 313
9994	3	501	186 304 424
9995	3	501	186 304 428
9996	3	501	186 304 458
9997	3	501	186 313 458
9998	3	501	186 313 477
9999	3	501	186 326 359
10000	3	501	186 326 424
10001	3	501	186 359 406
10002	3	501	186 406 424
10003	3	501	186 406 428
10004	3	501	186 424 477
10005	3	501	187 203 429
10006	3	501	187 226 317
10007	3	501	187 226 484
10008	3	501	187 232 317
10009	3	501	187 232 429
10010	3	501	187 250 335
10011	3	501	187 250 400
10012	3	501	187 253 484
10013	3	501	187 265 340
10014	3	501	187 287 441
10015	3	501	187 317 327
10016	3	501	187 333 379
10017	3	501	187 335 484
10018	3	501	187 340 444
10019	3	501	187 340 484
10020	3	501	187 362 374
10021	3	501	187 374 455
10022	3	501	187 423 455
10023	3	501	187 429 444
10024	3	501	188 189 234
10025	3	501	188 189 467
10026	3	501	188 189 500
10027	3	501	188 208 417
10028	3	501	188 208 500
10029	3	501	188 237 417
10030	3	501	188 237 467
10031	3	501	188 237 479
10032	3	501	188 257 292
10033	3	501	188 266 292
10034	3	501	188 266 371
10035	3	501	188 266 462
10036	3	501	188 308 371
10037	3	501	188 308 467
10038	3	501	188 326 371
10039	3	501	188 326 383
10040	3	501	188 337 462
10041	3	501	188 371 383
10042	3	501	188 371 462
10043	3	501	188 380 398
10044	3	501	188 462 467
10045	3	501	188 467 500
10046	3	501	189 209 212
10047	3	501	189 209 356
10048	3	501	189 209 452
10049	3	501	189 212 216
10050	3	501	189 212 316
10051	3	501	189 212 448
10052	3	501	189 216 251
10053	3	501	189 216 413
10054	3	501	189 216 439
10055	3	501	189 216 497
10056	3	501	189 234 341
10057	3	501	189 234 439
10058	3	501	189 251 322
10059	3	501	189 251 341
10060	3	501	189 251 356
10061	3	501	189 251 413
10062	3	501	189 272 333
10063	3	501	189 272 356
10064	3	501	189 316 439
10065	3	501	189 323 460
10066	3	501	189 323 497
10067	3	501	189 333 356
10068	3	501	189 333 448
10069	3	501	189 341 356
10070	3	501	189 354 453
10071	3	501	189 356 453
10072	3	501	189 356 480
10073	3	501	189 381 448
10074	3	501	189 413 480
10075	3	501	189 439 452
10076	3	501	189 439 453
10077	3	501	189 452 500
10078	3	501	189 467 500
10079	3	501	190 204 281
10080	3	501	190 204 381
10081	3	501	190 204 477
10082	3	501	190 204 497
10083	3	501	190 211 251
10084	3	501	190 211 380
10085	3	501	190 211 398
10086	3	501	190 211 431
10087	3	501	190 219 380
10088	3	501	190 219 397
10089	3	501	190 219 486
10090	3	501	190 245 386
10091	3	501	190 245 436
10092	3	501	190 245 473
10093	3	501	190 245 497
10094	3	501	190 251 425
10095	3	501	190 263 277
10096	3	501	190 277 397
10097	3	501	190 277 416
10098	3	501	190 277 465
10099	3	501	190 281 380
10100	3	501	190 281 486
10101	3	501	190 380 398
10102	3	501	190 380 425
10103	3	501	190 386 431
10104	3	501	190 386 477
10105	3	501	190 403 465
10106	3	501	190 403 479
10107	3	501	190 425 436
10108	3	501	190 425 479
10109	3	501	190 463 486
10110	3	501	190 477 479
10111	3	501	190 479 497
10112	3	501	190 486 497
10113	3	501	192 197 264
10114	3	501	192 197 302
10115	3	501	192 197 305
10116	3	501	192 197 356
10117	3	501	192 197 389
10118	3	501	192 197 424
10119	3	501	192 197 454
10120	3	501	192 221 264
10121	3	501	192 221 305
10122	3	501	192 221 342
10123	3	501	192 221 424
10124	3	501	192 225 294
10125	3	501	192 225 473
10126	3	501	192 227 294
10127	3	501	192 227 305
10128	3	501	192 242 356
10129	3	501	192 242 473
10130	3	501	192 263 269
10131	3	501	192 263 277
10132	3	501	192 264 291
10133	3	501	192 264 356
10134	3	501	192 269 288
10135	3	501	192 269 454
10136	3	501	192 269 473
10137	3	501	192 277 465
10138	3	501	192 288 291
10139	3	501	192 288 342
10140	3	501	192 291 356
10141	3	501	192 291 465
10142	3	501	192 302 428
10143	3	501	192 305 428
10144	3	501	192 314 389
10145	3	501	192 342 424
10146	3	501	192 347 424
10147	3	501	192 389 454
10148	3	501	193 212 416
10149	3	501	193 212 495
10150	3	501	193 226 285
10151	3	501	193 227 309
10152	3	501	193 240 309
10153	3	501	193 240 354
10154	3	501	193 240 370
10155	3	501	193 240 472
10156	3	501	193 240 495
10157	3	501	193 243 431
10158	3	501	193 243 460
10159	3	501	193 243 495
10160	3	501	193 253 298
10161	3	501	193 253 397
10162	3	501	193 253 453
10163	3	501	193 253 470
10164	3	501	193 253 495
10165	3	501	193 265 431
10166	3	501	193 265 453
10167	3	501	193 265 495
10168	3	501	193 285 298
10169	3	501	193 285 411
10170	3	501	193 298 309
10171	3	501	193 298 354
10172	3	501	193 298 470
10173	3	501	193 314 460
10174	3	501	193 314 472
10175	3	501	193 354 453
10176	3	501	193 370 416
10177	3	501	193 370 453
10178	3	501	193 370 465
10179	3	501	193 370 470
10180	3	501	193 370 472
10181	3	501	193 397 472
10182	3	501	193 411 433
10183	3	501	193 411 470
10184	3	501	193 411 472
10185	3	501	193 433 468
10186	3	501	193 445 470
10187	3	501	193 460 468
10188	3	501	193 465 470
10189	3	501	193 466 470
10190	3	501	193 472 495
10191	3	501	197 201 305
10192	3	501	197 203 264
10193	3	501	197 203 274
10194	3	501	197 203 419
10195	3	501	197 206 376
10196	3	501	197 206 389
10197	3	501	197 240 324
10198	3	501	197 240 389
10199	3	501	197 264 356
10200	3	501	197 264 367
10201	3	501	197 264 419
10202	3	501	197 274 356
10203	3	501	197 274 399
10204	3	501	197 292 311
10205	3	501	197 292 399
10206	3	501	197 293 324
10207	3	501	197 293 365
10208	3	501	197 293 434
10209	3	501	197 293 454
10210	3	501	197 305 376
10211	3	501	197 305 434
10212	3	501	197 311 376
10213	3	501	197 321 367
10214	3	501	197 321 424
10215	3	501	197 324 365
10216	3	501	197 324 367
10217	3	501	197 324 376
10218	3	501	197 324 389
10219	3	501	197 324 419
10220	3	501	197 389 454
10221	3	501	199 202 271
10222	3	501	199 202 293
10223	3	501	199 202 310
10224	3	501	199 202 447
10225	3	501	199 202 494
10226	3	501	199 250 496
10227	3	501	199 271 377
10228	3	501	199 271 461
10229	3	501	199 279 307
10230	3	501	199 286 293
10231	3	501	199 293 437
10232	3	501	199 307 316
10233	3	501	199 307 377
10234	3	501	199 310 437
10235	3	501	199 310 494
10236	3	501	199 316 496
10237	3	501	199 364 447
10238	3	501	199 437 461
10239	3	501	199 447 494
10240	3	501	200 218 372
10241	3	501	200 260 465
10242	3	501	200 312 372
10243	3	501	200 312 376
10244	3	501	200 312 380
10245	3	501	200 313 454
10246	3	501	200 322 372
10247	3	501	200 322 465
10248	3	501	200 324 376
10249	3	501	200 324 380
10250	3	501	200 324 462
10251	3	501	200 366 434
10252	3	501	200 366 436
10253	3	501	200 366 462
10254	3	501	200 366 465
10255	3	501	200 380 476
10256	3	501	200 462 476
10257	3	501	201 227 244
10258	3	501	201 227 305
10259	3	501	201 227 485
10260	3	501	201 250 363
10261	3	501	201 250 400
10262	3	501	201 272 275
10263	3	501	201 272 333
10264	3	501	201 272 363
10265	3	501	201 272 400
10266	3	501	201 275 305
10267	3	501	201 275 418
10268	3	501	201 275 466
10269	3	501	201 275 485
10270	3	501	201 305 363
10271	3	501	201 305 418
10272	3	501	201 333 466
10273	3	501	201 363 479
10274	3	501	201 400 417
10275	3	501	201 400 479
10276	3	501	201 405 466
10277	3	501	201 405 485
10278	3	501	201 417 466
10279	3	501	201 418 453
10280	3	501	201 479 485
10281	3	501	202 213 232
10282	3	501	202 219 328
10283	3	501	202 219 333
10284	3	501	202 219 373
10285	3	501	202 219 384
10286	3	501	202 219 460
10287	3	501	202 219 494
10288	3	501	202 256 282
10289	3	501	202 256 294
10290	3	501	202 256 333
10291	3	501	202 256 384
10292	3	501	202 256 426
10293	3	501	202 256 439
10294	3	501	202 257 293
10295	3	501	202 257 327
10296	3	501	202 257 373
10297	3	501	202 271 284
10298	3	501	202 271 324
10299	3	501	202 271 448
10300	3	501	202 271 476
10301	3	501	202 282 310
10302	3	501	202 282 328
10303	3	501	202 282 494
10304	3	501	202 284 321
10305	3	501	202 284 384
10306	3	501	202 284 452
10307	3	501	202 293 324
10308	3	501	202 294 321
10309	3	501	202 294 441
10310	3	501	202 296 327
10311	3	501	202 296 439
10312	3	501	202 296 460
10313	3	501	202 310 391
10314	3	501	202 310 426
10315	3	501	202 310 494
10316	3	501	202 318 333
10317	3	501	202 318 362
10318	3	501	202 320 333
10319	3	501	202 320 362
10320	3	501	202 320 476
10321	3	501	202 324 432
10322	3	501	202 327 447
10323	3	501	202 328 333
10324	3	501	202 328 373
10325	3	501	202 328 448
10326	3	501	202 333 448
10327	3	501	202 362 391
10328	3	501	202 362 432
10329	3	501	202 362 476
10330	3	501	202 384 426
10331	3	501	202 384 441
10332	3	501	202 384 452
10333	3	501	202 384 494
10334	3	501	202 439 452
10335	3	501	202 441 447
10336	3	501	202 447 448
10337	3	501	202 447 494
10338	3	501	202 452 494
10339	3	501	202 452 500
10340	3	501	202 460 494
10341	3	501	203 204 477
10342	3	501	203 209 495
10343	3	501	203 213 264
10344	3	501	203 213 274
10345	3	501	203 213 345
10346	3	501	203 216 345
10347	3	501	203 216 487
10348	3	501	203 259 341
10349	3	501	203 262 303
10350	3	501	203 262 373
10351	3	501	203 264 310
10352	3	501	203 264 338
10353	3	501	203 264 419
10354	3	501	203 303 477
10355	3	501	203 303 495
10356	3	501	203 341 373
10357	3	501	203 341 489
10358	3	501	203 373 491
10359	3	501	203 388 419
10360	3	501	203 388 487
10361	3	501	203 388 491
10362	3	501	203 487 491
10363	3	501	204 222 260
10364	3	501	204 222 286
10365	3	501	204 222 356
10366	3	501	204 222 476
10367	3	501	204 227 437
10368	3	501	204 227 455
10369	3	501	204 227 497
10370	3	501	204 243 281
10371	3	501	204 260 281
10372	3	501	204 276 497
10373	3	501	204 281 323
10374	3	501	204 281 324
10375	3	501	204 281 476
10376	3	501	204 323 337
10377	3	501	204 323 455
10378	3	501	204 323 497
10379	3	501	204 325 329
10380	3	501	204 325 337
10381	3	501	204 325 356
10382	3	501	204 337 437
10383	3	501	204 371 455
10384	3	501	204 426 437
10385	3	501	204 437 477
10386	3	501	204 476 477
10387	3	501	206 251 349
10388	3	501	206 251 413
10389	3	501	206 289 389
10390	3	501	206 317 376
10391	3	501	206 317 442
10392	3	501	206 333 389
10393	3	501	206 333 431
10394	3	501	206 349 376
10395	3	501	206 349 413
10396	3	501	206 349 495
10397	3	501	206 389 442
10398	3	501	207 225 233
10399	3	501	207 233 340
10400	3	501	207 233 410
10401	3	501	207 267 285
10402	3	501	207 267 314
10403	3	501	207 287 329
10404	3	501	207 314 321
10405	3	501	207 321 424
10406	3	501	208 209 367
10407	3	501	208 209 376
10408	3	501	208 209 436
10409	3	501	208 256 384
10410	3	501	208 261 274
10411	3	501	208 261 424
10412	3	501	208 261 473
10413	3	501	208 274 404
10414	3	501	208 361 417
10415	3	501	208 364 376
10416	3	501	208 364 409
10417	3	501	208 367 384
10418	3	501	208 367 437
10419	3	501	208 384 424
10420	3	501	208 394 417
10421	3	501	208 394 424
10422	3	501	208 404 409
10423	3	501	208 404 500
10424	3	501	208 409 417
10425	3	501	208 409 437
10426	3	501	208 424 436
10427	3	501	209 212 376
10428	3	501	209 212 463
10429	3	501	209 212 495
10430	3	501	209 221 312
10431	3	501	209 221 319
10432	3	501	209 229 237
10433	3	501	209 229 312
10434	3	501	209 229 436
10435	3	501	209 229 495
10436	3	501	209 237 312
10437	3	501	209 253 304
10438	3	501	209 253 481
10439	3	501	209 253 495
10440	3	501	209 271 304
10441	3	501	209 287 312
10442	3	501	209 287 356
10443	3	501	209 287 420
10444	3	501	209 287 481
10445	3	501	209 287 495
10446	3	501	209 293 380
10447	3	501	209 312 356
10448	3	501	209 312 372
10449	3	501	209 312 376
10450	3	501	209 312 380
10451	3	501	209 319 367
10452	3	501	209 321 367
10453	3	501	209 349 376
10454	3	501	209 349 436
10455	3	501	209 349 452
10456	3	501	209 349 495
10457	3	501	209 356 372
10458	3	501	209 356 380
10459	3	501	209 367 481
10460	3	501	209 367 495
10461	3	501	209 372 420
10462	3	501	209 380 481
10463	3	501	210 217 282
10464	3	501	210 217 386
10465	3	501	210 222 403
10466	3	501	210 228 380
10467	3	501	210 228 386
10468	3	501	210 228 403
10469	3	501	210 265 424
10470	3	501	210 265 431
10471	3	501	210 265 495
10472	3	501	210 274 485
10473	3	501	210 282 444
10474	3	501	210 282 445
10475	3	501	210 282 485
10476	3	501	210 313 431
10477	3	501	210 343 347
10478	3	501	210 343 424
10479	3	501	210 343 431
10480	3	501	210 347 424
10481	3	501	210 347 445
10482	3	501	210 367 373
10483	3	501	210 367 495
10484	3	501	210 373 386
10485	3	501	210 373 431
10486	3	501	210 380 398
10487	3	501	210 381 424
10488	3	501	210 386 431
10489	3	501	211 213 322
10490	3	501	211 213 380
10491	3	501	211 213 461
10492	3	501	211 223 246
10493	3	501	211 223 250
10494	3	501	211 223 413
10495	3	501	211 223 431
10496	3	501	211 239 471
10497	3	501	211 251 322
10498	3	501	211 251 355
10499	3	501	211 251 356
10500	3	501	211 251 413
10501	3	501	211 275 305
10502	3	501	211 275 322
10503	3	501	211 275 387
10504	3	501	211 275 399
10505	3	501	211 305 317
10506	3	501	211 305 355
10507	3	501	211 305 471
10508	3	501	211 308 399
10509	3	501	211 308 450
10510	3	501	211 308 471
10511	3	501	211 317 471
10512	3	501	211 321 387
10513	3	501	211 322 411
10514	3	501	211 322 450
10515	3	501	211 324 355
10516	3	501	211 324 380
10517	3	501	211 324 387
10518	3	501	211 324 471
10519	3	501	211 332 399
10520	3	501	211 332 409
10521	3	501	211 355 461
10522	3	501	211 356 380
10523	3	501	211 356 411
10524	3	501	211 380 398
10525	3	501	211 380 411
10526	3	501	211 383 413
10527	3	501	211 394 431
10528	3	501	211 398 411
10529	3	501	211 398 471
10530	3	501	211 399 448
10531	3	501	211 409 411
10532	3	501	211 431 448
10533	3	501	212 216 351
10534	3	501	212 216 371
10535	3	501	212 216 396
10536	3	501	212 216 416
10537	3	501	212 216 484
10538	3	501	212 216 486
10539	3	501	212 218 279
10540	3	501	212 218 351
10541	3	501	212 279 291
10542	3	501	212 279 342
10543	3	501	212 286 355
10544	3	501	212 286 396
10545	3	501	212 286 495
10546	3	501	212 291 325
10547	3	501	212 291 404
10548	3	501	212 303 316
10549	3	501	212 303 325
10550	3	501	212 303 484
10551	3	501	212 303 495
10552	3	501	212 316 495
10553	3	501	212 325 342
10554	3	501	212 325 463
10555	3	501	212 325 495
10556	3	501	212 342 371
10557	3	501	212 342 404
10558	3	501	212 355 404
10559	3	501	212 371 406
10560	3	501	212 371 486
10561	3	501	212 388 416
10562	3	501	212 388 419
10563	3	501	212 388 484
10564	3	501	212 396 416
10565	3	501	212 396 448
10566	3	501	212 406 416
10567	3	501	212 416 419
10568	3	501	212 463 486
10569	3	501	213 224 345
10570	3	501	213 237 322
10571	3	501	213 238 307
10572	3	501	213 238 345
10573	3	501	213 240 380
10574	3	501	213 264 443
10575	3	501	213 298 461
10576	3	501	213 307 311
10577	3	501	213 307 316
10578	3	501	213 307 459
10579	3	501	213 311 380
10580	3	501	216 217 282
10581	3	501	216 217 345
10582	3	501	216 217 413
10583	3	501	216 227 318
10584	3	501	216 227 359
10585	3	501	216 227 446
10586	3	501	216 227 497
10587	3	501	216 230 318
10588	3	501	216 230 371
10589	3	501	216 230 484
10590	3	501	216 236 271
10591	3	501	216 236 353
10592	3	501	216 236 413
10593	3	501	216 245 359
10594	3	501	216 245 487
10595	3	501	216 245 497
10596	3	501	216 251 271
10597	3	501	216 251 345
10598	3	501	216 251 413
10599	3	501	216 251 488
10600	3	501	216 271 353
10601	3	501	216 271 371
10602	3	501	216 271 431
10603	3	501	216 282 430
10604	3	501	216 301 459
10605	3	501	216 301 472
10606	3	501	216 318 400
10607	3	501	216 318 484
10608	3	501	216 332 351
10609	3	501	216 332 370
10610	3	501	216 345 484
10611	3	501	216 351 353
10612	3	501	216 351 430
10613	3	501	216 351 432
10614	3	501	216 351 488
10615	3	501	216 351 497
10616	3	501	216 353 413
10617	3	501	216 353 428
10618	3	501	216 353 459
10619	3	501	216 353 497
10620	3	501	216 359 370
10621	3	501	216 366 486
10622	3	501	216 366 497
10623	3	501	216 370 416
10624	3	501	216 370 472
10625	3	501	216 370 482
10626	3	501	216 371 432
10627	3	501	216 371 486
10628	3	501	216 396 416
10629	3	501	216 400 416
10630	3	501	216 400 488
10631	3	501	216 413 416
10632	3	501	216 413 487
10633	3	501	216 428 446
10634	3	501	216 430 484
10635	3	501	216 439 484
10636	3	501	216 459 484
10637	3	501	216 459 487
10638	3	501	216 482 484
10639	3	501	216 482 497
10640	3	501	216 486 497
10641	3	501	216 488 497
10642	3	501	217 219 240
10643	3	501	217 219 328
10644	3	501	217 219 344
10645	3	501	217 219 345
10646	3	501	217 219 364
10647	3	501	217 219 397
10648	3	501	217 224 282
10649	3	501	217 224 295
10650	3	501	217 224 345
10651	3	501	217 224 350
10652	3	501	217 226 304
10653	3	501	217 237 295
10654	3	501	217 237 458
10655	3	501	217 240 278
10656	3	501	217 240 282
10657	3	501	217 240 344
10658	3	501	217 246 455
10659	3	501	217 278 304
10660	3	501	217 278 344
10661	3	501	217 278 455
10662	3	501	217 282 328
10663	3	501	217 283 350
10664	3	501	217 283 364
10665	3	501	217 297 364
10666	3	501	217 304 458
10667	3	501	217 304 480
10668	3	501	217 328 409
10669	3	501	217 344 350
10670	3	501	217 344 364
10671	3	501	217 344 481
10672	3	501	217 345 458
10673	3	501	217 350 413
10674	3	501	217 350 458
10675	3	501	217 364 378
10676	3	501	217 364 409
10677	3	501	217 364 447
10678	3	501	217 364 468
10679	3	501	217 378 413
10680	3	501	217 386 413
10681	3	501	217 413 480
10682	3	501	217 447 458
10683	3	501	217 447 480
10684	3	501	218 222 272
10685	3	501	218 222 452
10686	3	501	218 258 357
10687	3	501	218 258 378
10688	3	501	218 272 317
10689	3	501	218 272 351
10690	3	501	218 279 318
10691	3	501	218 317 442
10692	3	501	218 351 357
10693	3	501	218 351 430
10694	3	501	218 372 423
10695	3	501	218 378 411
10696	3	501	218 378 442
10697	3	501	218 411 423
10698	3	501	218 411 452
10699	3	501	218 430 442
10700	3	501	218 442 452
10701	3	501	219 223 288
10702	3	501	219 223 328
10703	3	501	219 223 361
10704	3	501	219 225 308
10705	3	501	219 225 345
10706	3	501	219 225 483
10707	3	501	219 240 338
10708	3	501	219 240 344
10709	3	501	219 240 380
10710	3	501	219 240 471
10711	3	501	219 240 486
10712	3	501	219 260 326
10713	3	501	219 260 328
10714	3	501	219 260 397
10715	3	501	219 260 483
10716	3	501	219 264 299
10717	3	501	219 264 315
10718	3	501	219 264 333
10719	3	501	219 264 338
10720	3	501	219 264 364
10721	3	501	219 264 385
10722	3	501	219 286 338
10723	3	501	219 287 344
10724	3	501	219 287 397
10725	3	501	219 287 494
10726	3	501	219 288 338
10727	3	501	219 288 380
10728	3	501	219 288 384
10729	3	501	219 308 471
10730	3	501	219 308 486
10731	3	501	219 315 361
10732	3	501	219 315 453
10733	3	501	219 328 333
10734	3	501	219 328 373
10735	3	501	219 333 345
10736	3	501	219 333 364
10737	3	501	219 344 361
10738	3	501	219 344 364
10739	3	501	219 345 361
10740	3	501	219 349 376
10741	3	501	219 363 364
10742	3	501	219 364 373
10743	3	501	219 364 376
10744	3	501	219 364 380
10745	3	501	219 365 397
10746	3	501	219 365 449
10747	3	501	219 380 384
10748	3	501	219 380 460
10749	3	501	219 380 483
10750	3	501	219 384 483
10751	3	501	219 384 494
10752	3	501	219 385 453
10753	3	501	219 449 460
10754	3	501	219 453 486
10755	3	501	219 460 494
10756	3	501	221 226 312
10757	3	501	221 236 264
10758	3	501	221 236 322
10759	3	501	221 236 381
10760	3	501	221 236 471
10761	3	501	221 264 299
10762	3	501	221 264 338
10763	3	501	221 264 418
10764	3	501	221 267 299
10765	3	501	221 267 396
10766	3	501	221 267 418
10767	3	501	221 299 312
10768	3	501	221 305 312
10769	3	501	221 305 338
10770	3	501	221 305 418
10771	3	501	221 305 471
10772	3	501	221 312 406
10773	3	501	221 319 322
10774	3	501	221 320 471
10775	3	501	221 320 485
10776	3	501	221 326 424
10777	3	501	221 326 448
10778	3	501	221 338 418
10779	3	501	221 342 424
10780	3	501	221 342 471
10781	3	501	221 342 494
10782	3	501	221 381 424
10783	3	501	221 381 448
10784	3	501	221 386 406
10785	3	501	221 386 418
10786	3	501	221 396 448
10787	3	501	221 406 424
10788	3	501	221 406 471
10789	3	501	221 418 471
10790	3	501	221 418 494
10791	3	501	222 225 246
10792	3	501	222 225 275
10793	3	501	222 225 345
10794	3	501	222 225 476
10795	3	501	222 244 345
10796	3	501	222 244 403
10797	3	501	222 246 403
10798	3	501	222 248 272
10799	3	501	222 248 452
10800	3	501	222 272 275
10801	3	501	222 272 309
10802	3	501	222 272 356
10803	3	501	222 272 435
10804	3	501	222 275 293
10805	3	501	222 275 345
10806	3	501	222 286 293
10807	3	501	222 286 452
10808	3	501	222 301 403
10809	3	501	222 301 472
10810	3	501	222 356 435
10811	3	501	222 356 472
10812	3	501	222 476 488
10813	3	501	223 232 283
10814	3	501	223 246 259
10815	3	501	223 246 372
10816	3	501	223 248 259
10817	3	501	223 248 272
10818	3	501	223 248 357
10819	3	501	223 250 353
10820	3	501	223 272 340
10821	3	501	223 288 476
10822	3	501	223 289 340
10823	3	501	223 289 353
10824	3	501	223 289 372
10825	3	501	223 293 410
10826	3	501	223 318 340
10827	3	501	223 340 444
10828	3	501	223 340 476
10829	3	501	223 353 413
10830	3	501	223 353 500
10831	3	501	223 361 372
10832	3	501	223 372 444
10833	3	501	224 229 399
10834	3	501	224 241 370
10835	3	501	224 249 282
10836	3	501	224 249 370
10837	3	501	224 249 399
10838	3	501	224 249 428
10839	3	501	224 277 315
10840	3	501	224 277 484
10841	3	501	224 282 341
10842	3	501	224 293 471
10843	3	501	224 295 370
10844	3	501	224 315 341
10845	3	501	224 315 452
10846	3	501	224 329 350
10847	3	501	224 341 457
10848	3	501	224 341 484
10849	3	501	224 345 484
10850	3	501	224 362 457
10851	3	501	224 370 399
10852	3	501	224 370 472
10853	3	501	224 452 457
10854	3	501	225 233 294
10855	3	501	225 233 430
10856	3	501	225 275 345
10857	3	501	225 275 387
10858	3	501	225 275 473
10859	3	501	225 294 387
10860	3	501	225 294 441
10861	3	501	225 295 312
10862	3	501	225 303 430
10863	3	501	225 308 445
10864	3	501	225 345 458
10865	3	501	225 387 404
10866	3	501	225 387 473
10867	3	501	225 404 430
10868	3	501	225 404 445
10869	3	501	225 441 473
10870	3	501	225 445 473
10871	3	501	225 458 476
10872	3	501	225 458 483
10873	3	501	225 473 476
10874	3	501	226 276 403
10875	3	501	226 276 463
10876	3	501	226 285 312
10877	3	501	226 285 317
10878	3	501	226 302 428
10879	3	501	226 302 463
10880	3	501	226 304 428
10881	3	501	226 304 473
10882	3	501	226 317 371
10883	3	501	226 337 403
10884	3	501	226 373 473
10885	3	501	226 428 463
10886	3	501	227 244 447
10887	3	501	227 244 455
10888	3	501	227 294 376
10889	3	501	227 294 378
10890	3	501	227 305 317
10891	3	501	227 305 376
10892	3	501	227 309 378
10893	3	501	227 317 376
10894	3	501	227 317 447
10895	3	501	227 344 364
10896	3	501	227 359 364
10897	3	501	227 359 376
10898	3	501	227 359 455
10899	3	501	227 364 376
10900	3	501	227 364 378
10901	3	501	227 364 446
10902	3	501	227 364 447
10903	3	501	227 368 378
10904	3	501	227 369 437
10905	3	501	227 369 455
10906	3	501	227 376 378
10907	3	501	227 446 447
10908	3	501	227 446 455
10909	3	501	227 447 485
10910	3	501	228 232 437
10911	3	501	228 242 380
10912	3	501	228 242 473
10913	3	501	228 258 287
10914	3	501	228 258 308
10915	3	501	228 258 371
10916	3	501	228 258 376
10917	3	501	228 258 491
10918	3	501	228 269 473
10919	3	501	228 308 371
10920	3	501	228 308 437
10921	3	501	228 308 471
10922	3	501	228 371 443
10923	3	501	228 376 386
10924	3	501	228 380 389
10925	3	501	228 380 476
10926	3	501	228 389 476
10927	3	501	228 436 491
10928	3	501	228 471 476
10929	3	501	228 473 476
10930	3	501	229 237 276
10931	3	501	229 237 301
10932	3	501	229 237 310
10933	3	501	229 237 312
10934	3	501	229 269 473
10935	3	501	229 301 310
10936	3	501	229 309 443
10937	3	501	229 312 323
10938	3	501	229 318 323
10939	3	501	229 318 436
10940	3	501	229 318 495
10941	3	501	230 234 287
10942	3	501	230 234 484
10943	3	501	230 240 338
10944	3	501	230 240 398
10945	3	501	230 261 274
10946	3	501	230 261 398
10947	3	501	230 274 287
10948	3	501	230 277 484
10949	3	501	230 287 468
10950	3	501	230 318 436
10951	3	501	230 318 484
10952	3	501	230 319 373
10953	3	501	230 338 368
10954	3	501	230 338 436
10955	3	501	230 436 484
10956	3	501	231 240 452
10957	3	501	231 301 321
10958	3	501	231 308 445
10959	3	501	231 368 378
10960	3	501	231 368 452
10961	3	501	231 378 439
10962	3	501	231 439 452
10963	3	501	232 260 418
10964	3	501	232 260 429
10965	3	501	232 260 430
10966	3	501	232 266 409
10967	3	501	232 266 463
10968	3	501	232 283 418
10969	3	501	232 283 497
10970	3	501	232 295 437
10971	3	501	232 295 497
10972	3	501	232 297 430
10973	3	501	232 317 341
10974	3	501	232 329 359
10975	3	501	232 329 418
10976	3	501	232 329 485
10977	3	501	232 337 430
10978	3	501	232 337 437
10979	3	501	232 355 430
10980	3	501	232 359 418
10981	3	501	232 409 437
10982	3	501	232 409 463
10983	3	501	232 409 485
10984	3	501	232 418 430
10985	3	501	232 418 440
10986	3	501	233 237 242
10987	3	501	233 237 440
10988	3	501	233 242 380
10989	3	501	233 242 459
10990	3	501	233 242 472
10991	3	501	233 291 353
10992	3	501	233 291 391
10993	3	501	233 291 465
10994	3	501	233 294 472
10995	3	501	233 326 468
10996	3	501	233 340 386
10997	3	501	233 340 484
10998	3	501	233 353 426
10999	3	501	233 353 459
11000	3	501	233 353 465
11001	3	501	233 380 489
11002	3	501	233 386 410
11003	3	501	233 386 426
11004	3	501	233 409 437
11005	3	501	233 409 484
11006	3	501	233 410 459
11007	3	501	233 422 437
11008	3	501	233 426 437
11009	3	501	233 426 440
11010	3	501	233 430 484
11011	3	501	233 459 484
11012	3	501	234 248 256
11013	3	501	234 248 287
11014	3	501	234 248 291
11015	3	501	234 248 341
11016	3	501	234 250 291
11017	3	501	234 250 342
11018	3	501	234 256 350
11019	3	501	234 256 439
11020	3	501	234 256 466
11021	3	501	234 258 287
11022	3	501	234 258 304
11023	3	501	234 258 488
11024	3	501	234 264 291
11025	3	501	234 264 315
11026	3	501	234 264 364
11027	3	501	234 264 367
11028	3	501	234 286 350
11029	3	501	234 287 312
11030	3	501	234 291 391
11031	3	501	234 291 439
11032	3	501	234 291 465
11033	3	501	234 304 387
11034	3	501	234 315 341
11035	3	501	234 320 465
11036	3	501	234 320 466
11037	3	501	234 341 411
11038	3	501	234 341 465
11039	3	501	234 341 484
11040	3	501	234 350 430
11041	3	501	234 364 430
11042	3	501	234 367 439
11043	3	501	234 367 442
11044	3	501	234 391 455
11045	3	501	234 430 442
11046	3	501	234 430 484
11047	3	501	234 439 484
11048	3	501	234 442 449
11049	3	501	234 455 463
11050	3	501	236 237 322
11051	3	501	236 237 387
11052	3	501	236 237 440
11053	3	501	236 237 467
11054	3	501	236 266 381
11055	3	501	236 266 496
11056	3	501	236 271 353
11057	3	501	236 271 445
11058	3	501	236 271 467
11059	3	501	236 307 445
11060	3	501	236 322 404
11061	3	501	236 322 445
11062	3	501	236 353 413
11063	3	501	236 353 477
11064	3	501	236 355 404
11065	3	501	236 381 449
11066	3	501	236 387 404
11067	3	501	236 404 445
11068	3	501	236 413 496
11069	3	501	236 440 467
11070	3	501	236 440 477
11071	3	501	236 445 471
11072	3	501	236 445 477
11073	3	501	236 449 460
11074	3	501	236 467 495
11075	3	501	236 471 477
11076	3	501	237 242 244
11077	3	501	237 242 479
11078	3	501	237 244 312
11079	3	501	237 244 322
11080	3	501	237 244 387
11081	3	501	237 276 300
11082	3	501	237 295 301
11083	3	501	237 295 312
11084	3	501	237 299 312
11085	3	501	237 300 322
11086	3	501	237 300 458
11087	3	501	237 301 310
11088	3	501	237 301 479
11089	3	501	237 310 479
11090	3	501	237 312 359
11091	3	501	237 394 417
11092	3	501	237 425 458
11093	3	501	237 425 479
11094	3	501	237 440 467
11095	3	501	238 243 330
11096	3	501	238 263 449
11097	3	501	238 284 429
11098	3	501	238 289 429
11099	3	501	238 289 489
11100	3	501	238 292 307
11101	3	501	238 292 449
11102	3	501	238 307 330
11103	3	501	238 307 351
11104	3	501	238 330 332
11105	3	501	238 330 350
11106	3	501	238 330 351
11107	3	501	238 330 429
11108	3	501	238 332 351
11109	3	501	238 332 458
11110	3	501	238 345 458
11111	3	501	238 350 458
11112	3	501	238 351 429
11113	3	501	238 351 458
11114	3	501	238 400 416
11115	3	501	238 416 489
11116	3	501	238 429 458
11117	3	501	238 440 470
11118	3	501	239 269 410
11119	3	501	239 269 434
11120	3	501	239 310 410
11121	3	501	239 310 426
11122	3	501	239 426 471
11123	3	501	239 429 434
11124	3	501	240 263 324
11125	3	501	240 266 278
11126	3	501	240 278 313
11127	3	501	240 278 344
11128	3	501	240 278 351
11129	3	501	240 282 310
11130	3	501	240 282 338
11131	3	501	240 282 341
11132	3	501	240 282 430
11133	3	501	240 309 347
11134	3	501	240 309 430
11135	3	501	240 310 472
11136	3	501	240 324 370
11137	3	501	240 324 380
11138	3	501	240 324 389
11139	3	501	240 324 430
11140	3	501	240 324 471
11141	3	501	240 324 486
11142	3	501	240 329 398
11143	3	501	240 329 495
11144	3	501	240 347 351
11145	3	501	240 351 398
11146	3	501	240 351 430
11147	3	501	240 354 486
11148	3	501	240 370 472
11149	3	501	240 380 389
11150	3	501	240 380 398
11151	3	501	240 398 471
11152	3	501	240 472 495
11153	3	501	241 271 324
11154	3	501	241 271 445
11155	3	501	241 303 305
11156	3	501	241 303 316
11157	3	501	241 303 325
11158	3	501	241 303 427
11159	3	501	241 305 340
11160	3	501	241 316 427
11161	3	501	241 316 439
11162	3	501	241 324 370
11163	3	501	241 325 326
11164	3	501	241 325 403
11165	3	501	241 325 445
11166	3	501	241 340 368
11167	3	501	241 400 427
11168	3	501	241 480 489
11169	3	501	242 244 253
11170	3	501	242 253 325
11171	3	501	242 262 267
11172	3	501	242 262 325
11173	3	501	242 279 420
11174	3	501	242 279 472
11175	3	501	242 297 466
11176	3	501	242 325 356
11177	3	501	242 325 380
11178	3	501	242 325 445
11179	3	501	242 341 356
11180	3	501	242 356 380
11181	3	501	242 356 472
11182	3	501	242 420 445
11183	3	501	242 445 473
11184	3	501	242 445 479
11185	3	501	242 459 473
11186	3	501	243 250 291
11187	3	501	243 250 363
11188	3	501	243 250 369
11189	3	501	243 250 422
11190	3	501	243 250 495
11191	3	501	243 261 274
11192	3	501	243 261 422
11193	3	501	243 274 291
11194	3	501	243 277 334
11195	3	501	243 277 430
11196	3	501	243 281 334
11197	3	501	243 281 422
11198	3	501	243 281 430
11199	3	501	243 281 454
11200	3	501	243 281 460
11201	3	501	243 291 372
11202	3	501	243 291 373
11203	3	501	243 296 454
11204	3	501	243 296 460
11205	3	501	243 303 330
11206	3	501	243 303 369
11207	3	501	243 303 430
11208	3	501	243 303 495
11209	3	501	243 326 383
11210	3	501	243 330 495
11211	3	501	243 334 372
11212	3	501	243 334 379
11213	3	501	243 341 372
11214	3	501	243 341 373
11215	3	501	243 341 379
11216	3	501	243 363 364
11217	3	501	243 364 372
11218	3	501	243 364 373
11219	3	501	243 364 430
11220	3	501	243 369 372
11221	3	501	243 373 431
11222	3	501	243 379 430
11223	3	501	243 379 460
11224	3	501	243 383 385
11225	3	501	243 454 460
11226	3	501	244 253 311
11227	3	501	244 253 337
11228	3	501	244 253 439
11229	3	501	244 253 481
11230	3	501	244 269 322
11231	3	501	244 269 335
11232	3	501	244 269 454
11233	3	501	244 278 287
11234	3	501	244 278 313
11235	3	501	244 278 387
11236	3	501	244 278 455
11237	3	501	244 287 312
11238	3	501	244 287 337
11239	3	501	244 287 377
11240	3	501	244 287 399
11241	3	501	244 287 468
11242	3	501	244 287 481
11243	3	501	244 287 494
11244	3	501	244 311 323
11245	3	501	244 312 323
11246	3	501	244 313 431
11247	3	501	244 313 454
11248	3	501	244 322 433
11249	3	501	244 322 447
11250	3	501	244 322 465
11251	3	501	244 323 337
11252	3	501	244 323 455
11253	3	501	244 326 468
11254	3	501	244 335 387
11255	3	501	244 335 447
11256	3	501	244 337 403
11257	3	501	244 345 436
11258	3	501	244 362 432
11259	3	501	244 377 387
11260	3	501	244 377 436
11261	3	501	244 384 494
11262	3	501	244 387 432
11263	3	501	244 399 403
11264	3	501	244 399 432
11265	3	501	244 399 468
11266	3	501	244 403 465
11267	3	501	244 433 455
11268	3	501	244 433 468
11269	3	501	244 439 481
11270	3	501	244 443 481
11271	3	501	244 447 454
11272	3	501	244 447 494
11273	3	501	245 253 288
11274	3	501	245 272 324
11275	3	501	245 272 333
11276	3	501	245 272 340
11277	3	501	245 308 359
11278	3	501	245 312 359
11279	3	501	245 312 376
11280	3	501	245 312 487
11281	3	501	245 324 376
11282	3	501	245 324 419
11283	3	501	245 333 386
11284	3	501	245 333 487
11285	3	501	245 340 359
11286	3	501	245 340 386
11287	3	501	245 340 436
11288	3	501	245 359 376
11289	3	501	245 376 386
11290	3	501	246 257 363
11291	3	501	246 257 485
11292	3	501	246 257 486
11293	3	501	246 259 371
11294	3	501	246 262 330
11295	3	501	246 262 426
11296	3	501	246 262 446
11297	3	501	246 274 287
11298	3	501	246 274 400
11299	3	501	246 274 485
11300	3	501	246 276 403
11301	3	501	246 279 446
11302	3	501	246 281 485
11303	3	501	246 281 486
11304	3	501	246 287 446
11305	3	501	246 330 446
11306	3	501	246 362 446
11307	3	501	246 363 426
11308	3	501	246 371 455
11309	3	501	246 371 486
11310	3	501	246 372 486
11311	3	501	246 400 426
11312	3	501	246 400 427
11313	3	501	246 427 446
11314	3	501	246 446 455
11315	3	501	248 256 426
11316	3	501	248 256 491
11317	3	501	248 259 341
11318	3	501	248 259 394
11319	3	501	248 272 324
11320	3	501	248 287 324
11321	3	501	248 287 420
11322	3	501	248 291 423
11323	3	501	248 299 423
11324	3	501	248 299 461
11325	3	501	248 310 426
11326	3	501	248 310 437
11327	3	501	248 323 423
11328	3	501	248 323 497
11329	3	501	248 357 461
11330	3	501	248 409 423
11331	3	501	248 409 437
11332	3	501	248 422 423
11333	3	501	248 422 437
11334	3	501	248 422 452
11335	3	501	248 425 436
11336	3	501	248 425 452
11337	3	501	248 426 437
11338	3	501	248 426 440
11339	3	501	248 436 491
11340	3	501	248 436 496
11341	3	501	248 437 461
11342	3	501	248 480 496
11343	3	501	249 253 284
11344	3	501	249 253 343
11345	3	501	249 253 351
11346	3	501	249 253 369
11347	3	501	249 265 278
11348	3	501	249 265 454
11349	3	501	249 265 491
11350	3	501	249 278 351
11351	3	501	249 281 324
11352	3	501	249 281 433
11353	3	501	249 281 454
11354	3	501	249 282 335
11355	3	501	249 282 363
11356	3	501	249 282 418
11357	3	501	249 284 305
11358	3	501	249 284 369
11359	3	501	249 284 374
11360	3	501	249 284 399
11361	3	501	249 284 429
11362	3	501	249 284 454
11363	3	501	249 284 461
11364	3	501	249 305 363
11365	3	501	249 305 418
11366	3	501	249 305 426
11367	3	501	249 305 428
11368	3	501	249 319 363
11369	3	501	249 319 429
11370	3	501	249 324 370
11371	3	501	249 335 343
11372	3	501	249 335 428
11373	3	501	249 343 428
11374	3	501	249 343 461
11375	3	501	249 351 398
11376	3	501	249 351 429
11377	3	501	249 351 458
11378	3	501	249 363 426
11379	3	501	249 369 374
11380	3	501	249 369 418
11381	3	501	249 369 426
11382	3	501	249 370 391
11383	3	501	249 370 399
11384	3	501	249 370 418
11385	3	501	249 399 491
11386	3	501	249 418 491
11387	3	501	249 426 454
11388	3	501	249 428 461
11389	3	501	249 429 458
11390	3	501	249 433 491
11391	3	501	250 267 363
11392	3	501	250 278 353
11393	3	501	250 278 422
11394	3	501	250 291 353
11395	3	501	250 335 428
11396	3	501	250 353 365
11397	3	501	250 353 369
11398	3	501	250 353 428
11399	3	501	250 365 397
11400	3	501	250 366 369
11401	3	501	250 366 486
11402	3	501	250 397 400
11403	3	501	251 266 278
11404	3	501	251 271 278
11405	3	501	251 278 361
11406	3	501	251 286 355
11407	3	501	251 300 322
11408	3	501	251 300 335
11409	3	501	251 335 343
11410	3	501	251 341 343
11411	3	501	251 341 356
11412	3	501	251 345 361
11413	3	501	251 349 413
11414	3	501	253 276 439
11415	3	501	253 276 453
11416	3	501	253 284 369
11417	3	501	253 284 405
11418	3	501	253 284 424
11419	3	501	253 288 440
11420	3	501	253 298 439
11421	3	501	253 298 470
11422	3	501	253 304 424
11423	3	501	253 307 311
11424	3	501	253 307 351
11425	3	501	253 307 439
11426	3	501	253 325 337
11427	3	501	253 325 495
11428	3	501	253 332 351
11429	3	501	253 332 453
11430	3	501	253 332 481
11431	3	501	253 337 397
11432	3	501	253 343 424
11433	3	501	253 343 470
11434	3	501	253 369 482
11435	3	501	253 397 424
11436	3	501	253 397 439
11437	3	501	253 405 481
11438	3	501	253 439 453
11439	3	501	253 439 481
11440	3	501	253 439 484
11441	3	501	253 440 470
11442	3	501	253 482 484
11443	3	501	256 282 445
11444	3	501	256 294 313
11445	3	501	256 297 300
11446	3	501	256 297 466
11447	3	501	256 313 350
11448	3	501	256 313 491
11449	3	501	256 333 466
11450	3	501	256 350 491
11451	3	501	256 384 396
11452	3	501	256 384 426
11453	3	501	256 388 427
11454	3	501	256 388 466
11455	3	501	256 388 491
11456	3	501	256 426 466
11457	3	501	256 439 481
11458	3	501	256 445 482
11459	3	501	257 260 465
11460	3	501	257 269 454
11461	3	501	257 278 293
11462	3	501	257 278 423
11463	3	501	257 292 311
11464	3	501	257 292 377
11465	3	501	257 292 423
11466	3	501	257 293 365
11467	3	501	257 293 454
11468	3	501	257 293 470
11469	3	501	257 293 471
11470	3	501	257 311 327
11471	3	501	257 365 485
11472	3	501	257 377 444
11473	3	501	257 444 486
11474	3	501	257 465 470
11475	3	501	257 470 480
11476	3	501	258 287 297
11477	3	501	258 287 489
11478	3	501	258 297 308
11479	3	501	258 297 450
11480	3	501	258 297 489
11481	3	501	258 303 330
11482	3	501	258 304 308
11483	3	501	258 308 327
11484	3	501	258 308 371
11485	3	501	258 308 450
11486	3	501	258 327 450
11487	3	501	258 330 429
11488	3	501	258 330 450
11489	3	501	258 357 376
11490	3	501	258 357 429
11491	3	501	258 357 489
11492	3	501	258 371 444
11493	3	501	258 373 431
11494	3	501	258 373 491
11495	3	501	258 376 378
11496	3	501	258 376 444
11497	3	501	258 394 431
11498	3	501	258 429 444
11499	3	501	258 429 450
11500	3	501	258 429 488
11501	3	501	258 431 448
11502	3	501	258 444 448
11503	3	501	259 260 319
11504	3	501	259 260 399
11505	3	501	259 271 371
11506	3	501	259 271 458
11507	3	501	259 317 341
11508	3	501	259 317 371
11509	3	501	259 317 381
11510	3	501	259 317 442
11511	3	501	259 317 447
11512	3	501	259 317 471
11513	3	501	259 319 367
11514	3	501	259 319 394
11515	3	501	259 332 351
11516	3	501	259 332 367
11517	3	501	259 332 399
11518	3	501	259 332 453
11519	3	501	259 332 458
11520	3	501	259 332 494
11521	3	501	259 341 417
11522	3	501	259 351 458
11523	3	501	259 367 442
11524	3	501	259 367 453
11525	3	501	259 367 471
11526	3	501	259 367 494
11527	3	501	259 371 442
11528	3	501	259 371 449
11529	3	501	259 381 442
11530	3	501	259 381 449
11531	3	501	259 394 417
11532	3	501	259 442 449
11533	3	501	259 447 458
11534	3	501	259 447 494
11535	3	501	260 281 328
11536	3	501	260 281 422
11537	3	501	260 281 430
11538	3	501	260 281 500
11539	3	501	260 318 386
11540	3	501	260 319 397
11541	3	501	260 319 429
11542	3	501	260 319 483
11543	3	501	260 328 418
11544	3	501	260 370 378
11545	3	501	260 370 399
11546	3	501	260 370 406
11547	3	501	260 370 418
11548	3	501	260 370 465
11549	3	501	260 374 386
11550	3	501	260 374 422
11551	3	501	260 374 483
11552	3	501	260 379 410
11553	3	501	260 379 430
11554	3	501	260 386 406
11555	3	501	260 386 410
11556	3	501	260 386 418
11557	3	501	260 399 430
11558	3	501	260 418 430
11559	3	501	260 418 483
11560	3	501	260 430 500
11561	3	501	261 263 274
11562	3	501	261 274 393
11563	3	501	261 274 399
11564	3	501	261 285 297
11565	3	501	261 285 411
11566	3	501	261 285 422
11567	3	501	261 313 393
11568	3	501	261 313 458
11569	3	501	261 316 411
11570	3	501	261 316 465
11571	3	501	261 345 411
11572	3	501	261 345 458
11573	3	501	261 380 398
11574	3	501	261 380 411
11575	3	501	261 380 481
11576	3	501	261 393 424
11577	3	501	261 393 458
11578	3	501	261 393 481
11579	3	501	261 398 411
11580	3	501	261 411 422
11581	3	501	261 411 433
11582	3	501	261 413 480
11583	3	501	262 267 314
11584	3	501	262 271 304
11585	3	501	262 271 324
11586	3	501	262 271 353
11587	3	501	262 303 325
11588	3	501	262 303 330
11589	3	501	262 303 332
11590	3	501	262 303 353
11591	3	501	262 314 364
11592	3	501	262 314 373
11593	3	501	262 324 488
11594	3	501	262 325 326
11595	3	501	262 325 353
11596	3	501	262 325 488
11597	3	501	262 326 332
11598	3	501	262 330 332
11599	3	501	262 330 446
11600	3	501	262 353 426
11601	3	501	262 353 447
11602	3	501	262 361 447
11603	3	501	262 364 373
11604	3	501	262 364 378
11605	3	501	262 364 446
11606	3	501	262 364 447
11607	3	501	262 378 442
11608	3	501	262 426 442
11609	3	501	262 446 447
11610	3	501	263 269 274
11611	3	501	263 277 466
11612	3	501	263 277 484
11613	3	501	263 324 457
11614	3	501	263 369 384
11615	3	501	263 369 466
11616	3	501	263 371 449
11617	3	501	263 449 500
11618	3	501	263 457 466
11619	3	501	264 285 394
11620	3	501	264 285 419
11621	3	501	264 285 422
11622	3	501	264 291 356
11623	3	501	264 291 362
11624	3	501	264 291 443
11625	3	501	264 299 419
11626	3	501	264 310 315
11627	3	501	264 310 468
11628	3	501	264 315 444
11629	3	501	264 333 356
11630	3	501	264 333 364
11631	3	501	264 333 425
11632	3	501	264 337 419
11633	3	501	264 338 394
11634	3	501	264 338 418
11635	3	501	264 356 418
11636	3	501	264 362 385
11637	3	501	264 362 457
11638	3	501	264 364 409
11639	3	501	264 364 468
11640	3	501	264 418 457
11641	3	501	264 418 468
11642	3	501	264 419 425
11643	3	501	264 420 468
11644	3	501	264 425 443
11645	3	501	264 425 457
11646	3	501	265 278 361
11647	3	501	265 283 436
11648	3	501	265 332 453
11649	3	501	265 340 436
11650	3	501	265 356 453
11651	3	501	265 361 412
11652	3	501	265 388 491
11653	3	501	265 410 420
11654	3	501	265 412 442
11655	3	501	265 420 471
11656	3	501	265 424 436
11657	3	501	265 436 491
11658	3	501	265 437 495
11659	3	501	265 453 454
11660	3	501	266 292 409
11661	3	501	266 294 463
11662	3	501	266 302 463
11663	3	501	266 332 409
11664	3	501	266 364 409
11665	3	501	266 364 462
11666	3	501	266 371 462
11667	3	501	266 381 409
11668	3	501	266 381 424
11669	3	501	266 381 462
11670	3	501	266 409 463
11671	3	501	267 284 463
11672	3	501	267 284 487
11673	3	501	267 289 299
11674	3	501	267 289 308
11675	3	501	267 289 372
11676	3	501	267 289 487
11677	3	501	267 293 347
11678	3	501	267 293 487
11679	3	501	267 299 311
11680	3	501	267 299 343
11681	3	501	267 308 314
11682	3	501	267 308 372
11683	3	501	267 308 468
11684	3	501	267 314 460
11685	3	501	267 343 347
11686	3	501	267 343 431
11687	3	501	267 347 363
11688	3	501	267 388 487
11689	3	501	267 418 468
11690	3	501	267 418 487
11691	3	501	267 460 468
11692	3	501	267 463 487
11693	3	501	269 274 393
11694	3	501	269 274 479
11695	3	501	269 288 335
11696	3	501	269 288 418
11697	3	501	269 315 434
11698	3	501	269 322 393
11699	3	501	269 322 445
11700	3	501	269 335 445
11701	3	501	269 434 445
11702	3	501	269 445 473
11703	3	501	269 445 479
11704	3	501	269 454 460
11705	3	501	271 278 304
11706	3	501	271 278 353
11707	3	501	271 278 435
11708	3	501	271 284 295
11709	3	501	271 284 461
11710	3	501	271 285 411
11711	3	501	271 285 435
11712	3	501	271 285 461
11713	3	501	271 291 353
11714	3	501	271 291 443
11715	3	501	271 295 444
11716	3	501	271 304 443
11717	3	501	271 304 458
11718	3	501	271 338 411
11719	3	501	271 347 363
11720	3	501	271 347 443
11721	3	501	271 347 445
11722	3	501	271 353 411
11723	3	501	271 353 435
11724	3	501	271 363 479
11725	3	501	271 371 411
11726	3	501	271 371 443
11727	3	501	271 371 444
11728	3	501	271 377 411
11729	3	501	271 377 444
11730	3	501	271 377 445
11731	3	501	271 412 448
11732	3	501	271 412 476
11733	3	501	271 412 479
11734	3	501	271 431 435
11735	3	501	271 431 448
11736	3	501	271 435 461
11737	3	501	271 444 448
11738	3	501	271 445 479
11739	3	501	271 458 476
11740	3	501	271 461 476
11741	3	501	272 275 326
11742	3	501	272 275 434
11743	3	501	272 298 309
11744	3	501	272 309 347
11745	3	501	272 311 317
11746	3	501	272 311 380
11747	3	501	272 317 447
11748	3	501	272 324 370
11749	3	501	272 324 380
11750	3	501	272 333 356
11751	3	501	272 347 351
11752	3	501	272 347 363
11753	3	501	272 356 380
11754	3	501	272 356 435
11755	3	501	272 380 400
11756	3	501	272 380 447
11757	3	501	272 447 454
11758	3	501	274 287 356
11759	3	501	274 287 399
11760	3	501	274 291 356
11761	3	501	274 291 399
11762	3	501	274 291 404
11763	3	501	274 356 393
11764	3	501	274 399 432
11765	3	501	274 400 479
11766	3	501	274 400 488
11767	3	501	274 440 488
11768	3	501	274 479 485
11769	3	501	275 279 307
11770	3	501	275 279 418
11771	3	501	275 282 310
11772	3	501	275 282 322
11773	3	501	275 282 328
11774	3	501	275 282 418
11775	3	501	275 282 485
11776	3	501	275 293 434
11777	3	501	275 300 307
11778	3	501	275 300 322
11779	3	501	275 300 326
11780	3	501	275 300 399
11781	3	501	275 302 328
11782	3	501	275 305 327
11783	3	501	275 305 418
11784	3	501	275 305 434
11785	3	501	275 305 468
11786	3	501	275 307 326
11787	3	501	275 307 399
11788	3	501	275 310 468
11789	3	501	275 322 372
11790	3	501	275 326 466
11791	3	501	275 326 468
11792	3	501	275 328 418
11793	3	501	275 328 467
11794	3	501	275 372 486
11795	3	501	275 387 473
11796	3	501	275 399 468
11797	3	501	275 418 467
11798	3	501	275 418 468
11799	3	501	275 429 434
11800	3	501	275 468 485
11801	3	501	276 283 316
11802	3	501	276 283 326
11803	3	501	276 283 497
11804	3	501	276 297 300
11805	3	501	276 297 326
11806	3	501	276 297 368
11807	3	501	276 297 430
11808	3	501	276 297 454
11809	3	501	276 300 326
11810	3	501	276 300 454
11811	3	501	276 303 316
11812	3	501	276 303 430
11813	3	501	276 316 320
11814	3	501	276 316 439
11815	3	501	276 320 472
11816	3	501	276 338 368
11817	3	501	276 367 439
11818	3	501	276 367 453
11819	3	501	276 403 430
11820	3	501	276 430 453
11821	3	501	276 439 444
11822	3	501	276 439 453
11823	3	501	276 453 454
11824	3	501	277 284 312
11825	3	501	277 289 466
11826	3	501	277 315 434
11827	3	501	277 334 366
11828	3	501	277 366 434
11829	3	501	277 366 465
11830	3	501	277 391 416
11831	3	501	277 396 416
11832	3	501	277 416 434
11833	3	501	277 418 430
11834	3	501	277 430 484
11835	3	501	278 287 344
11836	3	501	278 287 446
11837	3	501	278 293 434
11838	3	501	278 293 455
11839	3	501	278 304 387
11840	3	501	278 304 434
11841	3	501	278 307 351
11842	3	501	278 307 455
11843	3	501	278 333 353
11844	3	501	278 344 361
11845	3	501	278 344 450
11846	3	501	278 351 353
11847	3	501	278 351 450
11848	3	501	278 351 497
11849	3	501	278 353 435
11850	3	501	278 353 497
11851	3	501	278 387 404
11852	3	501	278 387 435
11853	3	501	278 419 423
11854	3	501	278 422 423
11855	3	501	278 422 434
11856	3	501	278 423 435
11857	3	501	278 423 455
11858	3	501	278 434 455
11859	3	501	278 446 455
11860	3	501	279 283 418
11861	3	501	279 291 446
11862	3	501	279 301 321
11863	3	501	279 301 374
11864	3	501	279 301 472
11865	3	501	279 307 329
11866	3	501	279 321 397
11867	3	501	279 321 405
11868	3	501	279 329 398
11869	3	501	279 329 418
11870	3	501	279 342 471
11871	3	501	279 374 420
11872	3	501	279 397 472
11873	3	501	279 398 471
11874	3	501	279 418 457
11875	3	501	279 418 471
11876	3	501	279 420 471
11877	3	501	279 446 471
11878	3	501	281 300 322
11879	3	501	281 300 324
11880	3	501	281 300 334
11881	3	501	281 300 454
11882	3	501	281 312 323
11883	3	501	281 312 328
11884	3	501	281 312 380
11885	3	501	281 322 404
11886	3	501	281 322 433
11887	3	501	281 323 460
11888	3	501	281 324 350
11889	3	501	281 324 380
11890	3	501	281 324 430
11891	3	501	281 324 462
11892	3	501	281 324 471
11893	3	501	281 324 485
11894	3	501	281 324 486
11895	3	501	281 328 442
11896	3	501	281 334 366
11897	3	501	281 334 380
11898	3	501	281 350 413
11899	3	501	281 350 430
11900	3	501	281 366 462
11901	3	501	281 366 468
11902	3	501	281 366 486
11903	3	501	281 380 460
11904	3	501	281 380 476
11905	3	501	281 396 440
11906	3	501	281 396 452
11907	3	501	281 404 430
11908	3	501	281 404 433
11909	3	501	281 404 500
11910	3	501	281 422 449
11911	3	501	281 422 452
11912	3	501	281 430 442
11913	3	501	281 430 500
11914	3	501	281 433 442
11915	3	501	281 433 468
11916	3	501	281 442 449
11917	3	501	281 442 452
11918	3	501	281 442 476
11919	3	501	281 449 460
11920	3	501	281 449 500
11921	3	501	281 452 482
11922	3	501	281 452 500
11923	3	501	281 454 460
11924	3	501	281 460 468
11925	3	501	281 460 482
11926	3	501	281 462 476
11927	3	501	281 468 485
11928	3	501	281 471 476
11929	3	501	282 299 335
11930	3	501	282 310 410
11931	3	501	282 310 494
11932	3	501	282 322 445
11933	3	501	282 322 450
11934	3	501	282 328 335
11935	3	501	282 328 418
11936	3	501	282 335 445
11937	3	501	282 338 410
11938	3	501	282 338 418
11939	3	501	282 338 436
11940	3	501	282 363 410
11941	3	501	282 376 444
11942	3	501	282 383 436
11943	3	501	282 418 430
11944	3	501	282 418 494
11945	3	501	283 305 327
11946	3	501	283 305 418
11947	3	501	283 316 411
11948	3	501	283 325 326
11949	3	501	283 325 354
11950	3	501	283 330 350
11951	3	501	283 330 354
11952	3	501	283 330 433
11953	3	501	283 366 436
11954	3	501	283 366 497
11955	3	501	283 411 422
11956	3	501	283 411 433
11957	3	501	283 411 477
11958	3	501	284 295 312
11959	3	501	284 295 374
11960	3	501	284 305 312
11961	3	501	284 305 317
11962	3	501	284 312 450
11963	3	501	284 312 487
11964	3	501	284 317 405
11965	3	501	284 317 424
11966	3	501	284 321 405
11967	3	501	284 321 424
11968	3	501	284 322 450
11969	3	501	284 344 399
11970	3	501	284 344 450
11971	3	501	284 369 374
11972	3	501	284 369 384
11973	3	501	284 374 420
11974	3	501	284 374 487
11975	3	501	284 384 424
11976	3	501	284 384 452
11977	3	501	284 429 450
11978	3	501	284 450 487
11979	3	501	284 463 487
11980	3	501	285 297 368
11981	3	501	285 298 368
11982	3	501	285 298 461
11983	3	501	285 357 391
11984	3	501	285 357 429
11985	3	501	285 357 461
11986	3	501	285 368 391
11987	3	501	285 368 419
11988	3	501	285 368 435
11989	3	501	285 374 422
11990	3	501	285 411 419
11991	3	501	285 411 422
11992	3	501	285 422 437
11993	3	501	285 435 461
11994	3	501	285 437 461
11995	3	501	286 293 410
11996	3	501	286 293 434
11997	3	501	286 296 350
11998	3	501	286 296 396
11999	3	501	286 314 457
12000	3	501	286 338 410
12001	3	501	286 386 410
12002	3	501	286 386 423
12003	3	501	286 386 457
12004	3	501	286 396 398
12005	3	501	286 396 452
12006	3	501	286 398 434
12007	3	501	286 452 457
12008	3	501	287 297 489
12009	3	501	287 297 495
12010	3	501	287 298 344
12011	3	501	287 312 356
12012	3	501	287 329 495
12013	3	501	287 337 397
12014	3	501	287 344 399
12015	3	501	287 344 481
12016	3	501	287 356 472
12017	3	501	287 397 472
12018	3	501	287 399 468
12019	3	501	287 420 468
12020	3	501	287 459 495
12021	3	501	287 472 481
12022	3	501	287 472 495
12023	3	501	288 291 362
12024	3	501	288 291 447
12025	3	501	288 296 342
12026	3	501	288 335 447
12027	3	501	288 335 463
12028	3	501	288 338 418
12029	3	501	288 342 459
12030	3	501	288 346 418
12031	3	501	288 362 476
12032	3	501	288 380 384
12033	3	501	288 380 447
12034	3	501	288 380 476
12035	3	501	288 384 459
12036	3	501	288 418 440
12037	3	501	288 440 447
12038	3	501	289 299 419
12039	3	501	289 301 310
12040	3	501	289 301 344
12041	3	501	289 301 372
12042	3	501	289 301 383
12043	3	501	289 301 389
12044	3	501	289 308 372
12045	3	501	289 326 383
12046	3	501	289 326 412
12047	3	501	289 326 466
12048	3	501	289 326 487
12049	3	501	289 329 466
12050	3	501	289 340 389
12051	3	501	289 353 429
12052	3	501	289 353 433
12053	3	501	289 372 489
12054	3	501	289 383 385
12055	3	501	289 385 429
12056	3	501	289 412 433
12057	3	501	291 300 325
12058	3	501	291 300 399
12059	3	501	291 325 353
12060	3	501	291 325 356
12061	3	501	291 353 356
12062	3	501	291 353 417
12063	3	501	291 353 447
12064	3	501	291 353 465
12065	3	501	291 356 372
12066	3	501	291 356 417
12067	3	501	291 362 391
12068	3	501	291 362 446
12069	3	501	291 372 423
12070	3	501	291 373 399
12071	3	501	291 378 439
12072	3	501	291 391 417
12073	3	501	291 417 439
12074	3	501	291 446 447
12075	3	501	292 296 377
12076	3	501	292 296 433
12077	3	501	292 307 311
12078	3	501	292 307 377
12079	3	501	292 307 399
12080	3	501	292 307 445
12081	3	501	292 311 317
12082	3	501	292 325 409
12083	3	501	292 325 445
12084	3	501	292 370 399
12085	3	501	292 370 409
12086	3	501	292 370 453
12087	3	501	292 377 445
12088	3	501	292 409 423
12089	3	501	292 409 484
12090	3	501	292 425 457
12091	3	501	292 445 477
12092	3	501	293 324 365
12093	3	501	293 324 380
12094	3	501	293 324 471
12095	3	501	293 347 365
12096	3	501	293 374 455
12097	3	501	293 374 470
12098	3	501	293 374 487
12099	3	501	293 409 434
12100	3	501	293 409 437
12101	3	501	293 409 454
12102	3	501	293 433 437
12103	3	501	293 433 455
12104	3	501	293 434 455
12105	3	501	293 434 470
12106	3	501	293 440 455
12107	3	501	293 440 470
12108	3	501	294 321 387
12109	3	501	294 325 463
12110	3	501	294 376 378
12111	3	501	295 298 368
12112	3	501	295 301 374
12113	3	501	295 301 459
12114	3	501	295 319 373
12115	3	501	295 319 437
12116	3	501	295 335 497
12117	3	501	295 357 393
12118	3	501	295 357 432
12119	3	501	295 368 419
12120	3	501	295 373 459
12121	3	501	296 308 327
12122	3	501	296 308 467
12123	3	501	296 327 396
12124	3	501	296 367 396
12125	3	501	296 367 439
12126	3	501	296 367 442
12127	3	501	296 377 411
12128	3	501	296 396 467
12129	3	501	296 411 433
12130	3	501	296 411 470
12131	3	501	296 417 439
12132	3	501	296 433 442
12133	3	501	296 454 460
12134	3	501	296 462 467
12135	3	501	297 300 326
12136	3	501	297 300 334
12137	3	501	297 300 454
12138	3	501	297 302 428
12139	3	501	297 308 450
12140	3	501	297 309 430
12141	3	501	297 326 450
12142	3	501	297 326 466
12143	3	501	297 334 368
12144	3	501	297 334 483
12145	3	501	297 364 430
12146	3	501	297 450 483
12147	3	501	298 309 461
12148	3	501	298 344 470
12149	3	501	298 372 470
12150	3	501	298 461 488
12151	3	501	299 312 423
12152	3	501	299 335 343
12153	3	501	299 343 461
12154	3	501	299 343 470
12155	3	501	299 343 477
12156	3	501	299 419 423
12157	3	501	299 470 477
12158	3	501	300 307 311
12159	3	501	300 307 324
12160	3	501	300 307 326
12161	3	501	300 307 399
12162	3	501	300 307 431
12163	3	501	300 322 393
12164	3	501	300 322 411
12165	3	501	300 324 393
12166	3	501	300 325 326
12167	3	501	300 326 487
12168	3	501	300 334 335
12169	3	501	300 393 458
12170	3	501	300 398 411
12171	3	501	301 310 314
12172	3	501	301 310 365
12173	3	501	301 310 403
12174	3	501	301 310 459
12175	3	501	301 310 468
12176	3	501	301 310 472
12177	3	501	301 310 479
12178	3	501	301 310 481
12179	3	501	301 310 494
12180	3	501	301 314 321
12181	3	501	301 314 389
12182	3	501	301 314 459
12183	3	501	301 314 472
12184	3	501	301 321 330
12185	3	501	301 325 403
12186	3	501	301 344 481
12187	3	501	301 365 403
12188	3	501	301 365 449
12189	3	501	301 372 423
12190	3	501	301 374 483
12191	3	501	301 383 468
12192	3	501	301 389 494
12193	3	501	301 403 479
12194	3	501	301 447 494
12195	3	501	301 472 481
12196	3	501	302 318 323
12197	3	501	302 328 329
12198	3	501	302 329 404
12199	3	501	302 329 479
12200	3	501	302 349 500
12201	3	501	302 383 404
12202	3	501	302 404 500
12203	3	501	302 428 463
12204	3	501	303 305 428
12205	3	501	303 316 427
12206	3	501	303 316 495
12207	3	501	303 325 353
12208	3	501	303 325 356
12209	3	501	303 325 495
12210	3	501	303 330 332
12211	3	501	303 330 399
12212	3	501	303 330 495
12213	3	501	303 332 399
12214	3	501	303 332 494
12215	3	501	303 353 356
12216	3	501	303 353 369
12217	3	501	303 353 428
12218	3	501	303 353 477
12219	3	501	303 356 384
12220	3	501	303 356 427
12221	3	501	303 362 405
12222	3	501	303 362 457
12223	3	501	303 369 384
12224	3	501	303 384 428
12225	3	501	303 384 430
12226	3	501	303 384 494
12227	3	501	303 399 430
12228	3	501	303 405 430
12229	3	501	303 427 430
12230	3	501	303 430 484
12231	3	501	304 387 473
12232	3	501	304 393 424
12233	3	501	304 393 458
12234	3	501	305 312 376
12235	3	501	305 317 327
12236	3	501	305 317 376
12237	3	501	305 317 470
12238	3	501	305 317 471
12239	3	501	305 338 393
12240	3	501	305 338 418
12241	3	501	305 363 426
12242	3	501	305 376 412
12243	3	501	305 416 434
12244	3	501	305 418 468
12245	3	501	305 418 471
12246	3	501	305 426 471
12247	3	501	305 434 470
12248	3	501	307 311 383
12249	3	501	307 316 439
12250	3	501	307 324 365
12251	3	501	307 326 383
12252	3	501	307 329 379
12253	3	501	307 330 351
12254	3	501	307 330 399
12255	3	501	307 346 377
12256	3	501	307 346 445
12257	3	501	307 351 445
12258	3	501	307 366 383
12259	3	501	307 377 445
12260	3	501	307 383 439
12261	3	501	307 455 463
12262	3	501	308 314 450
12263	3	501	308 314 467
12264	3	501	308 314 486
12265	3	501	308 319 437
12266	3	501	308 320 471
12267	3	501	308 325 445
12268	3	501	308 325 471
12269	3	501	308 327 450
12270	3	501	308 359 450
12271	3	501	308 371 486
12272	3	501	308 372 486
12273	3	501	308 399 468
12274	3	501	308 445 471
12275	3	501	309 347 443
12276	3	501	309 419 430
12277	3	501	310 314 459
12278	3	501	310 314 472
12279	3	501	310 365 403
12280	3	501	310 378 479
12281	3	501	310 403 465
12282	3	501	310 403 479
12283	3	501	310 410 459
12284	3	501	310 426 437
12285	3	501	310 472 481
12286	3	501	311 317 327
12287	3	501	311 317 371
12288	3	501	311 317 376
12289	3	501	311 319 466
12290	3	501	311 371 383
12291	3	501	311 383 416
12292	3	501	311 391 416
12293	3	501	312 323 406
12294	3	501	312 323 423
12295	3	501	312 328 356
12296	3	501	312 356 372
12297	3	501	312 356 380
12298	3	501	312 359 376
12299	3	501	312 359 406
12300	3	501	312 359 450
12301	3	501	312 372 423
12302	3	501	312 376 423
12303	3	501	312 406 423
12304	3	501	312 450 487
12305	3	501	313 350 458
12306	3	501	313 350 491
12307	3	501	313 393 458
12308	3	501	313 454 460
12309	3	501	314 321 484
12310	3	501	314 322 450
12311	3	501	314 335 484
12312	3	501	314 364 373
12313	3	501	314 366 450
12314	3	501	314 366 486
12315	3	501	314 373 459
12316	3	501	314 389 457
12317	3	501	314 457 467
12318	3	501	314 459 484
12319	3	501	315 318 400
12320	3	501	315 324 389
12321	3	501	315 341 434
12322	3	501	315 398 434
12323	3	501	316 320 465
12324	3	501	316 427 442
12325	3	501	316 465 496
12326	3	501	317 327 447
12327	3	501	317 371 442
12328	3	501	317 381 424
12329	3	501	317 381 442
12330	3	501	317 388 491
12331	3	501	318 330 350
12332	3	501	318 330 480
12333	3	501	318 330 495
12334	3	501	318 333 386
12335	3	501	318 340 386
12336	3	501	318 340 436
12337	3	501	318 340 484
12338	3	501	318 436 484
12339	3	501	319 329 388
12340	3	501	319 329 466
12341	3	501	319 329 470
12342	3	501	319 363 394
12343	3	501	319 367 373
12344	3	501	319 367 437
12345	3	501	319 388 466
12346	3	501	319 466 470
12347	3	501	320 332 425
12348	3	501	320 332 479
12349	3	501	320 332 485
12350	3	501	320 333 425
12351	3	501	320 333 466
12352	3	501	320 362 385
12353	3	501	320 362 476
12354	3	501	320 400 471
12355	3	501	320 400 479
12356	3	501	320 425 479
12357	3	501	320 471 476
12358	3	501	320 479 485
12359	3	501	321 367 396
12360	3	501	321 397 424
12361	3	501	321 405 430
12362	3	501	321 405 466
12363	3	501	321 427 430
12364	3	501	321 427 497
12365	3	501	321 430 484
12366	3	501	322 340 411
12367	3	501	322 351 357
12368	3	501	322 351 445
12369	3	501	322 351 450
12370	3	501	322 357 393
12371	3	501	322 370 465
12372	3	501	322 371 411
12373	3	501	322 393 450
12374	3	501	322 400 427
12375	3	501	322 404 427
12376	3	501	322 404 433
12377	3	501	322 404 445
12378	3	501	322 411 433
12379	3	501	323 369 455
12380	3	501	323 406 423
12381	3	501	323 423 455
12382	3	501	324 350 430
12383	3	501	324 355 367
12384	3	501	324 355 389
12385	3	501	324 355 430
12386	3	501	324 365 485
12387	3	501	324 367 393
12388	3	501	324 367 471
12389	3	501	324 380 389
12390	3	501	324 380 457
12391	3	501	324 387 432
12392	3	501	324 389 457
12393	3	501	324 419 430
12394	3	501	324 419 488
12395	3	501	324 462 488
12396	3	501	325 329 495
12397	3	501	325 333 353
12398	3	501	325 333 356
12399	3	501	325 337 353
12400	3	501	325 337 403
12401	3	501	325 342 445
12402	3	501	325 342 471
12403	3	501	325 353 354
12404	3	501	325 353 356
12405	3	501	325 354 403
12406	3	501	325 356 380
12407	3	501	325 409 463
12408	3	501	325 445 471
12409	3	501	326 359 450
12410	3	501	326 371 383
12411	3	501	326 383 468
12412	3	501	326 412 448
12413	3	501	326 450 487
12414	3	501	327 353 356
12415	3	501	327 353 413
12416	3	501	327 353 447
12417	3	501	327 356 427
12418	3	501	327 396 447
12419	3	501	328 329 369
12420	3	501	328 329 418
12421	3	501	328 333 356
12422	3	501	328 333 448
12423	3	501	328 356 418
12424	3	501	328 369 418
12425	3	501	328 369 448
12426	3	501	328 418 467
12427	3	501	328 442 448
12428	3	501	329 357 379
12429	3	501	329 357 470
12430	3	501	329 357 479
12431	3	501	329 359 418
12432	3	501	329 369 418
12433	3	501	329 369 466
12434	3	501	329 388 427
12435	3	501	329 388 466
12436	3	501	329 388 485
12437	3	501	329 398 470
12438	3	501	329 404 427
12439	3	501	329 447 485
12440	3	501	329 447 495
12441	3	501	329 466 470
12442	3	501	329 479 485
12443	3	501	330 332 351
12444	3	501	330 332 399
12445	3	501	330 351 429
12446	3	501	330 351 450
12447	3	501	330 354 429
12448	3	501	330 429 450
12449	3	501	330 433 437
12450	3	501	330 437 495
12451	3	501	332 351 458
12452	3	501	332 367 453
12453	3	501	332 367 481
12454	3	501	332 367 494
12455	3	501	332 370 399
12456	3	501	332 370 409
12457	3	501	332 370 453
12458	3	501	332 376 423
12459	3	501	332 376 458
12460	3	501	332 409 423
12461	3	501	332 409 479
12462	3	501	332 409 485
12463	3	501	332 425 452
12464	3	501	332 425 458
12465	3	501	332 425 479
12466	3	501	332 452 494
12467	3	501	332 460 494
12468	3	501	332 479 485
12469	3	501	333 353 356
12470	3	501	333 353 459
12471	3	501	333 356 393
12472	3	501	333 364 462
12473	3	501	333 379 425
12474	3	501	333 379 448
12475	3	501	333 386 431
12476	3	501	333 431 448
12477	3	501	333 431 462
12478	3	501	333 459 462
12479	3	501	333 459 487
12480	3	501	334 335 445
12481	3	501	334 366 368
12482	3	501	334 368 377
12483	3	501	334 377 445
12484	3	501	334 380 483
12485	3	501	335 343 428
12486	3	501	335 344 388
12487	3	501	335 344 445
12488	3	501	335 388 484
12489	3	501	335 428 463
12490	3	501	337 353 365
12491	3	501	337 353 413
12492	3	501	337 365 396
12493	3	501	337 365 397
12494	3	501	337 365 403
12495	3	501	337 374 462
12496	3	501	337 397 419
12497	3	501	337 403 430
12498	3	501	337 404 430
12499	3	501	337 419 430
12500	3	501	337 437 462
12501	3	501	338 357 393
12502	3	501	338 366 368
12503	3	501	338 366 436
12504	3	501	338 366 462
12505	3	501	338 393 500
12506	3	501	338 405 410
12507	3	501	338 405 500
12508	3	501	338 436 496
12509	3	501	340 359 364
12510	3	501	340 359 406
12511	3	501	340 364 396
12512	3	501	340 364 462
12513	3	501	340 364 482
12514	3	501	340 368 417
12515	3	501	340 368 425
12516	3	501	340 386 406
12517	3	501	340 386 461
12518	3	501	340 389 461
12519	3	501	340 389 476
12520	3	501	340 396 444
12521	3	501	340 406 476
12522	3	501	340 425 436
12523	3	501	340 425 443
12524	3	501	340 436 484
12525	3	501	340 461 476
12526	3	501	340 461 484
12527	3	501	340 462 476
12528	3	501	340 482 484
12529	3	501	341 353 356
12530	3	501	341 353 411
12531	3	501	341 353 417
12532	3	501	341 353 465
12533	3	501	341 356 372
12534	3	501	341 356 411
12535	3	501	341 356 417
12536	3	501	341 372 457
12537	3	501	341 372 489
12538	3	501	341 373 462
12539	3	501	341 411 457
12540	3	501	341 417 434
12541	3	501	342 343 424
12542	3	501	342 344 399
12543	3	501	342 344 445
12544	3	501	342 344 481
12545	3	501	342 349 424
12546	3	501	342 357 432
12547	3	501	342 371 432
12548	3	501	342 399 432
12549	3	501	342 404 445
12550	3	501	342 445 471
12551	3	501	343 347 424
12552	3	501	343 424 477
12553	3	501	343 428 461
12554	3	501	343 431 448
12555	3	501	343 470 477
12556	3	501	343 477 483
12557	3	501	344 366 450
12558	3	501	344 366 481
12559	3	501	344 445 470
12560	3	501	344 450 481
12561	3	501	345 361 411
12562	3	501	345 436 484
12563	3	501	346 377 387
12564	3	501	346 377 445
12565	3	501	346 418 468
12566	3	501	346 418 494
12567	3	501	346 454 460
12568	3	501	346 460 468
12569	3	501	346 460 494
12570	3	501	347 351 429
12571	3	501	347 351 445
12572	3	501	347 363 426
12573	3	501	347 365 397
12574	3	501	347 365 491
12575	3	501	347 397 424
12576	3	501	347 399 491
12577	3	501	349 376 378
12578	3	501	349 378 413
12579	3	501	349 388 487
12580	3	501	349 413 487
12581	3	501	349 424 436
12582	3	501	349 424 489
12583	3	501	349 452 500
12584	3	501	351 353 429
12585	3	501	351 353 497
12586	3	501	351 357 362
12587	3	501	351 357 429
12588	3	501	351 357 432
12589	3	501	351 362 432
12590	3	501	351 429 450
12591	3	501	351 429 458
12592	3	501	351 429 488
12593	3	501	351 432 458
12594	3	501	351 462 488
12595	3	501	351 488 497
12596	3	501	353 354 376
12597	3	501	353 354 429
12598	3	501	353 354 453
12599	3	501	353 354 459
12600	3	501	353 356 411
12601	3	501	353 356 417
12602	3	501	353 356 435
12603	3	501	353 356 453
12604	3	501	353 369 417
12605	3	501	353 369 426
12606	3	501	353 376 435
12607	3	501	353 376 459
12608	3	501	353 411 433
12609	3	501	353 411 477
12610	3	501	353 417 459
12611	3	501	354 362 405
12612	3	501	354 363 484
12613	3	501	354 376 458
12614	3	501	354 376 459
12615	3	501	354 384 459
12616	3	501	354 384 494
12617	3	501	354 403 405
12618	3	501	354 405 481
12619	3	501	354 429 458
12620	3	501	354 453 486
12621	3	501	354 453 489
12622	3	501	354 459 484
12623	3	501	355 364 372
12624	3	501	355 364 373
12625	3	501	355 364 430
12626	3	501	355 367 373
12627	3	501	355 372 458
12628	3	501	355 389 461
12629	3	501	355 404 430
12630	3	501	355 458 483
12631	3	501	356 372 435
12632	3	501	356 372 470
12633	3	501	356 372 480
12634	3	501	356 380 384
12635	3	501	356 380 411
12636	3	501	356 411 470
12637	3	501	356 411 472
12638	3	501	356 417 472
12639	3	501	356 417 480
12640	3	501	356 418 453
12641	3	501	356 427 453
12642	3	501	356 470 480
12643	3	501	357 362 391
12644	3	501	357 362 393
12645	3	501	357 362 396
12646	3	501	357 362 432
12647	3	501	359 364 376
12648	3	501	359 370 406
12649	3	501	359 370 418
12650	3	501	359 370 453
12651	3	501	359 418 453
12652	3	501	361 372 457
12653	3	501	361 411 457
12654	3	501	361 411 472
12655	3	501	361 412 447
12656	3	501	361 417 472
12657	3	501	362 365 396
12658	3	501	362 385 442
12659	3	501	362 385 446
12660	3	501	362 393 476
12661	3	501	362 396 467
12662	3	501	362 405 432
12663	3	501	362 432 442
12664	3	501	362 442 476
12665	3	501	362 457 467
12666	3	501	364 373 462
12667	3	501	364 376 378
12668	3	501	364 378 462
12669	3	501	364 380 447
12670	3	501	364 396 447
12671	3	501	364 409 482
12672	3	501	364 446 447
12673	3	501	366 383 436
12674	3	501	366 383 465
12675	3	501	366 383 468
12676	3	501	366 427 497
12677	3	501	366 450 481
12678	3	501	366 486 497
12679	3	501	367 384 396
12680	3	501	367 384 494
12681	3	501	367 393 481
12682	3	501	367 437 439
12683	3	501	367 437 495
12684	3	501	367 439 453
12685	3	501	367 439 481
12686	3	501	367 442 481
12687	3	501	368 377 387
12688	3	501	368 378 477
12689	3	501	368 387 435
12690	3	501	368 391 417
12691	3	501	368 419 425
12692	3	501	368 419 452
12693	3	501	368 425 452
12694	3	501	368 435 441
12695	3	501	368 452 477
12696	3	501	369 374 455
12697	3	501	369 384 426
12698	3	501	369 417 448
12699	3	501	369 417 466
12700	3	501	369 418 482
12701	3	501	369 426 437
12702	3	501	369 426 466
12703	3	501	370 391 416
12704	3	501	370 406 416
12705	3	501	370 409 482
12706	3	501	370 418 453
12707	3	501	370 418 482
12708	3	501	370 465 470
12709	3	501	371 411 422
12710	3	501	371 422 449
12711	3	501	371 432 442
12712	3	501	371 442 449
12713	3	501	371 444 486
12714	3	501	372 423 435
12715	3	501	372 423 489
12716	3	501	372 425 457
12717	3	501	372 425 458
12718	3	501	372 444 486
12719	3	501	372 457 458
12720	3	501	372 470 480
12721	3	501	372 480 489
12722	3	501	373 386 431
12723	3	501	373 399 491
12724	3	501	373 431 462
12725	3	501	373 459 462
12726	3	501	373 459 473
12727	3	501	374 376 386
12728	3	501	376 386 423
12729	3	501	376 423 435
12730	3	501	377 387 404
12731	3	501	377 404 445
12732	3	501	377 440 444
12733	3	501	378 389 442
12734	3	501	378 411 477
12735	3	501	378 427 442
12736	3	501	378 442 479
12737	3	501	378 471 477
12738	3	501	378 477 479
12739	3	501	379 425 430
12740	3	501	379 425 458
12741	3	501	380 384 483
12742	3	501	380 389 457
12743	3	501	380 389 476
12744	3	501	380 398 411
12745	3	501	380 411 457
12746	3	501	380 425 457
12747	3	501	381 412 442
12748	3	501	381 412 448
12749	3	501	381 422 449
12750	3	501	381 442 448
12751	3	501	381 442 449
12752	3	501	383 413 416
12753	3	501	384 386 426
12754	3	501	384 396 452
12755	3	501	384 396 483
12756	3	501	384 452 494
12757	3	501	385 386 423
12758	3	501	385 440 446
12759	3	501	385 442 452
12760	3	501	385 446 452
12761	3	501	386 394 431
12762	3	501	386 406 423
12763	3	501	386 418 457
12764	3	501	388 416 419
12765	3	501	388 419 425
12766	3	501	388 425 427
12767	3	501	388 461 484
12768	3	501	388 487 491
12769	3	501	389 426 442
12770	3	501	389 426 454
12771	3	501	389 442 461
12772	3	501	389 442 476
12773	3	501	389 461 476
12774	3	501	393 450 481
12775	3	501	393 450 500
12776	3	501	393 458 476
12777	3	501	394 417 432
12778	3	501	396 440 444
12779	3	501	396 440 447
12780	3	501	396 440 467
12781	3	501	396 444 448
12782	3	501	396 447 448
12783	3	501	397 419 472
12784	3	501	397 424 472
12785	3	501	398 411 470
12786	3	501	398 434 470
12787	3	501	399 403 430
12788	3	501	399 412 448
12789	3	501	400 426 471
12790	3	501	400 427 488
12791	3	501	400 461 488
12792	3	501	403 405 430
12793	3	501	403 405 500
12794	3	501	403 430 479
12795	3	501	403 430 500
12796	3	501	403 461 465
12797	3	501	403 465 487
12798	3	501	404 412 433
12799	3	501	404 425 427
12800	3	501	404 425 430
12801	3	501	404 427 430
12802	3	501	404 430 500
12803	3	501	405 430 500
12804	3	501	405 443 481
12805	3	501	406 416 476
12806	3	501	406 423 428
12807	3	501	406 423 476
12808	3	501	406 428 446
12809	3	501	406 446 471
12810	3	501	406 471 476
12811	3	501	409 411 423
12812	3	501	409 417 432
12813	3	501	409 417 434
12814	3	501	409 417 439
12815	3	501	409 423 463
12816	3	501	409 437 439
12817	3	501	409 439 484
12818	3	501	409 479 485
12819	3	501	409 482 484
12820	3	501	411 419 423
12821	3	501	411 419 452
12822	3	501	411 419 472
12823	3	501	411 422 423
12824	3	501	411 422 452
12825	3	501	411 452 457
12826	3	501	411 452 477
12827	3	501	411 470 477
12828	3	501	412 433 442
12829	3	501	412 440 447
12830	3	501	412 442 448
12831	3	501	412 442 476
12832	3	501	412 442 479
12833	3	501	412 447 448
12834	3	501	412 476 496
12835	3	501	413 416 434
12836	3	501	413 434 470
12837	3	501	413 470 480
12838	3	501	413 480 496
12839	3	501	418 430 453
12840	3	501	418 440 467
12841	3	501	418 457 467
12842	3	501	418 467 482
12843	3	501	418 467 487
12844	3	501	418 487 491
12845	3	501	419 425 430
12846	3	501	419 425 452
12847	3	501	420 445 471
12848	3	501	423 428 463
12849	3	501	423 455 463
12850	3	501	425 427 430
12851	3	501	425 430 479
12852	3	501	425 439 452
12853	3	501	425 452 457
12854	3	501	425 457 458
12855	3	501	426 440 467
12856	3	501	427 430 442
12857	3	501	427 430 453
12858	3	501	427 442 448
12859	3	501	427 488 497
12860	3	501	428 446 463
12861	3	501	430 442 479
12862	3	501	434 445 470
12863	3	501	435 461 484
12864	3	501	436 459 484
12865	3	501	440 446 447
12866	3	501	440 446 455
12867	3	501	440 455 467
12868	3	501	440 470 477
12869	3	501	442 461 476
12870	3	501	445 470 477
12871	3	501	445 471 477
12872	3	501	445 477 479
12873	3	501	446 455 463
12874	3	501	455 463 467
12875	3	501	461 476 488
12876	3	501	462 476 488
12877	3	501	463 467 487
12878	3	501	470 477 480
12879	3	501	471 476 477
12880	3	501	476 477 480
12881	3	501	476 480 496
12882	3	501	477 479 485
12883	2	1	1 33
12884	2	1	1 44
12885	2	1	1 51
12886	2	1	1 62
12887	2	1	1 68
12888	2	1	1 72
12889	2	1	1 92
12890	2	1	1 109
12891	2	1	1 121
12892	2	1	1 141
12893	2	1	1 148
12894	2	1	1 157
12895	2	1	1 181
12896	2	1	1 186
12897	2	1	1 206
12898	2	1	1 222
12899	2	1	1 226
12900	2	1	1 236
12901	2	1	1 237
12902	2	1	1 244
12903	2	1	1 249
12904	2	1	1 256
12905	2	1	1 258
12906	2	1	1 271
12907	2	1	1 297
12908	2	1	1 313
12909	2	1	1 323
12910	2	1	1 329
12911	2	1	1 337
12912	2	1	1 342
12913	2	1	1 346
12914	2	1	1 372
12915	2	1	1 374
12916	2	1	1 377
12917	2	1	1 387
12918	2	1	1 394
12919	2	1	1 405
12920	2	1	1 417
12921	2	1	1 425
12922	2	1	1 427
12923	2	1	1 429
12924	2	1	1 431
12925	2	1	1 494
12926	2	1	2 7
12927	2	1	2 8
12928	2	1	2 33
12929	2	1	2 37
12930	2	1	2 44
12931	2	1	2 52
12932	2	1	2 53
12933	2	1	2 63
12934	2	1	2 68
12935	2	1	2 94
12936	2	1	2 114
12937	2	1	2 119
12938	2	1	2 122
12939	2	1	2 156
12940	2	1	2 166
12941	2	1	2 167
12942	2	1	2 181
12943	2	1	2 187
12944	2	1	2 190
12945	2	1	2 192
12946	2	1	2 207
12947	2	1	2 222
12948	2	1	2 237
12949	2	1	2 257
12950	2	1	2 283
12951	2	1	2 284
12952	2	1	2 291
12953	2	1	2 294
12954	2	1	2 302
12955	2	1	2 304
12956	2	1	2 307
12957	2	1	2 324
12958	2	1	2 330
12959	2	1	2 332
12960	2	1	2 361
12961	2	1	2 362
12962	2	1	2 369
12963	2	1	2 374
12964	2	1	2 376
12965	2	1	2 381
12966	2	1	2 388
12967	2	1	2 397
12968	2	1	2 400
12969	2	1	2 403
12970	2	1	2 404
12971	2	1	2 425
12972	2	1	2 426
12973	2	1	2 428
12974	2	1	2 446
12975	2	1	2 452
12976	2	1	2 463
12977	2	1	2 467
12978	2	1	2 468
12979	2	1	2 473
12980	2	1	2 496
12981	2	1	3 10
12982	2	1	3 29
12983	2	1	3 32
12984	2	1	3 37
12985	2	1	3 44
12986	2	1	3 63
12987	2	1	3 65
12988	2	1	3 69
12989	2	1	3 89
12990	2	1	3 92
12991	2	1	3 130
12992	2	1	3 133
12993	2	1	3 143
12994	2	1	3 148
12995	2	1	3 166
12996	2	1	3 169
12997	2	1	3 185
12998	2	1	3 206
12999	2	1	3 225
13000	2	1	3 226
13001	2	1	3 245
13002	2	1	3 259
13003	2	1	3 275
13004	2	1	3 279
13005	2	1	3 294
13006	2	1	3 305
13007	2	1	3 328
13008	2	1	3 342
13009	2	1	3 345
13010	2	1	3 349
13011	2	1	3 353
13012	2	1	3 379
13013	2	1	3 385
13014	2	1	3 388
13015	2	1	3 396
13016	2	1	3 397
13017	2	1	3 403
13018	2	1	3 406
13019	2	1	3 416
13020	2	1	3 419
13021	2	1	3 435
13022	2	1	3 452
13023	2	1	3 453
13024	2	1	3 462
13025	2	1	3 472
13026	2	1	3 497
13027	2	1	4 5
13028	2	1	4 15
13029	2	1	4 48
13030	2	1	4 71
13031	2	1	4 73
13032	2	1	4 92
13033	2	1	4 94
13034	2	1	4 100
13035	2	1	4 101
13036	2	1	4 123
13037	2	1	4 124
13038	2	1	4 140
13039	2	1	4 149
13040	2	1	4 160
13041	2	1	4 166
13042	2	1	4 183
13043	2	1	4 197
13044	2	1	4 200
13045	2	1	4 234
13046	2	1	4 242
13047	2	1	4 276
13048	2	1	4 283
13049	2	1	4 285
13050	2	1	4 297
13051	2	1	4 300
13052	2	1	4 310
13053	2	1	4 320
13054	2	1	4 322
13055	2	1	4 333
13056	2	1	4 343
13057	2	1	4 346
13058	2	1	4 350
13059	2	1	4 366
13060	2	1	4 367
13061	2	1	4 376
13062	2	1	4 385
13063	2	1	4 387
13064	2	1	4 404
13065	2	1	4 409
13066	2	1	4 428
13067	2	1	4 442
13068	2	1	4 453
13069	2	1	4 466
13070	2	1	4 491
13071	2	1	5 6
13072	2	1	5 30
13073	2	1	5 33
13074	2	1	5 34
13075	2	1	5 35
13076	2	1	5 53
13077	2	1	5 77
13078	2	1	5 78
13079	2	1	5 90
13080	2	1	5 99
13081	2	1	5 103
13082	2	1	5 112
13083	2	1	5 142
13084	2	1	5 156
13085	2	1	5 160
13086	2	1	5 170
13087	2	1	5 172
13088	2	1	5 173
13089	2	1	5 183
13090	2	1	5 189
13091	2	1	5 197
13092	2	1	5 204
13093	2	1	5 211
13094	2	1	5 222
13095	2	1	5 236
13096	2	1	5 238
13097	2	1	5 245
13098	2	1	5 251
13099	2	1	5 261
13100	2	1	5 269
13101	2	1	5 275
13102	2	1	5 278
13103	2	1	5 286
13104	2	1	5 287
13105	2	1	5 288
13106	2	1	5 330
13107	2	1	5 337
13108	2	1	5 341
13109	2	1	5 364
13110	2	1	5 368
13111	2	1	5 373
13112	2	1	5 389
13113	2	1	5 391
13114	2	1	5 405
13115	2	1	5 410
13116	2	1	5 416
13117	2	1	5 432
13118	2	1	5 440
13119	2	1	5 442
13120	2	1	5 466
13121	2	1	6 13
13122	2	1	6 16
13123	2	1	6 26
13124	2	1	6 32
13125	2	1	6 40
13126	2	1	6 79
13127	2	1	6 87
13128	2	1	6 98
13129	2	1	6 103
13130	2	1	6 104
13131	2	1	6 110
13132	2	1	6 115
13133	2	1	6 124
13134	2	1	6 136
13135	2	1	6 157
13136	2	1	6 161
13137	2	1	6 176
13138	2	1	6 177
13139	2	1	6 190
13140	2	1	6 192
13141	2	1	6 201
13142	2	1	6 202
13143	2	1	6 217
13144	2	1	6 222
13145	2	1	6 236
13146	2	1	6 253
13147	2	1	6 281
13148	2	1	6 302
13149	2	1	6 308
13150	2	1	6 310
13151	2	1	6 314
13152	2	1	6 315
13153	2	1	6 319
13154	2	1	6 335
13155	2	1	6 355
13156	2	1	6 362
13157	2	1	6 367
13158	2	1	6 368
13159	2	1	6 376
13160	2	1	6 380
13161	2	1	6 389
13162	2	1	6 394
13163	2	1	6 398
13164	2	1	6 416
13165	2	1	6 448
13166	2	1	6 500
13167	2	1	7 9
13168	2	1	7 20
13169	2	1	7 33
13170	2	1	7 38
13171	2	1	7 50
13172	2	1	7 56
13173	2	1	7 57
13174	2	1	7 68
13175	2	1	7 71
13176	2	1	7 83
13177	2	1	7 88
13178	2	1	7 92
13179	2	1	7 94
13180	2	1	7 106
13181	2	1	7 116
13182	2	1	7 120
13183	2	1	7 149
13184	2	1	7 163
13185	2	1	7 171
13186	2	1	7 193
13187	2	1	7 197
13188	2	1	7 212
13189	2	1	7 213
13190	2	1	7 216
13191	2	1	7 221
13192	2	1	7 232
13193	2	1	7 240
13194	2	1	7 243
13195	2	1	7 245
13196	2	1	7 246
13197	2	1	7 287
13198	2	1	7 294
13199	2	1	7 298
13200	2	1	7 321
13201	2	1	7 329
13202	2	1	7 335
13203	2	1	7 346
13204	2	1	7 367
13205	2	1	7 378
13206	2	1	7 385
13207	2	1	7 394
13208	2	1	7 439
13209	2	1	7 440
13210	2	1	7 447
13211	2	1	7 453
13212	2	1	7 457
13213	2	1	7 463
13214	2	1	7 485
13215	2	1	7 486
13216	2	1	7 488
13217	2	1	8 15
13218	2	1	8 28
13219	2	1	8 35
13220	2	1	8 48
13221	2	1	8 50
13222	2	1	8 52
13223	2	1	8 54
13224	2	1	8 61
13225	2	1	8 65
13226	2	1	8 74
13227	2	1	8 97
13228	2	1	8 128
13229	2	1	8 143
13230	2	1	8 155
13231	2	1	8 161
13232	2	1	8 166
13233	2	1	8 181
13234	2	1	8 185
13235	2	1	8 193
13236	2	1	8 225
13237	2	1	8 229
13238	2	1	8 233
13239	2	1	8 234
13240	2	1	8 236
13241	2	1	8 246
13242	2	1	8 260
13243	2	1	8 282
13244	2	1	8 309
13245	2	1	8 310
13246	2	1	8 312
13247	2	1	8 313
13248	2	1	8 371
13249	2	1	8 372
13250	2	1	8 376
13251	2	1	8 394
13252	2	1	8 399
13253	2	1	8 424
13254	2	1	8 439
13255	2	1	8 440
13256	2	1	8 446
13257	2	1	8 448
13258	2	1	8 454
13259	2	1	9 22
13260	2	1	9 32
13261	2	1	9 45
13262	2	1	9 69
13263	2	1	9 81
13264	2	1	9 90
13265	2	1	9 134
13266	2	1	9 139
13267	2	1	9 140
13268	2	1	9 142
13269	2	1	9 158
13270	2	1	9 181
13271	2	1	9 197
13272	2	1	9 212
13273	2	1	9 221
13274	2	1	9 231
13275	2	1	9 259
13276	2	1	9 263
13277	2	1	9 267
13278	2	1	9 269
13279	2	1	9 284
13280	2	1	9 295
13281	2	1	9 297
13282	2	1	9 298
13283	2	1	9 305
13284	2	1	9 318
13285	2	1	9 322
13286	2	1	9 344
13287	2	1	9 345
13288	2	1	9 353
13289	2	1	9 364
13290	2	1	9 413
13291	2	1	9 419
13292	2	1	9 423
13293	2	1	9 429
13294	2	1	9 445
13295	2	1	9 494
13296	2	1	9 500
13297	2	1	10 22
13298	2	1	10 53
13299	2	1	10 60
13300	2	1	10 65
13301	2	1	10 73
13302	2	1	10 75
13303	2	1	10 83
13304	2	1	10 87
13305	2	1	10 102
13306	2	1	10 112
13307	2	1	10 128
13308	2	1	10 161
13309	2	1	10 162
13310	2	1	10 169
13311	2	1	10 209
13312	2	1	10 228
13313	2	1	10 233
13314	2	1	10 234
13315	2	1	10 241
13316	2	1	10 248
13317	2	1	10 258
13318	2	1	10 275
13319	2	1	10 276
13320	2	1	10 277
13321	2	1	10 279
13322	2	1	10 281
13323	2	1	10 284
13324	2	1	10 295
13325	2	1	10 321
13326	2	1	10 353
13327	2	1	10 381
13328	2	1	10 384
13329	2	1	10 385
13330	2	1	10 396
13331	2	1	10 400
13332	2	1	10 411
13333	2	1	10 453
13334	2	1	10 455
13335	2	1	10 465
13336	2	1	10 476
13337	2	1	10 479
13338	2	1	11 12
13339	2	1	11 32
13340	2	1	11 38
13341	2	1	11 56
13342	2	1	11 62
13343	2	1	11 84
13344	2	1	11 100
13345	2	1	11 104
13346	2	1	11 105
13347	2	1	11 138
13348	2	1	11 158
13349	2	1	11 161
13350	2	1	11 163
13351	2	1	11 174
13352	2	1	11 187
13353	2	1	11 212
13354	2	1	11 244
13355	2	1	11 253
13356	2	1	11 271
13357	2	1	11 282
13358	2	1	11 296
13359	2	1	11 298
13360	2	1	11 302
13361	2	1	11 323
13362	2	1	11 329
13363	2	1	11 337
13364	2	1	11 342
13365	2	1	11 361
13366	2	1	11 371
13367	2	1	11 379
13368	2	1	11 411
13369	2	1	11 412
13370	2	1	11 416
13371	2	1	11 431
13372	2	1	11 436
13373	2	1	11 439
13374	2	1	11 442
13375	2	1	11 447
13376	2	1	11 455
13377	2	1	11 459
13378	2	1	11 462
13379	2	1	11 472
13380	2	1	11 476
13381	2	1	12 23
13382	2	1	12 29
13383	2	1	12 52
13384	2	1	12 53
13385	2	1	12 57
13386	2	1	12 59
13387	2	1	12 63
13388	2	1	12 68
13389	2	1	12 82
13390	2	1	12 116
13391	2	1	12 149
13392	2	1	12 158
13393	2	1	12 177
13394	2	1	12 180
13395	2	1	12 187
13396	2	1	12 212
13397	2	1	12 234
13398	2	1	12 236
13399	2	1	12 240
13400	2	1	12 258
13401	2	1	12 285
13402	2	1	12 305
13403	2	1	12 307
13404	2	1	12 319
13405	2	1	12 325
13406	2	1	12 343
13407	2	1	12 349
13408	2	1	12 356
13409	2	1	12 376
13410	2	1	12 377
13411	2	1	12 404
13412	2	1	12 412
13413	2	1	12 417
13414	2	1	12 419
13415	2	1	12 443
13416	2	1	12 476
13417	2	1	12 483
13418	2	1	13 46
13419	2	1	13 47
13420	2	1	13 63
13421	2	1	13 71
13422	2	1	13 75
13423	2	1	13 84
13424	2	1	13 119
13425	2	1	13 126
13426	2	1	13 136
13427	2	1	13 169
13428	2	1	13 183
13429	2	1	13 200
13430	2	1	13 204
13431	2	1	13 212
13432	2	1	13 221
13433	2	1	13 226
13434	2	1	13 236
13435	2	1	13 237
13436	2	1	13 264
13437	2	1	13 266
13438	2	1	13 267
13439	2	1	13 282
13440	2	1	13 289
13441	2	1	13 299
13442	2	1	13 300
13443	2	1	13 347
13444	2	1	13 366
13445	2	1	13 383
13446	2	1	13 417
13447	2	1	13 418
13448	2	1	13 422
13449	2	1	13 435
13450	2	1	13 453
13451	2	1	13 455
13452	2	1	15 22
13453	2	1	15 40
13454	2	1	15 44
13455	2	1	15 45
13456	2	1	15 47
13457	2	1	15 69
13458	2	1	15 77
13459	2	1	15 86
13460	2	1	15 122
13461	2	1	15 158
13462	2	1	15 176
13463	2	1	15 185
13464	2	1	15 211
13465	2	1	15 219
13466	2	1	15 221
13467	2	1	15 243
13468	2	1	15 249
13469	2	1	15 253
13470	2	1	15 263
13471	2	1	15 296
13472	2	1	15 325
13473	2	1	15 328
13474	2	1	15 335
13475	2	1	15 343
13476	2	1	15 349
13477	2	1	15 351
13478	2	1	15 388
13479	2	1	15 425
13480	2	1	15 439
13481	2	1	15 447
13482	2	1	15 455
13483	2	1	15 462
13484	2	1	15 463
13485	2	1	15 483
13486	2	1	15 496
13487	2	1	15 497
13488	2	1	16 23
13489	2	1	16 33
13490	2	1	16 34
13491	2	1	16 38
13492	2	1	16 42
13493	2	1	16 44
13494	2	1	16 47
13495	2	1	16 57
13496	2	1	16 68
13497	2	1	16 77
13498	2	1	16 86
13499	2	1	16 92
13500	2	1	16 106
13501	2	1	16 116
13502	2	1	16 124
13503	2	1	16 157
13504	2	1	16 177
13505	2	1	16 185
13506	2	1	16 188
13507	2	1	16 234
13508	2	1	16 239
13509	2	1	16 243
13510	2	1	16 246
13511	2	1	16 272
13512	2	1	16 305
13513	2	1	16 311
13514	2	1	16 316
13515	2	1	16 317
13516	2	1	16 322
13517	2	1	16 337
13518	2	1	16 374
13519	2	1	16 389
13520	2	1	16 394
13521	2	1	16 396
13522	2	1	16 410
13523	2	1	16 411
13524	2	1	16 426
13525	2	1	16 442
13526	2	1	16 447
13527	2	1	16 454
13528	2	1	16 483
13529	2	1	16 495
13530	2	1	17 18
13531	2	1	17 20
13532	2	1	17 23
13533	2	1	17 36
13534	2	1	17 50
13535	2	1	17 60
13536	2	1	17 86
13537	2	1	17 123
13538	2	1	17 127
13539	2	1	17 130
13540	2	1	17 148
13541	2	1	17 171
13542	2	1	17 175
13543	2	1	17 177
13544	2	1	17 197
13545	2	1	17 216
13546	2	1	17 219
13547	2	1	17 224
13548	2	1	17 233
13549	2	1	17 248
13550	2	1	17 278
13551	2	1	17 284
13552	2	1	17 292
13553	2	1	17 304
13554	2	1	17 319
13555	2	1	17 328
13556	2	1	17 364
13557	2	1	17 404
13558	2	1	17 406
13559	2	1	17 409
13560	2	1	17 424
13561	2	1	17 449
13562	2	1	17 463
13563	2	1	17 471
13564	2	1	17 497
13565	2	1	18 31
13566	2	1	18 41
13567	2	1	18 49
13568	2	1	18 50
13569	2	1	18 68
13570	2	1	18 93
13571	2	1	18 112
13572	2	1	18 135
13573	2	1	18 171
13574	2	1	18 193
13575	2	1	18 201
13576	2	1	18 206
13577	2	1	18 213
13578	2	1	18 248
13579	2	1	18 249
13580	2	1	18 257
13581	2	1	18 258
13582	2	1	18 262
13583	2	1	18 281
13584	2	1	18 282
13585	2	1	18 286
13586	2	1	18 287
13587	2	1	18 289
13588	2	1	18 295
13589	2	1	18 297
13590	2	1	18 344
13591	2	1	18 349
13592	2	1	18 354
13593	2	1	18 355
13594	2	1	18 365
13595	2	1	18 366
13596	2	1	18 372
13597	2	1	18 376
13598	2	1	18 377
13599	2	1	18 380
13600	2	1	18 384
13601	2	1	18 399
13602	2	1	18 410
13603	2	1	18 434
13604	2	1	18 454
13605	2	1	18 455
13606	2	1	18 467
13607	2	1	18 495
13608	2	1	18 497
13609	2	1	19 23
13610	2	1	19 25
13611	2	1	19 29
13612	2	1	19 62
13613	2	1	19 77
13614	2	1	19 79
13615	2	1	19 90
13616	2	1	19 98
13617	2	1	19 123
13618	2	1	19 124
13619	2	1	19 140
13620	2	1	19 145
13621	2	1	19 159
13622	2	1	19 161
13623	2	1	19 186
13624	2	1	19 204
13625	2	1	19 248
13626	2	1	19 272
13627	2	1	19 287
13628	2	1	19 292
13629	2	1	19 299
13630	2	1	19 303
13631	2	1	19 309
13632	2	1	19 310
13633	2	1	19 312
13634	2	1	19 324
13635	2	1	19 325
13636	2	1	19 343
13637	2	1	19 357
13638	2	1	19 365
13639	2	1	19 369
13640	2	1	19 370
13641	2	1	19 383
13642	2	1	19 388
13643	2	1	19 398
13644	2	1	19 405
13645	2	1	19 406
13646	2	1	19 412
13647	2	1	19 416
13648	2	1	19 432
13649	2	1	19 434
13650	2	1	19 437
13651	2	1	19 439
13652	2	1	19 448
13653	2	1	19 476
13654	2	1	19 484
13655	2	1	19 486
13656	2	1	19 497
13657	2	1	20 22
13658	2	1	20 25
13659	2	1	20 33
13660	2	1	20 35
13661	2	1	20 43
13662	2	1	20 57
13663	2	1	20 91
13664	2	1	20 93
13665	2	1	20 99
13666	2	1	20 100
13667	2	1	20 141
13668	2	1	20 142
13669	2	1	20 155
13670	2	1	20 157
13671	2	1	20 193
13672	2	1	20 204
13673	2	1	20 207
13674	2	1	20 226
13675	2	1	20 230
13676	2	1	20 244
13677	2	1	20 250
13678	2	1	20 251
13679	2	1	20 256
13680	2	1	20 263
13681	2	1	20 267
13682	2	1	20 271
13683	2	1	20 278
13684	2	1	20 284
13685	2	1	20 287
13686	2	1	20 291
13687	2	1	20 309
13688	2	1	20 333
13689	2	1	20 346
13690	2	1	20 365
13691	2	1	20 372
13692	2	1	20 399
13693	2	1	20 404
13694	2	1	20 423
13695	2	1	20 425
13696	2	1	20 458
13697	2	1	20 477
13698	2	1	22 26
13699	2	1	22 35
13700	2	1	22 40
13701	2	1	22 62
13702	2	1	22 64
13703	2	1	22 73
13704	2	1	22 105
13705	2	1	22 130
13706	2	1	22 137
13707	2	1	22 158
13708	2	1	22 161
13709	2	1	22 173
13710	2	1	22 177
13711	2	1	22 197
13712	2	1	22 207
13713	2	1	22 212
13714	2	1	22 216
13715	2	1	22 312
13716	2	1	22 347
13717	2	1	22 349
13718	2	1	22 353
13719	2	1	22 373
13720	2	1	22 377
13721	2	1	22 378
13722	2	1	22 380
13723	2	1	22 400
13724	2	1	22 413
13725	2	1	22 422
13726	2	1	22 423
13727	2	1	22 440
13728	2	1	22 467
13729	2	1	22 479
13730	2	1	23 38
13731	2	1	23 44
13732	2	1	23 63
13733	2	1	23 76
13734	2	1	23 112
13735	2	1	23 122
13736	2	1	23 134
13737	2	1	23 135
13738	2	1	23 155
13739	2	1	23 160
13740	2	1	23 162
13741	2	1	23 165
13742	2	1	23 176
13743	2	1	23 218
13744	2	1	23 227
13745	2	1	23 291
13746	2	1	23 297
13747	2	1	23 302
13748	2	1	23 310
13749	2	1	23 326
13750	2	1	23 327
13751	2	1	23 351
13752	2	1	23 377
13753	2	1	23 394
13754	2	1	23 410
13755	2	1	23 427
13756	2	1	23 428
13757	2	1	23 439
13758	2	1	23 444
13759	2	1	23 455
13760	2	1	23 458
13761	2	1	23 459
13762	2	1	23 461
13763	2	1	23 477
13764	2	1	23 500
13765	2	1	24 28
13766	2	1	24 30
13767	2	1	24 47
13768	2	1	24 54
13769	2	1	24 61
13770	2	1	24 93
13771	2	1	24 94
13772	2	1	24 104
13773	2	1	24 130
13774	2	1	24 177
13775	2	1	24 180
13776	2	1	24 188
13777	2	1	24 223
13778	2	1	24 224
13779	2	1	24 230
13780	2	1	24 246
13781	2	1	24 260
13782	2	1	24 275
13783	2	1	24 288
13784	2	1	24 291
13785	2	1	24 304
13786	2	1	24 310
13787	2	1	24 330
13788	2	1	24 351
13789	2	1	24 356
13790	2	1	24 359
13791	2	1	24 361
13792	2	1	24 365
13793	2	1	24 371
13794	2	1	24 393
13795	2	1	24 396
13796	2	1	24 418
13797	2	1	24 430
13798	2	1	24 434
13799	2	1	24 458
13800	2	1	24 482
13801	2	1	24 485
13802	2	1	24 489
13803	2	1	25 30
13804	2	1	25 33
13805	2	1	25 43
13806	2	1	25 47
13807	2	1	25 50
13808	2	1	25 54
13809	2	1	25 61
13810	2	1	25 72
13811	2	1	25 90
13812	2	1	25 106
13813	2	1	25 129
13814	2	1	25 132
13815	2	1	25 172
13816	2	1	25 176
13817	2	1	25 207
13818	2	1	25 212
13819	2	1	25 222
13820	2	1	25 233
13821	2	1	25 236
13822	2	1	25 258
13823	2	1	25 291
13824	2	1	25 296
13825	2	1	25 314
13826	2	1	25 361
13827	2	1	25 388
13828	2	1	25 396
13829	2	1	25 400
13830	2	1	25 406
13831	2	1	25 409
13832	2	1	25 418
13833	2	1	25 423
13834	2	1	25 428
13835	2	1	25 431
13836	2	1	25 437
13837	2	1	25 440
13838	2	1	25 446
13839	2	1	25 459
13840	2	1	25 462
13841	2	1	25 465
13842	2	1	25 468
13843	2	1	25 481
13844	2	1	25 500
13845	2	1	26 57
13846	2	1	26 75
13847	2	1	26 139
13848	2	1	26 140
13849	2	1	26 158
13850	2	1	26 183
13851	2	1	26 197
13852	2	1	26 219
13853	2	1	26 237
13854	2	1	26 240
13855	2	1	26 245
13856	2	1	26 251
13857	2	1	26 253
13858	2	1	26 263
13859	2	1	26 266
13860	2	1	26 295
13861	2	1	26 297
13862	2	1	26 300
13863	2	1	26 312
13864	2	1	26 355
13865	2	1	26 369
13866	2	1	26 379
13867	2	1	26 387
13868	2	1	26 388
13869	2	1	26 393
13870	2	1	26 397
13871	2	1	26 400
13872	2	1	26 425
13873	2	1	26 428
13874	2	1	26 455
13875	2	1	26 462
13876	2	1	26 483
13877	2	1	26 486
13878	2	1	26 495
13879	2	1	26 497
13880	2	1	26 500
13881	2	1	28 31
13882	2	1	28 32
13883	2	1	28 37
13884	2	1	28 63
13885	2	1	28 67
13886	2	1	28 71
13887	2	1	28 75
13888	2	1	28 82
13889	2	1	28 90
13890	2	1	28 96
13891	2	1	28 120
13892	2	1	28 130
13893	2	1	28 172
13894	2	1	28 230
13895	2	1	28 232
13896	2	1	28 233
13897	2	1	28 253
13898	2	1	28 257
13899	2	1	28 258
13900	2	1	28 261
13901	2	1	28 282
13902	2	1	28 292
13903	2	1	28 297
13904	2	1	28 298
13905	2	1	28 300
13906	2	1	28 311
13907	2	1	28 326
13908	2	1	28 327
13909	2	1	28 328
13910	2	1	28 333
13911	2	1	28 335
13912	2	1	28 344
13913	2	1	28 350
13914	2	1	28 355
13915	2	1	28 367
13916	2	1	28 378
13917	2	1	28 383
13918	2	1	28 386
13919	2	1	28 389
13920	2	1	28 416
13921	2	1	28 423
13922	2	1	28 427
13923	2	1	28 450
13924	2	1	28 465
13925	2	1	28 466
13926	2	1	28 485
13927	2	1	29 37
13928	2	1	29 62
13929	2	1	29 66
13930	2	1	29 97
13931	2	1	29 107
13932	2	1	29 109
13933	2	1	29 130
13934	2	1	29 143
13935	2	1	29 153
13936	2	1	29 161
13937	2	1	29 186
13938	2	1	29 192
13939	2	1	29 204
13940	2	1	29 221
13941	2	1	29 237
13942	2	1	29 256
13943	2	1	29 274
13944	2	1	29 278
13945	2	1	29 281
13946	2	1	29 287
13947	2	1	29 312
13948	2	1	29 313
13949	2	1	29 318
13950	2	1	29 347
13951	2	1	29 359
13952	2	1	29 385
13953	2	1	29 393
13954	2	1	29 422
13955	2	1	29 429
13956	2	1	29 443
13957	2	1	29 444
13958	2	1	29 448
13959	2	1	29 454
13960	2	1	29 483
13961	2	1	29 495
13962	2	1	30 41
13963	2	1	30 59
13964	2	1	30 82
13965	2	1	30 116
13966	2	1	30 124
13967	2	1	30 149
13968	2	1	30 170
13969	2	1	30 174
13970	2	1	30 176
13971	2	1	30 177
13972	2	1	30 180
13973	2	1	30 193
13974	2	1	30 207
13975	2	1	30 225
13976	2	1	30 227
13977	2	1	30 260
13978	2	1	30 287
13979	2	1	30 302
13980	2	1	30 311
13981	2	1	30 320
13982	2	1	30 322
13983	2	1	30 346
13984	2	1	30 355
13985	2	1	30 357
13986	2	1	30 365
13987	2	1	30 384
13988	2	1	30 385
13989	2	1	30 397
13990	2	1	30 399
13991	2	1	30 409
13992	2	1	30 410
13993	2	1	30 441
13994	2	1	30 452
13995	2	1	30 472
13996	2	1	30 477
13997	2	1	30 491
13998	2	1	31 38
13999	2	1	31 46
14000	2	1	31 94
14001	2	1	31 98
14002	2	1	31 140
14003	2	1	31 156
14004	2	1	31 164
14005	2	1	31 186
14006	2	1	31 188
14007	2	1	31 193
14008	2	1	31 208
14009	2	1	31 209
14010	2	1	31 218
14011	2	1	31 230
14012	2	1	31 242
14013	2	1	31 246
14014	2	1	31 249
14015	2	1	31 269
14016	2	1	31 324
14017	2	1	31 333
14018	2	1	31 334
14019	2	1	31 353
14020	2	1	31 376
14021	2	1	31 378
14022	2	1	31 383
14023	2	1	31 391
14024	2	1	31 397
14025	2	1	31 399
14026	2	1	31 409
14027	2	1	31 423
14028	2	1	31 424
14029	2	1	31 426
14030	2	1	31 430
14031	2	1	31 433
14032	2	1	31 435
14033	2	1	31 494
14034	2	1	31 500
14035	2	1	32 64
14036	2	1	32 81
14037	2	1	32 88
14038	2	1	32 106
14039	2	1	32 128
14040	2	1	32 141
14041	2	1	32 152
14042	2	1	32 156
14043	2	1	32 159
14044	2	1	32 173
14045	2	1	32 189
14046	2	1	32 193
14047	2	1	32 226
14048	2	1	32 231
14049	2	1	32 250
14050	2	1	32 259
14051	2	1	32 277
14052	2	1	32 292
14053	2	1	32 297
14054	2	1	32 303
14055	2	1	32 304
14056	2	1	32 308
14057	2	1	32 312
14058	2	1	32 314
14059	2	1	32 316
14060	2	1	32 324
14061	2	1	32 333
14062	2	1	32 337
14063	2	1	32 349
14064	2	1	32 388
14065	2	1	32 399
14066	2	1	32 413
14067	2	1	32 419
14068	2	1	32 425
14069	2	1	32 427
14070	2	1	32 430
14071	2	1	32 465
14072	2	1	32 494
14073	2	1	32 495
14074	2	1	32 500
14075	2	1	33 48
14076	2	1	33 59
14077	2	1	33 69
14078	2	1	33 76
14079	2	1	33 79
14080	2	1	33 80
14081	2	1	33 101
14082	2	1	33 136
14083	2	1	33 137
14084	2	1	33 141
14085	2	1	33 153
14086	2	1	33 172
14087	2	1	33 186
14088	2	1	33 192
14089	2	1	33 208
14090	2	1	33 211
14091	2	1	33 228
14092	2	1	33 246
14093	2	1	33 260
14094	2	1	33 261
14095	2	1	33 276
14096	2	1	33 286
14097	2	1	33 294
14098	2	1	33 304
14099	2	1	33 307
14100	2	1	33 315
14101	2	1	33 317
14102	2	1	33 318
14103	2	1	33 319
14104	2	1	33 327
14105	2	1	33 353
14106	2	1	33 389
14107	2	1	33 409
14108	2	1	33 410
14109	2	1	33 411
14110	2	1	33 432
14111	2	1	33 457
14112	2	1	33 465
14113	2	1	33 466
14114	2	1	33 473
14115	2	1	33 484
14116	2	1	33 489
14117	2	1	34 49
14118	2	1	34 51
14119	2	1	34 63
14120	2	1	34 69
14121	2	1	34 73
14122	2	1	34 86
14123	2	1	34 92
14124	2	1	34 106
14125	2	1	34 107
14126	2	1	34 109
14127	2	1	34 120
14128	2	1	34 122
14129	2	1	34 123
14130	2	1	34 133
14131	2	1	34 134
14132	2	1	34 141
14133	2	1	34 159
14134	2	1	34 170
14135	2	1	34 208
14136	2	1	34 227
14137	2	1	34 259
14138	2	1	34 260
14139	2	1	34 261
14140	2	1	34 305
14141	2	1	34 321
14142	2	1	34 332
14143	2	1	34 354
14144	2	1	34 365
14145	2	1	34 366
14146	2	1	34 372
14147	2	1	34 386
14148	2	1	34 396
14149	2	1	34 409
14150	2	1	34 423
14151	2	1	34 437
14152	2	1	34 440
14153	2	1	34 445
14154	2	1	34 452
14155	2	1	34 480
14156	2	1	34 489
14157	2	1	35 41
14158	2	1	35 77
14159	2	1	35 103
14160	2	1	35 112
14161	2	1	35 132
14162	2	1	35 175
14163	2	1	35 183
14164	2	1	35 251
14165	2	1	35 258
14166	2	1	35 333
14167	2	1	35 338
14168	2	1	35 340
14169	2	1	35 356
14170	2	1	35 371
14171	2	1	35 380
14172	2	1	35 383
14173	2	1	35 398
14174	2	1	35 440
14175	2	1	35 448
14176	2	1	35 453
14177	2	1	35 454
14178	2	1	35 487
14179	2	1	36 52
14180	2	1	36 126
14181	2	1	36 135
14182	2	1	36 153
14183	2	1	36 156
14184	2	1	36 171
14185	2	1	36 199
14186	2	1	36 202
14187	2	1	36 223
14188	2	1	36 237
14189	2	1	36 240
14190	2	1	36 263
14191	2	1	36 274
14192	2	1	36 281
14193	2	1	36 286
14194	2	1	36 295
14195	2	1	36 304
14196	2	1	36 314
14197	2	1	36 329
14198	2	1	36 333
14199	2	1	36 334
14200	2	1	36 337
14201	2	1	36 361
14202	2	1	36 363
14203	2	1	36 367
14204	2	1	36 379
14205	2	1	36 386
14206	2	1	36 406
14207	2	1	36 410
14208	2	1	36 413
14209	2	1	36 445
14210	2	1	36 489
14211	2	1	36 495
14212	2	1	37 44
14213	2	1	37 49
14214	2	1	37 93
14215	2	1	37 105
14216	2	1	37 161
14217	2	1	37 166
14218	2	1	37 217
14219	2	1	37 223
14220	2	1	37 224
14221	2	1	37 228
14222	2	1	37 245
14223	2	1	37 248
14224	2	1	37 250
14225	2	1	37 263
14226	2	1	37 269
14227	2	1	37 277
14228	2	1	37 278
14229	2	1	37 281
14230	2	1	37 286
14231	2	1	37 289
14232	2	1	37 322
14233	2	1	37 338
14234	2	1	37 341
14235	2	1	37 342
14236	2	1	37 351
14237	2	1	37 354
14238	2	1	37 385
14239	2	1	37 387
14240	2	1	37 449
14241	2	1	37 453
14242	2	1	37 459
14243	2	1	37 497
14244	2	1	37 500
14245	2	1	38 55
14246	2	1	38 57
14247	2	1	38 60
14248	2	1	38 72
14249	2	1	38 78
14250	2	1	38 100
14251	2	1	38 103
14252	2	1	38 110
14253	2	1	38 112
14254	2	1	38 124
14255	2	1	38 139
14256	2	1	38 140
14257	2	1	38 145
14258	2	1	38 163
14259	2	1	38 174
14260	2	1	38 238
14261	2	1	38 253
14262	2	1	38 258
14263	2	1	38 262
14264	2	1	38 264
14265	2	1	38 297
14266	2	1	38 302
14267	2	1	38 326
14268	2	1	38 345
14269	2	1	38 370
14270	2	1	38 397
14271	2	1	38 406
14272	2	1	38 424
14273	2	1	38 430
14274	2	1	38 431
14275	2	1	38 453
14276	2	1	38 457
14277	2	1	38 472
14278	2	1	38 482
14279	2	1	40 41
14280	2	1	40 43
14281	2	1	40 89
14282	2	1	40 93
14283	2	1	40 95
14284	2	1	40 102
14285	2	1	40 105
14286	2	1	40 169
14287	2	1	40 170
14288	2	1	40 187
14289	2	1	40 201
14290	2	1	40 208
14291	2	1	40 218
14292	2	1	40 233
14293	2	1	40 267
14294	2	1	40 274
14295	2	1	40 278
14296	2	1	40 291
14297	2	1	40 304
14298	2	1	40 317
14299	2	1	40 376
14300	2	1	40 391
14301	2	1	40 406
14302	2	1	40 420
14303	2	1	40 432
14304	2	1	40 446
14305	2	1	40 476
14306	2	1	40 485
14307	2	1	41 43
14308	2	1	41 53
14309	2	1	41 54
14310	2	1	41 59
14311	2	1	41 66
14312	2	1	41 89
14313	2	1	41 107
14314	2	1	41 114
14315	2	1	41 120
14316	2	1	41 124
14317	2	1	41 132
14318	2	1	41 134
14319	2	1	41 152
14320	2	1	41 155
14321	2	1	41 171
14322	2	1	41 177
14323	2	1	41 201
14324	2	1	41 239
14325	2	1	41 251
14326	2	1	41 258
14327	2	1	41 264
14328	2	1	41 281
14329	2	1	41 288
14330	2	1	41 324
14331	2	1	41 342
14332	2	1	41 344
14333	2	1	41 374
14334	2	1	41 391
14335	2	1	41 404
14336	2	1	41 413
14337	2	1	41 470
14338	2	1	41 485
14339	2	1	41 486
14340	2	1	42 50
14341	2	1	42 54
14342	2	1	42 59
14343	2	1	42 81
14344	2	1	42 105
14345	2	1	42 120
14346	2	1	42 133
14347	2	1	42 136
14348	2	1	42 160
14349	2	1	42 166
14350	2	1	42 171
14351	2	1	42 175
14352	2	1	42 177
14353	2	1	42 185
14354	2	1	42 190
14355	2	1	42 240
14356	2	1	42 241
14357	2	1	42 251
14358	2	1	42 283
14359	2	1	42 294
14360	2	1	42 297
14361	2	1	42 301
14362	2	1	42 316
14363	2	1	42 326
14364	2	1	42 332
14365	2	1	42 353
14366	2	1	42 368
14367	2	1	42 376
14368	2	1	42 385
14369	2	1	42 387
14370	2	1	42 405
14371	2	1	42 412
14372	2	1	42 431
14373	2	1	42 437
14374	2	1	42 443
14375	2	1	42 444
14376	2	1	42 454
14377	2	1	42 486
14378	2	1	42 491
14379	2	1	42 495
14380	2	1	43 75
14381	2	1	43 84
14382	2	1	43 95
14383	2	1	43 98
14384	2	1	43 103
14385	2	1	43 106
14386	2	1	43 127
14387	2	1	43 138
14388	2	1	43 140
14389	2	1	43 152
14390	2	1	43 180
14391	2	1	43 203
14392	2	1	43 212
14393	2	1	43 221
14394	2	1	43 226
14395	2	1	43 238
14396	2	1	43 277
14397	2	1	43 281
14398	2	1	43 293
14399	2	1	43 297
14400	2	1	43 302
14401	2	1	43 351
14402	2	1	43 364
14403	2	1	43 366
14404	2	1	43 388
14405	2	1	43 397
14406	2	1	43 400
14407	2	1	43 412
14408	2	1	43 434
14409	2	1	43 437
14410	2	1	43 455
14411	2	1	43 473
14412	2	1	43 476
14413	2	1	43 482
14414	2	1	43 483
14415	2	1	43 496
14416	2	1	44 46
14417	2	1	44 73
14418	2	1	44 80
14419	2	1	44 86
14420	2	1	44 89
14421	2	1	44 109
14422	2	1	44 121
14423	2	1	44 135
14424	2	1	44 170
14425	2	1	44 176
14426	2	1	44 189
14427	2	1	44 224
14428	2	1	44 243
14429	2	1	44 248
14430	2	1	44 251
14431	2	1	44 302
14432	2	1	44 307
14433	2	1	44 314
14434	2	1	44 328
14435	2	1	44 329
14436	2	1	44 337
14437	2	1	44 365
14438	2	1	44 376
14439	2	1	44 386
14440	2	1	44 399
14441	2	1	44 424
14442	2	1	44 425
14443	2	1	44 437
14444	2	1	44 439
14445	2	1	44 442
14446	2	1	44 457
14447	2	1	44 462
14448	2	1	44 489
14449	2	1	44 491
14450	2	1	44 497
14451	2	1	45 49
14452	2	1	45 51
14453	2	1	45 54
14454	2	1	45 80
14455	2	1	45 81
14456	2	1	45 84
14457	2	1	45 88
14458	2	1	45 89
14459	2	1	45 90
14460	2	1	45 91
14461	2	1	45 97
14462	2	1	45 99
14463	2	1	45 128
14464	2	1	45 129
14465	2	1	45 134
14466	2	1	45 148
14467	2	1	45 149
14468	2	1	45 152
14469	2	1	45 162
14470	2	1	45 165
14471	2	1	45 181
14472	2	1	45 206
14473	2	1	45 228
14474	2	1	45 232
14475	2	1	45 250
14476	2	1	45 251
14477	2	1	45 256
14478	2	1	45 259
14479	2	1	45 266
14480	2	1	45 272
14481	2	1	45 291
14482	2	1	45 311
14483	2	1	45 323
14484	2	1	45 328
14485	2	1	45 332
14486	2	1	45 357
14487	2	1	45 366
14488	2	1	45 367
14489	2	1	45 383
14490	2	1	45 406
14491	2	1	45 409
14492	2	1	45 443
14493	2	1	45 445
14494	2	1	45 450
14495	2	1	45 468
14496	2	1	45 477
14497	2	1	45 482
14498	2	1	46 59
14499	2	1	46 61
14500	2	1	46 66
14501	2	1	46 83
14502	2	1	46 89
14503	2	1	46 104
14504	2	1	46 107
14505	2	1	46 116
14506	2	1	46 132
14507	2	1	46 135
14508	2	1	46 138
14509	2	1	46 149
14510	2	1	46 162
14511	2	1	46 170
14512	2	1	46 202
14513	2	1	46 206
14514	2	1	46 207
14515	2	1	46 209
14516	2	1	46 242
14517	2	1	46 281
14518	2	1	46 295
14519	2	1	46 299
14520	2	1	46 310
14521	2	1	46 317
14522	2	1	46 328
14523	2	1	46 341
14524	2	1	46 342
14525	2	1	46 353
14526	2	1	46 357
14527	2	1	46 363
14528	2	1	46 400
14529	2	1	46 405
14530	2	1	46 406
14531	2	1	46 435
14532	2	1	46 439
14533	2	1	46 445
14534	2	1	46 457
14535	2	1	46 459
14536	2	1	46 477
14537	2	1	46 483
14538	2	1	46 485
14539	2	1	46 486
14540	2	1	47 54
14541	2	1	47 56
14542	2	1	47 61
14543	2	1	47 64
14544	2	1	47 66
14545	2	1	47 68
14546	2	1	47 70
14547	2	1	47 76
14548	2	1	47 103
14549	2	1	47 109
14550	2	1	47 124
14551	2	1	47 129
14552	2	1	47 139
14553	2	1	47 140
14554	2	1	47 175
14555	2	1	47 209
14556	2	1	47 218
14557	2	1	47 226
14558	2	1	47 239
14559	2	1	47 248
14560	2	1	47 250
14561	2	1	47 269
14562	2	1	47 293
14563	2	1	47 296
14564	2	1	47 309
14565	2	1	47 318
14566	2	1	47 326
14567	2	1	47 355
14568	2	1	47 364
14569	2	1	47 366
14570	2	1	47 367
14571	2	1	47 403
14572	2	1	47 411
14573	2	1	47 412
14574	2	1	47 419
14575	2	1	47 428
14576	2	1	47 441
14577	2	1	47 443
14578	2	1	47 448
14579	2	1	47 462
14580	2	1	47 476
14581	2	1	47 497
14582	2	1	48 79
14583	2	1	48 96
14584	2	1	48 106
14585	2	1	48 112
14586	2	1	48 116
14587	2	1	48 132
14588	2	1	48 140
14589	2	1	48 145
14590	2	1	48 148
14591	2	1	48 153
14592	2	1	48 157
14593	2	1	48 171
14594	2	1	48 176
14595	2	1	48 185
14596	2	1	48 200
14597	2	1	48 211
14598	2	1	48 219
14599	2	1	48 228
14600	2	1	48 231
14601	2	1	48 232
14602	2	1	48 240
14603	2	1	48 242
14604	2	1	48 251
14605	2	1	48 264
14606	2	1	48 292
14607	2	1	48 303
14608	2	1	48 321
14609	2	1	48 388
14610	2	1	48 430
14611	2	1	48 433
14612	2	1	48 434
14613	2	1	48 435
14614	2	1	48 445
14615	2	1	48 460
14616	2	1	48 479
14617	2	1	48 486
14618	2	1	48 496
14619	2	1	49 51
14620	2	1	49 57
14621	2	1	49 64
14622	2	1	49 71
14623	2	1	49 78
14624	2	1	49 83
14625	2	1	49 122
14626	2	1	49 157
14627	2	1	49 193
14628	2	1	49 204
14629	2	1	49 228
14630	2	1	49 231
14631	2	1	49 242
14632	2	1	49 243
14633	2	1	49 257
14634	2	1	49 258
14635	2	1	49 265
14636	2	1	49 321
14637	2	1	49 323
14638	2	1	49 332
14639	2	1	49 335
14640	2	1	49 346
14641	2	1	49 367
14642	2	1	49 384
14643	2	1	49 404
14644	2	1	49 416
14645	2	1	49 420
14646	2	1	49 425
14647	2	1	49 429
14648	2	1	49 443
14649	2	1	49 461
14650	2	1	49 466
14651	2	1	49 468
14652	2	1	49 487
14653	2	1	49 488
14654	2	1	50 55
14655	2	1	50 56
14656	2	1	50 62
14657	2	1	50 67
14658	2	1	50 70
14659	2	1	50 75
14660	2	1	50 99
14661	2	1	50 138
14662	2	1	50 139
14663	2	1	50 143
14664	2	1	50 183
14665	2	1	50 185
14666	2	1	50 231
14667	2	1	50 253
14668	2	1	50 261
14669	2	1	50 264
14670	2	1	50 266
14671	2	1	50 279
14672	2	1	50 285
14673	2	1	50 286
14674	2	1	50 287
14675	2	1	50 321
14676	2	1	50 333
14677	2	1	50 353
14678	2	1	50 370
14679	2	1	50 373
14680	2	1	50 383
14681	2	1	50 405
14682	2	1	50 411
14683	2	1	50 413
14684	2	1	50 429
14685	2	1	50 431
14686	2	1	50 443
14687	2	1	50 489
14688	2	1	50 491
14689	2	1	50 500
14690	2	1	51 56
14691	2	1	51 67
14692	2	1	51 70
14693	2	1	51 90
14694	2	1	51 104
14695	2	1	51 140
14696	2	1	51 157
14697	2	1	51 162
14698	2	1	51 176
14699	2	1	51 223
14700	2	1	51 224
14701	2	1	51 243
14702	2	1	51 248
14703	2	1	51 274
14704	2	1	51 275
14705	2	1	51 285
14706	2	1	51 314
14707	2	1	51 319
14708	2	1	51 325
14709	2	1	51 326
14710	2	1	51 346
14711	2	1	51 355
14712	2	1	51 367
14713	2	1	51 384
14714	2	1	51 413
14715	2	1	51 427
14716	2	1	51 443
14717	2	1	51 457
14718	2	1	51 482
14719	2	1	51 484
14720	2	1	51 494
14721	2	1	52 63
14722	2	1	52 64
14723	2	1	52 67
14724	2	1	52 75
14725	2	1	52 80
14726	2	1	52 97
14727	2	1	52 98
14728	2	1	52 123
14729	2	1	52 126
14730	2	1	52 129
14731	2	1	52 130
14732	2	1	52 135
14733	2	1	52 142
14734	2	1	52 197
14735	2	1	52 217
14736	2	1	52 237
14737	2	1	52 242
14738	2	1	52 274
14739	2	1	52 285
14740	2	1	52 295
14741	2	1	52 300
14742	2	1	52 301
14743	2	1	52 342
14744	2	1	52 345
14745	2	1	52 362
14746	2	1	52 368
14747	2	1	52 387
14748	2	1	52 409
14749	2	1	52 418
14750	2	1	52 423
14751	2	1	52 442
14752	2	1	52 452
14753	2	1	52 461
14754	2	1	52 462
14755	2	1	52 477
14756	2	1	52 489
14757	2	1	53 70
14758	2	1	53 82
14759	2	1	53 96
14760	2	1	53 149
14761	2	1	53 158
14762	2	1	53 172
14763	2	1	53 173
14764	2	1	53 174
14765	2	1	53 183
14766	2	1	53 218
14767	2	1	53 227
14768	2	1	53 236
14769	2	1	53 239
14770	2	1	53 264
14771	2	1	53 269
14772	2	1	53 274
14773	2	1	53 293
14774	2	1	53 297
14775	2	1	53 313
14776	2	1	53 315
14777	2	1	53 319
14778	2	1	53 324
14779	2	1	53 329
14780	2	1	53 330
14781	2	1	53 332
14782	2	1	53 333
14783	2	1	53 345
14784	2	1	53 354
14785	2	1	53 369
14786	2	1	53 422
14787	2	1	53 423
14788	2	1	53 428
14789	2	1	53 430
14790	2	1	53 435
14791	2	1	53 439
14792	2	1	53 440
14793	2	1	53 443
14794	2	1	53 445
14795	2	1	53 483
14796	2	1	53 491
14797	2	1	54 78
14798	2	1	54 92
14799	2	1	54 94
14800	2	1	54 97
14801	2	1	54 102
14802	2	1	54 126
14803	2	1	54 140
14804	2	1	54 182
14805	2	1	54 189
14806	2	1	54 193
14807	2	1	54 199
14808	2	1	54 200
14809	2	1	54 207
14810	2	1	54 225
14811	2	1	54 251
14812	2	1	54 262
14813	2	1	54 267
14814	2	1	54 282
14815	2	1	54 302
14816	2	1	54 326
14817	2	1	54 341
14818	2	1	54 359
14819	2	1	54 367
14820	2	1	54 373
14821	2	1	54 384
14822	2	1	54 400
14823	2	1	54 405
14824	2	1	54 417
14825	2	1	54 419
14826	2	1	54 435
14827	2	1	54 440
14828	2	1	54 449
14829	2	1	54 452
14830	2	1	54 489
14831	2	1	54 491
14832	2	1	54 494
14833	2	1	55 82
14834	2	1	55 83
14835	2	1	55 124
14836	2	1	55 148
14837	2	1	55 162
14838	2	1	55 164
14839	2	1	55 169
14840	2	1	55 190
14841	2	1	55 193
14842	2	1	55 222
14843	2	1	55 230
14844	2	1	55 237
14845	2	1	55 311
14846	2	1	55 321
14847	2	1	55 342
14848	2	1	55 378
14849	2	1	55 381
14850	2	1	55 437
14851	2	1	55 442
14852	2	1	55 446
14853	2	1	55 447
14854	2	1	55 459
14855	2	1	55 460
14856	2	1	55 461
14857	2	1	55 467
14858	2	1	55 479
14859	2	1	55 480
14860	2	1	56 63
14861	2	1	56 75
14862	2	1	56 76
14863	2	1	56 88
14864	2	1	56 98
14865	2	1	56 99
14866	2	1	56 105
14867	2	1	56 129
14868	2	1	56 138
14869	2	1	56 169
14870	2	1	56 174
14871	2	1	56 180
14872	2	1	56 187
14873	2	1	56 201
14874	2	1	56 204
14875	2	1	56 209
14876	2	1	56 217
14877	2	1	56 236
14878	2	1	56 244
14879	2	1	56 251
14880	2	1	56 291
14881	2	1	56 295
14882	2	1	56 297
14883	2	1	56 301
14884	2	1	56 315
14885	2	1	56 340
14886	2	1	56 344
14887	2	1	56 347
14888	2	1	56 362
14889	2	1	56 363
14890	2	1	56 377
14891	2	1	56 384
14892	2	1	56 396
14893	2	1	56 425
14894	2	1	56 429
14895	2	1	56 441
14896	2	1	56 481
14897	2	1	57 59
14898	2	1	57 66
14899	2	1	57 69
14900	2	1	57 75
14901	2	1	57 107
14902	2	1	57 116
14903	2	1	57 123
14904	2	1	57 132
14905	2	1	57 149
14906	2	1	57 153
14907	2	1	57 158
14908	2	1	57 162
14909	2	1	57 216
14910	2	1	57 234
14911	2	1	57 236
14912	2	1	57 240
14913	2	1	57 263
14914	2	1	57 282
14915	2	1	57 296
14916	2	1	57 310
14917	2	1	57 313
14918	2	1	57 321
14919	2	1	57 329
14920	2	1	57 333
14921	2	1	57 355
14922	2	1	57 359
14923	2	1	57 363
14924	2	1	57 371
14925	2	1	57 386
14926	2	1	57 412
14927	2	1	57 422
14928	2	1	57 432
14929	2	1	57 439
14930	2	1	57 441
14931	2	1	57 445
14932	2	1	57 458
14933	2	1	57 471
14934	2	1	57 479
14935	2	1	57 481
14936	2	1	57 488
14937	2	1	59 74
14938	2	1	59 83
14939	2	1	59 99
14940	2	1	59 101
14941	2	1	59 106
14942	2	1	59 109
14943	2	1	59 136
14944	2	1	59 137
14945	2	1	59 140
14946	2	1	59 145
14947	2	1	59 162
14948	2	1	59 171
14949	2	1	59 187
14950	2	1	59 221
14951	2	1	59 236
14952	2	1	59 238
14953	2	1	59 243
14954	2	1	59 260
14955	2	1	59 261
14956	2	1	59 265
14957	2	1	59 282
14958	2	1	59 284
14959	2	1	59 297
14960	2	1	59 308
14961	2	1	59 313
14962	2	1	59 314
14963	2	1	59 333
14964	2	1	59 337
14965	2	1	59 349
14966	2	1	59 365
14967	2	1	59 376
14968	2	1	59 394
14969	2	1	59 403
14970	2	1	59 409
14971	2	1	59 433
14972	2	1	59 446
14973	2	1	59 480
14974	2	1	59 484
14975	2	1	59 496
14976	2	1	60 64
14977	2	1	60 66
14978	2	1	60 70
14979	2	1	60 76
14980	2	1	60 86
14981	2	1	60 92
14982	2	1	60 95
14983	2	1	60 104
14984	2	1	60 106
14985	2	1	60 121
14986	2	1	60 129
14987	2	1	60 141
14988	2	1	60 158
14989	2	1	60 159
14990	2	1	60 167
14991	2	1	60 172
14992	2	1	60 185
14993	2	1	60 187
14994	2	1	60 210
14995	2	1	60 221
14996	2	1	60 258
14997	2	1	60 259
14998	2	1	60 261
14999	2	1	60 302
15000	2	1	60 307
15001	2	1	60 313
15002	2	1	60 319
15003	2	1	60 328
15004	2	1	60 333
15005	2	1	60 343
15006	2	1	60 364
15007	2	1	60 369
15008	2	1	60 418
15009	2	1	60 422
15010	2	1	60 446
15011	2	1	60 450
15012	2	1	60 453
15013	2	1	60 476
15014	2	1	60 487
15015	2	1	60 488
15016	2	1	61 82
15017	2	1	61 101
15018	2	1	61 128
15019	2	1	61 167
15020	2	1	61 171
15021	2	1	61 173
15022	2	1	61 176
15023	2	1	61 208
15024	2	1	61 222
15025	2	1	61 230
15026	2	1	61 241
15027	2	1	61 249
15028	2	1	61 260
15029	2	1	61 265
15030	2	1	61 266
15031	2	1	61 298
15032	2	1	61 307
15033	2	1	61 308
15034	2	1	61 326
15035	2	1	61 332
15036	2	1	61 333
15037	2	1	61 344
15038	2	1	61 359
15039	2	1	61 372
15040	2	1	61 374
15041	2	1	61 393
15042	2	1	61 396
15043	2	1	61 405
15044	2	1	61 406
15045	2	1	61 411
15046	2	1	61 422
15047	2	1	61 443
15048	2	1	61 448
15049	2	1	61 455
15050	2	1	61 462
15051	2	1	61 471
15052	2	1	61 495
15053	2	1	62 72
15054	2	1	62 89
15055	2	1	62 92
15056	2	1	62 94
15057	2	1	62 102
15058	2	1	62 121
15059	2	1	62 149
15060	2	1	62 163
15061	2	1	62 165
15062	2	1	62 166
15063	2	1	62 202
15064	2	1	62 218
15065	2	1	62 260
15066	2	1	62 261
15067	2	1	62 264
15068	2	1	62 275
15069	2	1	62 286
15070	2	1	62 297
15071	2	1	62 303
15072	2	1	62 311
15073	2	1	62 318
15074	2	1	62 323
15075	2	1	62 340
15076	2	1	62 349
15077	2	1	62 351
15078	2	1	62 354
15079	2	1	62 362
15080	2	1	62 369
15081	2	1	62 371
15082	2	1	62 378
15083	2	1	62 381
15084	2	1	62 400
15085	2	1	62 419
15086	2	1	62 425
15087	2	1	62 428
15088	2	1	62 429
15089	2	1	62 431
15090	2	1	62 433
15091	2	1	62 439
15092	2	1	62 465
15093	2	1	62 479
15094	2	1	62 484
15095	2	1	63 76
15096	2	1	63 80
15097	2	1	63 87
15098	2	1	63 88
15099	2	1	63 92
15100	2	1	63 96
15101	2	1	63 98
15102	2	1	63 100
15103	2	1	63 120
15104	2	1	63 123
15105	2	1	63 148
15106	2	1	63 153
15107	2	1	63 155
15108	2	1	63 162
15109	2	1	63 169
15110	2	1	63 182
15111	2	1	63 193
15112	2	1	63 229
15113	2	1	63 240
15114	2	1	63 258
15115	2	1	63 288
15116	2	1	63 292
15117	2	1	63 296
15118	2	1	63 302
15119	2	1	63 308
15120	2	1	63 326
15121	2	1	63 359
15122	2	1	63 365
15123	2	1	63 412
15124	2	1	63 418
15125	2	1	63 434
15126	2	1	63 445
15127	2	1	63 458
15128	2	1	63 467
15129	2	1	63 497
15130	2	1	64 70
15131	2	1	64 75
15132	2	1	64 98
15133	2	1	64 101
15134	2	1	64 135
15135	2	1	64 172
15136	2	1	64 181
15137	2	1	64 182
15138	2	1	64 202
15139	2	1	64 212
15140	2	1	64 222
15141	2	1	64 224
15142	2	1	64 246
15143	2	1	64 248
15144	2	1	64 269
15145	2	1	64 278
15146	2	1	64 296
15147	2	1	64 303
15148	2	1	64 304
15149	2	1	64 313
15150	2	1	64 324
15151	2	1	64 327
15152	2	1	64 333
15153	2	1	64 370
15154	2	1	64 371
15155	2	1	64 372
15156	2	1	64 378
15157	2	1	64 397
15158	2	1	64 412
15159	2	1	64 419
15160	2	1	64 433
15161	2	1	64 439
15162	2	1	64 448
15163	2	1	64 473
15164	2	1	64 480
15165	2	1	64 482
15166	2	1	64 483
15167	2	1	64 484
15168	2	1	65 69
15169	2	1	65 76
15170	2	1	65 88
15171	2	1	65 97
15172	2	1	65 100
15173	2	1	65 127
15174	2	1	65 133
15175	2	1	65 167
15176	2	1	65 171
15177	2	1	65 174
15178	2	1	65 192
15179	2	1	65 211
15180	2	1	65 227
15181	2	1	65 238
15182	2	1	65 263
15183	2	1	65 267
15184	2	1	65 305
15185	2	1	65 310
15186	2	1	65 323
15187	2	1	65 324
15188	2	1	65 329
15189	2	1	65 372
15190	2	1	65 378
15191	2	1	65 380
15192	2	1	65 400
15193	2	1	65 405
15194	2	1	65 409
15195	2	1	65 455
15196	2	1	65 457
15197	2	1	65 467
15198	2	1	65 489
15199	2	1	66 69
15200	2	1	66 87
15201	2	1	66 91
15202	2	1	66 95
15203	2	1	66 112
15204	2	1	66 133
15205	2	1	66 152
15206	2	1	66 180
15207	2	1	66 182
15208	2	1	66 187
15209	2	1	66 201
15210	2	1	66 206
15211	2	1	66 209
15212	2	1	66 211
15213	2	1	66 221
15214	2	1	66 232
15215	2	1	66 236
15216	2	1	66 239
15217	2	1	66 243
15218	2	1	66 282
15219	2	1	66 296
15220	2	1	66 316
15221	2	1	66 319
15222	2	1	66 325
15223	2	1	66 333
15224	2	1	66 345
15225	2	1	66 354
15226	2	1	66 369
15227	2	1	66 387
15228	2	1	66 398
15229	2	1	66 405
15230	2	1	66 406
15231	2	1	66 429
15232	2	1	66 432
15233	2	1	66 443
15234	2	1	66 446
15235	2	1	66 454
15236	2	1	66 482
15237	2	1	66 485
15238	2	1	66 488
15239	2	1	67 78
15240	2	1	67 82
15241	2	1	67 86
15242	2	1	67 93
15243	2	1	67 126
15244	2	1	67 148
15245	2	1	67 157
15246	2	1	67 164
15247	2	1	67 207
15248	2	1	67 224
15249	2	1	67 228
15250	2	1	67 267
15251	2	1	67 278
15252	2	1	67 299
15253	2	1	67 302
15254	2	1	67 323
15255	2	1	67 394
15256	2	1	67 400
15257	2	1	67 409
15258	2	1	67 437
15259	2	1	67 442
15260	2	1	67 447
15261	2	1	67 471
15262	2	1	67 481
15263	2	1	68 69
15264	2	1	68 81
15265	2	1	68 87
15266	2	1	68 94
15267	2	1	68 99
15268	2	1	68 104
15269	2	1	68 120
15270	2	1	68 156
15271	2	1	68 163
15272	2	1	68 173
15273	2	1	68 174
15274	2	1	68 176
15275	2	1	68 186
15276	2	1	68 188
15277	2	1	68 197
15278	2	1	68 203
15279	2	1	68 212
15280	2	1	68 230
15281	2	1	68 237
15282	2	1	68 244
15283	2	1	68 263
15284	2	1	68 303
15285	2	1	68 304
15286	2	1	68 308
15287	2	1	68 357
15288	2	1	68 373
15289	2	1	68 411
15290	2	1	68 413
15291	2	1	68 434
15292	2	1	68 435
15293	2	1	68 442
15294	2	1	68 446
15295	2	1	68 466
15296	2	1	68 476
15297	2	1	69 82
15298	2	1	69 94
15299	2	1	69 107
15300	2	1	69 123
15301	2	1	69 130
15302	2	1	69 156
15303	2	1	69 166
15304	2	1	69 170
15305	2	1	69 172
15306	2	1	69 180
15307	2	1	69 185
15308	2	1	69 193
15309	2	1	69 225
15310	2	1	69 231
15311	2	1	69 239
15312	2	1	69 246
15313	2	1	69 249
15314	2	1	69 264
15315	2	1	69 269
15316	2	1	69 278
15317	2	1	69 279
15318	2	1	69 298
15319	2	1	69 312
15320	2	1	69 349
15321	2	1	69 376
15322	2	1	69 426
15323	2	1	69 428
15324	2	1	69 468
15325	2	1	69 482
15326	2	1	69 495
15327	2	1	70 75
15328	2	1	70 77
15329	2	1	70 82
15330	2	1	70 87
15331	2	1	70 94
15332	2	1	70 103
15333	2	1	70 106
15334	2	1	70 116
15335	2	1	70 139
15336	2	1	70 143
15337	2	1	70 153
15338	2	1	70 159
15339	2	1	70 163
15340	2	1	70 164
15341	2	1	70 173
15342	2	1	70 189
15343	2	1	70 221
15344	2	1	70 246
15345	2	1	70 286
15346	2	1	70 301
15347	2	1	70 308
15348	2	1	70 326
15349	2	1	70 347
15350	2	1	70 357
15351	2	1	70 366
15352	2	1	70 367
15353	2	1	70 378
15354	2	1	70 386
15355	2	1	70 406
15356	2	1	70 455
15357	2	1	70 459
15358	2	1	70 460
15359	2	1	70 465
15360	2	1	70 470
15361	2	1	70 484
15362	2	1	71 93
15363	2	1	71 142
15364	2	1	71 143
15365	2	1	71 156
15366	2	1	71 166
15367	2	1	71 169
15368	2	1	71 182
15369	2	1	71 224
15370	2	1	71 229
15371	2	1	71 277
15372	2	1	71 282
15373	2	1	71 298
15374	2	1	71 300
15375	2	1	71 304
15376	2	1	71 310
15377	2	1	71 319
15378	2	1	71 320
15379	2	1	71 327
15380	2	1	71 341
15381	2	1	71 368
15382	2	1	71 386
15383	2	1	71 389
15384	2	1	71 393
15385	2	1	71 396
15386	2	1	71 428
15387	2	1	71 432
15388	2	1	71 452
15389	2	1	71 454
15390	2	1	71 468
15391	2	1	71 481
15392	2	1	71 485
15393	2	1	71 496
15394	2	1	71 500
15395	2	1	72 80
15396	2	1	72 81
15397	2	1	72 92
15398	2	1	72 119
15399	2	1	72 133
15400	2	1	72 134
15401	2	1	72 149
15402	2	1	72 155
15403	2	1	72 159
15404	2	1	72 170
15405	2	1	72 210
15406	2	1	72 222
15407	2	1	72 248
15408	2	1	72 288
15409	2	1	72 310
15410	2	1	72 316
15411	2	1	72 319
15412	2	1	72 325
15413	2	1	72 354
15414	2	1	72 361
15415	2	1	72 362
15416	2	1	72 367
15417	2	1	72 368
15418	2	1	72 404
15419	2	1	72 411
15420	2	1	72 433
15421	2	1	72 460
15422	2	1	72 479
15423	2	1	72 489
15424	2	1	73 75
15425	2	1	73 77
15426	2	1	73 122
15427	2	1	73 128
15428	2	1	73 136
15429	2	1	73 157
15430	2	1	73 163
15431	2	1	73 164
15432	2	1	73 165
15433	2	1	73 167
15434	2	1	73 223
15435	2	1	73 238
15436	2	1	73 245
15437	2	1	73 251
15438	2	1	73 261
15439	2	1	73 295
15440	2	1	73 299
15441	2	1	73 312
15442	2	1	73 316
15443	2	1	73 337
15444	2	1	73 343
15445	2	1	73 347
15446	2	1	73 354
15447	2	1	73 381
15448	2	1	73 393
15449	2	1	73 394
15450	2	1	73 406
15451	2	1	73 413
15452	2	1	73 417
15453	2	1	73 431
15454	2	1	73 446
15455	2	1	73 466
15456	2	1	73 471
15457	2	1	73 476
15458	2	1	73 477
15459	2	1	73 482
15460	2	1	73 488
15461	2	1	73 500
15462	2	1	74 80
15463	2	1	74 83
15464	2	1	74 122
15465	2	1	74 181
15466	2	1	74 212
15467	2	1	74 213
15468	2	1	74 218
15469	2	1	74 221
15470	2	1	74 233
15471	2	1	74 258
15472	2	1	74 289
15473	2	1	74 291
15474	2	1	74 292
15475	2	1	74 295
15476	2	1	74 314
15477	2	1	74 317
15478	2	1	74 329
15479	2	1	74 373
15480	2	1	74 385
15481	2	1	74 405
15482	2	1	74 428
15483	2	1	74 445
15484	2	1	74 455
15485	2	1	74 461
15486	2	1	74 472
15487	2	1	74 477
15488	2	1	74 480
15489	2	1	75 86
15490	2	1	75 89
15491	2	1	75 122
15492	2	1	75 139
15493	2	1	75 158
15494	2	1	75 183
15495	2	1	75 188
15496	2	1	75 192
15497	2	1	75 199
15498	2	1	75 221
15499	2	1	75 267
15500	2	1	75 286
15501	2	1	75 287
15502	2	1	75 292
15503	2	1	75 294
15504	2	1	75 305
15505	2	1	75 314
15506	2	1	75 315
15507	2	1	75 317
15508	2	1	75 318
15509	2	1	75 329
15510	2	1	75 340
15511	2	1	75 354
15512	2	1	75 355
15513	2	1	75 372
15514	2	1	75 387
15515	2	1	75 427
15516	2	1	75 449
15517	2	1	75 459
15518	2	1	75 477
15519	2	1	75 488
15520	2	1	76 80
15521	2	1	76 83
15522	2	1	76 92
15523	2	1	76 128
15524	2	1	76 129
15525	2	1	76 139
15526	2	1	76 140
15527	2	1	76 153
15528	2	1	76 155
15529	2	1	76 157
15530	2	1	76 163
15531	2	1	76 170
15532	2	1	76 217
15533	2	1	76 219
15534	2	1	76 223
15535	2	1	76 230
15536	2	1	76 236
15537	2	1	76 243
15538	2	1	76 265
15539	2	1	76 286
15540	2	1	76 325
15541	2	1	76 334
15542	2	1	76 338
15543	2	1	76 351
15544	2	1	76 355
15545	2	1	76 362
15546	2	1	76 365
15547	2	1	76 366
15548	2	1	76 368
15549	2	1	76 369
15550	2	1	76 458
15551	2	1	76 481
15552	2	1	77 79
15553	2	1	77 96
15554	2	1	77 99
15555	2	1	77 107
15556	2	1	77 110
15557	2	1	77 112
15558	2	1	77 122
15559	2	1	77 155
15560	2	1	77 157
15561	2	1	77 167
15562	2	1	77 174
15563	2	1	77 193
15564	2	1	77 202
15565	2	1	77 218
15566	2	1	77 231
15567	2	1	77 238
15568	2	1	77 242
15569	2	1	77 246
15570	2	1	77 249
15571	2	1	77 250
15572	2	1	77 256
15573	2	1	77 260
15574	2	1	77 289
15575	2	1	77 294
15576	2	1	77 298
15577	2	1	77 310
15578	2	1	77 314
15579	2	1	77 327
15580	2	1	77 328
15581	2	1	77 335
15582	2	1	77 345
15583	2	1	77 357
15584	2	1	77 380
15585	2	1	77 381
15586	2	1	77 396
15587	2	1	77 439
15588	2	1	77 443
15589	2	1	77 448
15590	2	1	77 455
15591	2	1	77 461
15592	2	1	77 477
15593	2	1	77 480
15594	2	1	77 494
15595	2	1	77 496
15596	2	1	78 88
15597	2	1	78 90
15598	2	1	78 94
15599	2	1	78 95
15600	2	1	78 97
15601	2	1	78 120
15602	2	1	78 129
15603	2	1	78 137
15604	2	1	78 162
15605	2	1	78 163
15606	2	1	78 170
15607	2	1	78 188
15608	2	1	78 208
15609	2	1	78 210
15610	2	1	78 218
15611	2	1	78 223
15612	2	1	78 225
15613	2	1	78 226
15614	2	1	78 230
15615	2	1	78 256
15616	2	1	78 260
15617	2	1	78 281
15618	2	1	78 313
15619	2	1	78 322
15620	2	1	78 330
15621	2	1	78 332
15622	2	1	78 346
15623	2	1	78 351
15624	2	1	78 366
15625	2	1	78 374
15626	2	1	78 387
15627	2	1	78 393
15628	2	1	78 398
15629	2	1	78 432
15630	2	1	78 434
15631	2	1	78 436
15632	2	1	78 443
15633	2	1	78 446
15634	2	1	78 449
15635	2	1	78 450
15636	2	1	78 455
15637	2	1	78 459
15638	2	1	79 84
15639	2	1	79 103
15640	2	1	79 110
15641	2	1	79 116
15642	2	1	79 129
15643	2	1	79 149
15644	2	1	79 152
15645	2	1	79 159
15646	2	1	79 173
15647	2	1	79 207
15648	2	1	79 208
15649	2	1	79 229
15650	2	1	79 230
15651	2	1	79 275
15652	2	1	79 285
15653	2	1	79 323
15654	2	1	79 334
15655	2	1	79 341
15656	2	1	79 378
15657	2	1	79 381
15658	2	1	79 393
15659	2	1	79 394
15660	2	1	79 417
15661	2	1	79 422
15662	2	1	79 425
15663	2	1	79 430
15664	2	1	79 437
15665	2	1	79 444
15666	2	1	79 446
15667	2	1	79 457
15668	2	1	79 470
15669	2	1	79 472
15670	2	1	79 482
15671	2	1	79 484
15672	2	1	79 491
15673	2	1	80 121
15674	2	1	80 133
15675	2	1	80 159
15676	2	1	80 163
15677	2	1	80 175
15678	2	1	80 183
15679	2	1	80 200
15680	2	1	80 204
15681	2	1	80 217
15682	2	1	80 226
15683	2	1	80 239
15684	2	1	80 240
15685	2	1	80 241
15686	2	1	80 253
15687	2	1	80 288
15688	2	1	80 305
15689	2	1	80 312
15690	2	1	80 318
15691	2	1	80 320
15692	2	1	80 330
15693	2	1	80 383
15694	2	1	80 385
15695	2	1	80 388
15696	2	1	80 405
15697	2	1	80 424
15698	2	1	80 444
15699	2	1	80 446
15700	2	1	80 449
15701	2	1	80 454
15702	2	1	80 457
15703	2	1	80 471
15704	2	1	81 90
15705	2	1	81 93
15706	2	1	81 94
15707	2	1	81 100
15708	2	1	81 110
15709	2	1	81 114
15710	2	1	81 128
15711	2	1	81 130
15712	2	1	81 132
15713	2	1	81 164
15714	2	1	81 197
15715	2	1	81 211
15716	2	1	81 217
15717	2	1	81 231
15718	2	1	81 249
15719	2	1	81 253
15720	2	1	81 259
15721	2	1	81 262
15722	2	1	81 263
15723	2	1	81 276
15724	2	1	81 281
15725	2	1	81 301
15726	2	1	81 313
15727	2	1	81 322
15728	2	1	81 324
15729	2	1	81 329
15730	2	1	81 332
15731	2	1	81 334
15732	2	1	81 337
15733	2	1	81 349
15734	2	1	81 397
15735	2	1	81 398
15736	2	1	81 427
15737	2	1	81 441
15738	2	1	81 448
15739	2	1	81 455
15740	2	1	81 462
15741	2	1	81 468
15742	2	1	81 472
15743	2	1	81 497
15744	2	1	82 87
15745	2	1	82 94
15746	2	1	82 133
15747	2	1	82 142
15748	2	1	82 158
15749	2	1	82 159
15750	2	1	82 187
15751	2	1	82 190
15752	2	1	82 226
15753	2	1	82 277
15754	2	1	82 281
15755	2	1	82 282
15756	2	1	82 300
15757	2	1	82 302
15758	2	1	82 321
15759	2	1	82 323
15760	2	1	82 356
15761	2	1	82 363
15762	2	1	82 376
15763	2	1	82 386
15764	2	1	82 389
15765	2	1	82 398
15766	2	1	82 400
15767	2	1	82 419
15768	2	1	82 452
15769	2	1	82 465
15770	2	1	83 86
15771	2	1	83 91
15772	2	1	83 95
15773	2	1	83 101
15774	2	1	83 116
15775	2	1	83 122
15776	2	1	83 123
15777	2	1	83 127
15778	2	1	83 136
15779	2	1	83 142
15780	2	1	83 143
15781	2	1	83 152
15782	2	1	83 156
15783	2	1	83 172
15784	2	1	83 185
15785	2	1	83 190
15786	2	1	83 193
15787	2	1	83 219
15788	2	1	83 221
15789	2	1	83 225
15790	2	1	83 229
15791	2	1	83 230
15792	2	1	83 239
15793	2	1	83 283
15794	2	1	83 300
15795	2	1	83 313
15796	2	1	83 318
15797	2	1	83 326
15798	2	1	83 337
15799	2	1	83 342
15800	2	1	83 346
15801	2	1	83 349
15802	2	1	83 355
15803	2	1	83 365
15804	2	1	83 376
15805	2	1	83 412
15806	2	1	83 435
15807	2	1	83 457
15808	2	1	83 483
15809	2	1	83 486
15810	2	1	84 86
15811	2	1	84 99
15812	2	1	84 102
15813	2	1	84 115
15814	2	1	84 143
15815	2	1	84 165
15816	2	1	84 166
15817	2	1	84 171
15818	2	1	84 174
15819	2	1	84 201
15820	2	1	84 227
15821	2	1	84 229
15822	2	1	84 233
15823	2	1	84 240
15824	2	1	84 244
15825	2	1	84 265
15826	2	1	84 288
15827	2	1	84 318
15828	2	1	84 334
15829	2	1	84 345
15830	2	1	84 365
15831	2	1	84 372
15832	2	1	84 385
15833	2	1	84 399
15834	2	1	84 409
15835	2	1	84 412
15836	2	1	84 419
15837	2	1	84 432
15838	2	1	84 436
15839	2	1	84 447
15840	2	1	84 450
15841	2	1	84 466
15842	2	1	84 472
15843	2	1	84 485
15844	2	1	84 491
15845	2	1	86 88
15846	2	1	86 91
15847	2	1	86 106
15848	2	1	86 114
15849	2	1	86 115
15850	2	1	86 135
15851	2	1	86 182
15852	2	1	86 192
15853	2	1	86 202
15854	2	1	86 216
15855	2	1	86 232
15856	2	1	86 234
15857	2	1	86 275
15858	2	1	86 279
15859	2	1	86 294
15860	2	1	86 300
15861	2	1	86 313
15862	2	1	86 319
15863	2	1	86 321
15864	2	1	86 338
15865	2	1	86 346
15866	2	1	86 368
15867	2	1	86 372
15868	2	1	86 374
15869	2	1	86 378
15870	2	1	86 383
15871	2	1	86 397
15872	2	1	86 412
15873	2	1	86 426
15874	2	1	86 431
15875	2	1	86 433
15876	2	1	86 435
15877	2	1	86 447
15878	2	1	86 467
15879	2	1	86 487
15880	2	1	86 488
15881	2	1	87 130
15882	2	1	87 161
15883	2	1	87 171
15884	2	1	87 175
15885	2	1	87 208
15886	2	1	87 210
15887	2	1	87 277
15888	2	1	87 292
15889	2	1	87 318
15890	2	1	87 333
15891	2	1	87 372
15892	2	1	87 385
15893	2	1	87 404
15894	2	1	87 410
15895	2	1	87 412
15896	2	1	87 413
15897	2	1	87 416
15898	2	1	87 424
15899	2	1	87 450
15900	2	1	87 452
15901	2	1	87 480
15902	2	1	87 481
15903	2	1	88 93
15904	2	1	88 95
15905	2	1	88 100
15906	2	1	88 104
15907	2	1	88 122
15908	2	1	88 138
15909	2	1	88 141
15910	2	1	88 163
15911	2	1	88 165
15912	2	1	88 175
15913	2	1	88 201
15914	2	1	88 207
15915	2	1	88 230
15916	2	1	88 239
15917	2	1	88 267
15918	2	1	88 295
15919	2	1	88 298
15920	2	1	88 317
15921	2	1	88 321
15922	2	1	88 325
15923	2	1	88 328
15924	2	1	88 338
15925	2	1	88 341
15926	2	1	88 349
15927	2	1	88 359
15928	2	1	88 363
15929	2	1	88 372
15930	2	1	88 412
15931	2	1	88 422
15932	2	1	88 440
15933	2	1	88 500
15934	2	1	89 107
15935	2	1	89 119
15936	2	1	89 120
15937	2	1	89 140
15938	2	1	89 162
15939	2	1	89 167
15940	2	1	89 181
15941	2	1	89 201
15942	2	1	89 206
15943	2	1	89 210
15944	2	1	89 234
15945	2	1	89 240
15946	2	1	89 251
15947	2	1	89 258
15948	2	1	89 271
15949	2	1	89 274
15950	2	1	89 281
15951	2	1	89 289
15952	2	1	89 291
15953	2	1	89 297
15954	2	1	89 308
15955	2	1	89 345
15956	2	1	89 354
15957	2	1	89 381
15958	2	1	89 394
15959	2	1	89 423
15960	2	1	89 434
15961	2	1	89 435
15962	2	1	89 462
15963	2	1	89 463
15964	2	1	89 465
15965	2	1	89 466
15966	2	1	89 471
15967	2	1	89 487
15968	2	1	89 489
15969	2	1	89 500
15970	2	1	90 119
15971	2	1	90 134
15972	2	1	90 138
15973	2	1	90 152
15974	2	1	90 162
15975	2	1	90 165
15976	2	1	90 201
15977	2	1	90 210
15978	2	1	90 222
15979	2	1	90 223
15980	2	1	90 224
15981	2	1	90 229
15982	2	1	90 232
15983	2	1	90 234
15984	2	1	90 240
15985	2	1	90 245
15986	2	1	90 261
15987	2	1	90 264
15988	2	1	90 278
15989	2	1	90 300
15990	2	1	90 310
15991	2	1	90 325
15992	2	1	90 340
15993	2	1	90 359
15994	2	1	90 371
15995	2	1	90 391
15996	2	1	90 412
15997	2	1	90 419
15998	2	1	90 435
15999	2	1	90 440
16000	2	1	90 460
16001	2	1	90 480
16002	2	1	90 486
16003	2	1	90 491
16004	2	1	90 496
16005	2	1	91 120
16006	2	1	91 126
16007	2	1	91 128
16008	2	1	91 141
16009	2	1	91 153
16010	2	1	91 162
16011	2	1	91 166
16012	2	1	91 185
16013	2	1	91 221
16014	2	1	91 238
16015	2	1	91 244
16016	2	1	91 245
16017	2	1	91 257
16018	2	1	91 272
16019	2	1	91 275
16020	2	1	91 278
16021	2	1	91 307
16022	2	1	91 312
16023	2	1	91 317
16024	2	1	91 321
16025	2	1	91 325
16026	2	1	91 333
16027	2	1	91 362
16028	2	1	91 370
16029	2	1	91 376
16030	2	1	91 381
16031	2	1	91 383
16032	2	1	91 406
16033	2	1	91 419
16034	2	1	91 425
16035	2	1	91 441
16036	2	1	91 466
16037	2	1	91 468
16038	2	1	91 470
16039	2	1	91 479
16040	2	1	91 480
16041	2	1	91 491
16042	2	1	92 98
16043	2	1	92 101
16044	2	1	92 115
16045	2	1	92 134
16046	2	1	92 149
16047	2	1	92 161
16048	2	1	92 165
16049	2	1	92 173
16050	2	1	92 202
16051	2	1	92 210
16052	2	1	92 231
16053	2	1	92 232
16054	2	1	92 259
16055	2	1	92 262
16056	2	1	92 264
16057	2	1	92 266
16058	2	1	92 293
16059	2	1	92 300
16060	2	1	92 323
16061	2	1	92 346
16062	2	1	92 351
16063	2	1	92 354
16064	2	1	92 367
16065	2	1	92 379
16066	2	1	92 384
16067	2	1	92 385
16068	2	1	92 389
16069	2	1	92 391
16070	2	1	92 466
16071	2	1	92 472
16072	2	1	93 95
16073	2	1	93 96
16074	2	1	93 132
16075	2	1	93 133
16076	2	1	93 134
16077	2	1	93 140
16078	2	1	93 171
16079	2	1	93 177
16080	2	1	93 181
16081	2	1	93 199
16082	2	1	93 202
16083	2	1	93 243
16084	2	1	93 251
16085	2	1	93 287
16086	2	1	93 296
16087	2	1	93 300
16088	2	1	93 301
16089	2	1	93 302
16090	2	1	93 304
16091	2	1	93 308
16092	2	1	93 333
16093	2	1	93 334
16094	2	1	93 342
16095	2	1	93 346
16096	2	1	93 365
16097	2	1	93 396
16098	2	1	93 397
16099	2	1	93 400
16100	2	1	93 429
16101	2	1	93 435
16102	2	1	93 441
16103	2	1	93 447
16104	2	1	93 448
16105	2	1	93 455
16106	2	1	93 462
16107	2	1	94 120
16108	2	1	94 148
16109	2	1	94 159
16110	2	1	94 171
16111	2	1	94 183
16112	2	1	94 190
16113	2	1	94 243
16114	2	1	94 267
16115	2	1	94 288
16116	2	1	94 294
16117	2	1	94 295
16118	2	1	94 297
16119	2	1	94 298
16120	2	1	94 312
16121	2	1	94 315
16122	2	1	94 324
16123	2	1	94 342
16124	2	1	94 344
16125	2	1	94 350
16126	2	1	94 385
16127	2	1	94 399
16128	2	1	94 411
16129	2	1	94 413
16130	2	1	94 426
16131	2	1	94 455
16132	2	1	94 480
16133	2	1	94 487
16134	2	1	94 500
16135	2	1	95 98
16136	2	1	95 101
16137	2	1	95 105
16138	2	1	95 127
16139	2	1	95 132
16140	2	1	95 188
16141	2	1	95 203
16142	2	1	95 213
16143	2	1	95 222
16144	2	1	95 224
16145	2	1	95 233
16146	2	1	95 237
16147	2	1	95 241
16148	2	1	95 246
16149	2	1	95 261
16150	2	1	95 264
16151	2	1	95 266
16152	2	1	95 300
16153	2	1	95 312
16154	2	1	95 319
16155	2	1	95 322
16156	2	1	95 324
16157	2	1	95 333
16158	2	1	95 350
16159	2	1	95 371
16160	2	1	95 398
16161	2	1	95 399
16162	2	1	95 416
16163	2	1	95 425
16164	2	1	95 427
16165	2	1	95 430
16166	2	1	95 433
16167	2	1	95 446
16168	2	1	95 460
16169	2	1	95 466
16170	2	1	95 467
16171	2	1	95 468
16172	2	1	96 115
16173	2	1	96 126
16174	2	1	96 155
16175	2	1	96 163
16176	2	1	96 173
16177	2	1	96 201
16178	2	1	96 202
16179	2	1	96 207
16180	2	1	96 217
16181	2	1	96 240
16182	2	1	96 274
16183	2	1	96 275
16184	2	1	96 285
16185	2	1	96 286
16186	2	1	96 291
16187	2	1	96 319
16188	2	1	96 322
16189	2	1	96 344
16190	2	1	96 357
16191	2	1	96 371
16192	2	1	96 378
16193	2	1	96 391
16194	2	1	96 403
16195	2	1	96 417
16196	2	1	96 430
16197	2	1	96 452
16198	2	1	96 472
16199	2	1	96 484
16200	2	1	96 485
16201	2	1	96 487
16202	2	1	97 104
16203	2	1	97 110
16204	2	1	97 116
16205	2	1	97 128
16206	2	1	97 138
16207	2	1	97 153
16208	2	1	97 160
16209	2	1	97 167
16210	2	1	97 234
16211	2	1	97 271
16212	2	1	97 279
16213	2	1	97 287
16214	2	1	97 308
16215	2	1	97 309
16216	2	1	97 325
16217	2	1	97 335
16218	2	1	97 345
16219	2	1	97 351
16220	2	1	97 357
16221	2	1	97 359
16222	2	1	97 362
16223	2	1	97 372
16224	2	1	97 419
16225	2	1	97 429
16226	2	1	97 455
16227	2	1	97 467
16228	2	1	97 483
16229	2	1	97 486
16230	2	1	97 489
16231	2	1	98 102
16232	2	1	98 104
16233	2	1	98 136
16234	2	1	98 156
16235	2	1	98 157
16236	2	1	98 169
16237	2	1	98 202
16238	2	1	98 206
16239	2	1	98 207
16240	2	1	98 209
16241	2	1	98 211
16242	2	1	98 219
16243	2	1	98 229
16244	2	1	98 233
16245	2	1	98 241
16246	2	1	98 260
16247	2	1	98 281
16248	2	1	98 282
16249	2	1	98 295
16250	2	1	98 318
16251	2	1	98 353
16252	2	1	98 357
16253	2	1	98 364
16254	2	1	98 380
16255	2	1	98 405
16256	2	1	98 406
16257	2	1	98 416
16258	2	1	98 426
16259	2	1	98 427
16260	2	1	98 432
16261	2	1	99 103
16262	2	1	99 121
16263	2	1	99 123
16264	2	1	99 133
16265	2	1	99 134
16266	2	1	99 148
16267	2	1	99 157
16268	2	1	99 164
16269	2	1	99 182
16270	2	1	99 209
16271	2	1	99 223
16272	2	1	99 227
16273	2	1	99 232
16274	2	1	99 233
16275	2	1	99 243
16276	2	1	99 256
16277	2	1	99 257
16278	2	1	99 264
16279	2	1	99 297
16280	2	1	99 302
16281	2	1	99 317
16282	2	1	99 324
16283	2	1	99 325
16284	2	1	99 364
16285	2	1	99 367
16286	2	1	99 383
16287	2	1	99 394
16288	2	1	99 400
16289	2	1	99 411
16290	2	1	99 417
16291	2	1	99 423
16292	2	1	99 432
16293	2	1	99 433
16294	2	1	99 441
16295	2	1	99 457
16296	2	1	99 488
16297	2	1	99 496
16298	2	1	99 500
16299	2	1	100 115
16300	2	1	100 119
16301	2	1	100 130
16302	2	1	100 138
16303	2	1	100 148
16304	2	1	100 167
16305	2	1	100 171
16306	2	1	100 173
16307	2	1	100 203
16308	2	1	100 208
16309	2	1	100 209
16310	2	1	100 218
16311	2	1	100 241
16312	2	1	100 289
16313	2	1	100 332
16314	2	1	100 346
16315	2	1	100 356
16316	2	1	100 384
16317	2	1	100 387
16318	2	1	100 396
16319	2	1	100 426
16320	2	1	100 440
16321	2	1	100 454
16322	2	1	100 458
16323	2	1	100 460
16324	2	1	100 477
16325	2	1	100 494
16326	2	1	101 102
16327	2	1	101 106
16328	2	1	101 114
16329	2	1	101 116
16330	2	1	101 124
16331	2	1	101 145
16332	2	1	101 149
16333	2	1	101 159
16334	2	1	101 183
16335	2	1	101 185
16336	2	1	101 188
16337	2	1	101 201
16338	2	1	101 202
16339	2	1	101 238
16340	2	1	101 239
16341	2	1	101 243
16342	2	1	101 244
16343	2	1	101 250
16344	2	1	101 261
16345	2	1	101 291
16346	2	1	101 303
16347	2	1	101 308
16348	2	1	101 320
16349	2	1	101 330
16350	2	1	101 356
16351	2	1	101 357
16352	2	1	101 389
16353	2	1	101 404
16354	2	1	101 423
16355	2	1	101 434
16356	2	1	101 442
16357	2	1	101 446
16358	2	1	101 462
16359	2	1	101 465
16360	2	1	101 480
16361	2	1	101 494
16362	2	1	102 105
16363	2	1	102 114
16364	2	1	102 140
16365	2	1	102 175
16366	2	1	102 183
16367	2	1	102 188
16368	2	1	102 216
16369	2	1	102 228
16370	2	1	102 260
16371	2	1	102 267
16372	2	1	102 269
16373	2	1	102 286
16374	2	1	102 292
16375	2	1	102 294
16376	2	1	102 301
16377	2	1	102 316
16378	2	1	102 365
16379	2	1	102 399
16380	2	1	102 400
16381	2	1	102 432
16382	2	1	102 446
16383	2	1	102 447
16384	2	1	102 455
16385	2	1	102 479
16386	2	1	102 500
16387	2	1	103 109
16388	2	1	103 127
16389	2	1	103 160
16390	2	1	103 172
16391	2	1	103 177
16392	2	1	103 204
16393	2	1	103 218
16394	2	1	103 232
16395	2	1	103 234
16396	2	1	103 245
16397	2	1	103 249
16398	2	1	103 256
16399	2	1	103 288
16400	2	1	103 309
16401	2	1	103 311
16402	2	1	103 317
16403	2	1	103 318
16404	2	1	103 350
16405	2	1	103 359
16406	2	1	103 367
16407	2	1	103 386
16408	2	1	103 410
16409	2	1	103 417
16410	2	1	103 424
16411	2	1	103 436
16412	2	1	103 437
16413	2	1	103 488
16414	2	1	104 112
16415	2	1	104 116
16416	2	1	104 119
16417	2	1	104 130
16418	2	1	104 192
16419	2	1	104 193
16420	2	1	104 225
16421	2	1	104 233
16422	2	1	104 242
16423	2	1	104 274
16424	2	1	104 279
16425	2	1	104 287
16426	2	1	104 302
16427	2	1	104 305
16428	2	1	104 307
16429	2	1	104 313
16430	2	1	104 326
16431	2	1	104 334
16432	2	1	104 354
16433	2	1	104 361
16434	2	1	104 373
16435	2	1	104 389
16436	2	1	104 403
16437	2	1	104 406
16438	2	1	104 436
16439	2	1	104 440
16440	2	1	104 459
16441	2	1	104 472
16442	2	1	104 479
16443	2	1	104 489
16444	2	1	105 134
16445	2	1	105 138
16446	2	1	105 161
16447	2	1	105 162
16448	2	1	105 185
16449	2	1	105 186
16450	2	1	105 197
16451	2	1	105 218
16452	2	1	105 257
16453	2	1	105 266
16454	2	1	105 276
16455	2	1	105 285
16456	2	1	105 287
16457	2	1	105 288
16458	2	1	105 294
16459	2	1	105 303
16460	2	1	105 307
16461	2	1	105 311
16462	2	1	105 325
16463	2	1	105 351
16464	2	1	105 371
16465	2	1	105 380
16466	2	1	105 384
16467	2	1	105 422
16468	2	1	105 423
16469	2	1	105 429
16470	2	1	105 433
16471	2	1	105 437
16472	2	1	105 439
16473	2	1	105 442
16474	2	1	105 443
16475	2	1	105 453
16476	2	1	105 461
16477	2	1	105 466
16478	2	1	105 476
16479	2	1	105 485
16480	2	1	105 495
16481	2	1	106 123
16482	2	1	106 128
16483	2	1	106 129
16484	2	1	106 148
16485	2	1	106 156
16486	2	1	106 163
16487	2	1	106 169
16488	2	1	106 208
16489	2	1	106 209
16490	2	1	106 226
16491	2	1	106 229
16492	2	1	106 237
16493	2	1	106 246
16494	2	1	106 249
16495	2	1	106 274
16496	2	1	106 275
16497	2	1	106 277
16498	2	1	106 298
16499	2	1	106 300
16500	2	1	106 308
16501	2	1	106 310
16502	2	1	106 319
16503	2	1	106 347
16504	2	1	106 350
16505	2	1	106 397
16506	2	1	106 433
16507	2	1	106 468
16508	2	1	106 472
16509	2	1	106 482
16510	2	1	107 110
16511	2	1	107 126
16512	2	1	107 130
16513	2	1	107 134
16514	2	1	107 169
16515	2	1	107 189
16516	2	1	107 200
16517	2	1	107 202
16518	2	1	107 204
16519	2	1	107 228
16520	2	1	107 231
16521	2	1	107 233
16522	2	1	107 234
16523	2	1	107 277
16524	2	1	107 282
16525	2	1	107 303
16526	2	1	107 315
16527	2	1	107 324
16528	2	1	107 330
16529	2	1	107 353
16530	2	1	107 369
16531	2	1	107 384
16532	2	1	107 386
16533	2	1	107 394
16534	2	1	107 399
16535	2	1	107 427
16536	2	1	107 430
16537	2	1	107 449
16538	2	1	107 453
16539	2	1	107 476
16540	2	1	109 127
16541	2	1	109 128
16542	2	1	109 152
16543	2	1	109 165
16544	2	1	109 174
16545	2	1	109 180
16546	2	1	109 183
16547	2	1	109 187
16548	2	1	109 188
16549	2	1	109 199
16550	2	1	109 207
16551	2	1	109 216
16552	2	1	109 219
16553	2	1	109 233
16554	2	1	109 243
16555	2	1	109 261
16556	2	1	109 296
16557	2	1	109 318
16558	2	1	109 319
16559	2	1	109 320
16560	2	1	109 330
16561	2	1	109 332
16562	2	1	109 373
16563	2	1	109 399
16564	2	1	109 410
16565	2	1	109 413
16566	2	1	109 435
16567	2	1	109 443
16568	2	1	109 447
16569	2	1	109 453
16570	2	1	109 458
16571	2	1	109 460
16572	2	1	109 468
16573	2	1	109 480
16574	2	1	110 124
16575	2	1	110 129
16576	2	1	110 132
16577	2	1	110 156
16578	2	1	110 167
16579	2	1	110 190
16580	2	1	110 199
16581	2	1	110 207
16582	2	1	110 222
16583	2	1	110 224
16584	2	1	110 233
16585	2	1	110 240
16586	2	1	110 258
16587	2	1	110 260
16588	2	1	110 296
16589	2	1	110 315
16590	2	1	110 322
16591	2	1	110 329
16592	2	1	110 330
16593	2	1	110 335
16594	2	1	110 354
16595	2	1	110 357
16596	2	1	110 377
16597	2	1	110 383
16598	2	1	110 384
16599	2	1	110 396
16600	2	1	110 403
16601	2	1	110 404
16602	2	1	110 412
16603	2	1	110 432
16604	2	1	110 435
16605	2	1	110 436
16606	2	1	110 452
16607	2	1	110 462
16608	2	1	110 465
16609	2	1	110 479
16610	2	1	110 488
16611	2	1	112 115
16612	2	1	112 133
16613	2	1	112 136
16614	2	1	112 145
16615	2	1	112 160
16616	2	1	112 174
16617	2	1	112 175
16618	2	1	112 227
16619	2	1	112 249
16620	2	1	112 257
16621	2	1	112 259
16622	2	1	112 267
16623	2	1	112 289
16624	2	1	112 296
16625	2	1	112 328
16626	2	1	112 337
16627	2	1	112 341
16628	2	1	112 344
16629	2	1	112 350
16630	2	1	112 364
16631	2	1	112 373
16632	2	1	112 379
16633	2	1	112 384
16634	2	1	112 404
16635	2	1	112 413
16636	2	1	112 426
16637	2	1	112 442
16638	2	1	112 448
16639	2	1	112 462
16640	2	1	112 466
16641	2	1	112 468
16642	2	1	112 482
16643	2	1	114 119
16644	2	1	114 136
16645	2	1	114 152
16646	2	1	114 166
16647	2	1	114 174
16648	2	1	114 177
16649	2	1	114 192
16650	2	1	114 199
16651	2	1	114 244
16652	2	1	114 263
16653	2	1	114 276
16654	2	1	114 287
16655	2	1	114 289
16656	2	1	114 296
16657	2	1	114 299
16658	2	1	114 302
16659	2	1	114 329
16660	2	1	114 342
16661	2	1	114 345
16662	2	1	114 346
16663	2	1	114 364
16664	2	1	114 384
16665	2	1	114 397
16666	2	1	114 416
16667	2	1	114 425
16668	2	1	114 430
16669	2	1	114 431
16670	2	1	114 439
16671	2	1	114 476
16672	2	1	114 489
16673	2	1	115 152
16674	2	1	115 155
16675	2	1	115 162
16676	2	1	115 187
16677	2	1	115 199
16678	2	1	115 216
16679	2	1	115 217
16680	2	1	115 223
16681	2	1	115 225
16682	2	1	115 242
16683	2	1	115 244
16684	2	1	115 278
16685	2	1	115 304
16686	2	1	115 319
16687	2	1	115 357
16688	2	1	115 359
16689	2	1	115 371
16690	2	1	115 373
16691	2	1	115 379
16692	2	1	115 399
16693	2	1	115 403
16694	2	1	115 412
16695	2	1	115 413
16696	2	1	115 427
16697	2	1	115 430
16698	2	1	115 433
16699	2	1	115 439
16700	2	1	115 441
16701	2	1	115 453
16702	2	1	115 488
16703	2	1	116 122
16704	2	1	116 133
16705	2	1	116 136
16706	2	1	116 170
16707	2	1	116 182
16708	2	1	116 186
16709	2	1	116 187
16710	2	1	116 208
16711	2	1	116 222
16712	2	1	116 229
16713	2	1	116 234
16714	2	1	116 238
16715	2	1	116 257
16716	2	1	116 260
16717	2	1	116 295
16718	2	1	116 322
16719	2	1	116 342
16720	2	1	116 366
16721	2	1	116 372
16722	2	1	116 380
16723	2	1	116 393
16724	2	1	116 394
16725	2	1	116 397
16726	2	1	116 406
16727	2	1	116 419
16728	2	1	116 428
16729	2	1	116 430
16730	2	1	116 442
16731	2	1	116 446
16732	2	1	116 486
16733	2	1	116 491
16734	2	1	119 124
16735	2	1	119 134
16736	2	1	119 140
16737	2	1	119 164
16738	2	1	119 175
16739	2	1	119 187
16740	2	1	119 207
16741	2	1	119 224
16742	2	1	119 229
16743	2	1	119 238
16744	2	1	119 240
16745	2	1	119 245
16746	2	1	119 250
16747	2	1	119 259
16748	2	1	119 271
16749	2	1	119 276
16750	2	1	119 289
16751	2	1	119 292
16752	2	1	119 305
16753	2	1	119 330
16754	2	1	119 345
16755	2	1	119 355
16756	2	1	119 362
16757	2	1	119 384
16758	2	1	119 398
16759	2	1	119 399
16760	2	1	119 400
16761	2	1	119 439
16762	2	1	119 444
16763	2	1	119 459
16764	2	1	119 471
16765	2	1	119 477
16766	2	1	119 482
16767	2	1	120 134
16768	2	1	120 142
16769	2	1	120 153
16770	2	1	120 161
16771	2	1	120 166
16772	2	1	120 167
16773	2	1	120 172
16774	2	1	120 182
16775	2	1	120 199
16776	2	1	120 226
16777	2	1	120 232
16778	2	1	120 234
16779	2	1	120 238
16780	2	1	120 239
16781	2	1	120 279
16782	2	1	120 301
16783	2	1	120 302
16784	2	1	120 313
16785	2	1	120 322
16786	2	1	120 330
16787	2	1	120 368
16788	2	1	120 369
16789	2	1	120 387
16790	2	1	120 409
16791	2	1	120 410
16792	2	1	120 417
16793	2	1	120 419
16794	2	1	120 435
16795	2	1	121 136
16796	2	1	121 142
16797	2	1	121 199
16798	2	1	121 209
16799	2	1	121 210
16800	2	1	121 222
16801	2	1	121 225
16802	2	1	121 231
16803	2	1	121 246
16804	2	1	121 263
16805	2	1	121 265
16806	2	1	121 267
16807	2	1	121 295
16808	2	1	121 298
16809	2	1	121 301
16810	2	1	121 317
16811	2	1	121 361
16812	2	1	121 410
16813	2	1	121 417
16814	2	1	121 419
16815	2	1	121 423
16816	2	1	121 427
16817	2	1	121 428
16818	2	1	121 441
16819	2	1	121 466
16820	2	1	121 472
16821	2	1	121 473
16822	2	1	121 477
16823	2	1	121 488
16824	2	1	121 496
16825	2	1	121 500
16826	2	1	122 155
16827	2	1	122 156
16828	2	1	122 161
16829	2	1	122 167
16830	2	1	122 189
16831	2	1	122 192
16832	2	1	122 203
16833	2	1	122 223
16834	2	1	122 230
16835	2	1	122 233
16836	2	1	122 274
16837	2	1	122 283
16838	2	1	122 294
16839	2	1	122 297
16840	2	1	122 299
16841	2	1	122 310
16842	2	1	122 319
16843	2	1	122 335
16844	2	1	122 342
16845	2	1	122 347
16846	2	1	122 350
16847	2	1	122 355
16848	2	1	122 369
16849	2	1	122 371
16850	2	1	122 385
16851	2	1	122 423
16852	2	1	122 425
16853	2	1	122 426
16854	2	1	122 439
16855	2	1	122 446
16856	2	1	122 454
16857	2	1	122 471
16858	2	1	123 169
16859	2	1	123 259
16860	2	1	123 274
16861	2	1	123 292
16862	2	1	123 297
16863	2	1	123 307
16864	2	1	123 319
16865	2	1	123 346
16866	2	1	123 369
16867	2	1	123 376
16868	2	1	123 398
16869	2	1	123 406
16870	2	1	123 417
16871	2	1	123 439
16872	2	1	123 441
16873	2	1	123 452
16874	2	1	123 454
16875	2	1	123 460
16876	2	1	123 479
16877	2	1	123 480
16878	2	1	123 483
16879	2	1	124 128
16880	2	1	124 130
16881	2	1	124 143
16882	2	1	124 158
16883	2	1	124 171
16884	2	1	124 174
16885	2	1	124 176
16886	2	1	124 180
16887	2	1	124 193
16888	2	1	124 204
16889	2	1	124 207
16890	2	1	124 218
16891	2	1	124 219
16892	2	1	124 225
16893	2	1	124 232
16894	2	1	124 239
16895	2	1	124 250
16896	2	1	124 251
16897	2	1	124 267
16898	2	1	124 284
16899	2	1	124 297
16900	2	1	124 320
16901	2	1	124 329
16902	2	1	124 347
16903	2	1	124 372
16904	2	1	124 400
16905	2	1	124 425
16906	2	1	124 434
16907	2	1	124 440
16908	2	1	124 461
16909	2	1	124 467
16910	2	1	124 471
16911	2	1	124 497
16912	2	1	126 128
16913	2	1	126 129
16914	2	1	126 137
16915	2	1	126 153
16916	2	1	126 155
16917	2	1	126 161
16918	2	1	126 172
16919	2	1	126 192
16920	2	1	126 197
16921	2	1	126 201
16922	2	1	126 208
16923	2	1	126 224
16924	2	1	126 240
16925	2	1	126 248
16926	2	1	126 249
16927	2	1	126 282
16928	2	1	126 285
16929	2	1	126 288
16930	2	1	126 315
16931	2	1	126 341
16932	2	1	126 343
16933	2	1	126 346
16934	2	1	126 363
16935	2	1	126 369
16936	2	1	126 372
16937	2	1	126 406
16938	2	1	126 435
16939	2	1	126 467
16940	2	1	126 489
16941	2	1	126 500
16942	2	1	127 153
16943	2	1	127 161
16944	2	1	127 172
16945	2	1	127 207
16946	2	1	127 213
16947	2	1	127 223
16948	2	1	127 228
16949	2	1	127 241
16950	2	1	127 244
16951	2	1	127 262
16952	2	1	127 295
16953	2	1	127 302
16954	2	1	127 314
16955	2	1	127 315
16956	2	1	127 329
16957	2	1	127 334
16958	2	1	127 337
16959	2	1	127 357
16960	2	1	127 391
16961	2	1	127 396
16962	2	1	127 399
16963	2	1	127 416
16964	2	1	127 422
16965	2	1	127 427
16966	2	1	127 430
16967	2	1	127 444
16968	2	1	127 447
16969	2	1	127 448
16970	2	1	127 467
16971	2	1	127 471
16972	2	1	128 129
16973	2	1	128 164
16974	2	1	128 183
16975	2	1	128 209
16976	2	1	128 210
16977	2	1	128 221
16978	2	1	128 231
16979	2	1	128 238
16980	2	1	128 240
16981	2	1	128 241
16982	2	1	128 258
16983	2	1	128 272
16984	2	1	128 279
16985	2	1	128 287
16986	2	1	128 298
16987	2	1	128 304
16988	2	1	128 313
16989	2	1	128 321
16990	2	1	128 327
16991	2	1	128 342
16992	2	1	128 344
16993	2	1	128 354
16994	2	1	128 389
16995	2	1	128 397
16996	2	1	128 398
16997	2	1	128 423
16998	2	1	128 485
16999	2	1	128 494
17000	2	1	129 137
17001	2	1	129 164
17002	2	1	129 169
17003	2	1	129 172
17004	2	1	129 174
17005	2	1	129 190
17006	2	1	129 211
17007	2	1	129 261
17008	2	1	129 282
17009	2	1	129 285
17010	2	1	129 287
17011	2	1	129 295
17012	2	1	129 324
17013	2	1	129 332
17014	2	1	129 337
17015	2	1	129 349
17016	2	1	129 355
17017	2	1	129 369
17018	2	1	129 370
17019	2	1	129 396
17020	2	1	129 404
17021	2	1	129 405
17022	2	1	129 416
17023	2	1	129 449
17024	2	1	129 462
17025	2	1	129 481
17026	2	1	129 488
17027	2	1	129 489
17028	2	1	130 135
17029	2	1	130 139
17030	2	1	130 145
17031	2	1	130 152
17032	2	1	130 156
17033	2	1	130 157
17034	2	1	130 175
17035	2	1	130 197
17036	2	1	130 216
17037	2	1	130 237
17038	2	1	130 242
17039	2	1	130 245
17040	2	1	130 262
17041	2	1	130 266
17042	2	1	130 267
17043	2	1	130 287
17044	2	1	130 297
17045	2	1	130 315
17046	2	1	130 318
17047	2	1	130 323
17048	2	1	130 350
17049	2	1	130 362
17050	2	1	130 379
17051	2	1	130 400
17052	2	1	130 427
17053	2	1	130 431
17054	2	1	130 441
17055	2	1	130 455
17056	2	1	130 458
17057	2	1	130 461
17058	2	1	130 462
17059	2	1	130 497
17060	2	1	132 161
17061	2	1	132 174
17062	2	1	132 203
17063	2	1	132 217
17064	2	1	132 223
17065	2	1	132 245
17066	2	1	132 250
17067	2	1	132 262
17068	2	1	132 275
17069	2	1	132 277
17070	2	1	132 282
17071	2	1	132 294
17072	2	1	132 296
17073	2	1	132 302
17074	2	1	132 335
17075	2	1	132 355
17076	2	1	132 370
17077	2	1	132 373
17078	2	1	132 380
17079	2	1	132 423
17080	2	1	132 436
17081	2	1	132 445
17082	2	1	132 466
17083	2	1	132 470
17084	2	1	132 489
17085	2	1	132 500
17086	2	1	133 141
17087	2	1	133 161
17088	2	1	133 167
17089	2	1	133 238
17090	2	1	133 283
17091	2	1	133 286
17092	2	1	133 313
17093	2	1	133 328
17094	2	1	133 338
17095	2	1	133 347
17096	2	1	133 356
17097	2	1	133 359
17098	2	1	133 362
17099	2	1	133 372
17100	2	1	133 376
17101	2	1	133 377
17102	2	1	133 391
17103	2	1	133 398
17104	2	1	133 425
17105	2	1	133 437
17106	2	1	133 448
17107	2	1	133 459
17108	2	1	134 148
17109	2	1	134 153
17110	2	1	134 161
17111	2	1	134 166
17112	2	1	134 175
17113	2	1	134 200
17114	2	1	134 201
17115	2	1	134 218
17116	2	1	134 261
17117	2	1	134 264
17118	2	1	134 275
17119	2	1	134 284
17120	2	1	134 302
17121	2	1	134 307
17122	2	1	134 308
17123	2	1	134 309
17124	2	1	134 340
17125	2	1	134 386
17126	2	1	134 419
17127	2	1	134 420
17128	2	1	134 439
17129	2	1	134 442
17130	2	1	134 457
17131	2	1	134 462
17132	2	1	134 468
17133	2	1	134 483
17134	2	1	134 494
17135	2	1	135 140
17136	2	1	135 160
17137	2	1	135 161
17138	2	1	135 175
17139	2	1	135 183
17140	2	1	135 190
17141	2	1	135 201
17142	2	1	135 218
17143	2	1	135 222
17144	2	1	135 232
17145	2	1	135 238
17146	2	1	135 261
17147	2	1	135 274
17148	2	1	135 279
17149	2	1	135 294
17150	2	1	135 303
17151	2	1	135 310
17152	2	1	135 314
17153	2	1	135 319
17154	2	1	135 337
17155	2	1	135 364
17156	2	1	135 383
17157	2	1	135 412
17158	2	1	135 418
17159	2	1	135 420
17160	2	1	135 426
17161	2	1	135 428
17162	2	1	135 433
17163	2	1	135 441
17164	2	1	135 466
17165	2	1	136 139
17166	2	1	136 140
17167	2	1	136 153
17168	2	1	136 159
17169	2	1	136 172
17170	2	1	136 175
17171	2	1	136 186
17172	2	1	136 216
17173	2	1	136 218
17174	2	1	136 228
17175	2	1	136 244
17176	2	1	136 264
17177	2	1	136 269
17178	2	1	136 276
17179	2	1	136 293
17180	2	1	136 296
17181	2	1	136 321
17182	2	1	136 328
17183	2	1	136 334
17184	2	1	136 356
17185	2	1	136 361
17186	2	1	136 362
17187	2	1	136 365
17188	2	1	136 374
17189	2	1	136 397
17190	2	1	136 417
17191	2	1	136 452
17192	2	1	136 455
17193	2	1	136 465
17194	2	1	136 471
17195	2	1	136 488
17196	2	1	137 143
17197	2	1	137 157
17198	2	1	137 161
17199	2	1	137 167
17200	2	1	137 193
17201	2	1	137 200
17202	2	1	137 217
17203	2	1	137 219
17204	2	1	137 229
17205	2	1	137 236
17206	2	1	137 256
17207	2	1	137 261
17208	2	1	137 278
17209	2	1	137 279
17210	2	1	137 292
17211	2	1	137 309
17212	2	1	137 313
17213	2	1	137 330
17214	2	1	137 368
17215	2	1	137 385
17216	2	1	137 396
17217	2	1	137 423
17218	2	1	137 424
17219	2	1	137 441
17220	2	1	137 454
17221	2	1	137 459
17222	2	1	137 484
17223	2	1	138 187
17224	2	1	138 206
17225	2	1	138 210
17226	2	1	138 229
17227	2	1	138 234
17228	2	1	138 237
17229	2	1	138 238
17230	2	1	138 241
17231	2	1	138 259
17232	2	1	138 276
17233	2	1	138 287
17234	2	1	138 340
17235	2	1	138 343
17236	2	1	138 350
17237	2	1	138 351
17238	2	1	138 393
17239	2	1	138 410
17240	2	1	138 412
17241	2	1	138 430
17242	2	1	138 437
17243	2	1	138 441
17244	2	1	138 452
17245	2	1	138 470
17246	2	1	138 477
17247	2	1	138 482
17248	2	1	138 489
17249	2	1	139 159
17250	2	1	139 164
17251	2	1	139 173
17252	2	1	139 208
17253	2	1	139 209
17254	2	1	139 210
17255	2	1	139 217
17256	2	1	139 218
17257	2	1	139 227
17258	2	1	139 242
17259	2	1	139 251
17260	2	1	139 288
17261	2	1	139 297
17262	2	1	139 308
17263	2	1	139 311
17264	2	1	139 320
17265	2	1	139 329
17266	2	1	139 354
17267	2	1	139 355
17268	2	1	139 370
17269	2	1	139 419
17270	2	1	139 430
17271	2	1	139 434
17272	2	1	139 435
17273	2	1	139 436
17274	2	1	139 441
17275	2	1	139 448
17276	2	1	139 449
17277	2	1	139 462
17278	2	1	139 465
17279	2	1	139 470
17280	2	1	139 480
17281	2	1	140 143
17282	2	1	140 149
17283	2	1	140 157
17284	2	1	140 166
17285	2	1	140 171
17286	2	1	140 175
17287	2	1	140 238
17288	2	1	140 248
17289	2	1	140 249
17290	2	1	140 278
17291	2	1	140 285
17292	2	1	140 303
17293	2	1	140 308
17294	2	1	140 310
17295	2	1	140 381
17296	2	1	140 391
17297	2	1	140 397
17298	2	1	140 418
17299	2	1	140 426
17300	2	1	140 434
17301	2	1	140 455
17302	2	1	140 489
17303	2	1	141 142
17304	2	1	141 149
17305	2	1	141 153
17306	2	1	141 170
17307	2	1	141 185
17308	2	1	141 186
17309	2	1	141 187
17310	2	1	141 190
17311	2	1	141 227
17312	2	1	141 230
17313	2	1	141 281
17314	2	1	141 282
17315	2	1	141 293
17316	2	1	141 326
17317	2	1	141 344
17318	2	1	141 350
17319	2	1	141 368
17320	2	1	141 370
17321	2	1	141 386
17322	2	1	141 389
17323	2	1	141 399
17324	2	1	141 405
17325	2	1	141 409
17326	2	1	141 419
17327	2	1	141 428
17328	2	1	141 434
17329	2	1	141 442
17330	2	1	141 449
17331	2	1	141 457
17332	2	1	141 458
17333	2	1	141 463
17334	2	1	141 465
17335	2	1	141 479
17336	2	1	141 488
17337	2	1	141 495
17338	2	1	142 143
17339	2	1	142 149
17340	2	1	142 166
17341	2	1	142 176
17342	2	1	142 226
17343	2	1	142 232
17344	2	1	142 240
17345	2	1	142 241
17346	2	1	142 245
17347	2	1	142 258
17348	2	1	142 259
17349	2	1	142 277
17350	2	1	142 281
17351	2	1	142 295
17352	2	1	142 301
17353	2	1	142 332
17354	2	1	142 338
17355	2	1	142 353
17356	2	1	142 372
17357	2	1	142 381
17358	2	1	142 384
17359	2	1	142 389
17360	2	1	142 399
17361	2	1	142 405
17362	2	1	142 409
17363	2	1	142 412
17364	2	1	142 418
17365	2	1	142 424
17366	2	1	142 429
17367	2	1	142 433
17368	2	1	142 436
17369	2	1	142 453
17370	2	1	142 459
17371	2	1	142 491
17372	2	1	142 496
17373	2	1	143 148
17374	2	1	143 149
17375	2	1	143 167
17376	2	1	143 177
17377	2	1	143 181
17378	2	1	143 189
17379	2	1	143 199
17380	2	1	143 225
17381	2	1	143 241
17382	2	1	143 243
17383	2	1	143 266
17384	2	1	143 285
17385	2	1	143 293
17386	2	1	143 326
17387	2	1	143 334
17388	2	1	143 340
17389	2	1	143 349
17390	2	1	143 365
17391	2	1	143 377
17392	2	1	143 380
17393	2	1	143 387
17394	2	1	143 388
17395	2	1	143 391
17396	2	1	143 409
17397	2	1	143 429
17398	2	1	143 436
17399	2	1	143 440
17400	2	1	143 450
17401	2	1	143 454
17402	2	1	143 466
17403	2	1	143 479
17404	2	1	145 149
17405	2	1	145 158
17406	2	1	145 159
17407	2	1	145 160
17408	2	1	145 175
17409	2	1	145 185
17410	2	1	145 211
17411	2	1	145 238
17412	2	1	145 250
17413	2	1	145 259
17414	2	1	145 267
17415	2	1	145 288
17416	2	1	145 315
17417	2	1	145 320
17418	2	1	145 338
17419	2	1	145 353
17420	2	1	145 366
17421	2	1	145 369
17422	2	1	145 386
17423	2	1	145 393
17424	2	1	145 410
17425	2	1	145 425
17426	2	1	145 434
17427	2	1	145 453
17428	2	1	145 457
17429	2	1	145 468
17430	2	1	145 471
17431	2	1	145 473
17432	2	1	145 477
17433	2	1	145 483
17434	2	1	145 485
17435	2	1	145 496
17436	2	1	145 500
17437	2	1	148 166
17438	2	1	148 190
17439	2	1	148 197
17440	2	1	148 218
17441	2	1	148 221
17442	2	1	148 230
17443	2	1	148 233
17444	2	1	148 237
17445	2	1	148 238
17446	2	1	148 240
17447	2	1	148 245
17448	2	1	148 250
17449	2	1	148 267
17450	2	1	148 363
17451	2	1	148 367
17452	2	1	148 383
17453	2	1	148 387
17454	2	1	148 412
17455	2	1	148 413
17456	2	1	148 430
17457	2	1	148 435
17458	2	1	148 437
17459	2	1	148 440
17460	2	1	148 458
17461	2	1	148 473
17462	2	1	148 481
17463	2	1	148 482
17464	2	1	149 175
17465	2	1	149 185
17466	2	1	149 190
17467	2	1	149 199
17468	2	1	149 219
17469	2	1	149 231
17470	2	1	149 239
17471	2	1	149 240
17472	2	1	149 244
17473	2	1	149 246
17474	2	1	149 251
17475	2	1	149 296
17476	2	1	149 308
17477	2	1	149 312
17478	2	1	149 322
17479	2	1	149 350
17480	2	1	149 357
17481	2	1	149 367
17482	2	1	149 371
17483	2	1	149 376
17484	2	1	149 387
17485	2	1	149 389
17486	2	1	149 410
17487	2	1	149 416
17488	2	1	149 429
17489	2	1	149 448
17490	2	1	149 458
17491	2	1	149 476
17492	2	1	149 479
17493	2	1	149 491
17494	2	1	152 172
17495	2	1	152 174
17496	2	1	152 176
17497	2	1	152 199
17498	2	1	152 219
17499	2	1	152 281
17500	2	1	152 282
17501	2	1	152 283
17502	2	1	152 293
17503	2	1	152 304
17504	2	1	152 320
17505	2	1	152 344
17506	2	1	152 393
17507	2	1	152 398
17508	2	1	152 405
17509	2	1	152 410
17510	2	1	152 439
17511	2	1	152 443
17512	2	1	152 453
17513	2	1	152 454
17514	2	1	152 467
17515	2	1	152 468
17516	2	1	152 500
17517	2	1	153 156
17518	2	1	153 157
17519	2	1	153 163
17520	2	1	153 165
17521	2	1	153 193
17522	2	1	153 200
17523	2	1	153 211
17524	2	1	153 225
17525	2	1	153 231
17526	2	1	153 251
17527	2	1	153 271
17528	2	1	153 311
17529	2	1	153 312
17530	2	1	153 314
17531	2	1	153 323
17532	2	1	153 337
17533	2	1	153 346
17534	2	1	153 347
17535	2	1	153 351
17536	2	1	153 356
17537	2	1	153 363
17538	2	1	153 384
17539	2	1	153 420
17540	2	1	153 425
17541	2	1	153 428
17542	2	1	153 439
17543	2	1	153 447
17544	2	1	153 476
17545	2	1	153 477
17546	2	1	153 485
17547	2	1	153 489
17548	2	1	155 158
17549	2	1	155 162
17550	2	1	155 163
17551	2	1	155 164
17552	2	1	155 186
17553	2	1	155 189
17554	2	1	155 192
17555	2	1	155 201
17556	2	1	155 210
17557	2	1	155 216
17558	2	1	155 248
17559	2	1	155 262
17560	2	1	155 269
17561	2	1	155 289
17562	2	1	155 291
17563	2	1	155 301
17564	2	1	155 311
17565	2	1	155 313
17566	2	1	155 326
17567	2	1	155 353
17568	2	1	155 372
17569	2	1	155 379
17570	2	1	155 398
17571	2	1	155 416
17572	2	1	155 440
17573	2	1	155 442
17574	2	1	155 444
17575	2	1	155 465
17576	2	1	155 470
17577	2	1	155 473
17578	2	1	156 167
17579	2	1	156 169
17580	2	1	156 170
17581	2	1	156 181
17582	2	1	156 217
17583	2	1	156 284
17584	2	1	156 291
17585	2	1	156 298
17586	2	1	156 301
17587	2	1	156 305
17588	2	1	156 318
17589	2	1	156 321
17590	2	1	156 337
17591	2	1	156 354
17592	2	1	156 355
17593	2	1	156 364
17594	2	1	156 381
17595	2	1	156 404
17596	2	1	156 423
17597	2	1	156 442
17598	2	1	156 453
17599	2	1	156 472
17600	2	1	156 473
17601	2	1	157 161
17602	2	1	157 175
17603	2	1	157 203
17604	2	1	157 204
17605	2	1	157 206
17606	2	1	157 226
17607	2	1	157 230
17608	2	1	157 251
17609	2	1	157 263
17610	2	1	157 293
17611	2	1	157 297
17612	2	1	157 310
17613	2	1	157 314
17614	2	1	157 325
17615	2	1	157 328
17616	2	1	157 394
17617	2	1	157 398
17618	2	1	157 423
17619	2	1	157 424
17620	2	1	157 445
17621	2	1	157 447
17622	2	1	157 480
17623	2	1	157 485
17624	2	1	157 496
17625	2	1	158 160
17626	2	1	158 161
17627	2	1	158 193
17628	2	1	158 212
17629	2	1	158 218
17630	2	1	158 219
17631	2	1	158 276
17632	2	1	158 286
17633	2	1	158 288
17634	2	1	158 292
17635	2	1	158 294
17636	2	1	158 300
17637	2	1	158 319
17638	2	1	158 322
17639	2	1	158 325
17640	2	1	158 343
17641	2	1	158 378
17642	2	1	158 411
17643	2	1	158 424
17644	2	1	158 425
17645	2	1	158 430
17646	2	1	158 433
17647	2	1	158 437
17648	2	1	158 442
17649	2	1	158 448
17650	2	1	158 454
17651	2	1	158 480
17652	2	1	158 487
17653	2	1	158 494
17654	2	1	159 189
17655	2	1	159 199
17656	2	1	159 216
17657	2	1	159 224
17658	2	1	159 225
17659	2	1	159 260
17660	2	1	159 278
17661	2	1	159 281
17662	2	1	159 324
17663	2	1	159 342
17664	2	1	159 347
17665	2	1	159 356
17666	2	1	159 362
17667	2	1	159 367
17668	2	1	159 369
17669	2	1	159 419
17670	2	1	159 432
17671	2	1	159 437
17672	2	1	159 460
17673	2	1	159 461
17674	2	1	159 470
17675	2	1	159 481
17676	2	1	159 489
17677	2	1	159 500
17678	2	1	160 175
17679	2	1	160 221
17680	2	1	160 222
17681	2	1	160 236
17682	2	1	160 295
17683	2	1	160 296
17684	2	1	160 329
17685	2	1	160 347
17686	2	1	160 377
17687	2	1	160 388
17688	2	1	160 391
17689	2	1	160 398
17690	2	1	160 406
17691	2	1	160 428
17692	2	1	160 440
17693	2	1	160 444
17694	2	1	160 445
17695	2	1	160 455
17696	2	1	160 467
17697	2	1	160 470
17698	2	1	160 477
17699	2	1	160 483
17700	2	1	160 486
17701	2	1	161 173
17702	2	1	161 217
17703	2	1	161 222
17704	2	1	161 224
17705	2	1	161 227
17706	2	1	161 253
17707	2	1	161 274
17708	2	1	161 292
17709	2	1	161 297
17710	2	1	161 299
17711	2	1	161 303
17712	2	1	161 314
17713	2	1	161 321
17714	2	1	161 328
17715	2	1	161 329
17716	2	1	161 330
17717	2	1	161 337
17718	2	1	161 345
17719	2	1	161 354
17720	2	1	161 366
17721	2	1	161 370
17722	2	1	161 372
17723	2	1	161 373
17724	2	1	161 397
17725	2	1	161 410
17726	2	1	161 431
17727	2	1	161 480
17728	2	1	161 482
17729	2	1	161 485
17730	2	1	162 169
17731	2	1	162 173
17732	2	1	162 176
17733	2	1	162 182
17734	2	1	162 197
17735	2	1	162 201
17736	2	1	162 218
17737	2	1	162 232
17738	2	1	162 250
17739	2	1	162 281
17740	2	1	162 289
17741	2	1	162 292
17742	2	1	162 310
17743	2	1	162 311
17744	2	1	162 318
17745	2	1	162 337
17746	2	1	162 364
17747	2	1	162 377
17748	2	1	162 387
17749	2	1	162 388
17750	2	1	162 400
17751	2	1	162 410
17752	2	1	162 417
17753	2	1	162 432
17754	2	1	162 450
17755	2	1	162 452
17756	2	1	162 472
17757	2	1	162 481
17758	2	1	162 485
17759	2	1	163 172
17760	2	1	163 174
17761	2	1	163 225
17762	2	1	163 245
17763	2	1	163 261
17764	2	1	163 264
17765	2	1	163 285
17766	2	1	163 298
17767	2	1	163 301
17768	2	1	163 305
17769	2	1	163 311
17770	2	1	163 314
17771	2	1	163 315
17772	2	1	163 325
17773	2	1	163 346
17774	2	1	163 373
17775	2	1	163 377
17776	2	1	163 378
17777	2	1	163 393
17778	2	1	163 396
17779	2	1	163 398
17780	2	1	163 403
17781	2	1	163 422
17782	2	1	163 446
17783	2	1	163 455
17784	2	1	163 463
17785	2	1	163 479
17786	2	1	163 485
17787	2	1	164 175
17788	2	1	164 185
17789	2	1	164 186
17790	2	1	164 189
17791	2	1	164 193
17792	2	1	164 229
17793	2	1	164 253
17794	2	1	164 260
17795	2	1	164 266
17796	2	1	164 282
17797	2	1	164 284
17798	2	1	164 296
17799	2	1	164 301
17800	2	1	164 302
17801	2	1	164 314
17802	2	1	164 326
17803	2	1	164 327
17804	2	1	164 338
17805	2	1	164 345
17806	2	1	164 363
17807	2	1	164 387
17808	2	1	164 473
17809	2	1	165 167
17810	2	1	165 174
17811	2	1	165 185
17812	2	1	165 221
17813	2	1	165 243
17814	2	1	165 253
17815	2	1	165 269
17816	2	1	165 275
17817	2	1	165 276
17818	2	1	165 282
17819	2	1	165 283
17820	2	1	165 291
17821	2	1	165 299
17822	2	1	165 310
17823	2	1	165 313
17824	2	1	165 319
17825	2	1	165 322
17826	2	1	165 337
17827	2	1	165 340
17828	2	1	165 366
17829	2	1	165 381
17830	2	1	165 398
17831	2	1	165 417
17832	2	1	165 437
17833	2	1	165 454
17834	2	1	165 455
17835	2	1	165 482
17836	2	1	165 488
17837	2	1	165 489
17838	2	1	166 169
17839	2	1	166 173
17840	2	1	166 208
17841	2	1	166 219
17842	2	1	166 250
17843	2	1	166 267
17844	2	1	166 272
17845	2	1	166 291
17846	2	1	166 292
17847	2	1	166 296
17848	2	1	166 304
17849	2	1	166 308
17850	2	1	166 340
17851	2	1	166 349
17852	2	1	166 364
17853	2	1	166 367
17854	2	1	166 373
17855	2	1	166 385
17856	2	1	166 394
17857	2	1	166 397
17858	2	1	166 412
17859	2	1	166 418
17860	2	1	166 480
17861	2	1	166 484
17862	2	1	166 495
17863	2	1	167 186
17864	2	1	167 207
17865	2	1	167 217
17866	2	1	167 228
17867	2	1	167 269
17868	2	1	167 282
17869	2	1	167 284
17870	2	1	167 288
17871	2	1	167 295
17872	2	1	167 299
17873	2	1	167 307
17874	2	1	167 312
17875	2	1	167 314
17876	2	1	167 315
17877	2	1	167 332
17878	2	1	167 366
17879	2	1	167 368
17880	2	1	167 400
17881	2	1	167 428
17882	2	1	167 437
17883	2	1	167 449
17884	2	1	167 462
17885	2	1	167 477
17886	2	1	167 483
17887	2	1	167 487
17888	2	1	169 180
17889	2	1	169 189
17890	2	1	169 213
17891	2	1	169 240
17892	2	1	169 271
17893	2	1	169 295
17894	2	1	169 312
17895	2	1	169 329
17896	2	1	169 342
17897	2	1	169 344
17898	2	1	169 359
17899	2	1	169 372
17900	2	1	169 394
17901	2	1	169 400
17902	2	1	169 403
17903	2	1	169 424
17904	2	1	169 435
17905	2	1	169 441
17906	2	1	169 445
17907	2	1	169 454
17908	2	1	169 458
17909	2	1	169 472
17910	2	1	169 481
17911	2	1	169 488
17912	2	1	170 172
17913	2	1	170 197
17914	2	1	170 199
17915	2	1	170 229
17916	2	1	170 241
17917	2	1	170 248
17918	2	1	170 286
17919	2	1	170 293
17920	2	1	170 309
17921	2	1	170 321
17922	2	1	170 327
17923	2	1	170 329
17924	2	1	170 334
17925	2	1	170 342
17926	2	1	170 355
17927	2	1	170 362
17928	2	1	170 365
17929	2	1	170 366
17930	2	1	170 376
17931	2	1	170 387
17932	2	1	170 410
17933	2	1	170 411
17934	2	1	170 418
17935	2	1	170 423
17936	2	1	170 436
17937	2	1	170 445
17938	2	1	170 468
17939	2	1	170 489
17940	2	1	170 494
17941	2	1	171 182
17942	2	1	171 199
17943	2	1	171 230
17944	2	1	171 285
17945	2	1	171 292
17946	2	1	171 304
17947	2	1	171 307
17948	2	1	171 325
17949	2	1	171 337
17950	2	1	171 345
17951	2	1	171 347
17952	2	1	171 350
17953	2	1	171 367
17954	2	1	171 377
17955	2	1	171 385
17956	2	1	171 389
17957	2	1	171 412
17958	2	1	171 417
17959	2	1	171 428
17960	2	1	171 437
17961	2	1	171 440
17962	2	1	171 443
17963	2	1	171 447
17964	2	1	171 449
17965	2	1	171 461
17966	2	1	171 473
17967	2	1	171 487
17968	2	1	172 176
17969	2	1	172 188
17970	2	1	172 206
17971	2	1	172 208
17972	2	1	172 234
17973	2	1	172 246
17974	2	1	172 248
17975	2	1	172 313
17976	2	1	172 315
17977	2	1	172 329
17978	2	1	172 332
17979	2	1	172 341
17980	2	1	172 344
17981	2	1	172 355
17982	2	1	172 373
17983	2	1	172 378
17984	2	1	172 403
17985	2	1	172 432
17986	2	1	172 436
17987	2	1	172 440
17988	2	1	172 445
17989	2	1	172 447
17990	2	1	172 453
17991	2	1	173 176
17992	2	1	173 186
17993	2	1	173 203
17994	2	1	173 228
17995	2	1	173 239
17996	2	1	173 242
17997	2	1	173 243
17998	2	1	173 253
17999	2	1	173 267
18000	2	1	173 272
18001	2	1	173 281
18002	2	1	173 283
18003	2	1	173 299
18004	2	1	173 305
18005	2	1	173 403
18006	2	1	173 412
18007	2	1	173 413
18008	2	1	173 432
18009	2	1	173 461
18010	2	1	173 471
18011	2	1	173 480
18012	2	1	173 487
18013	2	1	173 489
18014	2	1	173 495
18015	2	1	174 181
18016	2	1	174 188
18017	2	1	174 199
18018	2	1	174 225
18019	2	1	174 232
18020	2	1	174 237
18021	2	1	174 245
18022	2	1	174 250
18023	2	1	174 256
18024	2	1	174 265
18025	2	1	174 296
18026	2	1	174 298
18027	2	1	174 315
18028	2	1	174 335
18029	2	1	174 345
18030	2	1	174 350
18031	2	1	174 364
18032	2	1	174 368
18033	2	1	174 374
18034	2	1	174 397
18035	2	1	174 418
18036	2	1	174 434
18037	2	1	174 442
18038	2	1	174 443
18039	2	1	174 463
18040	2	1	174 467
18041	2	1	175 219
18042	2	1	175 228
18043	2	1	175 234
18044	2	1	175 283
18045	2	1	175 322
18046	2	1	175 326
18047	2	1	175 346
18048	2	1	175 361
18049	2	1	175 368
18050	2	1	175 370
18051	2	1	175 372
18052	2	1	175 384
18053	2	1	175 419
18054	2	1	175 437
18055	2	1	175 447
18056	2	1	175 449
18057	2	1	175 450
18058	2	1	176 189
18059	2	1	176 203
18060	2	1	176 219
18061	2	1	176 253
18062	2	1	176 296
18063	2	1	176 300
18064	2	1	176 312
18065	2	1	176 325
18066	2	1	176 330
18067	2	1	176 335
18068	2	1	176 340
18069	2	1	176 344
18070	2	1	176 349
18071	2	1	176 361
18072	2	1	176 383
18073	2	1	176 384
18074	2	1	176 387
18075	2	1	176 394
18076	2	1	176 470
18077	2	1	176 477
18078	2	1	176 485
18079	2	1	176 486
18080	2	1	177 188
18081	2	1	177 193
18082	2	1	177 230
18083	2	1	177 245
18084	2	1	177 278
18085	2	1	177 296
18086	2	1	177 308
18087	2	1	177 322
18088	2	1	177 337
18089	2	1	177 362
18090	2	1	177 426
18091	2	1	177 443
18092	2	1	177 454
18093	2	1	177 459
18094	2	1	180 221
18095	2	1	180 233
18096	2	1	180 236
18097	2	1	180 262
18098	2	1	180 279
18099	2	1	180 296
18100	2	1	180 299
18101	2	1	180 308
18102	2	1	180 315
18103	2	1	180 332
18104	2	1	180 343
18105	2	1	180 349
18106	2	1	180 380
18107	2	1	180 381
18108	2	1	180 389
18109	2	1	180 413
18110	2	1	180 418
18111	2	1	180 428
18112	2	1	180 430
18113	2	1	180 455
18114	2	1	180 457
18115	2	1	180 481
18116	2	1	180 485
18117	2	1	180 487
18118	2	1	180 500
18119	2	1	181 185
18120	2	1	181 192
18121	2	1	181 203
18122	2	1	181 221
18123	2	1	181 228
18124	2	1	181 237
18125	2	1	181 245
18126	2	1	181 249
18127	2	1	181 257
18128	2	1	181 277
18129	2	1	181 304
18130	2	1	181 313
18131	2	1	181 314
18132	2	1	181 323
18133	2	1	181 334
18134	2	1	181 343
18135	2	1	181 361
18136	2	1	181 371
18137	2	1	181 405
18138	2	1	181 412
18139	2	1	181 419
18140	2	1	181 420
18141	2	1	181 427
18142	2	1	181 437
18143	2	1	181 459
18144	2	1	181 467
18145	2	1	181 473
18146	2	1	181 477
18147	2	1	181 479
18148	2	1	181 488
18149	2	1	181 495
18150	2	1	182 212
18151	2	1	182 230
18152	2	1	182 250
18153	2	1	182 259
18154	2	1	182 261
18155	2	1	182 269
18156	2	1	182 276
18157	2	1	182 298
18158	2	1	182 300
18159	2	1	182 310
18160	2	1	182 335
18161	2	1	182 347
18162	2	1	182 362
18163	2	1	182 364
18164	2	1	182 370
18165	2	1	182 372
18166	2	1	182 381
18167	2	1	182 385
18168	2	1	182 396
18169	2	1	182 399
18170	2	1	182 405
18171	2	1	182 417
18172	2	1	182 441
18173	2	1	182 449
18174	2	1	182 455
18175	2	1	182 457
18176	2	1	182 462
18177	2	1	182 482
18178	2	1	182 494
18179	2	1	182 495
18180	2	1	182 496
18181	2	1	183 242
18182	2	1	183 246
18183	2	1	183 260
18184	2	1	183 276
18185	2	1	183 320
18186	2	1	183 323
18187	2	1	183 346
18188	2	1	183 353
18189	2	1	183 361
18190	2	1	183 372
18191	2	1	183 381
18192	2	1	183 383
18193	2	1	183 384
18194	2	1	183 385
18195	2	1	183 387
18196	2	1	183 399
18197	2	1	183 400
18198	2	1	183 403
18199	2	1	183 404
18200	2	1	183 410
18201	2	1	183 422
18202	2	1	183 423
18203	2	1	183 432
18204	2	1	183 440
18205	2	1	183 444
18206	2	1	183 445
18207	2	1	183 461
18208	2	1	183 488
18209	2	1	185 187
18210	2	1	185 189
18211	2	1	185 207
18212	2	1	185 221
18213	2	1	185 237
18214	2	1	185 243
18215	2	1	185 244
18216	2	1	185 287
18217	2	1	185 310
18218	2	1	185 317
18219	2	1	185 323
18220	2	1	185 328
18221	2	1	185 334
18222	2	1	185 335
18223	2	1	185 340
18224	2	1	185 343
18225	2	1	185 351
18226	2	1	185 365
18227	2	1	185 369
18228	2	1	185 377
18229	2	1	185 388
18230	2	1	185 409
18231	2	1	185 423
18232	2	1	185 448
18233	2	1	185 468
18234	2	1	185 484
18235	2	1	185 486
18236	2	1	185 497
18237	2	1	186 190
18238	2	1	186 211
18239	2	1	186 216
18240	2	1	186 217
18241	2	1	186 236
18242	2	1	186 237
18243	2	1	186 243
18244	2	1	186 250
18245	2	1	186 258
18246	2	1	186 275
18247	2	1	186 279
18248	2	1	186 294
18249	2	1	186 301
18250	2	1	186 304
18251	2	1	186 313
18252	2	1	186 326
18253	2	1	186 359
18254	2	1	186 369
18255	2	1	186 406
18256	2	1	186 424
18257	2	1	186 428
18258	2	1	186 458
18259	2	1	186 465
18260	2	1	186 477
18261	2	1	187 188
18262	2	1	187 203
18263	2	1	187 222
18264	2	1	187 226
18265	2	1	187 232
18266	2	1	187 250
18267	2	1	187 253
18268	2	1	187 265
18269	2	1	187 287
18270	2	1	187 316
18271	2	1	187 317
18272	2	1	187 327
18273	2	1	187 333
18274	2	1	187 335
18275	2	1	187 340
18276	2	1	187 362
18277	2	1	187 374
18278	2	1	187 379
18279	2	1	187 394
18280	2	1	187 400
18281	2	1	187 423
18282	2	1	187 429
18283	2	1	187 441
18284	2	1	187 444
18285	2	1	187 455
18286	2	1	187 484
18287	2	1	188 189
18288	2	1	188 208
18289	2	1	188 234
18290	2	1	188 237
18291	2	1	188 257
18292	2	1	188 266
18293	2	1	188 292
18294	2	1	188 308
18295	2	1	188 326
18296	2	1	188 337
18297	2	1	188 345
18298	2	1	188 371
18299	2	1	188 380
18300	2	1	188 383
18301	2	1	188 398
18302	2	1	188 417
18303	2	1	188 428
18304	2	1	188 462
18305	2	1	188 467
18306	2	1	188 479
18307	2	1	188 500
18308	2	1	189 209
18309	2	1	189 212
18310	2	1	189 216
18311	2	1	189 234
18312	2	1	189 251
18313	2	1	189 272
18314	2	1	189 316
18315	2	1	189 322
18316	2	1	189 323
18317	2	1	189 333
18318	2	1	189 341
18319	2	1	189 354
18320	2	1	189 356
18321	2	1	189 381
18322	2	1	189 413
18323	2	1	189 439
18324	2	1	189 448
18325	2	1	189 452
18326	2	1	189 453
18327	2	1	189 460
18328	2	1	189 467
18329	2	1	189 480
18330	2	1	189 497
18331	2	1	189 500
18332	2	1	190 204
18333	2	1	190 211
18334	2	1	190 219
18335	2	1	190 245
18336	2	1	190 251
18337	2	1	190 263
18338	2	1	190 277
18339	2	1	190 281
18340	2	1	190 327
18341	2	1	190 380
18342	2	1	190 381
18343	2	1	190 386
18344	2	1	190 397
18345	2	1	190 398
18346	2	1	190 403
18347	2	1	190 416
18348	2	1	190 425
18349	2	1	190 431
18350	2	1	190 436
18351	2	1	190 463
18352	2	1	190 465
18353	2	1	190 473
18354	2	1	190 477
18355	2	1	190 479
18356	2	1	190 486
18357	2	1	190 497
18358	2	1	192 197
18359	2	1	192 217
18360	2	1	192 221
18361	2	1	192 225
18362	2	1	192 227
18363	2	1	192 232
18364	2	1	192 242
18365	2	1	192 258
18366	2	1	192 263
18367	2	1	192 264
18368	2	1	192 269
18369	2	1	192 277
18370	2	1	192 288
18371	2	1	192 291
18372	2	1	192 294
18373	2	1	192 302
18374	2	1	192 305
18375	2	1	192 314
18376	2	1	192 342
18377	2	1	192 347
18378	2	1	192 356
18379	2	1	192 389
18380	2	1	192 424
18381	2	1	192 428
18382	2	1	192 454
18383	2	1	192 465
18384	2	1	192 473
18385	2	1	193 212
18386	2	1	193 226
18387	2	1	193 227
18388	2	1	193 240
18389	2	1	193 243
18390	2	1	193 248
18391	2	1	193 253
18392	2	1	193 265
18393	2	1	193 285
18394	2	1	193 298
18395	2	1	193 309
18396	2	1	193 314
18397	2	1	193 354
18398	2	1	193 370
18399	2	1	193 393
18400	2	1	193 397
18401	2	1	193 411
18402	2	1	193 416
18403	2	1	193 431
18404	2	1	193 433
18405	2	1	193 445
18406	2	1	193 453
18407	2	1	193 460
18408	2	1	193 465
18409	2	1	193 466
18410	2	1	193 468
18411	2	1	193 470
18412	2	1	193 472
18413	2	1	193 495
18414	2	1	197 201
18415	2	1	197 203
18416	2	1	197 206
18417	2	1	197 240
18418	2	1	197 256
18419	2	1	197 264
18420	2	1	197 274
18421	2	1	197 292
18422	2	1	197 293
18423	2	1	197 302
18424	2	1	197 305
18425	2	1	197 311
18426	2	1	197 321
18427	2	1	197 324
18428	2	1	197 356
18429	2	1	197 365
18430	2	1	197 367
18431	2	1	197 376
18432	2	1	197 389
18433	2	1	197 399
18434	2	1	197 419
18435	2	1	197 424
18436	2	1	197 434
18437	2	1	197 454
18438	2	1	199 202
18439	2	1	199 250
18440	2	1	199 271
18441	2	1	199 279
18442	2	1	199 286
18443	2	1	199 293
18444	2	1	199 307
18445	2	1	199 310
18446	2	1	199 316
18447	2	1	199 341
18448	2	1	199 364
18449	2	1	199 377
18450	2	1	199 385
18451	2	1	199 393
18452	2	1	199 394
18453	2	1	199 437
18454	2	1	199 447
18455	2	1	199 461
18456	2	1	199 494
18457	2	1	199 496
18458	2	1	200 218
18459	2	1	200 260
18460	2	1	200 312
18461	2	1	200 313
18462	2	1	200 322
18463	2	1	200 324
18464	2	1	200 329
18465	2	1	200 330
18466	2	1	200 347
18467	2	1	200 366
18468	2	1	200 372
18469	2	1	200 376
18470	2	1	200 380
18471	2	1	200 396
18472	2	1	200 434
18473	2	1	200 436
18474	2	1	200 454
18475	2	1	200 462
18476	2	1	200 465
18477	2	1	200 476
18478	2	1	201 209
18479	2	1	201 227
18480	2	1	201 244
18481	2	1	201 250
18482	2	1	201 272
18483	2	1	201 275
18484	2	1	201 305
18485	2	1	201 333
18486	2	1	201 363
18487	2	1	201 400
18488	2	1	201 405
18489	2	1	201 417
18490	2	1	201 418
18491	2	1	201 453
18492	2	1	201 466
18493	2	1	201 479
18494	2	1	201 485
18495	2	1	202 213
18496	2	1	202 219
18497	2	1	202 232
18498	2	1	202 256
18499	2	1	202 257
18500	2	1	202 271
18501	2	1	202 282
18502	2	1	202 284
18503	2	1	202 293
18504	2	1	202 294
18505	2	1	202 296
18506	2	1	202 310
18507	2	1	202 318
18508	2	1	202 320
18509	2	1	202 321
18510	2	1	202 324
18511	2	1	202 327
18512	2	1	202 328
18513	2	1	202 333
18514	2	1	202 362
18515	2	1	202 366
18516	2	1	202 373
18517	2	1	202 384
18518	2	1	202 391
18519	2	1	202 426
18520	2	1	202 432
18521	2	1	202 439
18522	2	1	202 441
18523	2	1	202 447
18524	2	1	202 448
18525	2	1	202 452
18526	2	1	202 460
18527	2	1	202 476
18528	2	1	202 494
18529	2	1	202 500
18530	2	1	203 204
18531	2	1	203 209
18532	2	1	203 213
18533	2	1	203 216
18534	2	1	203 259
18535	2	1	203 262
18536	2	1	203 264
18537	2	1	203 274
18538	2	1	203 303
18539	2	1	203 310
18540	2	1	203 338
18541	2	1	203 341
18542	2	1	203 345
18543	2	1	203 373
18544	2	1	203 388
18545	2	1	203 419
18546	2	1	203 429
18547	2	1	203 477
18548	2	1	203 487
18549	2	1	203 489
18550	2	1	203 491
18551	2	1	203 495
18552	2	1	204 222
18553	2	1	204 227
18554	2	1	204 231
18555	2	1	204 243
18556	2	1	204 260
18557	2	1	204 267
18558	2	1	204 276
18559	2	1	204 281
18560	2	1	204 286
18561	2	1	204 323
18562	2	1	204 324
18563	2	1	204 325
18564	2	1	204 329
18565	2	1	204 337
18566	2	1	204 356
18567	2	1	204 371
18568	2	1	204 381
18569	2	1	204 426
18570	2	1	204 437
18571	2	1	204 455
18572	2	1	204 476
18573	2	1	204 477
18574	2	1	204 497
18575	2	1	206 213
18576	2	1	206 230
18577	2	1	206 248
18578	2	1	206 251
18579	2	1	206 289
18580	2	1	206 317
18581	2	1	206 333
18582	2	1	206 349
18583	2	1	206 369
18584	2	1	206 376
18585	2	1	206 389
18586	2	1	206 391
18587	2	1	206 413
18588	2	1	206 431
18589	2	1	206 442
18590	2	1	206 495
18591	2	1	207 225
18592	2	1	207 233
18593	2	1	207 263
18594	2	1	207 267
18595	2	1	207 285
18596	2	1	207 287
18597	2	1	207 288
18598	2	1	207 314
18599	2	1	207 321
18600	2	1	207 329
18601	2	1	207 340
18602	2	1	207 354
18603	2	1	207 355
18604	2	1	207 410
18605	2	1	207 424
18606	2	1	207 433
18607	2	1	208 209
18608	2	1	208 256
18609	2	1	208 261
18610	2	1	208 272
18611	2	1	208 274
18612	2	1	208 361
18613	2	1	208 364
18614	2	1	208 367
18615	2	1	208 376
18616	2	1	208 384
18617	2	1	208 394
18618	2	1	208 404
18619	2	1	208 409
18620	2	1	208 410
18621	2	1	208 417
18622	2	1	208 418
18623	2	1	208 424
18624	2	1	208 436
18625	2	1	208 437
18626	2	1	208 473
18627	2	1	208 500
18628	2	1	209 212
18629	2	1	209 221
18630	2	1	209 229
18631	2	1	209 237
18632	2	1	209 253
18633	2	1	209 271
18634	2	1	209 287
18635	2	1	209 292
18636	2	1	209 293
18637	2	1	209 304
18638	2	1	209 312
18639	2	1	209 319
18640	2	1	209 321
18641	2	1	209 349
18642	2	1	209 356
18643	2	1	209 367
18644	2	1	209 372
18645	2	1	209 376
18646	2	1	209 380
18647	2	1	209 420
18648	2	1	209 432
18649	2	1	209 436
18650	2	1	209 452
18651	2	1	209 462
18652	2	1	209 463
18653	2	1	209 481
18654	2	1	209 495
18655	2	1	210 217
18656	2	1	210 222
18657	2	1	210 228
18658	2	1	210 265
18659	2	1	210 274
18660	2	1	210 282
18661	2	1	210 298
18662	2	1	210 313
18663	2	1	210 343
18664	2	1	210 347
18665	2	1	210 362
18666	2	1	210 367
18667	2	1	210 373
18668	2	1	210 380
18669	2	1	210 381
18670	2	1	210 386
18671	2	1	210 398
18672	2	1	210 403
18673	2	1	210 424
18674	2	1	210 431
18675	2	1	210 433
18676	2	1	210 444
18677	2	1	210 445
18678	2	1	210 485
18679	2	1	210 495
18680	2	1	211 213
18681	2	1	211 223
18682	2	1	211 239
18683	2	1	211 246
18684	2	1	211 250
18685	2	1	211 251
18686	2	1	211 256
18687	2	1	211 275
18688	2	1	211 305
18689	2	1	211 308
18690	2	1	211 317
18691	2	1	211 321
18692	2	1	211 322
18693	2	1	211 324
18694	2	1	211 332
18695	2	1	211 355
18696	2	1	211 356
18697	2	1	211 380
18698	2	1	211 383
18699	2	1	211 387
18700	2	1	211 394
18701	2	1	211 398
18702	2	1	211 399
18703	2	1	211 409
18704	2	1	211 411
18705	2	1	211 413
18706	2	1	211 431
18707	2	1	211 448
18708	2	1	211 450
18709	2	1	211 461
18710	2	1	211 471
18711	2	1	212 216
18712	2	1	212 218
18713	2	1	212 244
18714	2	1	212 279
18715	2	1	212 286
18716	2	1	212 291
18717	2	1	212 303
18718	2	1	212 316
18719	2	1	212 325
18720	2	1	212 342
18721	2	1	212 346
18722	2	1	212 351
18723	2	1	212 355
18724	2	1	212 371
18725	2	1	212 376
18726	2	1	212 388
18727	2	1	212 396
18728	2	1	212 404
18729	2	1	212 406
18730	2	1	212 416
18731	2	1	212 419
18732	2	1	212 448
18733	2	1	212 463
18734	2	1	212 473
18735	2	1	212 484
18736	2	1	212 486
18737	2	1	212 495
18738	2	1	213 224
18739	2	1	213 227
18740	2	1	213 232
18741	2	1	213 237
18742	2	1	213 238
18743	2	1	213 240
18744	2	1	213 264
18745	2	1	213 274
18746	2	1	213 298
18747	2	1	213 307
18748	2	1	213 311
18749	2	1	213 316
18750	2	1	213 322
18751	2	1	213 345
18752	2	1	213 363
18753	2	1	213 380
18754	2	1	213 397
18755	2	1	213 423
18756	2	1	213 443
18757	2	1	213 459
18758	2	1	213 461
18759	2	1	216 217
18760	2	1	216 227
18761	2	1	216 230
18762	2	1	216 236
18763	2	1	216 245
18764	2	1	216 251
18765	2	1	216 271
18766	2	1	216 282
18767	2	1	216 301
18768	2	1	216 318
18769	2	1	216 332
18770	2	1	216 345
18771	2	1	216 351
18772	2	1	216 353
18773	2	1	216 359
18774	2	1	216 366
18775	2	1	216 370
18776	2	1	216 371
18777	2	1	216 396
18778	2	1	216 400
18779	2	1	216 413
18780	2	1	216 416
18781	2	1	216 428
18782	2	1	216 430
18783	2	1	216 431
18784	2	1	216 432
18785	2	1	216 439
18786	2	1	216 446
18787	2	1	216 459
18788	2	1	216 472
18789	2	1	216 482
18790	2	1	216 484
18791	2	1	216 486
18792	2	1	216 487
18793	2	1	216 488
18794	2	1	216 497
18795	2	1	217 219
18796	2	1	217 224
18797	2	1	217 226
18798	2	1	217 237
18799	2	1	217 239
18800	2	1	217 240
18801	2	1	217 246
18802	2	1	217 278
18803	2	1	217 282
18804	2	1	217 283
18805	2	1	217 295
18806	2	1	217 297
18807	2	1	217 304
18808	2	1	217 328
18809	2	1	217 344
18810	2	1	217 345
18811	2	1	217 350
18812	2	1	217 364
18813	2	1	217 378
18814	2	1	217 386
18815	2	1	217 397
18816	2	1	217 409
18817	2	1	217 413
18818	2	1	217 447
18819	2	1	217 455
18820	2	1	217 458
18821	2	1	217 468
18822	2	1	217 480
18823	2	1	217 481
18824	2	1	218 222
18825	2	1	218 258
18826	2	1	218 266
18827	2	1	218 272
18828	2	1	218 279
18829	2	1	218 317
18830	2	1	218 318
18831	2	1	218 351
18832	2	1	218 357
18833	2	1	218 372
18834	2	1	218 378
18835	2	1	218 411
18836	2	1	218 423
18837	2	1	218 430
18838	2	1	218 437
18839	2	1	218 442
18840	2	1	218 452
18841	2	1	219 223
18842	2	1	219 225
18843	2	1	219 240
18844	2	1	219 260
18845	2	1	219 264
18846	2	1	219 286
18847	2	1	219 287
18848	2	1	219 288
18849	2	1	219 299
18850	2	1	219 308
18851	2	1	219 315
18852	2	1	219 326
18853	2	1	219 328
18854	2	1	219 333
18855	2	1	219 338
18856	2	1	219 344
18857	2	1	219 345
18858	2	1	219 349
18859	2	1	219 361
18860	2	1	219 363
18861	2	1	219 364
18862	2	1	219 365
18863	2	1	219 373
18864	2	1	219 376
18865	2	1	219 380
18866	2	1	219 384
18867	2	1	219 385
18868	2	1	219 397
18869	2	1	219 449
18870	2	1	219 453
18871	2	1	219 460
18872	2	1	219 471
18873	2	1	219 483
18874	2	1	219 486
18875	2	1	219 494
18876	2	1	221 226
18877	2	1	221 236
18878	2	1	221 264
18879	2	1	221 267
18880	2	1	221 299
18881	2	1	221 305
18882	2	1	221 309
18883	2	1	221 312
18884	2	1	221 319
18885	2	1	221 320
18886	2	1	221 322
18887	2	1	221 326
18888	2	1	221 338
18889	2	1	221 342
18890	2	1	221 381
18891	2	1	221 386
18892	2	1	221 396
18893	2	1	221 406
18894	2	1	221 418
18895	2	1	221 424
18896	2	1	221 448
18897	2	1	221 471
18898	2	1	221 485
18899	2	1	221 494
18900	2	1	222 225
18901	2	1	222 244
18902	2	1	222 246
18903	2	1	222 248
18904	2	1	222 260
18905	2	1	222 272
18906	2	1	222 275
18907	2	1	222 286
18908	2	1	222 292
18909	2	1	222 293
18910	2	1	222 301
18911	2	1	222 309
18912	2	1	222 345
18913	2	1	222 356
18914	2	1	222 403
18915	2	1	222 435
18916	2	1	222 448
18917	2	1	222 452
18918	2	1	222 472
18919	2	1	222 476
18920	2	1	222 488
18921	2	1	223 232
18922	2	1	223 246
18923	2	1	223 248
18924	2	1	223 250
18925	2	1	223 259
18926	2	1	223 272
18927	2	1	223 283
18928	2	1	223 288
18929	2	1	223 289
18930	2	1	223 293
18931	2	1	223 318
18932	2	1	223 328
18933	2	1	223 340
18934	2	1	223 353
18935	2	1	223 357
18936	2	1	223 361
18937	2	1	223 372
18938	2	1	223 410
18939	2	1	223 413
18940	2	1	223 431
18941	2	1	223 444
18942	2	1	223 476
18943	2	1	223 500
18944	2	1	224 229
18945	2	1	224 241
18946	2	1	224 249
18947	2	1	224 277
18948	2	1	224 282
18949	2	1	224 293
18950	2	1	224 295
18951	2	1	224 315
18952	2	1	224 329
18953	2	1	224 341
18954	2	1	224 345
18955	2	1	224 350
18956	2	1	224 362
18957	2	1	224 370
18958	2	1	224 399
18959	2	1	224 428
18960	2	1	224 452
18961	2	1	224 457
18962	2	1	224 471
18963	2	1	224 472
18964	2	1	224 484
18965	2	1	225 233
18966	2	1	225 246
18967	2	1	225 275
18968	2	1	225 294
18969	2	1	225 295
18970	2	1	225 303
18971	2	1	225 308
18972	2	1	225 311
18973	2	1	225 312
18974	2	1	225 318
18975	2	1	225 345
18976	2	1	225 387
18977	2	1	225 404
18978	2	1	225 430
18979	2	1	225 441
18980	2	1	225 445
18981	2	1	225 458
18982	2	1	225 473
18983	2	1	225 476
18984	2	1	225 483
18985	2	1	226 276
18986	2	1	226 285
18987	2	1	226 302
18988	2	1	226 304
18989	2	1	226 312
18990	2	1	226 317
18991	2	1	226 337
18992	2	1	226 371
18993	2	1	226 373
18994	2	1	226 403
18995	2	1	226 428
18996	2	1	226 463
18997	2	1	226 473
18998	2	1	226 477
18999	2	1	226 484
19000	2	1	227 244
19001	2	1	227 294
19002	2	1	227 305
19003	2	1	227 309
19004	2	1	227 317
19005	2	1	227 318
19006	2	1	227 344
19007	2	1	227 346
19008	2	1	227 359
19009	2	1	227 364
19010	2	1	227 368
19011	2	1	227 369
19012	2	1	227 376
19013	2	1	227 378
19014	2	1	227 437
19015	2	1	227 446
19016	2	1	227 447
19017	2	1	227 455
19018	2	1	227 485
19019	2	1	227 496
19020	2	1	227 497
19021	2	1	228 232
19022	2	1	228 242
19023	2	1	228 258
19024	2	1	228 269
19025	2	1	228 287
19026	2	1	228 300
19027	2	1	228 308
19028	2	1	228 371
19029	2	1	228 376
19030	2	1	228 380
19031	2	1	228 386
19032	2	1	228 389
19033	2	1	228 403
19034	2	1	228 436
19035	2	1	228 437
19036	2	1	228 443
19037	2	1	228 471
19038	2	1	228 473
19039	2	1	228 476
19040	2	1	228 491
19041	2	1	229 237
19042	2	1	229 262
19043	2	1	229 269
19044	2	1	229 276
19045	2	1	229 301
19046	2	1	229 309
19047	2	1	229 310
19048	2	1	229 312
19049	2	1	229 318
19050	2	1	229 323
19051	2	1	229 363
19052	2	1	229 399
19053	2	1	229 404
19054	2	1	229 413
19055	2	1	229 436
19056	2	1	229 443
19057	2	1	229 473
19058	2	1	229 482
19059	2	1	229 495
19060	2	1	230 234
19061	2	1	230 240
19062	2	1	230 261
19063	2	1	230 274
19064	2	1	230 277
19065	2	1	230 287
19066	2	1	230 318
19067	2	1	230 319
19068	2	1	230 325
19069	2	1	230 338
19070	2	1	230 368
19071	2	1	230 371
19072	2	1	230 373
19073	2	1	230 398
19074	2	1	230 436
19075	2	1	230 468
19076	2	1	230 484
19077	2	1	231 232
19078	2	1	231 240
19079	2	1	231 257
19080	2	1	231 275
19081	2	1	231 301
19082	2	1	231 308
19083	2	1	231 321
19084	2	1	231 368
19085	2	1	231 378
19086	2	1	231 406
19087	2	1	231 431
19088	2	1	231 439
19089	2	1	231 445
19090	2	1	231 452
19091	2	1	231 458
19092	2	1	232 260
19093	2	1	232 266
19094	2	1	232 283
19095	2	1	232 295
19096	2	1	232 297
19097	2	1	232 317
19098	2	1	232 329
19099	2	1	232 337
19100	2	1	232 341
19101	2	1	232 355
19102	2	1	232 359
19103	2	1	232 409
19104	2	1	232 418
19105	2	1	232 429
19106	2	1	232 430
19107	2	1	232 437
19108	2	1	232 440
19109	2	1	232 463
19110	2	1	232 472
19111	2	1	232 485
19112	2	1	232 497
19113	2	1	233 237
19114	2	1	233 242
19115	2	1	233 291
19116	2	1	233 294
19117	2	1	233 296
19118	2	1	233 326
19119	2	1	233 340
19120	2	1	233 353
19121	2	1	233 380
19122	2	1	233 386
19123	2	1	233 391
19124	2	1	233 409
19125	2	1	233 410
19126	2	1	233 422
19127	2	1	233 426
19128	2	1	233 430
19129	2	1	233 437
19130	2	1	233 440
19131	2	1	233 459
19132	2	1	233 465
19133	2	1	233 468
19134	2	1	233 472
19135	2	1	233 484
19136	2	1	233 489
19137	2	1	233 494
19138	2	1	234 248
19139	2	1	234 250
19140	2	1	234 256
19141	2	1	234 258
19142	2	1	234 264
19143	2	1	234 286
19144	2	1	234 287
19145	2	1	234 291
19146	2	1	234 304
19147	2	1	234 312
19148	2	1	234 315
19149	2	1	234 320
19150	2	1	234 341
19151	2	1	234 342
19152	2	1	234 350
19153	2	1	234 364
19154	2	1	234 367
19155	2	1	234 387
19156	2	1	234 391
19157	2	1	234 411
19158	2	1	234 430
19159	2	1	234 439
19160	2	1	234 442
19161	2	1	234 449
19162	2	1	234 455
19163	2	1	234 463
19164	2	1	234 465
19165	2	1	234 466
19166	2	1	234 484
19167	2	1	234 488
19168	2	1	236 237
19169	2	1	236 264
19170	2	1	236 266
19171	2	1	236 271
19172	2	1	236 307
19173	2	1	236 322
19174	2	1	236 353
19175	2	1	236 355
19176	2	1	236 381
19177	2	1	236 384
19178	2	1	236 387
19179	2	1	236 404
19180	2	1	236 413
19181	2	1	236 440
19182	2	1	236 445
19183	2	1	236 449
19184	2	1	236 460
19185	2	1	236 467
19186	2	1	236 471
19187	2	1	236 477
19188	2	1	236 495
19189	2	1	236 496
19190	2	1	237 242
19191	2	1	237 244
19192	2	1	237 260
19193	2	1	237 276
19194	2	1	237 295
19195	2	1	237 299
19196	2	1	237 300
19197	2	1	237 301
19198	2	1	237 310
19199	2	1	237 312
19200	2	1	237 322
19201	2	1	237 359
19202	2	1	237 387
19203	2	1	237 394
19204	2	1	237 405
19205	2	1	237 417
19206	2	1	237 425
19207	2	1	237 440
19208	2	1	237 458
19209	2	1	237 467
19210	2	1	237 479
19211	2	1	238 243
19212	2	1	238 263
19213	2	1	238 284
19214	2	1	238 289
19215	2	1	238 292
19216	2	1	238 294
19217	2	1	238 307
19218	2	1	238 330
19219	2	1	238 332
19220	2	1	238 345
19221	2	1	238 350
19222	2	1	238 351
19223	2	1	238 386
19224	2	1	238 400
19225	2	1	238 404
19226	2	1	238 416
19227	2	1	238 429
19228	2	1	238 440
19229	2	1	238 449
19230	2	1	238 458
19231	2	1	238 470
19232	2	1	238 489
19233	2	1	238 496
19234	2	1	239 242
19235	2	1	239 269
19236	2	1	239 310
19237	2	1	239 371
19238	2	1	239 410
19239	2	1	239 426
19240	2	1	239 429
19241	2	1	239 434
19242	2	1	239 471
19243	2	1	239 491
19244	2	1	240 263
19245	2	1	240 266
19246	2	1	240 278
19247	2	1	240 282
19248	2	1	240 309
19249	2	1	240 310
19250	2	1	240 313
19251	2	1	240 324
19252	2	1	240 329
19253	2	1	240 338
19254	2	1	240 341
19255	2	1	240 344
19256	2	1	240 347
19257	2	1	240 351
19258	2	1	240 354
19259	2	1	240 370
19260	2	1	240 380
19261	2	1	240 389
19262	2	1	240 398
19263	2	1	240 430
19264	2	1	240 440
19265	2	1	240 452
19266	2	1	240 471
19267	2	1	240 472
19268	2	1	240 486
19269	2	1	240 495
19270	2	1	241 271
19271	2	1	241 303
19272	2	1	241 305
19273	2	1	241 311
19274	2	1	241 316
19275	2	1	241 324
19276	2	1	241 325
19277	2	1	241 326
19278	2	1	241 340
19279	2	1	241 368
19280	2	1	241 370
19281	2	1	241 400
19282	2	1	241 403
19283	2	1	241 427
19284	2	1	241 433
19285	2	1	241 439
19286	2	1	241 445
19287	2	1	241 460
19288	2	1	241 480
19289	2	1	241 489
19290	2	1	242 244
19291	2	1	242 253
19292	2	1	242 257
19293	2	1	242 262
19294	2	1	242 267
19295	2	1	242 279
19296	2	1	242 297
19297	2	1	242 325
19298	2	1	242 341
19299	2	1	242 356
19300	2	1	242 380
19301	2	1	242 420
19302	2	1	242 445
19303	2	1	242 452
19304	2	1	242 459
19305	2	1	242 466
19306	2	1	242 472
19307	2	1	242 473
19308	2	1	242 479
19309	2	1	243 250
19310	2	1	243 261
19311	2	1	243 274
19312	2	1	243 277
19313	2	1	243 281
19314	2	1	243 291
19315	2	1	243 296
19316	2	1	243 303
19317	2	1	243 326
19318	2	1	243 330
19319	2	1	243 334
19320	2	1	243 341
19321	2	1	243 363
19322	2	1	243 364
19323	2	1	243 369
19324	2	1	243 372
19325	2	1	243 373
19326	2	1	243 379
19327	2	1	243 383
19328	2	1	243 385
19329	2	1	243 422
19330	2	1	243 430
19331	2	1	243 431
19332	2	1	243 454
19333	2	1	243 460
19334	2	1	243 495
19335	2	1	244 253
19336	2	1	244 269
19337	2	1	244 278
19338	2	1	244 287
19339	2	1	244 311
19340	2	1	244 312
19341	2	1	244 313
19342	2	1	244 322
19343	2	1	244 323
19344	2	1	244 326
19345	2	1	244 335
19346	2	1	244 337
19347	2	1	244 345
19348	2	1	244 362
19349	2	1	244 377
19350	2	1	244 384
19351	2	1	244 387
19352	2	1	244 399
19353	2	1	244 403
19354	2	1	244 431
19355	2	1	244 432
19356	2	1	244 433
19357	2	1	244 436
19358	2	1	244 439
19359	2	1	244 443
19360	2	1	244 447
19361	2	1	244 454
19362	2	1	244 455
19363	2	1	244 465
19364	2	1	244 468
19365	2	1	244 481
19366	2	1	244 494
19367	2	1	245 253
19368	2	1	245 272
19369	2	1	245 288
19370	2	1	245 292
19371	2	1	245 303
19372	2	1	245 308
19373	2	1	245 312
19374	2	1	245 324
19375	2	1	245 333
19376	2	1	245 340
19377	2	1	245 344
19378	2	1	245 359
19379	2	1	245 376
19380	2	1	245 386
19381	2	1	245 419
19382	2	1	245 420
19383	2	1	245 436
19384	2	1	245 442
19385	2	1	245 473
19386	2	1	245 487
19387	2	1	245 489
19388	2	1	245 497
19389	2	1	245 500
19390	2	1	246 257
19391	2	1	246 259
19392	2	1	246 262
19393	2	1	246 274
19394	2	1	246 276
19395	2	1	246 279
19396	2	1	246 281
19397	2	1	246 287
19398	2	1	246 330
19399	2	1	246 343
19400	2	1	246 362
19401	2	1	246 363
19402	2	1	246 371
19403	2	1	246 372
19404	2	1	246 400
19405	2	1	246 403
19406	2	1	246 426
19407	2	1	246 427
19408	2	1	246 446
19409	2	1	246 455
19410	2	1	246 485
19411	2	1	246 486
19412	2	1	248 256
19413	2	1	248 259
19414	2	1	248 272
19415	2	1	248 287
19416	2	1	248 291
19417	2	1	248 299
19418	2	1	248 310
19419	2	1	248 323
19420	2	1	248 324
19421	2	1	248 341
19422	2	1	248 357
19423	2	1	248 394
19424	2	1	248 409
19425	2	1	248 420
19426	2	1	248 422
19427	2	1	248 423
19428	2	1	248 425
19429	2	1	248 426
19430	2	1	248 436
19431	2	1	248 437
19432	2	1	248 440
19433	2	1	248 452
19434	2	1	248 461
19435	2	1	248 480
19436	2	1	248 483
19437	2	1	248 491
19438	2	1	248 496
19439	2	1	248 497
19440	2	1	249 253
19441	2	1	249 265
19442	2	1	249 278
19443	2	1	249 281
19444	2	1	249 282
19445	2	1	249 284
19446	2	1	249 305
19447	2	1	249 319
19448	2	1	249 324
19449	2	1	249 335
19450	2	1	249 343
19451	2	1	249 351
19452	2	1	249 363
19453	2	1	249 369
19454	2	1	249 370
19455	2	1	249 371
19456	2	1	249 374
19457	2	1	249 391
19458	2	1	249 398
19459	2	1	249 399
19460	2	1	249 418
19461	2	1	249 426
19462	2	1	249 428
19463	2	1	249 429
19464	2	1	249 433
19465	2	1	249 454
19466	2	1	249 458
19467	2	1	249 461
19468	2	1	249 473
19469	2	1	249 491
19470	2	1	250 267
19471	2	1	250 278
19472	2	1	250 291
19473	2	1	250 309
19474	2	1	250 335
19475	2	1	250 342
19476	2	1	250 353
19477	2	1	250 363
19478	2	1	250 365
19479	2	1	250 366
19480	2	1	250 369
19481	2	1	250 397
19482	2	1	250 400
19483	2	1	250 422
19484	2	1	250 425
19485	2	1	250 428
19486	2	1	250 486
19487	2	1	250 495
19488	2	1	250 496
19489	2	1	251 266
19490	2	1	251 271
19491	2	1	251 278
19492	2	1	251 286
19493	2	1	251 300
19494	2	1	251 322
19495	2	1	251 335
19496	2	1	251 341
19497	2	1	251 343
19498	2	1	251 345
19499	2	1	251 349
19500	2	1	251 355
19501	2	1	251 356
19502	2	1	251 361
19503	2	1	251 413
19504	2	1	251 425
19505	2	1	251 488
19506	2	1	253 276
19507	2	1	253 284
19508	2	1	253 288
19509	2	1	253 298
19510	2	1	253 304
19511	2	1	253 307
19512	2	1	253 311
19513	2	1	253 325
19514	2	1	253 332
19515	2	1	253 337
19516	2	1	253 343
19517	2	1	253 350
19518	2	1	253 351
19519	2	1	253 369
19520	2	1	253 397
19521	2	1	253 405
19522	2	1	253 424
19523	2	1	253 439
19524	2	1	253 440
19525	2	1	253 453
19526	2	1	253 470
19527	2	1	253 481
19528	2	1	253 482
19529	2	1	253 484
19530	2	1	253 495
19531	2	1	256 282
19532	2	1	256 294
19533	2	1	256 297
19534	2	1	256 300
19535	2	1	256 313
19536	2	1	256 333
19537	2	1	256 350
19538	2	1	256 384
19539	2	1	256 388
19540	2	1	256 396
19541	2	1	256 412
19542	2	1	256 426
19543	2	1	256 427
19544	2	1	256 439
19545	2	1	256 445
19546	2	1	256 466
19547	2	1	256 481
19548	2	1	256 482
19549	2	1	256 491
19550	2	1	257 260
19551	2	1	257 269
19552	2	1	257 278
19553	2	1	257 292
19554	2	1	257 293
19555	2	1	257 311
19556	2	1	257 327
19557	2	1	257 359
19558	2	1	257 363
19559	2	1	257 365
19560	2	1	257 373
19561	2	1	257 377
19562	2	1	257 423
19563	2	1	257 444
19564	2	1	257 454
19565	2	1	257 465
19566	2	1	257 470
19567	2	1	257 471
19568	2	1	257 480
19569	2	1	257 482
19570	2	1	257 485
19571	2	1	257 486
19572	2	1	258 287
19573	2	1	258 297
19574	2	1	258 299
19575	2	1	258 303
19576	2	1	258 304
19577	2	1	258 308
19578	2	1	258 323
19579	2	1	258 327
19580	2	1	258 330
19581	2	1	258 357
19582	2	1	258 371
19583	2	1	258 373
19584	2	1	258 376
19585	2	1	258 378
19586	2	1	258 394
19587	2	1	258 398
19588	2	1	258 426
19589	2	1	258 429
19590	2	1	258 431
19591	2	1	258 444
19592	2	1	258 448
19593	2	1	258 450
19594	2	1	258 485
19595	2	1	258 488
19596	2	1	258 489
19597	2	1	258 491
19598	2	1	259 260
19599	2	1	259 271
19600	2	1	259 277
19601	2	1	259 317
19602	2	1	259 319
19603	2	1	259 332
19604	2	1	259 333
19605	2	1	259 341
19606	2	1	259 351
19607	2	1	259 367
19608	2	1	259 371
19609	2	1	259 381
19610	2	1	259 394
19611	2	1	259 399
19612	2	1	259 417
19613	2	1	259 442
19614	2	1	259 447
19615	2	1	259 449
19616	2	1	259 453
19617	2	1	259 458
19618	2	1	259 471
19619	2	1	259 494
19620	2	1	260 281
19621	2	1	260 318
19622	2	1	260 319
19623	2	1	260 326
19624	2	1	260 328
19625	2	1	260 370
19626	2	1	260 374
19627	2	1	260 378
19628	2	1	260 379
19629	2	1	260 386
19630	2	1	260 397
19631	2	1	260 399
19632	2	1	260 406
19633	2	1	260 410
19634	2	1	260 418
19635	2	1	260 422
19636	2	1	260 429
19637	2	1	260 430
19638	2	1	260 465
19639	2	1	260 483
19640	2	1	260 489
19641	2	1	260 500
19642	2	1	261 263
19643	2	1	261 274
19644	2	1	261 285
19645	2	1	261 297
19646	2	1	261 313
19647	2	1	261 316
19648	2	1	261 328
19649	2	1	261 345
19650	2	1	261 380
19651	2	1	261 393
19652	2	1	261 398
19653	2	1	261 399
19654	2	1	261 411
19655	2	1	261 413
19656	2	1	261 422
19657	2	1	261 424
19658	2	1	261 433
19659	2	1	261 458
19660	2	1	261 465
19661	2	1	261 473
19662	2	1	261 480
19663	2	1	261 481
19664	2	1	262 267
19665	2	1	262 271
19666	2	1	262 303
19667	2	1	262 304
19668	2	1	262 314
19669	2	1	262 324
19670	2	1	262 325
19671	2	1	262 326
19672	2	1	262 330
19673	2	1	262 332
19674	2	1	262 346
19675	2	1	262 353
19676	2	1	262 361
19677	2	1	262 364
19678	2	1	262 373
19679	2	1	262 378
19680	2	1	262 379
19681	2	1	262 422
19682	2	1	262 426
19683	2	1	262 442
19684	2	1	262 446
19685	2	1	262 447
19686	2	1	262 488
19687	2	1	263 269
19688	2	1	263 274
19689	2	1	263 277
19690	2	1	263 324
19691	2	1	263 369
19692	2	1	263 371
19693	2	1	263 384
19694	2	1	263 449
19695	2	1	263 457
19696	2	1	263 466
19697	2	1	263 484
19698	2	1	263 500
19699	2	1	264 285
19700	2	1	264 291
19701	2	1	264 299
19702	2	1	264 310
19703	2	1	264 315
19704	2	1	264 333
19705	2	1	264 337
19706	2	1	264 338
19707	2	1	264 356
19708	2	1	264 362
19709	2	1	264 364
19710	2	1	264 367
19711	2	1	264 385
19712	2	1	264 394
19713	2	1	264 409
19714	2	1	264 418
19715	2	1	264 419
19716	2	1	264 420
19717	2	1	264 422
19718	2	1	264 425
19719	2	1	264 443
19720	2	1	264 444
19721	2	1	264 457
19722	2	1	264 468
19723	2	1	265 278
19724	2	1	265 283
19725	2	1	265 332
19726	2	1	265 340
19727	2	1	265 355
19728	2	1	265 356
19729	2	1	265 361
19730	2	1	265 388
19731	2	1	265 410
19732	2	1	265 412
19733	2	1	265 420
19734	2	1	265 424
19735	2	1	265 431
19736	2	1	265 436
19737	2	1	265 437
19738	2	1	265 442
19739	2	1	265 453
19740	2	1	265 454
19741	2	1	265 471
19742	2	1	265 491
19743	2	1	265 495
19744	2	1	266 278
19745	2	1	266 292
19746	2	1	266 294
19747	2	1	266 302
19748	2	1	266 332
19749	2	1	266 334
19750	2	1	266 364
19751	2	1	266 371
19752	2	1	266 381
19753	2	1	266 409
19754	2	1	266 424
19755	2	1	266 462
19756	2	1	266 463
19757	2	1	266 496
19758	2	1	267 284
19759	2	1	267 285
19760	2	1	267 289
19761	2	1	267 293
19762	2	1	267 299
19763	2	1	267 308
19764	2	1	267 311
19765	2	1	267 314
19766	2	1	267 343
19767	2	1	267 347
19768	2	1	267 363
19769	2	1	267 372
19770	2	1	267 387
19771	2	1	267 388
19772	2	1	267 396
19773	2	1	267 418
19774	2	1	267 431
19775	2	1	267 460
19776	2	1	267 463
19777	2	1	267 468
19778	2	1	267 487
19779	2	1	269 274
19780	2	1	269 288
19781	2	1	269 315
19782	2	1	269 322
19783	2	1	269 335
19784	2	1	269 393
19785	2	1	269 410
19786	2	1	269 418
19787	2	1	269 434
19788	2	1	269 445
19789	2	1	269 454
19790	2	1	269 460
19791	2	1	269 473
19792	2	1	269 479
19793	2	1	271 278
19794	2	1	271 284
19795	2	1	271 285
19796	2	1	271 291
19797	2	1	271 295
19798	2	1	271 304
19799	2	1	271 324
19800	2	1	271 338
19801	2	1	271 347
19802	2	1	271 353
19803	2	1	271 363
19804	2	1	271 371
19805	2	1	271 377
19806	2	1	271 411
19807	2	1	271 412
19808	2	1	271 431
19809	2	1	271 435
19810	2	1	271 443
19811	2	1	271 444
19812	2	1	271 445
19813	2	1	271 448
19814	2	1	271 458
19815	2	1	271 461
19816	2	1	271 467
19817	2	1	271 476
19818	2	1	271 479
19819	2	1	272 275
19820	2	1	272 298
19821	2	1	272 309
19822	2	1	272 311
19823	2	1	272 317
19824	2	1	272 324
19825	2	1	272 326
19826	2	1	272 333
19827	2	1	272 340
19828	2	1	272 347
19829	2	1	272 351
19830	2	1	272 356
19831	2	1	272 363
19832	2	1	272 370
19833	2	1	272 380
19834	2	1	272 400
19835	2	1	272 434
19836	2	1	272 435
19837	2	1	272 447
19838	2	1	272 454
19839	2	1	274 287
19840	2	1	274 291
19841	2	1	274 356
19842	2	1	274 393
19843	2	1	274 399
19844	2	1	274 400
19845	2	1	274 404
19846	2	1	274 428
19847	2	1	274 432
19848	2	1	274 440
19849	2	1	274 479
19850	2	1	274 485
19851	2	1	274 488
19852	2	1	275 279
19853	2	1	275 282
19854	2	1	275 293
19855	2	1	275 300
19856	2	1	275 302
19857	2	1	275 305
19858	2	1	275 307
19859	2	1	275 310
19860	2	1	275 322
19861	2	1	275 326
19862	2	1	275 327
19863	2	1	275 328
19864	2	1	275 345
19865	2	1	275 372
19866	2	1	275 387
19867	2	1	275 399
19868	2	1	275 418
19869	2	1	275 429
19870	2	1	275 434
19871	2	1	275 466
19872	2	1	275 467
19873	2	1	275 468
19874	2	1	275 473
19875	2	1	275 485
19876	2	1	275 486
19877	2	1	276 283
19878	2	1	276 297
19879	2	1	276 300
19880	2	1	276 303
19881	2	1	276 316
19882	2	1	276 320
19883	2	1	276 326
19884	2	1	276 328
19885	2	1	276 338
19886	2	1	276 367
19887	2	1	276 368
19888	2	1	276 403
19889	2	1	276 406
19890	2	1	276 430
19891	2	1	276 439
19892	2	1	276 444
19893	2	1	276 453
19894	2	1	276 454
19895	2	1	276 463
19896	2	1	276 472
19897	2	1	276 497
19898	2	1	277 284
19899	2	1	277 289
19900	2	1	277 312
19901	2	1	277 315
19902	2	1	277 334
19903	2	1	277 366
19904	2	1	277 378
19905	2	1	277 391
19906	2	1	277 396
19907	2	1	277 397
19908	2	1	277 416
19909	2	1	277 418
19910	2	1	277 430
19911	2	1	277 434
19912	2	1	277 465
19913	2	1	277 466
19914	2	1	277 484
19915	2	1	278 287
19916	2	1	278 288
19917	2	1	278 293
19918	2	1	278 304
19919	2	1	278 307
19920	2	1	278 313
19921	2	1	278 333
19922	2	1	278 344
19923	2	1	278 351
19924	2	1	278 353
19925	2	1	278 361
19926	2	1	278 367
19927	2	1	278 387
19928	2	1	278 404
19929	2	1	278 419
19930	2	1	278 422
19931	2	1	278 423
19932	2	1	278 434
19933	2	1	278 435
19934	2	1	278 446
19935	2	1	278 450
19936	2	1	278 455
19937	2	1	278 497
19938	2	1	279 283
19939	2	1	279 291
19940	2	1	279 301
19941	2	1	279 307
19942	2	1	279 312
19943	2	1	279 318
19944	2	1	279 321
19945	2	1	279 329
19946	2	1	279 332
19947	2	1	279 342
19948	2	1	279 374
19949	2	1	279 381
19950	2	1	279 397
19951	2	1	279 398
19952	2	1	279 405
19953	2	1	279 418
19954	2	1	279 420
19955	2	1	279 446
19956	2	1	279 457
19957	2	1	279 471
19958	2	1	279 472
19959	2	1	281 300
19960	2	1	281 312
19961	2	1	281 322
19962	2	1	281 323
19963	2	1	281 324
19964	2	1	281 328
19965	2	1	281 334
19966	2	1	281 350
19967	2	1	281 366
19968	2	1	281 380
19969	2	1	281 396
19970	2	1	281 404
19971	2	1	281 413
19972	2	1	281 422
19973	2	1	281 430
19974	2	1	281 433
19975	2	1	281 440
19976	2	1	281 442
19977	2	1	281 449
19978	2	1	281 452
19979	2	1	281 454
19980	2	1	281 460
19981	2	1	281 462
19982	2	1	281 468
19983	2	1	281 471
19984	2	1	281 476
19985	2	1	281 482
19986	2	1	281 485
19987	2	1	281 486
19988	2	1	281 500
19989	2	1	282 299
19990	2	1	282 310
19991	2	1	282 322
19992	2	1	282 328
19993	2	1	282 335
19994	2	1	282 338
19995	2	1	282 341
19996	2	1	282 363
19997	2	1	282 376
19998	2	1	282 383
19999	2	1	282 410
20000	2	1	282 418
20001	2	1	282 430
20002	2	1	282 436
20003	2	1	282 444
20004	2	1	282 445
20005	2	1	282 450
20006	2	1	282 485
20007	2	1	282 494
20008	2	1	283 305
20009	2	1	283 316
20010	2	1	283 325
20011	2	1	283 326
20012	2	1	283 327
20013	2	1	283 330
20014	2	1	283 350
20015	2	1	283 354
20016	2	1	283 364
20017	2	1	283 366
20018	2	1	283 411
20019	2	1	283 418
20020	2	1	283 422
20021	2	1	283 432
20022	2	1	283 433
20023	2	1	283 436
20024	2	1	283 477
20025	2	1	283 497
20026	2	1	284 295
20027	2	1	284 305
20028	2	1	284 312
20029	2	1	284 317
20030	2	1	284 321
20031	2	1	284 322
20032	2	1	284 344
20033	2	1	284 365
20034	2	1	284 369
20035	2	1	284 374
20036	2	1	284 383
20037	2	1	284 384
20038	2	1	284 399
20039	2	1	284 405
20040	2	1	284 420
20041	2	1	284 424
20042	2	1	284 429
20043	2	1	284 450
20044	2	1	284 452
20045	2	1	284 454
20046	2	1	284 461
20047	2	1	284 463
20048	2	1	284 487
20049	2	1	285 297
20050	2	1	285 298
20051	2	1	285 312
20052	2	1	285 317
20053	2	1	285 357
20054	2	1	285 368
20055	2	1	285 374
20056	2	1	285 391
20057	2	1	285 394
20058	2	1	285 411
20059	2	1	285 419
20060	2	1	285 422
20061	2	1	285 429
20062	2	1	285 435
20063	2	1	285 437
20064	2	1	285 461
20065	2	1	285 486
20066	2	1	286 293
20067	2	1	286 296
20068	2	1	286 314
20069	2	1	286 338
20070	2	1	286 350
20071	2	1	286 355
20072	2	1	286 386
20073	2	1	286 396
20074	2	1	286 398
20075	2	1	286 410
20076	2	1	286 423
20077	2	1	286 432
20078	2	1	286 434
20079	2	1	286 452
20080	2	1	286 457
20081	2	1	286 481
20082	2	1	286 495
20083	2	1	287 297
20084	2	1	287 298
20085	2	1	287 312
20086	2	1	287 324
20087	2	1	287 329
20088	2	1	287 337
20089	2	1	287 344
20090	2	1	287 356
20091	2	1	287 377
20092	2	1	287 397
20093	2	1	287 399
20094	2	1	287 420
20095	2	1	287 441
20096	2	1	287 446
20097	2	1	287 458
20098	2	1	287 459
20099	2	1	287 468
20100	2	1	287 472
20101	2	1	287 481
20102	2	1	287 489
20103	2	1	287 494
20104	2	1	287 495
20105	2	1	288 291
20106	2	1	288 296
20107	2	1	288 335
20108	2	1	288 338
20109	2	1	288 342
20110	2	1	288 346
20111	2	1	288 362
20112	2	1	288 380
20113	2	1	288 384
20114	2	1	288 403
20115	2	1	288 418
20116	2	1	288 440
20117	2	1	288 447
20118	2	1	288 459
20119	2	1	288 463
20120	2	1	288 476
20121	2	1	289 299
20122	2	1	289 301
20123	2	1	289 308
20124	2	1	289 310
20125	2	1	289 326
20126	2	1	289 329
20127	2	1	289 340
20128	2	1	289 344
20129	2	1	289 353
20130	2	1	289 372
20131	2	1	289 373
20132	2	1	289 383
20133	2	1	289 385
20134	2	1	289 389
20135	2	1	289 394
20136	2	1	289 412
20137	2	1	289 419
20138	2	1	289 429
20139	2	1	289 433
20140	2	1	289 466
20141	2	1	289 487
20142	2	1	289 489
20143	2	1	291 300
20144	2	1	291 325
20145	2	1	291 353
20146	2	1	291 356
20147	2	1	291 362
20148	2	1	291 372
20149	2	1	291 373
20150	2	1	291 378
20151	2	1	291 391
20152	2	1	291 399
20153	2	1	291 404
20154	2	1	291 417
20155	2	1	291 423
20156	2	1	291 439
20157	2	1	291 443
20158	2	1	291 446
20159	2	1	291 447
20160	2	1	291 465
20161	2	1	292 296
20162	2	1	292 307
20163	2	1	292 311
20164	2	1	292 317
20165	2	1	292 325
20166	2	1	292 369
20167	2	1	292 370
20168	2	1	292 377
20169	2	1	292 399
20170	2	1	292 409
20171	2	1	292 423
20172	2	1	292 425
20173	2	1	292 433
20174	2	1	292 445
20175	2	1	292 449
20176	2	1	292 453
20177	2	1	292 457
20178	2	1	292 477
20179	2	1	292 484
20180	2	1	293 324
20181	2	1	293 335
20182	2	1	293 347
20183	2	1	293 365
20184	2	1	293 374
20185	2	1	293 380
20186	2	1	293 409
20187	2	1	293 410
20188	2	1	293 433
20189	2	1	293 434
20190	2	1	293 437
20191	2	1	293 440
20192	2	1	293 454
20193	2	1	293 455
20194	2	1	293 470
20195	2	1	293 471
20196	2	1	293 487
20197	2	1	294 298
20198	2	1	294 313
20199	2	1	294 321
20200	2	1	294 325
20201	2	1	294 376
20202	2	1	294 378
20203	2	1	294 387
20204	2	1	294 394
20205	2	1	294 406
20206	2	1	294 420
20207	2	1	294 441
20208	2	1	294 463
20209	2	1	294 472
20210	2	1	295 296
20211	2	1	295 298
20212	2	1	295 301
20213	2	1	295 312
20214	2	1	295 319
20215	2	1	295 335
20216	2	1	295 357
20217	2	1	295 368
20218	2	1	295 370
20219	2	1	295 373
20220	2	1	295 374
20221	2	1	295 393
20222	2	1	295 419
20223	2	1	295 432
20224	2	1	295 437
20225	2	1	295 444
20226	2	1	295 459
20227	2	1	295 497
20228	2	1	296 302
20229	2	1	296 308
20230	2	1	296 327
20231	2	1	296 342
20232	2	1	296 350
20233	2	1	296 367
20234	2	1	296 377
20235	2	1	296 396
20236	2	1	296 411
20237	2	1	296 417
20238	2	1	296 429
20239	2	1	296 433
20240	2	1	296 439
20241	2	1	296 442
20242	2	1	296 454
20243	2	1	296 460
20244	2	1	296 462
20245	2	1	296 467
20246	2	1	296 470
20247	2	1	296 473
20248	2	1	297 300
20249	2	1	297 302
20250	2	1	297 308
20251	2	1	297 309
20252	2	1	297 326
20253	2	1	297 334
20254	2	1	297 364
20255	2	1	297 368
20256	2	1	297 428
20257	2	1	297 430
20258	2	1	297 450
20259	2	1	297 454
20260	2	1	297 466
20261	2	1	297 483
20262	2	1	297 489
20263	2	1	297 495
20264	2	1	297 496
20265	2	1	298 302
20266	2	1	298 303
20267	2	1	298 309
20268	2	1	298 344
20269	2	1	298 354
20270	2	1	298 359
20271	2	1	298 368
20272	2	1	298 372
20273	2	1	298 439
20274	2	1	298 461
20275	2	1	298 467
20276	2	1	298 470
20277	2	1	298 488
20278	2	1	298 491
20279	2	1	299 302
20280	2	1	299 311
20281	2	1	299 312
20282	2	1	299 325
20283	2	1	299 335
20284	2	1	299 343
20285	2	1	299 399
20286	2	1	299 419
20287	2	1	299 423
20288	2	1	299 459
20289	2	1	299 461
20290	2	1	299 470
20291	2	1	299 477
20292	2	1	300 307
20293	2	1	300 311
20294	2	1	300 322
20295	2	1	300 324
20296	2	1	300 325
20297	2	1	300 326
20298	2	1	300 334
20299	2	1	300 335
20300	2	1	300 393
20301	2	1	300 398
20302	2	1	300 399
20303	2	1	300 411
20304	2	1	300 431
20305	2	1	300 454
20306	2	1	300 458
20307	2	1	300 487
20308	2	1	301 310
20309	2	1	301 313
20310	2	1	301 314
20311	2	1	301 321
20312	2	1	301 325
20313	2	1	301 330
20314	2	1	301 344
20315	2	1	301 365
20316	2	1	301 372
20317	2	1	301 374
20318	2	1	301 383
20319	2	1	301 389
20320	2	1	301 403
20321	2	1	301 423
20322	2	1	301 447
20323	2	1	301 449
20324	2	1	301 459
20325	2	1	301 468
20326	2	1	301 472
20327	2	1	301 479
20328	2	1	301 481
20329	2	1	301 483
20330	2	1	301 494
20331	2	1	302 313
20332	2	1	302 318
20333	2	1	302 323
20334	2	1	302 328
20335	2	1	302 329
20336	2	1	302 346
20337	2	1	302 349
20338	2	1	302 383
20339	2	1	302 404
20340	2	1	302 428
20341	2	1	302 463
20342	2	1	302 479
20343	2	1	302 482
20344	2	1	302 500
20345	2	1	303 305
20346	2	1	303 316
20347	2	1	303 325
20348	2	1	303 330
20349	2	1	303 332
20350	2	1	303 353
20351	2	1	303 356
20352	2	1	303 362
20353	2	1	303 369
20354	2	1	303 381
20355	2	1	303 384
20356	2	1	303 399
20357	2	1	303 405
20358	2	1	303 427
20359	2	1	303 428
20360	2	1	303 430
20361	2	1	303 457
20362	2	1	303 477
20363	2	1	303 484
20364	2	1	303 494
20365	2	1	303 495
20366	2	1	304 308
20367	2	1	304 387
20368	2	1	304 393
20369	2	1	304 424
20370	2	1	304 428
20371	2	1	304 434
20372	2	1	304 443
20373	2	1	304 458
20374	2	1	304 473
20375	2	1	304 480
20376	2	1	305 312
20377	2	1	305 317
20378	2	1	305 327
20379	2	1	305 337
20380	2	1	305 338
20381	2	1	305 340
20382	2	1	305 355
20383	2	1	305 363
20384	2	1	305 376
20385	2	1	305 393
20386	2	1	305 412
20387	2	1	305 416
20388	2	1	305 418
20389	2	1	305 426
20390	2	1	305 428
20391	2	1	305 434
20392	2	1	305 468
20393	2	1	305 470
20394	2	1	305 471
20395	2	1	305 488
20396	2	1	307 311
20397	2	1	307 316
20398	2	1	307 324
20399	2	1	307 326
20400	2	1	307 329
20401	2	1	307 330
20402	2	1	307 346
20403	2	1	307 351
20404	2	1	307 365
20405	2	1	307 366
20406	2	1	307 377
20407	2	1	307 379
20408	2	1	307 383
20409	2	1	307 399
20410	2	1	307 431
20411	2	1	307 439
20412	2	1	307 441
20413	2	1	307 445
20414	2	1	307 455
20415	2	1	307 459
20416	2	1	307 463
20417	2	1	308 314
20418	2	1	308 319
20419	2	1	308 320
20420	2	1	308 325
20421	2	1	308 327
20422	2	1	308 359
20423	2	1	308 371
20424	2	1	308 372
20425	2	1	308 374
20426	2	1	308 399
20427	2	1	308 416
20428	2	1	308 437
20429	2	1	308 445
20430	2	1	308 450
20431	2	1	308 467
20432	2	1	308 468
20433	2	1	308 471
20434	2	1	308 486
20435	2	1	309 330
20436	2	1	309 347
20437	2	1	309 378
20438	2	1	309 419
20439	2	1	309 430
20440	2	1	309 443
20441	2	1	309 458
20442	2	1	309 461
20443	2	1	310 314
20444	2	1	310 315
20445	2	1	310 365
20446	2	1	310 378
20447	2	1	310 391
20448	2	1	310 403
20449	2	1	310 410
20450	2	1	310 426
20451	2	1	310 437
20452	2	1	310 459
20453	2	1	310 465
20454	2	1	310 468
20455	2	1	310 472
20456	2	1	310 479
20457	2	1	310 481
20458	2	1	310 494
20459	2	1	311 317
20460	2	1	311 319
20461	2	1	311 323
20462	2	1	311 327
20463	2	1	311 371
20464	2	1	311 376
20465	2	1	311 380
20466	2	1	311 383
20467	2	1	311 391
20468	2	1	311 416
20469	2	1	311 466
20470	2	1	311 472
20471	2	1	312 323
20472	2	1	312 328
20473	2	1	312 356
20474	2	1	312 359
20475	2	1	312 372
20476	2	1	312 376
20477	2	1	312 380
20478	2	1	312 406
20479	2	1	312 423
20480	2	1	312 450
20481	2	1	312 487
20482	2	1	313 315
20483	2	1	313 350
20484	2	1	313 393
20485	2	1	313 431
20486	2	1	313 454
20487	2	1	313 458
20488	2	1	313 460
20489	2	1	313 477
20490	2	1	313 488
20491	2	1	313 491
20492	2	1	314 321
20493	2	1	314 322
20494	2	1	314 335
20495	2	1	314 364
20496	2	1	314 366
20497	2	1	314 373
20498	2	1	314 389
20499	2	1	314 413
20500	2	1	314 420
20501	2	1	314 450
20502	2	1	314 457
20503	2	1	314 459
20504	2	1	314 460
20505	2	1	314 467
20506	2	1	314 472
20507	2	1	314 484
20508	2	1	314 486
20509	2	1	315 318
20510	2	1	315 324
20511	2	1	315 341
20512	2	1	315 361
20513	2	1	315 389
20514	2	1	315 398
20515	2	1	315 400
20516	2	1	315 434
20517	2	1	315 444
20518	2	1	315 452
20519	2	1	315 453
20520	2	1	316 319
20521	2	1	316 320
20522	2	1	316 372
20523	2	1	316 411
20524	2	1	316 427
20525	2	1	316 439
20526	2	1	316 442
20527	2	1	316 465
20528	2	1	316 495
20529	2	1	316 496
20530	2	1	317 327
20531	2	1	317 341
20532	2	1	317 371
20533	2	1	317 376
20534	2	1	317 381
20535	2	1	317 388
20536	2	1	317 405
20537	2	1	317 424
20538	2	1	317 442
20539	2	1	317 447
20540	2	1	317 470
20541	2	1	317 471
20542	2	1	317 491
20543	2	1	318 323
20544	2	1	318 330
20545	2	1	318 333
20546	2	1	318 340
20547	2	1	318 350
20548	2	1	318 362
20549	2	1	318 386
20550	2	1	318 400
20551	2	1	318 436
20552	2	1	318 480
20553	2	1	318 484
20554	2	1	318 495
20555	2	1	319 322
20556	2	1	319 329
20557	2	1	319 363
20558	2	1	319 367
20559	2	1	319 373
20560	2	1	319 388
20561	2	1	319 394
20562	2	1	319 397
20563	2	1	319 429
20564	2	1	319 437
20565	2	1	319 466
20566	2	1	319 470
20567	2	1	319 483
20568	2	1	320 332
20569	2	1	320 333
20570	2	1	320 335
20571	2	1	320 362
20572	2	1	320 385
20573	2	1	320 400
20574	2	1	320 410
20575	2	1	320 425
20576	2	1	320 465
20577	2	1	320 466
20578	2	1	320 471
20579	2	1	320 472
20580	2	1	320 476
20581	2	1	320 479
20582	2	1	320 485
20583	2	1	320 491
20584	2	1	321 330
20585	2	1	321 367
20586	2	1	321 387
20587	2	1	321 396
20588	2	1	321 397
20589	2	1	321 405
20590	2	1	321 412
20591	2	1	321 424
20592	2	1	321 427
20593	2	1	321 430
20594	2	1	321 466
20595	2	1	321 484
20596	2	1	321 497
20597	2	1	322 340
20598	2	1	322 351
20599	2	1	322 357
20600	2	1	322 370
20601	2	1	322 371
20602	2	1	322 372
20603	2	1	322 393
20604	2	1	322 400
20605	2	1	322 404
20606	2	1	322 411
20607	2	1	322 427
20608	2	1	322 433
20609	2	1	322 445
20610	2	1	322 447
20611	2	1	322 450
20612	2	1	322 465
20613	2	1	323 337
20614	2	1	323 369
20615	2	1	323 389
20616	2	1	323 406
20617	2	1	323 423
20618	2	1	323 455
20619	2	1	323 460
20620	2	1	323 497
20621	2	1	324 345
20622	2	1	324 350
20623	2	1	324 355
20624	2	1	324 365
20625	2	1	324 367
20626	2	1	324 370
20627	2	1	324 376
20628	2	1	324 380
20629	2	1	324 387
20630	2	1	324 389
20631	2	1	324 393
20632	2	1	324 419
20633	2	1	324 430
20634	2	1	324 432
20635	2	1	324 457
20636	2	1	324 462
20637	2	1	324 471
20638	2	1	324 485
20639	2	1	324 486
20640	2	1	324 488
20641	2	1	325 326
20642	2	1	325 329
20643	2	1	325 333
20644	2	1	325 337
20645	2	1	325 342
20646	2	1	325 353
20647	2	1	325 354
20648	2	1	325 356
20649	2	1	325 380
20650	2	1	325 403
20651	2	1	325 409
20652	2	1	325 445
20653	2	1	325 463
20654	2	1	325 471
20655	2	1	325 488
20656	2	1	325 495
20657	2	1	326 332
20658	2	1	326 359
20659	2	1	326 371
20660	2	1	326 383
20661	2	1	326 412
20662	2	1	326 424
20663	2	1	326 448
20664	2	1	326 450
20665	2	1	326 466
20666	2	1	326 468
20667	2	1	326 487
20668	2	1	327 343
20669	2	1	327 353
20670	2	1	327 356
20671	2	1	327 396
20672	2	1	327 413
20673	2	1	327 427
20674	2	1	327 447
20675	2	1	327 450
20676	2	1	328 329
20677	2	1	328 333
20678	2	1	328 335
20679	2	1	328 356
20680	2	1	328 369
20681	2	1	328 373
20682	2	1	328 409
20683	2	1	328 416
20684	2	1	328 418
20685	2	1	328 442
20686	2	1	328 448
20687	2	1	328 467
20688	2	1	329 350
20689	2	1	329 357
20690	2	1	329 359
20691	2	1	329 369
20692	2	1	329 379
20693	2	1	329 388
20694	2	1	329 398
20695	2	1	329 404
20696	2	1	329 418
20697	2	1	329 427
20698	2	1	329 447
20699	2	1	329 466
20700	2	1	329 470
20701	2	1	329 479
20702	2	1	329 485
20703	2	1	329 495
20704	2	1	330 332
20705	2	1	330 350
20706	2	1	330 351
20707	2	1	330 354
20708	2	1	330 399
20709	2	1	330 429
20710	2	1	330 433
20711	2	1	330 437
20712	2	1	330 446
20713	2	1	330 450
20714	2	1	330 480
20715	2	1	330 495
20716	2	1	332 351
20717	2	1	332 367
20718	2	1	332 370
20719	2	1	332 376
20720	2	1	332 399
20721	2	1	332 409
20722	2	1	332 423
20723	2	1	332 425
20724	2	1	332 452
20725	2	1	332 453
20726	2	1	332 458
20727	2	1	332 460
20728	2	1	332 479
20729	2	1	332 481
20730	2	1	332 485
20731	2	1	332 494
20732	2	1	333 345
20733	2	1	333 346
20734	2	1	333 353
20735	2	1	333 356
20736	2	1	333 364
20737	2	1	333 379
20738	2	1	333 386
20739	2	1	333 389
20740	2	1	333 393
20741	2	1	333 425
20742	2	1	333 431
20743	2	1	333 448
20744	2	1	333 459
20745	2	1	333 462
20746	2	1	333 466
20747	2	1	333 487
20748	2	1	334 335
20749	2	1	334 349
20750	2	1	334 366
20751	2	1	334 367
20752	2	1	334 368
20753	2	1	334 372
20754	2	1	334 377
20755	2	1	334 379
20756	2	1	334 380
20757	2	1	334 445
20758	2	1	334 483
20759	2	1	335 343
20760	2	1	335 344
20761	2	1	335 387
20762	2	1	335 388
20763	2	1	335 428
20764	2	1	335 445
20765	2	1	335 447
20766	2	1	335 463
20767	2	1	335 484
20768	2	1	335 497
20769	2	1	337 353
20770	2	1	337 365
20771	2	1	337 370
20772	2	1	337 374
20773	2	1	337 396
20774	2	1	337 397
20775	2	1	337 403
20776	2	1	337 404
20777	2	1	337 413
20778	2	1	337 419
20779	2	1	337 430
20780	2	1	337 437
20781	2	1	337 462
20782	2	1	338 343
20783	2	1	338 357
20784	2	1	338 366
20785	2	1	338 368
20786	2	1	338 393
20787	2	1	338 394
20788	2	1	338 405
20789	2	1	338 410
20790	2	1	338 411
20791	2	1	338 418
20792	2	1	338 436
20793	2	1	338 442
20794	2	1	338 462
20795	2	1	338 496
20796	2	1	338 500
20797	2	1	340 359
20798	2	1	340 364
20799	2	1	340 368
20800	2	1	340 386
20801	2	1	340 389
20802	2	1	340 396
20803	2	1	340 406
20804	2	1	340 411
20805	2	1	340 417
20806	2	1	340 425
20807	2	1	340 436
20808	2	1	340 443
20809	2	1	340 444
20810	2	1	340 461
20811	2	1	340 462
20812	2	1	340 476
20813	2	1	340 482
20814	2	1	340 484
20815	2	1	341 343
20816	2	1	341 353
20817	2	1	341 356
20818	2	1	341 372
20819	2	1	341 373
20820	2	1	341 379
20821	2	1	341 411
20822	2	1	341 417
20823	2	1	341 434
20824	2	1	341 457
20825	2	1	341 462
20826	2	1	341 465
20827	2	1	341 468
20828	2	1	341 484
20829	2	1	341 489
20830	2	1	342 343
20831	2	1	342 344
20832	2	1	342 349
20833	2	1	342 357
20834	2	1	342 359
20835	2	1	342 371
20836	2	1	342 399
20837	2	1	342 404
20838	2	1	342 424
20839	2	1	342 432
20840	2	1	342 435
20841	2	1	342 445
20842	2	1	342 459
20843	2	1	342 471
20844	2	1	342 481
20845	2	1	342 494
20846	2	1	343 347
20847	2	1	343 354
20848	2	1	343 416
20849	2	1	343 424
20850	2	1	343 428
20851	2	1	343 431
20852	2	1	343 448
20853	2	1	343 461
20854	2	1	343 470
20855	2	1	343 477
20856	2	1	343 483
20857	2	1	344 350
20858	2	1	344 361
20859	2	1	344 364
20860	2	1	344 366
20861	2	1	344 388
20862	2	1	344 399
20863	2	1	344 445
20864	2	1	344 450
20865	2	1	344 470
20866	2	1	344 481
20867	2	1	345 347
20868	2	1	345 361
20869	2	1	345 410
20870	2	1	345 411
20871	2	1	345 436
20872	2	1	345 458
20873	2	1	345 484
20874	2	1	346 363
20875	2	1	346 377
20876	2	1	346 387
20877	2	1	346 418
20878	2	1	346 424
20879	2	1	346 443
20880	2	1	346 445
20881	2	1	346 450
20882	2	1	346 454
20883	2	1	346 460
20884	2	1	346 468
20885	2	1	346 494
20886	2	1	347 351
20887	2	1	347 363
20888	2	1	347 365
20889	2	1	347 397
20890	2	1	347 399
20891	2	1	347 424
20892	2	1	347 426
20893	2	1	347 429
20894	2	1	347 443
20895	2	1	347 445
20896	2	1	347 446
20897	2	1	347 491
20898	2	1	349 376
20899	2	1	349 378
20900	2	1	349 388
20901	2	1	349 410
20902	2	1	349 413
20903	2	1	349 424
20904	2	1	349 429
20905	2	1	349 436
20906	2	1	349 452
20907	2	1	349 455
20908	2	1	349 487
20909	2	1	349 489
20910	2	1	349 495
20911	2	1	349 500
20912	2	1	350 413
20913	2	1	350 430
20914	2	1	350 435
20915	2	1	350 458
20916	2	1	350 491
20917	2	1	351 353
20918	2	1	351 357
20919	2	1	351 362
20920	2	1	351 398
20921	2	1	351 429
20922	2	1	351 430
20923	2	1	351 432
20924	2	1	351 445
20925	2	1	351 450
20926	2	1	351 458
20927	2	1	351 462
20928	2	1	351 488
20929	2	1	351 497
20930	2	1	353 354
20931	2	1	353 356
20932	2	1	353 365
20933	2	1	353 369
20934	2	1	353 376
20935	2	1	353 411
20936	2	1	353 413
20937	2	1	353 417
20938	2	1	353 426
20939	2	1	353 428
20940	2	1	353 429
20941	2	1	353 433
20942	2	1	353 435
20943	2	1	353 447
20944	2	1	353 453
20945	2	1	353 459
20946	2	1	353 465
20947	2	1	353 477
20948	2	1	353 497
20949	2	1	353 500
20950	2	1	354 362
20951	2	1	354 363
20952	2	1	354 376
20953	2	1	354 384
20954	2	1	354 403
20955	2	1	354 405
20956	2	1	354 429
20957	2	1	354 453
20958	2	1	354 458
20959	2	1	354 459
20960	2	1	354 481
20961	2	1	354 484
20962	2	1	354 486
20963	2	1	354 489
20964	2	1	354 494
20965	2	1	355 364
20966	2	1	355 367
20967	2	1	355 372
20968	2	1	355 373
20969	2	1	355 385
20970	2	1	355 389
20971	2	1	355 404
20972	2	1	355 430
20973	2	1	355 458
20974	2	1	355 461
20975	2	1	355 483
20976	2	1	356 372
20977	2	1	356 380
20978	2	1	356 384
20979	2	1	356 393
20980	2	1	356 411
20981	2	1	356 417
20982	2	1	356 418
20983	2	1	356 427
20984	2	1	356 435
20985	2	1	356 453
20986	2	1	356 470
20987	2	1	356 472
20988	2	1	356 480
20989	2	1	357 362
20990	2	1	357 376
20991	2	1	357 379
20992	2	1	357 391
20993	2	1	357 393
20994	2	1	357 396
20995	2	1	357 429
20996	2	1	357 432
20997	2	1	357 461
20998	2	1	357 470
20999	2	1	357 479
21000	2	1	357 489
21001	2	1	359 364
21002	2	1	359 370
21003	2	1	359 376
21004	2	1	359 397
21005	2	1	359 406
21006	2	1	359 418
21007	2	1	359 422
21008	2	1	359 450
21009	2	1	359 453
21010	2	1	359 455
21011	2	1	361 372
21012	2	1	361 411
21013	2	1	361 412
21014	2	1	361 417
21015	2	1	361 447
21016	2	1	361 457
21017	2	1	361 472
21018	2	1	362 365
21019	2	1	362 374
21020	2	1	362 385
21021	2	1	362 391
21022	2	1	362 393
21023	2	1	362 396
21024	2	1	362 405
21025	2	1	362 432
21026	2	1	362 442
21027	2	1	362 446
21028	2	1	362 457
21029	2	1	362 467
21030	2	1	362 476
21031	2	1	363 364
21032	2	1	363 381
21033	2	1	363 394
21034	2	1	363 410
21035	2	1	363 426
21036	2	1	363 479
21037	2	1	363 484
21038	2	1	364 372
21039	2	1	364 373
21040	2	1	364 376
21041	2	1	364 378
21042	2	1	364 380
21043	2	1	364 396
21044	2	1	364 409
21045	2	1	364 430
21046	2	1	364 446
21047	2	1	364 447
21048	2	1	364 462
21049	2	1	364 468
21050	2	1	364 482
21051	2	1	365 396
21052	2	1	365 397
21053	2	1	365 403
21054	2	1	365 412
21055	2	1	365 449
21056	2	1	365 458
21057	2	1	365 485
21058	2	1	365 491
21059	2	1	366 368
21060	2	1	366 369
21061	2	1	366 383
21062	2	1	366 427
21063	2	1	366 434
21064	2	1	366 436
21065	2	1	366 450
21066	2	1	366 462
21067	2	1	366 465
21068	2	1	366 468
21069	2	1	366 481
21070	2	1	366 486
21071	2	1	366 497
21072	2	1	367 373
21073	2	1	367 384
21074	2	1	367 393
21075	2	1	367 396
21076	2	1	367 437
21077	2	1	367 439
21078	2	1	367 442
21079	2	1	367 453
21080	2	1	367 471
21081	2	1	367 481
21082	2	1	367 494
21083	2	1	367 495
21084	2	1	368 377
21085	2	1	368 378
21086	2	1	368 381
21087	2	1	368 387
21088	2	1	368 391
21089	2	1	368 417
21090	2	1	368 419
21091	2	1	368 425
21092	2	1	368 426
21093	2	1	368 435
21094	2	1	368 441
21095	2	1	368 452
21096	2	1	368 477
21097	2	1	369 372
21098	2	1	369 374
21099	2	1	369 384
21100	2	1	369 417
21101	2	1	369 418
21102	2	1	369 426
21103	2	1	369 437
21104	2	1	369 448
21105	2	1	369 455
21106	2	1	369 466
21107	2	1	369 482
21108	2	1	370 378
21109	2	1	370 391
21110	2	1	370 399
21111	2	1	370 406
21112	2	1	370 409
21113	2	1	370 416
21114	2	1	370 418
21115	2	1	370 453
21116	2	1	370 465
21117	2	1	370 470
21118	2	1	370 472
21119	2	1	370 482
21120	2	1	371 383
21121	2	1	371 406
21122	2	1	371 411
21123	2	1	371 422
21124	2	1	371 432
21125	2	1	371 442
21126	2	1	371 443
21127	2	1	371 444
21128	2	1	371 449
21129	2	1	371 455
21130	2	1	371 462
21131	2	1	371 486
21132	2	1	372 420
21133	2	1	372 423
21134	2	1	372 425
21135	2	1	372 435
21136	2	1	372 444
21137	2	1	372 457
21138	2	1	372 458
21139	2	1	372 470
21140	2	1	372 480
21141	2	1	372 486
21142	2	1	372 489
21143	2	1	373 386
21144	2	1	373 399
21145	2	1	373 405
21146	2	1	373 425
21147	2	1	373 431
21148	2	1	373 459
21149	2	1	373 462
21150	2	1	373 473
21151	2	1	373 491
21152	2	1	374 376
21153	2	1	374 386
21154	2	1	374 420
21155	2	1	374 422
21156	2	1	374 455
21157	2	1	374 462
21158	2	1	374 470
21159	2	1	374 483
21160	2	1	374 487
21161	2	1	376 378
21162	2	1	376 386
21163	2	1	376 412
21164	2	1	376 423
21165	2	1	376 435
21166	2	1	376 444
21167	2	1	376 458
21168	2	1	376 459
21169	2	1	376 480
21170	2	1	377 387
21171	2	1	377 404
21172	2	1	377 411
21173	2	1	377 436
21174	2	1	377 440
21175	2	1	377 444
21176	2	1	377 445
21177	2	1	378 389
21178	2	1	378 411
21179	2	1	378 413
21180	2	1	378 427
21181	2	1	378 439
21182	2	1	378 442
21183	2	1	378 462
21184	2	1	378 471
21185	2	1	378 477
21186	2	1	378 479
21187	2	1	379 410
21188	2	1	379 425
21189	2	1	379 430
21190	2	1	379 448
21191	2	1	379 450
21192	2	1	379 458
21193	2	1	379 460
21194	2	1	380 384
21195	2	1	380 389
21196	2	1	380 398
21197	2	1	380 400
21198	2	1	380 411
21199	2	1	380 425
21200	2	1	380 429
21201	2	1	380 447
21202	2	1	380 457
21203	2	1	380 460
21204	2	1	380 476
21205	2	1	380 481
21206	2	1	380 483
21207	2	1	380 489
21208	2	1	381 409
21209	2	1	381 412
21210	2	1	381 422
21211	2	1	381 424
21212	2	1	381 442
21213	2	1	381 448
21214	2	1	381 449
21215	2	1	381 462
21216	2	1	383 385
21217	2	1	383 393
21218	2	1	383 404
21219	2	1	383 413
21220	2	1	383 416
21221	2	1	383 436
21222	2	1	383 439
21223	2	1	383 465
21224	2	1	383 468
21225	2	1	383 473
21226	2	1	384 386
21227	2	1	384 396
21228	2	1	384 424
21229	2	1	384 426
21230	2	1	384 428
21231	2	1	384 430
21232	2	1	384 434
21233	2	1	384 441
21234	2	1	384 452
21235	2	1	384 459
21236	2	1	384 483
21237	2	1	384 494
21238	2	1	385 386
21239	2	1	385 388
21240	2	1	385 423
21241	2	1	385 429
21242	2	1	385 440
21243	2	1	385 442
21244	2	1	385 446
21245	2	1	385 452
21246	2	1	385 453
21247	2	1	386 394
21248	2	1	386 406
21249	2	1	386 410
21250	2	1	386 413
21251	2	1	386 418
21252	2	1	386 423
21253	2	1	386 426
21254	2	1	386 431
21255	2	1	386 457
21256	2	1	386 461
21257	2	1	386 477
21258	2	1	387 400
21259	2	1	387 404
21260	2	1	387 432
21261	2	1	387 435
21262	2	1	387 473
21263	2	1	387 489
21264	2	1	388 416
21265	2	1	388 419
21266	2	1	388 425
21267	2	1	388 427
21268	2	1	388 461
21269	2	1	388 466
21270	2	1	388 484
21271	2	1	388 485
21272	2	1	388 487
21273	2	1	388 491
21274	2	1	389 426
21275	2	1	389 442
21276	2	1	389 446
21277	2	1	389 454
21278	2	1	389 457
21279	2	1	389 461
21280	2	1	389 476
21281	2	1	389 494
21282	2	1	391 416
21283	2	1	391 417
21284	2	1	391 424
21285	2	1	391 455
21286	2	1	393 424
21287	2	1	393 450
21288	2	1	393 458
21289	2	1	393 476
21290	2	1	393 481
21291	2	1	393 500
21292	2	1	394 417
21293	2	1	394 424
21294	2	1	394 430
21295	2	1	394 431
21296	2	1	394 432
21297	2	1	396 398
21298	2	1	396 416
21299	2	1	396 440
21300	2	1	396 444
21301	2	1	396 447
21302	2	1	396 448
21303	2	1	396 452
21304	2	1	396 467
21305	2	1	396 483
21306	2	1	396 496
21307	2	1	397 400
21308	2	1	397 419
21309	2	1	397 424
21310	2	1	397 432
21311	2	1	397 439
21312	2	1	397 472
21313	2	1	397 476
21314	2	1	398 411
21315	2	1	398 434
21316	2	1	398 470
21317	2	1	398 471
21318	2	1	399 403
21319	2	1	399 412
21320	2	1	399 430
21321	2	1	399 432
21322	2	1	399 448
21323	2	1	399 468
21324	2	1	399 491
21325	2	1	399 497
21326	2	1	400 416
21327	2	1	400 417
21328	2	1	400 426
21329	2	1	400 427
21330	2	1	400 461
21331	2	1	400 471
21332	2	1	400 479
21333	2	1	400 488
21334	2	1	400 494
21335	2	1	403 405
21336	2	1	403 430
21337	2	1	403 461
21338	2	1	403 465
21339	2	1	403 479
21340	2	1	403 487
21341	2	1	403 500
21342	2	1	404 409
21343	2	1	404 412
21344	2	1	404 425
21345	2	1	404 426
21346	2	1	404 427
21347	2	1	404 430
21348	2	1	404 433
21349	2	1	404 445
21350	2	1	404 500
21351	2	1	405 410
21352	2	1	405 430
21353	2	1	405 432
21354	2	1	405 443
21355	2	1	405 466
21356	2	1	405 480
21357	2	1	405 481
21358	2	1	405 485
21359	2	1	405 500
21360	2	1	406 416
21361	2	1	406 423
21362	2	1	406 424
21363	2	1	406 428
21364	2	1	406 446
21365	2	1	406 471
21366	2	1	406 476
21367	2	1	409 411
21368	2	1	409 417
21369	2	1	409 423
21370	2	1	409 432
21371	2	1	409 434
21372	2	1	409 437
21373	2	1	409 439
21374	2	1	409 454
21375	2	1	409 463
21376	2	1	409 479
21377	2	1	409 482
21378	2	1	409 484
21379	2	1	409 485
21380	2	1	410 420
21381	2	1	410 427
21382	2	1	410 447
21383	2	1	410 459
21384	2	1	411 419
21385	2	1	411 422
21386	2	1	411 423
21387	2	1	411 433
21388	2	1	411 452
21389	2	1	411 457
21390	2	1	411 470
21391	2	1	411 472
21392	2	1	411 477
21393	2	1	412 433
21394	2	1	412 440
21395	2	1	412 442
21396	2	1	412 447
21397	2	1	412 448
21398	2	1	412 476
21399	2	1	412 479
21400	2	1	412 496
21401	2	1	413 416
21402	2	1	413 434
21403	2	1	413 470
21404	2	1	413 480
21405	2	1	413 487
21406	2	1	413 494
21407	2	1	413 496
21408	2	1	416 419
21409	2	1	416 434
21410	2	1	416 476
21411	2	1	416 489
21412	2	1	417 432
21413	2	1	417 434
21414	2	1	417 439
21415	2	1	417 448
21416	2	1	417 459
21417	2	1	417 466
21418	2	1	417 472
21419	2	1	417 480
21420	2	1	418 430
21421	2	1	418 440
21422	2	1	418 453
21423	2	1	418 457
21424	2	1	418 467
21425	2	1	418 468
21426	2	1	418 471
21427	2	1	418 482
21428	2	1	418 483
21429	2	1	418 487
21430	2	1	418 491
21431	2	1	418 494
21432	2	1	419 423
21433	2	1	419 425
21434	2	1	419 430
21435	2	1	419 445
21436	2	1	419 452
21437	2	1	419 472
21438	2	1	419 488
21439	2	1	420 439
21440	2	1	420 445
21441	2	1	420 468
21442	2	1	420 471
21443	2	1	422 423
21444	2	1	422 434
21445	2	1	422 437
21446	2	1	422 449
21447	2	1	422 452
21448	2	1	423 428
21449	2	1	423 435
21450	2	1	423 455
21451	2	1	423 463
21452	2	1	423 466
21453	2	1	423 476
21454	2	1	423 489
21455	2	1	424 436
21456	2	1	424 472
21457	2	1	424 477
21458	2	1	424 489
21459	2	1	425 427
21460	2	1	425 430
21461	2	1	425 436
21462	2	1	425 439
21463	2	1	425 443
21464	2	1	425 452
21465	2	1	425 457
21466	2	1	425 458
21467	2	1	425 479
21468	2	1	426 437
21469	2	1	426 440
21470	2	1	426 442
21471	2	1	426 454
21472	2	1	426 466
21473	2	1	426 467
21474	2	1	426 471
21475	2	1	427 430
21476	2	1	427 437
21477	2	1	427 442
21478	2	1	427 446
21479	2	1	427 448
21480	2	1	427 453
21481	2	1	427 488
21482	2	1	427 497
21483	2	1	428 444
21484	2	1	428 446
21485	2	1	428 461
21486	2	1	428 463
21487	2	1	429 434
21488	2	1	429 444
21489	2	1	429 450
21490	2	1	429 458
21491	2	1	429 488
21492	2	1	430 442
21493	2	1	430 453
21494	2	1	430 479
21495	2	1	430 484
21496	2	1	430 500
21497	2	1	431 435
21498	2	1	431 448
21499	2	1	431 462
21500	2	1	432 442
21501	2	1	432 458
21502	2	1	432 496
21503	2	1	433 437
21504	2	1	433 442
21505	2	1	433 455
21506	2	1	433 468
21507	2	1	433 491
21508	2	1	434 445
21509	2	1	434 455
21510	2	1	434 470
21511	2	1	435 441
21512	2	1	435 461
21513	2	1	435 484
21514	2	1	436 446
21515	2	1	436 459
21516	2	1	436 484
21517	2	1	436 491
21518	2	1	436 496
21519	2	1	437 439
21520	2	1	437 441
21521	2	1	437 461
21522	2	1	437 462
21523	2	1	437 477
21524	2	1	437 495
21525	2	1	439 444
21526	2	1	439 452
21527	2	1	439 453
21528	2	1	439 481
21529	2	1	439 484
21530	2	1	440 444
21531	2	1	440 446
21532	2	1	440 447
21533	2	1	440 455
21534	2	1	440 467
21535	2	1	440 470
21536	2	1	440 477
21537	2	1	440 488
21538	2	1	441 447
21539	2	1	441 467
21540	2	1	441 473
21541	2	1	441 491
21542	2	1	442 448
21543	2	1	442 449
21544	2	1	442 452
21545	2	1	442 459
21546	2	1	442 461
21547	2	1	442 476
21548	2	1	442 479
21549	2	1	442 481
21550	2	1	443 477
21551	2	1	443 481
21552	2	1	444 448
21553	2	1	444 466
21554	2	1	444 486
21555	2	1	445 470
21556	2	1	445 471
21557	2	1	445 473
21558	2	1	445 477
21559	2	1	445 479
21560	2	1	445 482
21561	2	1	446 447
21562	2	1	446 452
21563	2	1	446 455
21564	2	1	446 463
21565	2	1	446 471
21566	2	1	447 448
21567	2	1	447 454
21568	2	1	447 458
21569	2	1	447 480
21570	2	1	447 485
21571	2	1	447 494
21572	2	1	447 495
21573	2	1	448 465
21574	2	1	449 460
21575	2	1	449 497
21576	2	1	449 500
21577	2	1	450 481
21578	2	1	450 483
21579	2	1	450 487
21580	2	1	450 500
21581	2	1	452 457
21582	2	1	452 477
21583	2	1	452 482
21584	2	1	452 494
21585	2	1	452 500
21586	2	1	453 454
21587	2	1	453 486
21588	2	1	453 489
21589	2	1	454 460
21590	2	1	455 463
21591	2	1	455 467
21592	2	1	457 458
21593	2	1	457 466
21594	2	1	457 467
21595	2	1	458 463
21596	2	1	458 476
21597	2	1	458 482
21598	2	1	458 483
21599	2	1	459 462
21600	2	1	459 473
21601	2	1	459 484
21602	2	1	459 487
21603	2	1	459 495
21604	2	1	460 461
21605	2	1	460 468
21606	2	1	460 482
21607	2	1	460 494
21608	2	1	461 465
21609	2	1	461 476
21610	2	1	461 484
21611	2	1	461 488
21612	2	1	462 467
21613	2	1	462 476
21614	2	1	462 488
21615	2	1	462 494
21616	2	1	463 467
21617	2	1	463 486
21618	2	1	463 487
21619	2	1	465 470
21620	2	1	465 487
21621	2	1	465 496
21622	2	1	466 470
21623	2	1	467 482
21624	2	1	467 487
21625	2	1	467 495
21626	2	1	467 500
21627	2	1	468 485
21628	2	1	470 477
21629	2	1	470 480
21630	2	1	470 497
21631	2	1	470 500
21632	2	1	471 476
21633	2	1	471 477
21634	2	1	472 481
21635	2	1	472 495
21636	2	1	473 476
21637	2	1	476 477
21638	2	1	476 480
21639	2	1	476 487
21640	2	1	476 488
21641	2	1	476 496
21642	2	1	477 479
21643	2	1	477 480
21644	2	1	477 483
21645	2	1	477 485
21646	2	1	479 485
21647	2	1	479 497
21648	2	1	480 489
21649	2	1	480 496
21650	2	1	482 484
21651	2	1	482 497
21652	2	1	486 491
21653	2	1	486 497
21654	2	1	487 491
21655	2	1	488 497
