h1,h2,h3,h4,h5,g1,g2,g3,g4,g5,classes,canonical_sum,layered_survivor,selected_top_survivor
0,0,0,60,2,62,62,62,62,2,62,7815,0,0
0,0,2,61,0,63,63,63,61,0,63,7939,0,0
0,0,3,59,1,63,63,63,60,1,63,7879,0,0
0,0,4,57,2,63,63,63,59,2,63,7821,0,0
0,0,6,58,0,64,64,64,58,0,64,7951,0,0
0,0,7,56,1,64,64,64,57,1,64,7894,0,0
0,0,8,54,2,64,64,64,56,2,64,7839,0,0
0,0,10,55,0,65,65,65,55,0,65,7975,0,0
0,0,11,53,1,65,65,65,54,1,65,7921,0,0
0,0,12,51,2,65,65,65,53,2,65,7869,0,0
0,0,14,52,0,66,66,66,52,0,66,8011,0,0
0,0,15,50,1,66,66,66,51,1,66,7960,0,0
0,0,16,48,2,66,66,66,50,2,66,7911,0,0
0,0,18,49,0,67,67,67,49,0,67,8059,0,0
0,0,19,47,1,67,67,67,48,1,67,8011,0,0
0,0,20,45,2,67,67,67,47,2,67,7965,0,0
0,0,22,46,0,68,68,68,46,0,68,8119,0,0
0,0,23,44,1,68,68,68,45,1,68,8074,0,0
0,0,24,42,2,68,68,68,44,2,68,8031,0,0
0,0,26,43,0,69,69,69,43,0,69,8191,0,0
0,0,27,41,1,69,69,69,42,1,69,8149,0,0
0,0,28,39,2,69,69,69,41,2,69,8109,0,0
0,0,30,40,0,70,70,70,40,0,70,8275,0,0
0,0,31,38,1,70,70,70,39,1,70,8236,1,0
0,0,32,36,2,70,70,70,38,2,70,8199,0,0
0,1,0,62,0,63,63,62,62,0,63,7938,0,0
0,1,1,60,1,63,63,62,61,1,63,7877,0,0
0,1,2,58,2,63,63,62,60,2,63,7818,0,0
0,1,4,59,0,64,64,63,59,0,64,7946,0,0
0,1,5,57,1,64,64,63,58,1,64,7888,0,0
0,1,6,55,2,64,64,63,57,2,64,7832,0,0
0,1,8,56,0,65,65,64,56,0,65,7966,0,0
0,1,9,54,1,65,65,64,55,1,65,7911,0,0
0,1,10,52,2,65,65,64,54,2,65,7858,0,0
0,1,12,53,0,66,66,65,53,0,66,7998,0,0
0,1,13,51,1,66,66,65,52,1,66,7946,0,0
0,1,14,49,2,66,66,65,51,2,66,7896,0,0
0,1,16,50,0,67,67,66,50,0,67,8042,0,0
0,1,17,48,1,67,67,66,49,1,67,7993,0,0
0,1,18,46,2,67,67,66,48,2,67,7946,0,0
0,1,20,47,0,68,68,67,47,0,68,8098,0,0
0,1,21,45,1,68,68,67,46,1,68,8052,0,0
0,1,22,43,2,68,68,67,45,2,68,8008,0,0
0,1,24,44,0,69,69,68,44,0,69,8166,0,0
0,1,25,42,1,69,69,68,43,1,69,8123,0,0
0,1,26,40,2,69,69,68,42,2,69,8082,0,0
0,1,28,41,0,70,70,69,41,0,70,8246,0,0
0,1,29,39,1,70,70,69,40,1,70,8206,0,0
0,1,30,37,2,70,70,69,39,2,70,8168,0,0
0,1,34,34,2,71,71,70,36,2,71,8266,1,1
0,2,0,59,2,63,63,61,61,2,63,7817,0,0
0,2,2,60,0,64,64,62,60,0,64,7943,0,0
0,2,3,58,1,64,64,62,59,1,64,7884,0,0
0,2,4,56,2,64,64,62,58,2,64,7827,0,0
0,2,6,57,0,65,65,63,57,0,65,7959,0,0
0,2,7,55,1,65,65,63,56,1,65,7903,0,0
0,2,8,53,2,65,65,63,55,2,65,7849,0,0
0,2,10,54,0,66,66,64,54,0,66,7987,0,0
0,2,11,52,1,66,66,64,53,1,66,7934,0,0
0,2,12,50,2,66,66,64,52,2,66,7883,0,0
0,2,14,51,0,67,67,65,51,0,67,8027,0,0
0,2,15,49,1,67,67,65,50,1,67,7977,0,0
0,2,16,47,2,67,67,65,49,2,67,7929,0,0
0,2,18,48,0,68,68,66,48,0,68,8079,0,0
0,2,19,46,1,68,68,66,47,1,68,8032,0,0
0,2,20,44,2,68,68,66,46,2,68,7987,0,0
0,2,22,45,0,69,69,67,45,0,69,8143,0,0
0,2,23,43,1,69,69,67,44,1,69,8099,0,0
0,2,24,41,2,69,69,67,43,2,69,8057,0,0
0,2,26,42,0,70,70,68,42,0,70,8219,0,0
0,2,27,40,1,70,70,68,41,1,70,8178,0,0
0,2,28,38,2,70,70,68,40,2,70,8139,0,0
0,2,31,37,1,71,71,69,38,1,71,8269,1,1
0,2,32,35,2,71,71,69,37,2,71,8233,0,0
0,3,0,61,0,64,64,61,61,0,64,7942,0,0
0,3,1,59,1,64,64,61,60,1,64,7882,0,0
0,3,2,57,2,64,64,61,59,2,64,7824,0,0
0,3,4,58,0,65,65,62,58,0,65,7954,0,0
0,3,5,56,1,65,65,62,57,1,65,7897,0,0
0,3,6,54,2,65,65,62,56,2,65,7842,0,0
0,3,8,55,0,66,66,63,55,0,66,7978,0,0
0,3,9,53,1,66,66,63,54,1,66,7924,0,0
0,3,10,51,2,66,66,63,53,2,66,7872,0,0
0,3,12,52,0,67,67,64,52,0,67,8014,0,0
0,3,13,50,1,67,67,64,51,1,67,7963,0,0
0,3,14,48,2,67,67,64,50,2,67,7914,0,0
0,3,16,49,0,68,68,65,49,0,68,8062,0,0
0,3,17,47,1,68,68,65,48,1,68,8014,0,0
0,3,18,45,2,68,68,65,47,2,68,7968,0,0
0,3,20,46,0,69,69,66,46,0,69,8122,0,0
0,3,21,44,1,69,69,66,45,1,69,8077,0,0
0,3,22,42,2,69,69,66,44,2,69,8034,0,0
0,3,24,43,0,70,70,67,43,0,70,8194,0,0
0,3,25,41,1,70,70,67,42,1,70,8152,0,0
0,3,26,39,2,70,70,67,41,2,70,8112,0,0
0,3,29,38,1,71,71,68,39,1,71,8239,1,0
0,3,30,36,2,71,71,68,38,2,71,8202,0,0
0,4,0,58,2,64,64,60,60,2,64,7823,0,0
0,4,2,59,0,65,65,61,59,0,65,7951,0,0
0,4,3,57,1,65,65,61,58,1,65,7893,0,0
0,4,4,55,2,65,65,61,57,2,65,7837,0,0
0,4,6,56,0,66,66,62,56,0,66,7971,0,0
0,4,7,54,1,66,66,62,55,1,66,7916,0,0
0,4,8,52,2,66,66,62,54,2,66,7863,0,0
0,4,10,53,0,67,67,63,53,0,67,8003,0,0
0,4,11,51,1,67,67,63,52,1,67,7951,0,0
0,4,12,49,2,67,67,63,51,2,67,7901,0,0
0,4,14,50,0,68,68,64,50,0,68,8047,0,0
0,4,15,48,1,68,68,64,49,1,68,7998,0,0
0,4,16,46,2,68,68,64,48,2,68,7951,0,0
0,4,18,47,0,69,69,65,47,0,69,8103,0,0
0,4,19,45,1,69,69,65,46,1,69,8057,0,0
0,4,20,43,2,69,69,65,45,2,69,8013,0,0
0,4,22,44,0,70,70,66,44,0,70,8171,0,0
0,4,23,42,1,70,70,66,43,1,70,8128,0,0
0,4,24,40,2,70,70,66,42,2,70,8087,0,0
0,4,26,41,0,71,71,67,41,0,71,8251,0,0
0,4,27,39,1,71,71,67,40,1,71,8211,0,0
0,4,28,37,2,71,71,67,39,2,71,8173,0,0
0,4,32,34,2,72,72,68,36,2,72,8271,1,1
0,5,0,60,0,65,65,60,60,0,65,7950,0,0
0,5,1,58,1,65,65,60,59,1,65,7891,0,0
0,5,2,56,2,65,65,60,58,2,65,7834,0,0
0,5,4,57,0,66,66,61,57,0,66,7966,0,0
0,5,5,55,1,66,66,61,56,1,66,7910,0,0
0,5,6,53,2,66,66,61,55,2,66,7856,0,0
0,5,8,54,0,67,67,62,54,0,67,7994,0,0
0,5,9,52,1,67,67,62,53,1,67,7941,0,0
0,5,10,50,2,67,67,62,52,2,67,7890,0,0
0,5,12,51,0,68,68,63,51,0,68,8034,0,0
0,5,13,49,1,68,68,63,50,1,68,7984,0,0
0,5,14,47,2,68,68,63,49,2,68,7936,0,0
0,5,16,48,0,69,69,64,48,0,69,8086,0,0
0,5,17,46,1,69,69,64,47,1,69,8039,0,0
0,5,18,44,2,69,69,64,46,2,69,7994,0,0
0,5,20,45,0,70,70,65,45,0,70,8150,0,0
0,5,21,43,1,70,70,65,44,1,70,8106,0,0
0,5,22,41,2,70,70,65,43,2,70,8064,0,0
0,5,24,42,0,71,71,66,42,0,71,8226,0,0
0,5,25,40,1,71,71,66,41,1,71,8185,0,0
0,5,26,38,2,71,71,66,40,2,71,8146,0,0
0,5,29,37,1,72,72,67,38,1,72,8276,1,1
0,5,30,35,2,72,72,67,37,2,72,8240,0,0
0,6,0,57,2,65,65,59,59,2,65,7833,0,0
0,6,2,58,0,66,66,60,58,0,66,7963,0,0
0,6,3,56,1,66,66,60,57,1,66,7906,0,0
0,6,4,54,2,66,66,60,56,2,66,7851,0,0
0,6,6,55,0,67,67,61,55,0,67,7987,0,0
0,6,7,53,1,67,67,61,54,1,67,7933,0,0
0,6,8,51,2,67,67,61,53,2,67,7881,0,0
0,6,10,52,0,68,68,62,52,0,68,8023,0,0
0,6,11,50,1,68,68,62,51,1,68,7972,0,0
0,6,12,48,2,68,68,62,50,2,68,7923,0,0
0,6,14,49,0,69,69,63,49,0,69,8071,0,0
0,6,15,47,1,69,69,63,48,1,69,8023,0,0
0,6,16,45,2,69,69,63,47,2,69,7977,0,0
0,6,18,46,0,70,70,64,46,0,70,8131,0,0
0,6,19,44,1,70,70,64,45,1,70,8086,0,0
0,6,20,42,2,70,70,64,44,2,70,8043,0,0
0,6,22,43,0,71,71,65,43,0,71,8203,0,0
0,6,23,41,1,71,71,65,42,1,71,8161,0,0
0,6,24,39,2,71,71,65,41,2,71,8121,0,0
0,6,27,38,1,72,72,66,39,1,72,8248,1,0
0,6,28,36,2,72,72,66,38,2,72,8211,0,0
0,7,0,59,0,66,66,59,59,0,66,7962,0,0
0,7,1,57,1,66,66,59,58,1,66,7904,0,0
0,7,2,55,2,66,66,59,57,2,66,7848,0,0
0,7,4,56,0,67,67,60,56,0,67,7982,0,0
0,7,5,54,1,67,67,60,55,1,67,7927,0,0
0,7,6,52,2,67,67,60,54,2,67,7874,0,0
0,7,8,53,0,68,68,61,53,0,68,8014,0,0
0,7,9,51,1,68,68,61,52,1,68,7962,0,0
0,7,10,49,2,68,68,61,51,2,68,7912,0,0
0,7,12,50,0,69,69,62,50,0,69,8058,0,0
0,7,13,48,1,69,69,62,49,1,69,8009,0,0
0,7,14,46,2,69,69,62,48,2,69,7962,0,0
0,7,16,47,0,70,70,63,47,0,70,8114,0,0
0,7,17,45,1,70,70,63,46,1,70,8068,0,0
0,7,18,43,2,70,70,63,45,2,70,8024,0,0
0,7,20,44,0,71,71,64,44,0,71,8182,0,0
0,7,21,42,1,71,71,64,43,1,71,8139,0,0
0,7,22,40,2,71,71,64,42,2,71,8098,0,0
0,7,24,41,0,72,72,65,41,0,72,8262,0,0
0,7,25,39,1,72,72,65,40,1,72,8222,0,0
0,7,26,37,2,72,72,65,39,2,72,8184,0,0
0,8,0,56,2,66,66,58,58,2,66,7847,0,0
0,8,2,57,0,67,67,59,57,0,67,7979,0,0
0,8,3,55,1,67,67,59,56,1,67,7923,0,0
0,8,4,53,2,67,67,59,55,2,67,7869,0,0
0,8,6,54,0,68,68,60,54,0,68,8007,0,0
0,8,7,52,1,68,68,60,53,1,68,7954,0,0
0,8,8,50,2,68,68,60,52,2,68,7903,0,0
0,8,10,51,0,69,69,61,51,0,69,8047,0,0
0,8,11,49,1,69,69,61,50,1,69,7997,0,0
0,8,12,47,2,69,69,61,49,2,69,7949,0,0
0,8,14,48,0,70,70,62,48,0,70,8099,0,0
0,8,15,46,1,70,70,62,47,1,70,8052,0,0
0,8,16,44,2,70,70,62,46,2,70,8007,0,0
0,8,18,45,0,71,71,63,45,0,71,8163,0,0
0,8,19,43,1,71,71,63,44,1,71,8119,0,0
0,8,20,41,2,71,71,63,43,2,71,8077,0,0
0,8,22,42,0,72,72,64,42,0,72,8239,0,0
0,8,23,40,1,72,72,64,41,1,72,8198,0,0
0,8,24,38,2,72,72,64,40,2,72,8159,0,0
0,8,28,35,2,73,73,65,37,2,73,8253,0,0
0,9,0,58,0,67,67,58,58,0,67,7978,0,0
0,9,1,56,1,67,67,58,57,1,67,7921,0,0
0,9,2,54,2,67,67,58,56,2,67,7866,0,0
0,9,4,55,0,68,68,59,55,0,68,8002,0,0
0,9,5,53,1,68,68,59,54,1,68,7948,0,0
0,9,6,51,2,68,68,59,53,2,68,7896,0,0
0,9,8,52,0,69,69,60,52,0,69,8038,0,0
0,9,9,50,1,69,69,60,51,1,69,7987,0,0
0,9,10,48,2,69,69,60,50,2,69,7938,0,0
0,9,12,49,0,70,70,61,49,0,70,8086,0,0
0,9,13,47,1,70,70,61,48,1,70,8038,0,0
0,9,14,45,2,70,70,61,47,2,70,7992,0,0
0,9,16,46,0,71,71,62,46,0,71,8146,0,0
0,9,17,44,1,71,71,62,45,1,71,8101,0,0
0,9,18,42,2,71,71,62,44,2,71,8058,0,0
0,9,20,43,0,72,72,63,43,0,72,8218,0,0
0,9,21,41,1,72,72,63,42,1,72,8176,0,0
0,9,22,39,2,72,72,63,41,2,72,8136,0,0
0,9,25,38,1,73,73,64,39,1,73,8263,1,0
0,9,26,36,2,73,73,64,38,2,73,8226,0,0
0,10,0,55,2,67,67,57,57,2,67,7865,0,0
0,10,2,56,0,68,68,58,56,0,68,7999,0,0
0,10,3,54,1,68,68,58,55,1,68,7944,0,0
0,10,4,52,2,68,68,58,54,2,68,7891,0,0
0,10,6,53,0,69,69,59,53,0,69,8031,0,0
0,10,7,51,1,69,69,59,52,1,69,7979,0,0
0,10,8,49,2,69,69,59,51,2,69,7929,0,0
0,10,10,50,0,70,70,60,50,0,70,8075,0,0
0,10,11,48,1,70,70,60,49,1,70,8026,0,0
0,10,12,46,2,70,70,60,48,2,70,7979,0,0
0,10,14,47,0,71,71,61,47,0,71,8131,0,0
0,10,15,45,1,71,71,61,46,1,71,8085,0,0
0,10,16,43,2,71,71,61,45,2,71,8041,0,0
0,10,18,44,0,72,72,62,44,0,72,8199,0,0
0,10,19,42,1,72,72,62,43,1,72,8156,0,0
0,10,20,40,2,72,72,62,42,2,72,8115,0,0
0,10,23,39,1,73,73,63,40,1,73,8239,0,0
0,10,24,37,2,73,73,63,39,2,73,8201,0,0
0,11,0,57,0,68,68,57,57,0,68,7998,0,0
0,11,1,55,1,68,68,57,56,1,68,7942,0,0
0,11,2,53,2,68,68,57,55,2,68,7888,0,0
0,11,4,54,0,69,69,58,54,0,69,8026,0,0
0,11,5,52,1,69,69,58,53,1,69,7973,0,0
0,11,6,50,2,69,69,58,52,2,69,7922,0,0
0,11,8,51,0,70,70,59,51,0,70,8066,0,0
0,11,9,49,1,70,70,59,50,1,70,8016,0,0
0,11,10,47,2,70,70,59,49,2,70,7968,0,0
0,11,12,48,0,71,71,60,48,0,71,8118,0,0
0,11,13,46,1,71,71,60,47,1,71,8071,0,0
0,11,14,44,2,71,71,60,46,2,71,8026,0,0
0,11,16,45,0,72,72,61,45,0,72,8182,0,0
0,11,17,43,1,72,72,61,44,1,72,8138,0,0
0,11,18,41,2,72,72,61,43,2,72,8096,0,0
0,11,20,42,0,73,73,62,42,0,73,8258,0,0
0,11,21,40,1,73,73,62,41,1,73,8217,0,0
0,11,22,38,2,73,73,62,40,2,73,8178,0,0
0,11,26,35,2,74,74,63,37,2,74,8272,0,0
0,12,0,54,2,68,68,56,56,2,68,7887,0,0
0,12,2,55,0,69,69,57,55,0,69,8023,0,0
0,12,3,53,1,69,69,57,54,1,69,7969,0,0
0,12,4,51,2,69,69,57,53,2,69,7917,0,0
0,12,6,52,0,70,70,58,52,0,70,8059,0,0
0,12,7,50,1,70,70,58,51,1,70,8008,0,0
0,12,8,48,2,70,70,58,50,2,70,7959,0,0
0,12,10,49,0,71,71,59,49,0,71,8107,0,0
0,12,11,47,1,71,71,59,48,1,71,8059,0,0
0,12,12,45,2,71,71,59,47,2,71,8013,0,0
0,12,14,46,0,72,72,60,46,0,72,8167,0,0
0,12,15,44,1,72,72,60,45,1,72,8122,0,0
0,12,16,42,2,72,72,60,44,2,72,8079,0,0
0,12,18,43,0,73,73,61,43,0,73,8239,0,0
0,12,19,41,1,73,73,61,42,1,73,8197,0,0
0,12,20,39,2,73,73,61,41,2,73,8157,0,0
0,12,24,36,2,74,74,62,38,2,74,8247,0,0
0,13,0,56,0,69,69,56,56,0,69,8022,0,0
0,13,1,54,1,69,69,56,55,1,69,7967,0,0
0,13,2,52,2,69,69,56,54,2,69,7914,0,0
0,13,4,53,0,70,70,57,53,0,70,8054,0,0
0,13,5,51,1,70,70,57,52,1,70,8002,0,0
0,13,6,49,2,70,70,57,51,2,70,7952,0,0
0,13,8,50,0,71,71,58,50,0,71,8098,0,0
0,13,9,48,1,71,71,58,49,1,71,8049,0,0
0,13,10,46,2,71,71,58,48,2,71,8002,0,0
0,13,12,47,0,72,72,59,47,0,72,8154,0,0
0,13,13,45,1,72,72,59,46,1,72,8108,0,0
0,13,14,43,2,72,72,59,45,2,72,8064,0,0
0,13,16,44,0,73,73,60,44,0,73,8222,0,0
0,13,17,42,1,73,73,60,43,1,73,8179,0,0
0,13,18,40,2,73,73,60,42,2,73,8138,0,0
0,13,21,39,1,74,74,61,40,1,74,8262,0,0
0,13,22,37,2,74,74,61,39,2,74,8224,0,0
0,14,0,53,2,69,69,55,55,2,69,7913,0,0
0,14,2,54,0,70,70,56,54,0,70,8051,0,0
0,14,3,52,1,70,70,56,53,1,70,7998,0,0
0,14,4,50,2,70,70,56,52,2,70,7947,0,0
0,14,6,51,0,71,71,57,51,0,71,8091,0,0
0,14,7,49,1,71,71,57,50,1,71,8041,0,0
0,14,8,47,2,71,71,57,49,2,71,7993,0,0
0,14,10,48,0,72,72,58,48,0,72,8143,0,0
0,14,11,46,1,72,72,58,47,1,72,8096,0,0
0,14,12,44,2,72,72,58,46,2,72,8051,0,0
0,14,14,45,0,73,73,59,45,0,73,8207,0,0
0,14,15,43,1,73,73,59,44,1,73,8163,0,0
0,14,16,41,2,73,73,59,43,2,73,8121,0,0
0,14,19,40,1,74,74,60,41,1,74,8242,0,0
0,14,20,38,2,74,74,60,40,2,74,8203,0,0
0,15,0,55,0,70,70,55,55,0,70,8050,0,0
0,15,1,53,1,70,70,55,54,1,70,7996,0,0
0,15,2,51,2,70,70,55,53,2,70,7944,0,0
0,15,4,52,0,71,71,56,52,0,71,8086,0,0
0,15,5,50,1,71,71,56,51,1,71,8035,0,0
0,15,6,48,2,71,71,56,50,2,71,7986,0,0
0,15,8,49,0,72,72,57,49,0,72,8134,0,0
0,15,9,47,1,72,72,57,48,1,72,8086,0,0
0,15,10,45,2,72,72,57,47,2,72,8040,0,0
0,15,12,46,0,73,73,58,46,0,73,8194,0,0
0,15,13,44,1,73,73,58,45,1,73,8149,0,0
0,15,14,42,2,73,73,58,44,2,73,8106,0,0
0,15,16,43,0,74,74,59,43,0,74,8266,0,0
0,15,17,41,1,74,74,59,42,1,74,8224,0,0
0,15,18,39,2,74,74,59,41,2,74,8184,0,0
0,15,22,36,2,75,75,60,38,2,75,8274,0,0
0,16,0,52,2,70,70,54,54,2,70,7943,0,0
0,16,2,53,0,71,71,55,53,0,71,8083,0,0
0,16,3,51,1,71,71,55,52,1,71,8031,0,0
0,16,4,49,2,71,71,55,51,2,71,7981,0,0
0,16,6,50,0,72,72,56,50,0,72,8127,0,0
0,16,7,48,1,72,72,56,49,1,72,8078,0,0
0,16,8,46,2,72,72,56,48,2,72,8031,0,0
0,16,10,47,0,73,73,57,47,0,73,8183,0,0
0,16,11,45,1,73,73,57,46,1,73,8137,0,0
0,16,12,43,2,73,73,57,45,2,73,8093,0,0
0,16,14,44,0,74,74,58,44,0,74,8251,0,0
0,16,15,42,1,74,74,58,43,1,74,8208,0,0
0,16,16,40,2,74,74,58,42,2,74,8167,0,0
0,16,20,37,2,75,75,59,39,2,75,8253,0,0
0,17,0,54,0,71,71,54,54,0,71,8082,0,0
0,17,1,52,1,71,71,54,53,1,71,8029,0,0
0,17,2,50,2,71,71,54,52,2,71,7978,0,0
0,17,4,51,0,72,72,55,51,0,72,8122,0,0
0,17,5,49,1,72,72,55,50,1,72,8072,0,0
0,17,6,47,2,72,72,55,49,2,72,8024,0,0
0,17,8,48,0,73,73,56,48,0,73,8174,0,0
0,17,9,46,1,73,73,56,47,1,73,8127,0,0
0,17,10,44,2,73,73,56,46,2,73,8082,0,0
0,17,12,45,0,74,74,57,45,0,74,8238,0,0
0,17,13,43,1,74,74,57,44,1,74,8194,0,0
0,17,14,41,2,74,74,57,43,2,74,8152,0,0
0,17,17,40,1,75,75,58,41,1,75,8273,0,0
0,17,18,38,2,75,75,58,40,2,75,8234,0,0
0,18,0,51,2,71,71,53,53,2,71,7977,0,0
0,18,2,52,0,72,72,54,52,0,72,8119,0,0
0,18,3,50,1,72,72,54,51,1,72,8068,0,0
0,18,4,48,2,72,72,54,50,2,72,8019,0,0
0,18,6,49,0,73,73,55,49,0,73,8167,0,0
0,18,7,47,1,73,73,55,48,1,73,8119,0,0
0,18,8,45,2,73,73,55,47,2,73,8073,0,0
0,18,10,46,0,74,74,56,46,0,74,8227,0,0
0,18,11,44,1,74,74,56,45,1,74,8182,0,0
0,18,12,42,2,74,74,56,44,2,74,8139,0,0
0,18,15,41,1,75,75,57,42,1,75,8257,0,0
0,18,16,39,2,75,75,57,41,2,75,8217,0,0
0,19,0,53,0,72,72,53,53,0,72,8118,0,0
0,19,1,51,1,72,72,53,52,1,72,8066,0,0
0,19,2,49,2,72,72,53,51,2,72,8016,0,0
0,19,4,50,0,73,73,54,50,0,73,8162,0,0
0,19,5,48,1,73,73,54,49,1,73,8113,0,0
0,19,6,46,2,73,73,54,48,2,73,8066,0,0
0,19,8,47,0,74,74,55,47,0,74,8218,0,0
0,19,9,45,1,74,74,55,46,1,74,8172,0,0
0,19,10,43,2,74,74,55,45,2,74,8128,0,0
0,19,13,42,1,75,75,56,43,1,75,8243,0,0
0,19,14,40,2,75,75,56,42,2,75,8202,0,0
0,20,0,50,2,72,72,52,52,2,72,8015,0,0
0,20,2,51,0,73,73,53,51,0,73,8159,0,0
0,20,3,49,1,73,73,53,50,1,73,8109,0,0
0,20,4,47,2,73,73,53,49,2,73,8061,0,0
0,20,6,48,0,74,74,54,48,0,74,8211,0,0
0,20,7,46,1,74,74,54,47,1,74,8164,0,0
0,20,8,44,2,74,74,54,46,2,74,8119,0,0
0,20,10,45,0,75,75,55,45,0,75,8275,0,0
0,20,11,43,1,75,75,55,44,1,75,8231,0,0
0,20,12,41,2,75,75,55,43,2,75,8189,0,0
0,20,16,38,2,76,76,56,40,2,76,8271,0,0
0,21,0,52,0,73,73,52,52,0,73,8158,0,0
0,21,1,50,1,73,73,52,51,1,73,8107,0,0
0,21,2,48,2,73,73,52,50,2,73,8058,0,0
0,21,4,49,0,74,74,53,49,0,74,8206,0,0
0,21,5,47,1,74,74,53,48,1,74,8158,0,0
0,21,6,45,2,74,74,53,47,2,74,8112,0,0
0,21,8,46,0,75,75,54,46,0,75,8266,0,0
0,21,9,44,1,75,75,54,45,1,75,8221,0,0
0,21,10,42,2,75,75,54,44,2,75,8178,0,0
0,21,14,39,2,76,76,55,41,2,76,8256,0,0
0,22,0,49,2,73,73,51,51,2,73,8057,0,0
0,22,2,50,0,74,74,52,50,0,74,8203,0,0
0,22,3,48,1,74,74,52,49,1,74,8154,0,0
0,22,4,46,2,74,74,52,48,2,74,8107,0,0
0,22,6,47,0,75,75,53,47,0,75,8259,0,0
0,22,7,45,1,75,75,53,46,1,75,8213,0,0
0,22,8,43,2,75,75,53,45,2,75,8169,0,0
0,22,12,40,2,76,76,54,42,2,76,8243,0,0
0,23,0,51,0,74,74,51,51,0,74,8202,0,0
0,23,1,49,1,74,74,51,50,1,74,8152,0,0
0,23,2,47,2,74,74,51,49,2,74,8104,0,0
0,23,4,48,0,75,75,52,48,0,75,8254,0,0
0,23,5,46,1,75,75,52,47,1,75,8207,0,0
0,23,6,44,2,75,75,52,46,2,75,8162,0,0
0,23,9,43,1,76,76,53,44,1,76,8274,0,0
0,23,10,41,2,76,76,53,43,2,76,8232,0,0
0,24,0,48,2,74,74,50,50,2,74,8103,0,0
0,24,2,49,0,75,75,51,49,0,75,8251,0,0
0,24,3,47,1,75,75,51,48,1,75,8203,0,0
0,24,4,45,2,75,75,51,47,2,75,8157,0,0
0,24,7,44,1,76,76,52,45,1,76,8266,0,0
0,24,8,42,2,76,76,52,44,2,76,8223,0,0
0,25,0,50,0,75,75,50,50,0,75,8250,0,0
0,25,1,48,1,75,75,50,49,1,75,8201,0,0
0,25,2,46,2,75,75,50,48,2,75,8154,0,0
0,25,5,45,1,76,76,51,46,1,76,8260,0,0
0,25,6,43,2,76,76,51,45,2,76,8216,0,0
0,26,0,47,2,75,75,49,49,2,75,8153,0,0
0,26,3,46,1,76,76,50,47,1,76,8256,0,0
0,26,4,44,2,76,76,50,46,2,76,8211,0,0
0,27,1,47,1,76,76,49,48,1,76,8254,0,0
0,27,2,45,2,76,76,49,47,2,76,8208,0,0
0,27,6,42,2,77,77,50,44,2,77,8274,0,0
0,28,0,46,2,76,76,48,48,2,76,8207,0,0
0,28,4,43,2,77,77,49,45,2,77,8269,0,0
0,29,2,44,2,77,77,48,46,2,77,8266,0,0
0,30,0,45,2,77,77,47,47,2,77,8265,0,0
1,0,0,61,1,63,62,62,62,1,63,7876,0,0
1,0,1,59,2,63,62,62,61,2,63,7816,0,0
1,0,3,60,0,64,63,63,60,0,64,7942,0,0
1,0,4,58,1,64,63,63,59,1,64,7883,0,0
1,0,5,56,2,64,63,63,58,2,64,7826,0,0
1,0,7,57,0,65,64,64,57,0,65,7958,0,0
1,0,8,55,1,65,64,64,56,1,65,7902,0,0
1,0,9,53,2,65,64,64,55,2,65,7848,0,0
1,0,11,54,0,66,65,65,54,0,66,7986,0,0
1,0,12,52,1,66,65,65,53,1,66,7933,0,0
1,0,13,50,2,66,65,65,52,2,66,7882,0,0
1,0,15,51,0,67,66,66,51,0,67,8026,0,0
1,0,16,49,1,67,66,66,50,1,67,7976,0,0
1,0,17,47,2,67,66,66,49,2,67,7928,0,0
1,0,19,48,0,68,67,67,48,0,68,8078,0,0
1,0,20,46,1,68,67,67,47,1,68,8031,0,0
1,0,21,44,2,68,67,67,46,2,68,7986,0,0
1,0,23,45,0,69,68,68,45,0,69,8142,0,0
1,0,24,43,1,69,68,68,44,1,69,8098,0,0
1,0,25,41,2,69,68,68,43,2,69,8056,0,0
1,0,27,42,0,70,69,69,42,0,70,8218,0,0
1,0,28,40,1,70,69,69,41,1,70,8177,0,0
1,0,29,38,2,70,69,69,40,2,70,8138,0,0
1,0,32,37,1,71,70,70,38,1,71,8268,1,1
1,0,33,35,2,71,70,70,37,2,71,8232,0,0
1,1,1,61,0,64,63,62,61,0,64,7940,0,0
1,1,2,59,1,64,63,62,60,1,64,7880,0,0
1,1,3,57,2,64,63,62,59,2,64,7822,0,0
1,1,5,58,0,65,64,63,58,0,65,7952,0,0
1,1,6,56,1,65,64,63,57,1,65,7895,0,0
1,1,7,54,2,65,64,63,56,2,65,7840,0,0
1,1,9,55,0,66,65,64,55,0,66,7976,0,0
1,1,10,53,1,66,65,64,54,1,66,7922,0,0
1,1,11,51,2,66,65,64,53,2,66,7870,0,0
1,1,13,52,0,67,66,65,52,0,67,8012,0,0
1,1,14,50,1,67,66,65,51,1,67,7961,0,0
1,1,15,48,2,67,66,65,50,2,67,7912,0,0
1,1,17,49,0,68,67,66,49,0,68,8060,0,0
1,1,18,47,1,68,67,66,48,1,68,8012,0,0
1,1,19,45,2,68,67,66,47,2,68,7966,0,0
1,1,21,46,0,69,68,67,46,0,69,8120,0,0
1,1,22,44,1,69,68,67,45,1,69,8075,0,0
1,1,23,42,2,69,68,67,44,2,69,8032,0,0
1,1,25,43,0,70,69,68,43,0,70,8192,0,0
1,1,26,41,1,70,69,68,42,1,70,8150,0,0
1,1,27,39,2,70,69,68,41,2,70,8110,0,0
1,1,29,40,0,71,70,69,40,0,71,8276,0,0
1,1,30,38,1,71,70,69,39,1,71,8237,1,0
1,1,31,36,2,71,70,69,38,2,71,8200,0,0
1,2,0,60,1,64,63,61,61,1,64,7879,0,0
1,2,1,58,2,64,63,61,60,2,64,7820,0,0
1,2,3,59,0,65,64,62,59,0,65,7948,0,0
1,2,4,57,1,65,64,62,58,1,65,7890,0,0
1,2,5,55,2,65,64,62,57,2,65,7834,0,0
1,2,7,56,0,66,65,63,56,0,66,7968,0,0
1,2,8,54,1,66,65,63,55,1,66,7913,0,0
1,2,9,52,2,66,65,63,54,2,66,7860,0,0
1,2,11,53,0,67,66,64,53,0,67,8000,0,0
1,2,12,51,1,67,66,64,52,1,67,7948,0,0
1,2,13,49,2,67,66,64,51,2,67,7898,0,0
1,2,15,50,0,68,67,65,50,0,68,8044,0,0
1,2,16,48,1,68,67,65,49,1,68,7995,0,0
1,2,17,46,2,68,67,65,48,2,68,7948,0,0
1,2,19,47,0,69,68,66,47,0,69,8100,0,0
1,2,20,45,1,69,68,66,46,1,69,8054,0,0
1,2,21,43,2,69,68,66,45,2,69,8010,0,0
1,2,23,44,0,70,69,67,44,0,70,8168,0,0
1,2,24,42,1,70,69,67,43,1,70,8125,0,0
1,2,25,40,2,70,69,67,42,2,70,8084,0,0
1,2,27,41,0,71,70,68,41,0,71,8248,0,0
1,2,28,39,1,71,70,68,40,1,71,8208,0,0
1,2,29,37,2,71,70,68,39,2,71,8170,0,0
1,2,33,34,2,72,71,69,36,2,72,8268,1,1
1,3,1,60,0,65,64,61,60,0,65,7946,0,0
1,3,2,58,1,65,64,61,59,1,65,7887,0,0
1,3,3,56,2,65,64,61,58,2,65,7830,0,0
1,3,5,57,0,66,65,62,57,0,66,7962,0,0
1,3,6,55,1,66,65,62,56,1,66,7906,0,0
1,3,7,53,2,66,65,62,55,2,66,7852,0,0
1,3,9,54,0,67,66,63,54,0,67,7990,0,0
1,3,10,52,1,67,66,63,53,1,67,7937,0,0
1,3,11,50,2,67,66,63,52,2,67,7886,0,0
1,3,13,51,0,68,67,64,51,0,68,8030,0,0
1,3,14,49,1,68,67,64,50,1,68,7980,0,0
1,3,15,47,2,68,67,64,49,2,68,7932,0,0
1,3,17,48,0,69,68,65,48,0,69,8082,0,0
1,3,18,46,1,69,68,65,47,1,69,8035,0,0
1,3,19,44,2,69,68,65,46,2,69,7990,0,0
1,3,21,45,0,70,69,66,45,0,70,8146,0,0
1,3,22,43,1,70,69,66,44,1,70,8102,0,0
1,3,23,41,2,70,69,66,43,2,70,8060,0,0
1,3,25,42,0,71,70,67,42,0,71,8222,0,0
1,3,26,40,1,71,70,67,41,1,71,8181,0,0
1,3,27,38,2,71,70,67,40,2,71,8142,0,0
1,3,30,37,1,72,71,68,38,1,72,8272,1,1
1,3,31,35,2,72,71,68,37,2,72,8236,0,0
1,4,0,59,1,65,64,60,60,1,65,7886,0,0
1,4,1,57,2,65,64,60,59,2,65,7828,0,0
1,4,3,58,0,66,65,61,58,0,66,7958,0,0
1,4,4,56,1,66,65,61,57,1,66,7901,0,0
1,4,5,54,2,66,65,61,56,2,66,7846,0,0
1,4,7,55,0,67,66,62,55,0,67,7982,0,0
1,4,8,53,1,67,66,62,54,1,67,7928,0,0
1,4,9,51,2,67,66,62,53,2,67,7876,0,0
1,4,11,52,0,68,67,63,52,0,68,8018,0,0
1,4,12,50,1,68,67,63,51,1,68,7967,0,0
1,4,13,48,2,68,67,63,50,2,68,7918,0,0
1,4,15,49,0,69,68,64,49,0,69,8066,0,0
1,4,16,47,1,69,68,64,48,1,69,8018,0,0
1,4,17,45,2,69,68,64,47,2,69,7972,0,0
1,4,19,46,0,70,69,65,46,0,70,8126,0,0
1,4,20,44,1,70,69,65,45,1,70,8081,0,0
1,4,21,42,2,70,69,65,44,2,70,8038,0,0
1,4,23,43,0,71,70,66,43,0,71,8198,0,0
1,4,24,41,1,71,70,66,42,1,71,8156,0,0
1,4,25,39,2,71,70,66,41,2,71,8116,0,0
1,4,28,38,1,72,71,67,39,1,72,8243,1,0
1,4,29,36,2,72,71,67,38,2,72,8206,0,0
1,5,1,59,0,66,65,60,59,0,66,7956,0,0
1,5,2,57,1,66,65,60,58,1,66,7898,0,0
1,5,3,55,2,66,65,60,57,2,66,7842,0,0
1,5,5,56,0,67,66,61,56,0,67,7976,0,0
1,5,6,54,1,67,66,61,55,1,67,7921,0,0
1,5,7,52,2,67,66,61,54,2,67,7868,0,0
1,5,9,53,0,68,67,62,53,0,68,8008,0,0
1,5,10,51,1,68,67,62,52,1,68,7956,0,0
1,5,11,49,2,68,67,62,51,2,68,7906,0,0
1,5,13,50,0,69,68,63,50,0,69,8052,0,0
1,5,14,48,1,69,68,63,49,1,69,8003,0,0
1,5,15,46,2,69,68,63,48,2,69,7956,0,0
1,5,17,47,0,70,69,64,47,0,70,8108,0,0
1,5,18,45,1,70,69,64,46,1,70,8062,0,0
1,5,19,43,2,70,69,64,45,2,70,8018,0,0
1,5,21,44,0,71,70,65,44,0,71,8176,0,0
1,5,22,42,1,71,70,65,43,1,71,8133,0,0
1,5,23,40,2,71,70,65,42,2,71,8092,0,0
1,5,25,41,0,72,71,66,41,0,72,8256,0,0
1,5,26,39,1,72,71,66,40,1,72,8216,0,0
1,5,27,37,2,72,71,66,39,2,72,8178,0,0
1,5,31,34,2,73,72,67,36,2,73,8276,1,1
1,6,0,58,1,66,65,59,59,1,66,7897,0,0
1,6,1,56,2,66,65,59,58,2,66,7840,0,0
1,6,3,57,0,67,66,60,57,0,67,7972,0,0
1,6,4,55,1,67,66,60,56,1,67,7916,0,0
1,6,5,53,2,67,66,60,55,2,67,7862,0,0
1,6,7,54,0,68,67,61,54,0,68,8000,0,0
1,6,8,52,1,68,67,61,53,1,68,7947,0,0
1,6,9,50,2,68,67,61,52,2,68,7896,0,0
1,6,11,51,0,69,68,62,51,0,69,8040,0,0
1,6,12,49,1,69,68,62,50,1,69,7990,0,0
1,6,13,47,2,69,68,62,49,2,69,7942,0,0
1,6,15,48,0,70,69,63,48,0,70,8092,0,0
1,6,16,46,1,70,69,63,47,1,70,8045,0,0
1,6,17,44,2,70,69,63,46,2,70,8000,0,0
1,6,19,45,0,71,70,64,45,0,71,8156,0,0
1,6,20,43,1,71,70,64,44,1,71,8112,0,0
1,6,21,41,2,71,70,64,43,2,71,8070,0,0
1,6,23,42,0,72,71,65,42,0,72,8232,0,0
1,6,24,40,1,72,71,65,41,1,72,8191,0,0
1,6,25,38,2,72,71,65,40,2,72,8152,0,0
1,6,29,35,2,73,72,66,37,2,73,8246,0,0
1,7,1,58,0,67,66,59,58,0,67,7970,0,0
1,7,2,56,1,67,66,59,57,1,67,7913,0,0
1,7,3,54,2,67,66,59,56,2,67,7858,0,0
1,7,5,55,0,68,67,60,55,0,68,7994,0,0
1,7,6,53,1,68,67,60,54,1,68,7940,0,0
1,7,7,51,2,68,67,60,53,2,68,7888,0,0
1,7,9,52,0,69,68,61,52,0,69,8030,0,0
1,7,10,50,1,69,68,61,51,1,69,7979,0,0
1,7,11,48,2,69,68,61,50,2,69,7930,0,0
1,7,13,49,0,70,69,62,49,0,70,8078,0,0
1,7,14,47,1,70,69,62,48,1,70,8030,0,0
1,7,15,45,2,70,69,62,47,2,70,7984,0,0
1,7,17,46,0,71,70,63,46,0,71,8138,0,0
1,7,18,44,1,71,70,63,45,1,71,8093,0,0
1,7,19,42,2,71,70,63,44,2,71,8050,0,0
1,7,21,43,0,72,71,64,43,0,72,8210,0,0
1,7,22,41,1,72,71,64,42,1,72,8168,0,0
1,7,23,39,2,72,71,64,41,2,72,8128,0,0
1,7,26,38,1,73,72,65,39,1,73,8255,1,0
1,7,27,36,2,73,72,65,38,2,73,8218,0,0
1,8,0,57,1,67,66,58,58,1,67,7912,0,0
1,8,1,55,2,67,66,58,57,2,67,7856,0,0
1,8,3,56,0,68,67,59,56,0,68,7990,0,0
1,8,4,54,1,68,67,59,55,1,68,7935,0,0
1,8,5,52,2,68,67,59,54,2,68,7882,0,0
1,8,7,53,0,69,68,60,53,0,69,8022,0,0
1,8,8,51,1,69,68,60,52,1,69,7970,0,0
1,8,9,49,2,69,68,60,51,2,69,7920,0,0
1,8,11,50,0,70,69,61,50,0,70,8066,0,0
1,8,12,48,1,70,69,61,49,1,70,8017,0,0
1,8,13,46,2,70,69,61,48,2,70,7970,0,0
1,8,15,47,0,71,70,62,47,0,71,8122,0,0
1,8,16,45,1,71,70,62,46,1,71,8076,0,0
1,8,17,43,2,71,70,62,45,2,71,8032,0,0
1,8,19,44,0,72,71,63,44,0,72,8190,0,0
1,8,20,42,1,72,71,63,43,1,72,8147,0,0
1,8,21,40,2,72,71,63,42,2,72,8106,0,0
1,8,23,41,0,73,72,64,41,0,73,8270,0,0
1,8,24,39,1,73,72,64,40,1,73,8230,0,0
1,8,25,37,2,73,72,64,39,2,73,8192,0,0
1,9,1,57,0,68,67,58,57,0,68,7988,0,0
1,9,2,55,1,68,67,58,56,1,68,7932,0,0
1,9,3,53,2,68,67,58,55,2,68,7878,0,0
1,9,5,54,0,69,68,59,54,0,69,8016,0,0
1,9,6,52,1,69,68,59,53,1,69,7963,0,0
1,9,7,50,2,69,68,59,52,2,69,7912,0,0
1,9,9,51,0,70,69,60,51,0,70,8056,0,0
1,9,10,49,1,70,69,60,50,1,70,8006,0,0
1,9,11,47,2,70,69,60,49,2,70,7958,0,0
1,9,13,48,0,71,70,61,48,0,71,8108,0,0
1,9,14,46,1,71,70,61,47,1,71,8061,0,0
1,9,15,44,2,71,70,61,46,2,71,8016,0,0
1,9,17,45,0,72,71,62,45,0,72,8172,0,0
1,9,18,43,1,72,71,62,44,1,72,8128,0,0
1,9,19,41,2,72,71,62,43,2,72,8086,0,0
1,9,21,42,0,73,72,63,42,0,73,8248,0,0
1,9,22,40,1,73,72,63,41,1,73,8207,0,0
1,9,23,38,2,73,72,63,40,2,73,8168,0,0
1,9,27,35,2,74,73,64,37,2,74,8262,0,0
1,10,0,56,1,68,67,57,57,1,68,7931,0,0
1,10,1,54,2,68,67,57,56,2,68,7876,0,0
1,10,3,55,0,69,68,58,55,0,69,8012,0,0
1,10,4,53,1,69,68,58,54,1,69,7958,0,0
1,10,5,51,2,69,68,58,53,2,69,7906,0,0
1,10,7,52,0,70,69,59,52,0,70,8048,0,0
1,10,8,50,1,70,69,59,51,1,70,7997,0,0
1,10,9,48,2,70,69,59,50,2,70,7948,0,0
1,10,11,49,0,71,70,60,49,0,71,8096,0,0
1,10,12,47,1,71,70,60,48,1,71,8048,0,0
1,10,13,45,2,71,70,60,47,2,71,8002,0,0
1,10,15,46,0,72,71,61,46,0,72,8156,0,0
1,10,16,44,1,72,71,61,45,1,72,8111,0,0
1,10,17,42,2,72,71,61,44,2,72,8068,0,0
1,10,19,43,0,73,72,62,43,0,73,8228,0,0
1,10,20,41,1,73,72,62,42,1,73,8186,0,0
1,10,21,39,2,73,72,62,41,2,73,8146,0,0
1,10,24,38,1,74,73,63,39,1,74,8273,1,0
1,10,25,36,2,74,73,63,38,2,74,8236,0,0
1,11,1,56,0,69,68,57,56,0,69,8010,0,0
1,11,2,54,1,69,68,57,55,1,69,7955,0,0
1,11,3,52,2,69,68,57,54,2,69,7902,0,0
1,11,5,53,0,70,69,58,53,0,70,8042,0,0
1,11,6,51,1,70,69,58,52,1,70,7990,0,0
1,11,7,49,2,70,69,58,51,2,70,7940,0,0
1,11,9,50,0,71,70,59,50,0,71,8086,0,0
1,11,10,48,1,71,70,59,49,1,71,8037,0,0
1,11,11,46,2,71,70,59,48,2,71,7990,0,0
1,11,13,47,0,72,71,60,47,0,72,8142,0,0
1,11,14,45,1,72,71,60,46,1,72,8096,0,0
1,11,15,43,2,72,71,60,45,2,72,8052,0,0
1,11,17,44,0,73,72,61,44,0,73,8210,0,0
1,11,18,42,1,73,72,61,43,1,73,8167,0,0
1,11,19,40,2,73,72,61,42,2,73,8126,0,0
1,11,22,39,1,74,73,62,40,1,74,8250,0,0
1,11,23,37,2,74,73,62,39,2,74,8212,0,0
1,12,0,55,1,69,68,56,56,1,69,7954,0,0
1,12,1,53,2,69,68,56,55,2,69,7900,0,0
1,12,3,54,0,70,69,57,54,0,70,8038,0,0
1,12,4,52,1,70,69,57,53,1,70,7985,0,0
1,12,5,50,2,70,69,57,52,2,70,7934,0,0
1,12,7,51,0,71,70,58,51,0,71,8078,0,0
1,12,8,49,1,71,70,58,50,1,71,8028,0,0
1,12,9,47,2,71,70,58,49,2,71,7980,0,0
1,12,11,48,0,72,71,59,48,0,72,8130,0,0
1,12,12,46,1,72,71,59,47,1,72,8083,0,0
1,12,13,44,2,72,71,59,46,2,72,8038,0,0
1,12,15,45,0,73,72,60,45,0,73,8194,0,0
1,12,16,43,1,73,72,60,44,1,73,8150,0,0
1,12,17,41,2,73,72,60,43,2,73,8108,0,0
1,12,19,42,0,74,73,61,42,0,74,8270,0,0
1,12,20,40,1,74,73,61,41,1,74,8229,0,0
1,12,21,38,2,74,73,61,40,2,74,8190,0,0
1,13,1,55,0,70,69,56,55,0,70,8036,0,0
1,13,2,53,1,70,69,56,54,1,70,7982,0,0
1,13,3,51,2,70,69,56,53,2,70,7930,0,0
1,13,5,52,0,71,70,57,52,0,71,8072,0,0
1,13,6,50,1,71,70,57,51,1,71,8021,0,0
1,13,7,48,2,71,70,57,50,2,71,7972,0,0
1,13,9,49,0,72,71,58,49,0,72,8120,0,0
1,13,10,47,1,72,71,58,48,1,72,8072,0,0
1,13,11,45,2,72,71,58,47,2,72,8026,0,0
1,13,13,46,0,73,72,59,46,0,73,8180,0,0
1,13,14,44,1,73,72,59,45,1,73,8135,0,0
1,13,15,42,2,73,72,59,44,2,73,8092,0,0
1,13,17,43,0,74,73,60,43,0,74,8252,0,0
1,13,18,41,1,74,73,60,42,1,74,8210,0,0
1,13,19,39,2,74,73,60,41,2,74,8170,0,0
1,13,23,36,2,75,74,61,38,2,75,8260,0,0
1,14,0,54,1,70,69,55,55,1,70,7981,0,0
1,14,1,52,2,70,69,55,54,2,70,7928,0,0
1,14,3,53,0,71,70,56,53,0,71,8068,0,0
1,14,4,51,1,71,70,56,52,1,71,8016,0,0
1,14,5,49,2,71,70,56,51,2,71,7966,0,0
1,14,7,50,0,72,71,57,50,0,72,8112,0,0
1,14,8,48,1,72,71,57,49,1,72,8063,0,0
1,14,9,46,2,72,71,57,48,2,72,8016,0,0
1,14,11,47,0,73,72,58,47,0,73,8168,0,0
1,14,12,45,1,73,72,58,46,1,73,8122,0,0
1,14,13,43,2,73,72,58,45,2,73,8078,0,0
1,14,15,44,0,74,73,59,44,0,74,8236,0,0
1,14,16,42,1,74,73,59,43,1,74,8193,0,0
1,14,17,40,2,74,73,59,42,2,74,8152,0,0
1,14,20,39,1,75,74,60,40,1,75,8276,0,0
1,14,21,37,2,75,74,60,39,2,75,8238,0,0
1,15,1,54,0,71,70,55,54,0,71,8066,0,0
1,15,2,52,1,71,70,55,53,1,71,8013,0,0
1,15,3,50,2,71,70,55,52,2,71,7962,0,0
1,15,5,51,0,72,71,56,51,0,72,8106,0,0
1,15,6,49,1,72,71,56,50,1,72,8056,0,0
1,15,7,47,2,72,71,56,49,2,72,8008,0,0
1,15,9,48,0,73,72,57,48,0,73,8158,0,0
1,15,10,46,1,73,72,57,47,1,73,8111,0,0
1,15,11,44,2,73,72,57,46,2,73,8066,0,0
1,15,13,45,0,74,73,58,45,0,74,8222,0,0
1,15,14,43,1,74,73,58,44,1,74,8178,0,0
1,15,15,41,2,74,73,58,43,2,74,8136,0,0
1,15,18,40,1,75,74,59,41,1,75,8257,0,0
1,15,19,38,2,75,74,59,40,2,75,8218,0,0
1,16,0,53,1,71,70,54,54,1,71,8012,0,0
1,16,1,51,2,71,70,54,53,2,71,7960,0,0
1,16,3,52,0,72,71,55,52,0,72,8102,0,0
1,16,4,50,1,72,71,55,51,1,72,8051,0,0
1,16,5,48,2,72,71,55,50,2,72,8002,0,0
1,16,7,49,0,73,72,56,49,0,73,8150,0,0
1,16,8,47,1,73,72,56,48,1,73,8102,0,0
1,16,9,45,2,73,72,56,47,2,73,8056,0,0
1,16,11,46,0,74,73,57,46,0,74,8210,0,0
1,16,12,44,1,74,73,57,45,1,74,8165,0,0
1,16,13,42,2,74,73,57,44,2,74,8122,0,0
1,16,16,41,1,75,74,58,42,1,75,8240,0,0
1,16,17,39,2,75,74,58,41,2,75,8200,0,0
1,17,1,53,0,72,71,54,53,0,72,8100,0,0
1,17,2,51,1,72,71,54,52,1,72,8048,0,0
1,17,3,49,2,72,71,54,51,2,72,7998,0,0
1,17,5,50,0,73,72,55,50,0,73,8144,0,0
1,17,6,48,1,73,72,55,49,1,73,8095,0,0
1,17,7,46,2,73,72,55,48,2,73,8048,0,0
1,17,9,47,0,74,73,56,47,0,74,8200,0,0
1,17,10,45,1,74,73,56,46,1,74,8154,0,0
1,17,11,43,2,74,73,56,45,2,74,8110,0,0
1,17,13,44,0,75,74,57,44,0,75,8268,0,0
1,17,14,42,1,75,74,57,43,1,75,8225,0,0
1,17,15,40,2,75,74,57,42,2,75,8184,0,0
1,17,19,37,2,76,75,58,39,2,76,8270,0,0
1,18,0,52,1,72,71,53,53,1,72,8047,0,0
1,18,1,50,2,72,71,53,52,2,72,7996,0,0
1,18,3,51,0,73,72,54,51,0,73,8140,0,0
1,18,4,49,1,73,72,54,50,1,73,8090,0,0
1,18,5,47,2,73,72,54,49,2,73,8042,0,0
1,18,7,48,0,74,73,55,48,0,74,8192,0,0
1,18,8,46,1,74,73,55,47,1,74,8145,0,0
1,18,9,44,2,74,73,55,46,2,74,8100,0,0
1,18,11,45,0,75,74,56,45,0,75,8256,0,0
1,18,12,43,1,75,74,56,44,1,75,8212,0,0
1,18,13,41,2,75,74,56,43,2,75,8170,0,0
1,18,17,38,2,76,75,57,40,2,76,8252,0,0
1,19,1,52,0,73,72,53,52,0,73,8138,0,0
1,19,2,50,1,73,72,53,51,1,73,8087,0,0
1,19,3,48,2,73,72,53,50,2,73,8038,0,0
1,19,5,49,0,74,73,54,49,0,74,8186,0,0
1,19,6,47,1,74,73,54,48,1,74,8138,0,0
1,19,7,45,2,74,73,54,47,2,74,8092,0,0
1,19,9,46,0,75,74,55,46,0,75,8246,0,0
1,19,10,44,1,75,74,55,45,1,75,8201,0,0
1,19,11,42,2,75,74,55,44,2,75,8158,0,0
1,19,14,41,1,76,75,56,42,1,76,8276,0,0
1,19,15,39,2,76,75,56,41,2,76,8236,0,0
1,20,0,51,1,73,72,52,52,1,73,8086,0,0
1,20,1,49,2,73,72,52,51,2,73,8036,0,0
1,20,3,50,0,74,73,53,50,0,74,8182,0,0
1,20,4,48,1,74,73,53,49,1,74,8133,0,0
1,20,5,46,2,74,73,53,48,2,74,8086,0,0
1,20,7,47,0,75,74,54,47,0,75,8238,0,0
1,20,8,45,1,75,74,54,46,1,75,8192,0,0
1,20,9,43,2,75,74,54,45,2,75,8148,0,0
1,20,12,42,1,76,75,55,43,1,76,8263,0,0
1,20,13,40,2,76,75,55,42,2,76,8222,0,0
1,21,1,51,0,74,73,52,51,0,74,8180,0,0
1,21,2,49,1,74,73,52,50,1,74,8130,0,0
1,21,3,47,2,74,73,52,49,2,74,8082,0,0
1,21,5,48,0,75,74,53,48,0,75,8232,0,0
1,21,6,46,1,75,74,53,47,1,75,8185,0,0
1,21,7,44,2,75,74,53,46,2,75,8140,0,0
1,21,10,43,1,76,75,54,44,1,76,8252,0,0
1,21,11,41,2,76,75,54,43,2,76,8210,0,0
1,22,0,50,1,74,73,51,51,1,74,8129,0,0
1,22,1,48,2,74,73,51,50,2,74,8080,0,0
1,22,3,49,0,75,74,52,49,0,75,8228,0,0
1,22,4,47,1,75,74,52,48,1,75,8180,0,0
1,22,5,45,2,75,74,52,47,2,75,8134,0,0
1,22,8,44,1,76,75,53,45,1,76,8243,0,0
1,22,9,42,2,76,75,53,44,2,76,8200,0,0
1,23,1,50,0,75,74,51,50,0,75,8226,0,0
1,23,2,48,1,75,74,51,49,1,75,8177,0,0
1,23,3,46,2,75,74,51,48,2,75,8130,0,0
1,23,6,45,1,76,75,52,46,1,76,8236,0,0
1,23,7,43,2,76,75,52,45,2,76,8192,0,0
1,23,11,40,2,77,76,53,42,2,77,8266,0,0
1,24,0,49,1,75,74,50,50,1,75,8176,0,0
1,24,1,47,2,75,74,50,49,2,75,8128,0,0
1,24,4,46,1,76,75,51,47,1,76,8231,0,0
1,24,5,44,2,76,75,51,46,2,76,8186,0,0
1,24,9,41,2,77,76,52,43,2,77,8256,0,0
1,25,1,49,0,76,75,50,49,0,76,8276,0,0
1,25,2,47,1,76,75,50,48,1,76,8228,0,0
1,25,3,45,2,76,75,50,47,2,76,8182,0,0
1,25,7,42,2,77,76,51,44,2,77,8248,0,0
1,26,0,48,1,76,75,49,49,1,76,8227,0,0
1,26,1,46,2,76,75,49,48,2,76,8180,0,0
1,26,5,43,2,77,76,50,45,2,77,8242,0,0
1,27,3,44,2,77,76,49,46,2,77,8238,0,0
1,28,1,45,2,77,76,48,47,2,77,8236,0,0
2,0,0,62,0,64,62,62,62,0,64,7939,0,0
2,0,1,60,1,64,62,62,61,1,64,7878,0,0
2,0,2,58,2,64,62,62,60,2,64,7819,0,0
2,0,4,59,0,65,63,63,59,0,65,7947,0,0
2,0,5,57,1,65,63,63,58,1,65,7889,0,0
2,0,6,55,2,65,63,63,57,2,65,7833,0,0
2,0,8,56,0,66,64,64,56,0,66,7967,0,0
2,0,9,54,1,66,64,64,55,1,66,7912,0,0
2,0,10,52,2,66,64,64,54,2,66,7859,0,0
2,0,12,53,0,67,65,65,53,0,67,7999,0,0
2,0,13,51,1,67,65,65,52,1,67,7947,0,0
2,0,14,49,2,67,65,65,51,2,67,7897,0,0
2,0,16,50,0,68,66,66,50,0,68,8043,0,0
2,0,17,48,1,68,66,66,49,1,68,7994,0,0
2,0,18,46,2,68,66,66,48,2,68,7947,0,0
2,0,20,47,0,69,67,67,47,0,69,8099,0,0
2,0,21,45,1,69,67,67,46,1,69,8053,0,0
2,0,22,43,2,69,67,67,45,2,69,8009,0,0
2,0,24,44,0,70,68,68,44,0,70,8167,0,0
2,0,25,42,1,70,68,68,43,1,70,8124,0,0
2,0,26,40,2,70,68,68,42,2,70,8083,0,0
2,0,28,41,0,71,69,69,41,0,71,8247,0,0
2,0,29,39,1,71,69,69,40,1,71,8207,0,0
2,0,30,37,2,71,69,69,39,2,71,8169,0,0
2,0,34,34,2,72,70,70,36,2,72,8267,1,1
2,1,0,59,2,64,62,61,61,2,64,7818,0,0
2,1,2,60,0,65,63,62,60,0,65,7944,0,0
2,1,3,58,1,65,63,62,59,1,65,7885,0,0
2,1,4,56,2,65,63,62,58,2,65,7828,0,0
2,1,6,57,0,66,64,63,57,0,66,7960,0,0
2,1,7,55,1,66,64,63,56,1,66,7904,0,0
2,1,8,53,2,66,64,63,55,2,66,7850,0,0
2,1,10,54,0,67,65,64,54,0,67,7988,0,0
2,1,11,52,1,67,65,64,53,1,67,7935,0,0
2,1,12,50,2,67,65,64,52,2,67,7884,0,0
2,1,14,51,0,68,66,65,51,0,68,8028,0,0
2,1,15,49,1,68,66,65,50,1,68,7978,0,0
2,1,16,47,2,68,66,65,49,2,68,7930,0,0
2,1,18,48,0,69,67,66,48,0,69,8080,0,0
2,1,19,46,1,69,67,66,47,1,69,8033,0,0
2,1,20,44,2,69,67,66,46,2,69,7988,0,0
2,1,22,45,0,70,68,67,45,0,70,8144,0,0
2,1,23,43,1,70,68,67,44,1,70,8100,0,0
2,1,24,41,2,70,68,67,43,2,70,8058,0,0
2,1,26,42,0,71,69,68,42,0,71,8220,0,0
2,1,27,40,1,71,69,68,41,1,71,8179,0,0
2,1,28,38,2,71,69,68,40,2,71,8140,0,0
2,1,31,37,1,72,70,69,38,1,72,8270,1,1
2,1,32,35,2,72,70,69,37,2,72,8234,0,0
2,2,0,61,0,65,63,61,61,0,65,7943,0,0
2,2,1,59,1,65,63,61,60,1,65,7883,0,0
2,2,2,57,2,65,63,61,59,2,65,7825,0,0
2,2,4,58,0,66,64,62,58,0,66,7955,0,0
2,2,5,56,1,66,64,62,57,1,66,7898,0,0
2,2,6,54,2,66,64,62,56,2,66,7843,0,0
2,2,8,55,0,67,65,63,55,0,67,7979,0,0
2,2,9,53,1,67,65,63,54,1,67,7925,0,0
2,2,10,51,2,67,65,63,53,2,67,7873,0,0
2,2,12,52,0,68,66,64,52,0,68,8015,0,0
2,2,13,50,1,68,66,64,51,1,68,7964,0,0
2,2,14,48,2,68,66,64,50,2,68,7915,0,0
2,2,16,49,0,69,67,65,49,0,69,8063,0,0
2,2,17,47,1,69,67,65,48,1,69,8015,0,0
2,2,18,45,2,69,67,65,47,2,69,7969,0,0
2,2,20,46,0,70,68,66,46,0,70,8123,0,0
2,2,21,44,1,70,68,66,45,1,70,8078,0,0
2,2,22,42,2,70,68,66,44,2,70,8035,0,0
2,2,24,43,0,71,69,67,43,0,71,8195,0,0
2,2,25,41,1,71,69,67,42,1,71,8153,0,0
2,2,26,39,2,71,69,67,41,2,71,8113,0,0
2,2,29,38,1,72,70,68,39,1,72,8240,1,0
2,2,30,36,2,72,70,68,38,2,72,8203,0,0
2,3,0,58,2,65,63,60,60,2,65,7824,0,0
2,3,2,59,0,66,64,61,59,0,66,7952,0,0
2,3,3,57,1,66,64,61,58,1,66,7894,0,0
2,3,4,55,2,66,64,61,57,2,66,7838,0,0
2,3,6,56,0,67,65,62,56,0,67,7972,0,0
2,3,7,54,1,67,65,62,55,1,67,7917,0,0
2,3,8,52,2,67,65,62,54,2,67,7864,0,0
2,3,10,53,0,68,66,63,53,0,68,8004,0,0
2,3,11,51,1,68,66,63,52,1,68,7952,0,0
2,3,12,49,2,68,66,63,51,2,68,7902,0,0
2,3,14,50,0,69,67,64,50,0,69,8048,0,0
2,3,15,48,1,69,67,64,49,1,69,7999,0,0
2,3,16,46,2,69,67,64,48,2,69,7952,0,0
2,3,18,47,0,70,68,65,47,0,70,8104,0,0
2,3,19,45,1,70,68,65,46,1,70,8058,0,0
2,3,20,43,2,70,68,65,45,2,70,8014,0,0
2,3,22,44,0,71,69,66,44,0,71,8172,0,0
2,3,23,42,1,71,69,66,43,1,71,8129,0,0
2,3,24,40,2,71,69,66,42,2,71,8088,0,0
2,3,26,41,0,72,70,67,41,0,72,8252,0,0
2,3,27,39,1,72,70,67,40,1,72,8212,0,0
2,3,28,37,2,72,70,67,39,2,72,8174,0,0
2,3,32,34,2,73,71,68,36,2,73,8272,1,1
2,4,0,60,0,66,64,60,60,0,66,7951,0,0
2,4,1,58,1,66,64,60,59,1,66,7892,0,0
2,4,2,56,2,66,64,60,58,2,66,7835,0,0
2,4,4,57,0,67,65,61,57,0,67,7967,0,0
2,4,5,55,1,67,65,61,56,1,67,7911,0,0
2,4,6,53,2,67,65,61,55,2,67,7857,0,0
2,4,8,54,0,68,66,62,54,0,68,7995,0,0
2,4,9,52,1,68,66,62,53,1,68,7942,0,0
2,4,10,50,2,68,66,62,52,2,68,7891,0,0
2,4,12,51,0,69,67,63,51,0,69,8035,0,0
2,4,13,49,1,69,67,63,50,1,69,7985,0,0
2,4,14,47,2,69,67,63,49,2,69,7937,0,0
2,4,16,48,0,70,68,64,48,0,70,8087,0,0
2,4,17,46,1,70,68,64,47,1,70,8040,0,0
2,4,18,44,2,70,68,64,46,2,70,7995,0,0
2,4,20,45,0,71,69,65,45,0,71,8151,0,0
2,4,21,43,1,71,69,65,44,1,71,8107,0,0
2,4,22,41,2,71,69,65,43,2,71,8065,0,0
2,4,24,42,0,72,70,66,42,0,72,8227,0,0
2,4,25,40,1,72,70,66,41,1,72,8186,0,0
2,4,26,38,2,72,70,66,40,2,72,8147,0,0
2,4,30,35,2,73,71,67,37,2,73,8241,0,0
2,5,0,57,2,66,64,59,59,2,66,7834,0,0
2,5,2,58,0,67,65,60,58,0,67,7964,0,0
2,5,3,56,1,67,65,60,57,1,67,7907,0,0
2,5,4,54,2,67,65,60,56,2,67,7852,0,0
2,5,6,55,0,68,66,61,55,0,68,7988,0,0
2,5,7,53,1,68,66,61,54,1,68,7934,0,0
2,5,8,51,2,68,66,61,53,2,68,7882,0,0
2,5,10,52,0,69,67,62,52,0,69,8024,0,0
2,5,11,50,1,69,67,62,51,1,69,7973,0,0
2,5,12,48,2,69,67,62,50,2,69,7924,0,0
2,5,14,49,0,70,68,63,49,0,70,8072,0,0
2,5,15,47,1,70,68,63,48,1,70,8024,0,0
2,5,16,45,2,70,68,63,47,2,70,7978,0,0
2,5,18,46,0,71,69,64,46,0,71,8132,0,0
2,5,19,44,1,71,69,64,45,1,71,8087,0,0
2,5,20,42,2,71,69,64,44,2,71,8044,0,0
2,5,22,43,0,72,70,65,43,0,72,8204,0,0
2,5,23,41,1,72,70,65,42,1,72,8162,0,0
2,5,24,39,2,72,70,65,41,2,72,8122,0,0
2,5,27,38,1,73,71,66,39,1,73,8249,1,0
2,5,28,36,2,73,71,66,38,2,73,8212,0,0
2,6,0,59,0,67,65,59,59,0,67,7963,0,0
2,6,1,57,1,67,65,59,58,1,67,7905,0,0
2,6,2,55,2,67,65,59,57,2,67,7849,0,0
2,6,4,56,0,68,66,60,56,0,68,7983,0,0
2,6,5,54,1,68,66,60,55,1,68,7928,0,0
2,6,6,52,2,68,66,60,54,2,68,7875,0,0
2,6,8,53,0,69,67,61,53,0,69,8015,0,0
2,6,9,51,1,69,67,61,52,1,69,7963,0,0
2,6,10,49,2,69,67,61,51,2,69,7913,0,0
2,6,12,50,0,70,68,62,50,0,70,8059,0,0
2,6,13,48,1,70,68,62,49,1,70,8010,0,0
2,6,14,46,2,70,68,62,48,2,70,7963,0,0
2,6,16,47,0,71,69,63,47,0,71,8115,0,0
2,6,17,45,1,71,69,63,46,1,71,8069,0,0
2,6,18,43,2,71,69,63,45,2,71,8025,0,0
2,6,20,44,0,72,70,64,44,0,72,8183,0,0
2,6,21,42,1,72,70,64,43,1,72,8140,0,0
2,6,22,40,2,72,70,64,42,2,72,8099,0,0
2,6,24,41,0,73,71,65,41,0,73,8263,0,0
2,6,25,39,1,73,71,65,40,1,73,8223,0,0
2,6,26,37,2,73,71,65,39,2,73,8185,0,0
2,7,0,56,2,67,65,58,58,2,67,7848,0,0
2,7,2,57,0,68,66,59,57,0,68,7980,0,0
2,7,3,55,1,68,66,59,56,1,68,7924,0,0
2,7,4,53,2,68,66,59,55,2,68,7870,0,0
2,7,6,54,0,69,67,60,54,0,69,8008,0,0
2,7,7,52,1,69,67,60,53,1,69,7955,0,0
2,7,8,50,2,69,67,60,52,2,69,7904,0,0
2,7,10,51,0,70,68,61,51,0,70,8048,0,0
2,7,11,49,1,70,68,61,50,1,70,7998,0,0
2,7,12,47,2,70,68,61,49,2,70,7950,0,0
2,7,14,48,0,71,69,62,48,0,71,8100,0,0
2,7,15,46,1,71,69,62,47,1,71,8053,0,0
2,7,16,44,2,71,69,62,46,2,71,8008,0,0
2,7,18,45,0,72,70,63,45,0,72,8164,0,0
2,7,19,43,1,72,70,63,44,1,72,8120,0,0
2,7,20,41,2,72,70,63,43,2,72,8078,0,0
2,7,22,42,0,73,71,64,42,0,73,8240,0,0
2,7,23,40,1,73,71,64,41,1,73,8199,0,0
2,7,24,38,2,73,71,64,40,2,73,8160,0,0
2,7,28,35,2,74,72,65,37,2,74,8254,0,0
2,8,0,58,0,68,66,58,58,0,68,7979,0,0
2,8,1,56,1,68,66,58,57,1,68,7922,0,0
2,8,2,54,2,68,66,58,56,2,68,7867,0,0
2,8,4,55,0,69,67,59,55,0,69,8003,0,0
2,8,5,53,1,69,67,59,54,1,69,7949,0,0
2,8,6,51,2,69,67,59,53,2,69,7897,0,0
2,8,8,52,0,70,68,60,52,0,70,8039,0,0
2,8,9,50,1,70,68,60,51,1,70,7988,0,0
2,8,10,48,2,70,68,60,50,2,70,7939,0,0
2,8,12,49,0,71,69,61,49,0,71,8087,0,0
2,8,13,47,1,71,69,61,48,1,71,8039,0,0
2,8,14,45,2,71,69,61,47,2,71,7993,0,0
2,8,16,46,0,72,70,62,46,0,72,8147,0,0
2,8,17,44,1,72,70,62,45,1,72,8102,0,0
2,8,18,42,2,72,70,62,44,2,72,8059,0,0
2,8,20,43,0,73,71,63,43,0,73,8219,0,0
2,8,21,41,1,73,71,63,42,1,73,8177,0,0
2,8,22,39,2,73,71,63,41,2,73,8137,0,0
2,8,25,38,1,74,72,64,39,1,74,8264,1,0
2,8,26,36,2,74,72,64,38,2,74,8227,0,0
2,9,0,55,2,68,66,57,57,2,68,7866,0,0
2,9,2,56,0,69,67,58,56,0,69,8000,0,0
2,9,3,54,1,69,67,58,55,1,69,7945,0,0
2,9,4,52,2,69,67,58,54,2,69,7892,0,0
2,9,6,53,0,70,68,59,53,0,70,8032,0,0
2,9,7,51,1,70,68,59,52,1,70,7980,0,0
2,9,8,49,2,70,68,59,51,2,70,7930,0,0
2,9,10,50,0,71,69,60,50,0,71,8076,0,0
2,9,11,48,1,71,69,60,49,1,71,8027,0,0
2,9,12,46,2,71,69,60,48,2,71,7980,0,0
2,9,14,47,0,72,70,61,47,0,72,8132,0,0
2,9,15,45,1,72,70,61,46,1,72,8086,0,0
2,9,16,43,2,72,70,61,45,2,72,8042,0,0
2,9,18,44,0,73,71,62,44,0,73,8200,0,0
2,9,19,42,1,73,71,62,43,1,73,8157,0,0
2,9,20,40,2,73,71,62,42,2,73,8116,0,0
2,9,23,39,1,74,72,63,40,1,74,8240,0,0
2,9,24,37,2,74,72,63,39,2,74,8202,0,0
2,10,0,57,0,69,67,57,57,0,69,7999,0,0
2,10,1,55,1,69,67,57,56,1,69,7943,0,0
2,10,2,53,2,69,67,57,55,2,69,7889,0,0
2,10,4,54,0,70,68,58,54,0,70,8027,0,0
2,10,5,52,1,70,68,58,53,1,70,7974,0,0
2,10,6,50,2,70,68,58,52,2,70,7923,0,0
2,10,8,51,0,71,69,59,51,0,71,8067,0,0
2,10,9,49,1,71,69,59,50,1,71,8017,0,0
2,10,10,47,2,71,69,59,49,2,71,7969,0,0
2,10,12,48,0,72,70,60,48,0,72,8119,0,0
2,10,13,46,1,72,70,60,47,1,72,8072,0,0
2,10,14,44,2,72,70,60,46,2,72,8027,0,0
2,10,16,45,0,73,71,61,45,0,73,8183,0,0
2,10,17,43,1,73,71,61,44,1,73,8139,0,0
2,10,18,41,2,73,71,61,43,2,73,8097,0,0
2,10,20,42,0,74,72,62,42,0,74,8259,0,0
2,10,21,40,1,74,72,62,41,1,74,8218,0,0
2,10,22,38,2,74,72,62,40,2,74,8179,0,0
2,10,26,35,2,75,73,63,37,2,75,8273,0,0
2,11,0,54,2,69,67,56,56,2,69,7888,0,0
2,11,2,55,0,70,68,57,55,0,70,8024,0,0
2,11,3,53,1,70,68,57,54,1,70,7970,0,0
2,11,4,51,2,70,68,57,53,2,70,7918,0,0
2,11,6,52,0,71,69,58,52,0,71,8060,0,0
2,11,7,50,1,71,69,58,51,1,71,8009,0,0
2,11,8,48,2,71,69,58,50,2,71,7960,0,0
2,11,10,49,0,72,70,59,49,0,72,8108,0,0
2,11,11,47,1,72,70,59,48,1,72,8060,0,0
2,11,12,45,2,72,70,59,47,2,72,8014,0,0
2,11,14,46,0,73,71,60,46,0,73,8168,0,0
2,11,15,44,1,73,71,60,45,1,73,8123,0,0
2,11,16,42,2,73,71,60,44,2,73,8080,0,0
2,11,18,43,0,74,72,61,43,0,74,8240,0,0
2,11,19,41,1,74,72,61,42,1,74,8198,0,0
2,11,20,39,2,74,72,61,41,2,74,8158,0,0
2,11,24,36,2,75,73,62,38,2,75,8248,0,0
2,12,0,56,0,70,68,56,56,0,70,8023,0,0
2,12,1,54,1,70,68,56,55,1,70,7968,0,0
2,12,2,52,2,70,68,56,54,2,70,7915,0,0
2,12,4,53,0,71,69,57,53,0,71,8055,0,0
2,12,5,51,1,71,69,57,52,1,71,8003,0,0
2,12,6,49,2,71,69,57,51,2,71,7953,0,0
2,12,8,50,0,72,70,58,50,0,72,8099,0,0
2,12,9,48,1,72,70,58,49,1,72,8050,0,0
2,12,10,46,2,72,70,58,48,2,72,8003,0,0
2,12,12,47,0,73,71,59,47,0,73,8155,0,0
2,12,13,45,1,73,71,59,46,1,73,8109,0,0
2,12,14,43,2,73,71,59,45,2,73,8065,0,0
2,12,16,44,0,74,72,60,44,0,74,8223,0,0
2,12,17,42,1,74,72,60,43,1,74,8180,0,0
2,12,18,40,2,74,72,60,42,2,74,8139,0,0
2,12,21,39,1,75,73,61,40,1,75,8263,0,0
2,12,22,37,2,75,73,61,39,2,75,8225,0,0
2,13,0,53,2,70,68,55,55,2,70,7914,0,0
2,13,2,54,0,71,69,56,54,0,71,8052,0,0
2,13,3,52,1,71,69,56,53,1,71,7999,0,0
2,13,4,50,2,71,69,56,52,2,71,7948,0,0
2,13,6,51,0,72,70,57,51,0,72,8092,0,0
2,13,7,49,1,72,70,57,50,1,72,8042,0,0
2,13,8,47,2,72,70,57,49,2,72,7994,0,0
2,13,10,48,0,73,71,58,48,0,73,8144,0,0
2,13,11,46,1,73,71,58,47,1,73,8097,0,0
2,13,12,44,2,73,71,58,46,2,73,8052,0,0
2,13,14,45,0,74,72,59,45,0,74,8208,0,0
2,13,15,43,1,74,72,59,44,1,74,8164,0,0
2,13,16,41,2,74,72,59,43,2,74,8122,0,0
2,13,19,40,1,75,73,60,41,1,75,8243,0,0
2,13,20,38,2,75,73,60,40,2,75,8204,0,0
2,14,0,55,0,71,69,55,55,0,71,8051,0,0
2,14,1,53,1,71,69,55,54,1,71,7997,0,0
2,14,2,51,2,71,69,55,53,2,71,7945,0,0
2,14,4,52,0,72,70,56,52,0,72,8087,0,0
2,14,5,50,1,72,70,56,51,1,72,8036,0,0
2,14,6,48,2,72,70,56,50,2,72,7987,0,0
2,14,8,49,0,73,71,57,49,0,73,8135,0,0
2,14,9,47,1,73,71,57,48,1,73,8087,0,0
2,14,10,45,2,73,71,57,47,2,73,8041,0,0
2,14,12,46,0,74,72,58,46,0,74,8195,0,0
2,14,13,44,1,74,72,58,45,1,74,8150,0,0
2,14,14,42,2,74,72,58,44,2,74,8107,0,0
2,14,16,43,0,75,73,59,43,0,75,8267,0,0
2,14,17,41,1,75,73,59,42,1,75,8225,0,0
2,14,18,39,2,75,73,59,41,2,75,8185,0,0
2,14,22,36,2,76,74,60,38,2,76,8275,0,0
2,15,0,52,2,71,69,54,54,2,71,7944,0,0
2,15,2,53,0,72,70,55,53,0,72,8084,0,0
2,15,3,51,1,72,70,55,52,1,72,8032,0,0
2,15,4,49,2,72,70,55,51,2,72,7982,0,0
2,15,6,50,0,73,71,56,50,0,73,8128,0,0
2,15,7,48,1,73,71,56,49,1,73,8079,0,0
2,15,8,46,2,73,71,56,48,2,73,8032,0,0
2,15,10,47,0,74,72,57,47,0,74,8184,0,0
2,15,11,45,1,74,72,57,46,1,74,8138,0,0
2,15,12,43,2,74,72,57,45,2,74,8094,0,0
2,15,14,44,0,75,73,58,44,0,75,8252,0,0
2,15,15,42,1,75,73,58,43,1,75,8209,0,0
2,15,16,40,2,75,73,58,42,2,75,8168,0,0
2,15,20,37,2,76,74,59,39,2,76,8254,0,0
2,16,0,54,0,72,70,54,54,0,72,8083,0,0
2,16,1,52,1,72,70,54,53,1,72,8030,0,0
2,16,2,50,2,72,70,54,52,2,72,7979,0,0
2,16,4,51,0,73,71,55,51,0,73,8123,0,0
2,16,5,49,1,73,71,55,50,1,73,8073,0,0
2,16,6,47,2,73,71,55,49,2,73,8025,0,0
2,16,8,48,0,74,72,56,48,0,74,8175,0,0
2,16,9,46,1,74,72,56,47,1,74,8128,0,0
2,16,10,44,2,74,72,56,46,2,74,8083,0,0
2,16,12,45,0,75,73,57,45,0,75,8239,0,0
2,16,13,43,1,75,73,57,44,1,75,8195,0,0
2,16,14,41,2,75,73,57,43,2,75,8153,0,0
2,16,17,40,1,76,74,58,41,1,76,8274,0,0
2,16,18,38,2,76,74,58,40,2,76,8235,0,0
2,17,0,51,2,72,70,53,53,2,72,7978,0,0
2,17,2,52,0,73,71,54,52,0,73,8120,0,0
2,17,3,50,1,73,71,54,51,1,73,8069,0,0
2,17,4,48,2,73,71,54,50,2,73,8020,0,0
2,17,6,49,0,74,72,55,49,0,74,8168,0,0
2,17,7,47,1,74,72,55,48,1,74,8120,0,0
2,17,8,45,2,74,72,55,47,2,74,8074,0,0
2,17,10,46,0,75,73,56,46,0,75,8228,0,0
2,17,11,44,1,75,73,56,45,1,75,8183,0,0
2,17,12,42,2,75,73,56,44,2,75,8140,0,0
2,17,15,41,1,76,74,57,42,1,76,8258,0,0
2,17,16,39,2,76,74,57,41,2,76,8218,0,0
2,18,0,53,0,73,71,53,53,0,73,8119,0,0
2,18,1,51,1,73,71,53,52,1,73,8067,0,0
2,18,2,49,2,73,71,53,51,2,73,8017,0,0
2,18,4,50,0,74,72,54,50,0,74,8163,0,0
2,18,5,48,1,74,72,54,49,1,74,8114,0,0
2,18,6,46,2,74,72,54,48,2,74,8067,0,0
2,18,8,47,0,75,73,55,47,0,75,8219,0,0
2,18,9,45,1,75,73,55,46,1,75,8173,0,0
2,18,10,43,2,75,73,55,45,2,75,8129,0,0
2,18,13,42,1,76,74,56,43,1,76,8244,0,0
2,18,14,40,2,76,74,56,42,2,76,8203,0,0
2,19,0,50,2,73,71,52,52,2,73,8016,0,0
2,19,2,51,0,74,72,53,51,0,74,8160,0,0
2,19,3,49,1,74,72,53,50,1,74,8110,0,0
2,19,4,47,2,74,72,53,49,2,74,8062,0,0
2,19,6,48,0,75,73,54,48,0,75,8212,0,0
2,19,7,46,1,75,73,54,47,1,75,8165,0,0
2,19,8,44,2,75,73,54,46,2,75,8120,0,0
2,19,10,45,0,76,74,55,45,0,76,8276,0,0
2,19,11,43,1,76,74,55,44,1,76,8232,0,0
2,19,12,41,2,76,74,55,43,2,76,8190,0,0
2,19,16,38,2,77,75,56,40,2,77,8272,0,0
2,20,0,52,0,74,72,52,52,0,74,8159,0,0
2,20,1,50,1,74,72,52,51,1,74,8108,0,0
2,20,2,48,2,74,72,52,50,2,74,8059,0,0
2,20,4,49,0,75,73,53,49,0,75,8207,0,0
2,20,5,47,1,75,73,53,48,1,75,8159,0,0
2,20,6,45,2,75,73,53,47,2,75,8113,0,0
2,20,8,46,0,76,74,54,46,0,76,8267,0,0
2,20,9,44,1,76,74,54,45,1,76,8222,0,0
2,20,10,42,2,76,74,54,44,2,76,8179,0,0
2,20,14,39,2,77,75,55,41,2,77,8257,0,0
2,21,0,49,2,74,72,51,51,2,74,8058,0,0
2,21,2,50,0,75,73,52,50,0,75,8204,0,0
2,21,3,48,1,75,73,52,49,1,75,8155,0,0
2,21,4,46,2,75,73,52,48,2,75,8108,0,0
2,21,6,47,0,76,74,53,47,0,76,8260,0,0
2,21,7,45,1,76,74,53,46,1,76,8214,0,0
2,21,8,43,2,76,74,53,45,2,76,8170,0,0
2,21,12,40,2,77,75,54,42,2,77,8244,0,0
2,22,0,51,0,75,73,51,51,0,75,8203,0,0
2,22,1,49,1,75,73,51,50,1,75,8153,0,0
2,22,2,47,2,75,73,51,49,2,75,8105,0,0
2,22,4,48,0,76,74,52,48,0,76,8255,0,0
2,22,5,46,1,76,74,52,47,1,76,8208,0,0
2,22,6,44,2,76,74,52,46,2,76,8163,0,0
2,22,9,43,1,77,75,53,44,1,77,8275,0,0
2,22,10,41,2,77,75,53,43,2,77,8233,0,0
2,23,0,48,2,75,73,50,50,2,75,8104,0,0
2,23,2,49,0,76,74,51,49,0,76,8252,0,0
2,23,3,47,1,76,74,51,48,1,76,8204,0,0
2,23,4,45,2,76,74,51,47,2,76,8158,0,0
2,23,7,44,1,77,75,52,45,1,77,8267,0,0
2,23,8,42,2,77,75,52,44,2,77,8224,0,0
2,24,0,50,0,76,74,50,50,0,76,8251,0,0
2,24,1,48,1,76,74,50,49,1,76,8202,0,0
2,24,2,46,2,76,74,50,48,2,76,8155,0,0
2,24,5,45,1,77,75,51,46,1,77,8261,0,0
2,24,6,43,2,77,75,51,45,2,77,8217,0,0
2,25,0,47,2,76,74,49,49,2,76,8154,0,0
2,25,3,46,1,77,75,50,47,1,77,8257,0,0
2,25,4,44,2,77,75,50,46,2,77,8212,0,0
2,26,1,47,1,77,75,49,48,1,77,8255,0,0
2,26,2,45,2,77,75,49,47,2,77,8209,0,0
2,26,6,42,2,78,76,50,44,2,78,8275,0,0
2,27,0,46,2,77,75,48,48,2,77,8208,0,0
2,27,4,43,2,78,76,49,45,2,78,8270,0,0
2,28,2,44,2,78,76,48,46,2,78,8267,0,0
2,29,0,45,2,78,76,47,47,2,78,8266,0,0
3,0,1,61,0,65,62,62,61,0,65,7942,0,0
3,0,2,59,1,65,62,62,60,1,65,7882,0,0
3,0,3,57,2,65,62,62,59,2,65,7824,0,0
3,0,5,58,0,66,63,63,58,0,66,7954,0,0
3,0,6,56,1,66,63,63,57,1,66,7897,0,0
3,0,7,54,2,66,63,63,56,2,66,7842,0,0
3,0,9,55,0,67,64,64,55,0,67,7978,0,0
3,0,10,53,1,67,64,64,54,1,67,7924,0,0
3,0,11,51,2,67,64,64,53,2,67,7872,0,0
3,0,13,52,0,68,65,65,52,0,68,8014,0,0
3,0,14,50,1,68,65,65,51,1,68,7963,0,0
3,0,15,48,2,68,65,65,50,2,68,7914,0,0
3,0,17,49,0,69,66,66,49,0,69,8062,0,0
3,0,18,47,1,69,66,66,48,1,69,8014,0,0
3,0,19,45,2,69,66,66,47,2,69,7968,0,0
3,0,21,46,0,70,67,67,46,0,70,8122,0,0
3,0,22,44,1,70,67,67,45,1,70,8077,0,0
3,0,23,42,2,70,67,67,44,2,70,8034,0,0
3,0,25,43,0,71,68,68,43,0,71,8194,0,0
3,0,26,41,1,71,68,68,42,1,71,8152,0,0
3,0,27,39,2,71,68,68,41,2,71,8112,0,0
3,0,30,38,1,72,69,69,39,1,72,8239,1,0
3,0,31,36,2,72,69,69,38,2,72,8202,0,0
3,1,0,60,1,65,62,61,61,1,65,7881,0,0
3,1,1,58,2,65,62,61,60,2,65,7822,0,0
3,1,3,59,0,66,63,62,59,0,66,7950,0,0
3,1,4,57,1,66,63,62,58,1,66,7892,0,0
3,1,5,55,2,66,63,62,57,2,66,7836,0,0
3,1,7,56,0,67,64,63,56,0,67,7970,0,0
3,1,8,54,1,67,64,63,55,1,67,7915,0,0
3,1,9,52,2,67,64,63,54,2,67,7862,0,0
3,1,11,53,0,68,65,64,53,0,68,8002,0,0
3,1,12,51,1,68,65,64,52,1,68,7950,0,0
3,1,13,49,2,68,65,64,51,2,68,7900,0,0
3,1,15,50,0,69,66,65,50,0,69,8046,0,0
3,1,16,48,1,69,66,65,49,1,69,7997,0,0
3,1,17,46,2,69,66,65,48,2,69,7950,0,0
3,1,19,47,0,70,67,66,47,0,70,8102,0,0
3,1,20,45,1,70,67,66,46,1,70,8056,0,0
3,1,21,43,2,70,67,66,45,2,70,8012,0,0
3,1,23,44,0,71,68,67,44,0,71,8170,0,0
3,1,24,42,1,71,68,67,43,1,71,8127,0,0
3,1,25,40,2,71,68,67,42,2,71,8086,0,0
3,1,27,41,0,72,69,68,41,0,72,8250,0,0
3,1,28,39,1,72,69,68,40,1,72,8210,0,0
3,1,29,37,2,72,69,68,39,2,72,8172,0,0
3,1,33,34,2,73,70,69,36,2,73,8270,1,1
3,2,1,60,0,66,63,61,60,0,66,7948,0,0
3,2,2,58,1,66,63,61,59,1,66,7889,0,0
3,2,3,56,2,66,63,61,58,2,66,7832,0,0
3,2,5,57,0,67,64,62,57,0,67,7964,0,0
3,2,6,55,1,67,64,62,56,1,67,7908,0,0
3,2,7,53,2,67,64,62,55,2,67,7854,0,0
3,2,9,54,0,68,65,63,54,0,68,7992,0,0
3,2,10,52,1,68,65,63,53,1,68,7939,0,0
3,2,11,50,2,68,65,63,52,2,68,7888,0,0
3,2,13,51,0,69,66,64,51,0,69,8032,0,0
3,2,14,49,1,69,66,64,50,1,69,7982,0,0
3,2,15,47,2,69,66,64,49,2,69,7934,0,0
3,2,17,48,0,70,67,65,48,0,70,8084,0,0
3,2,18,46,1,70,67,65,47,1,70,8037,0,0
3,2,19,44,2,70,67,65,46,2,70,7992,0,0
3,2,21,45,0,71,68,66,45,0,71,8148,0,0
3,2,22,43,1,71,68,66,44,1,71,8104,0,0
3,2,23,41,2,71,68,66,43,2,71,8062,0,0
3,2,25,42,0,72,69,67,42,0,72,8224,0,0
3,2,26,40,1,72,69,67,41,1,72,8183,0,0
3,2,27,38,2,72,69,67,40,2,72,8144,0,0
3,2,30,37,1,73,70,68,38,1,73,8274,1,1
3,2,31,35,2,73,70,68,37,2,73,8238,0,0
3,3,0,59,1,66,63,60,60,1,66,7888,0,0
3,3,1,57,2,66,63,60,59,2,66,7830,0,0
3,3,3,58,0,67,64,61,58,0,67,7960,0,0
3,3,4,56,1,67,64,61,57,1,67,7903,0,0
3,3,5,54,2,67,64,61,56,2,67,7848,0,0
3,3,7,55,0,68,65,62,55,0,68,7984,0,0
3,3,8,53,1,68,65,62,54,1,68,7930,0,0
3,3,9,51,2,68,65,62,53,2,68,7878,0,0
3,3,11,52,0,69,66,63,52,0,69,8020,0,0
3,3,12,50,1,69,66,63,51,1,69,7969,0,0
3,3,13,48,2,69,66,63,50,2,69,7920,0,0
3,3,15,49,0,70,67,64,49,0,70,8068,0,0
3,3,16,47,1,70,67,64,48,1,70,8020,0,0
3,3,17,45,2,70,67,64,47,2,70,7974,0,0
3,3,19,46,0,71,68,65,46,0,71,8128,0,0
3,3,20,44,1,71,68,65,45,1,71,8083,0,0
3,3,21,42,2,71,68,65,44,2,71,8040,0,0
3,3,23,43,0,72,69,66,43,0,72,8200,0,0
3,3,24,41,1,72,69,66,42,1,72,8158,0,0
3,3,25,39,2,72,69,66,41,2,72,8118,0,0
3,3,28,38,1,73,70,67,39,1,73,8245,1,0
3,3,29,36,2,73,70,67,38,2,73,8208,0,0
3,4,1,59,0,67,64,60,59,0,67,7958,0,0
3,4,2,57,1,67,64,60,58,1,67,7900,0,0
3,4,3,55,2,67,64,60,57,2,67,7844,0,0
3,4,5,56,0,68,65,61,56,0,68,7978,0,0
3,4,6,54,1,68,65,61,55,1,68,7923,0,0
3,4,7,52,2,68,65,61,54,2,68,7870,0,0
3,4,9,53,0,69,66,62,53,0,69,8010,0,0
3,4,10,51,1,69,66,62,52,1,69,7958,0,0
3,4,11,49,2,69,66,62,51,2,69,7908,0,0
3,4,13,50,0,70,67,63,50,0,70,8054,0,0
3,4,14,48,1,70,67,63,49,1,70,8005,0,0
3,4,15,46,2,70,67,63,48,2,70,7958,0,0
3,4,17,47,0,71,68,64,47,0,71,8110,0,0
3,4,18,45,1,71,68,64,46,1,71,8064,0,0
3,4,19,43,2,71,68,64,45,2,71,8020,0,0
3,4,21,44,0,72,69,65,44,0,72,8178,0,0
3,4,22,42,1,72,69,65,43,1,72,8135,0,0
3,4,23,40,2,72,69,65,42,2,72,8094,0,0
3,4,25,41,0,73,70,66,41,0,73,8258,0,0
3,4,26,39,1,73,70,66,40,1,73,8218,0,0
3,4,27,37,2,73,70,66,39,2,73,8180,0,0
3,5,0,58,1,67,64,59,59,1,67,7899,0,0
3,5,1,56,2,67,64,59,58,2,67,7842,0,0
3,5,3,57,0,68,65,60,57,0,68,7974,0,0
3,5,4,55,1,68,65,60,56,1,68,7918,0,0
3,5,5,53,2,68,65,60,55,2,68,7864,0,0
3,5,7,54,0,69,66,61,54,0,69,8002,0,0
3,5,8,52,1,69,66,61,53,1,69,7949,0,0
3,5,9,50,2,69,66,61,52,2,69,7898,0,0
3,5,11,51,0,70,67,62,51,0,70,8042,0,0
3,5,12,49,1,70,67,62,50,1,70,7992,0,0
3,5,13,47,2,70,67,62,49,2,70,7944,0,0
3,5,15,48,0,71,68,63,48,0,71,8094,0,0
3,5,16,46,1,71,68,63,47,1,71,8047,0,0
3,5,17,44,2,71,68,63,46,2,71,8002,0,0
3,5,19,45,0,72,69,64,45,0,72,8158,0,0
3,5,20,43,1,72,69,64,44,1,72,8114,0,0
3,5,21,41,2,72,69,64,43,2,72,8072,0,0
3,5,23,42,0,73,70,65,42,0,73,8234,0,0
3,5,24,40,1,73,70,65,41,1,73,8193,0,0
3,5,25,38,2,73,70,65,40,2,73,8154,0,0
3,5,29,35,2,74,71,66,37,2,74,8248,0,0
3,6,1,58,0,68,65,59,58,0,68,7972,0,0
3,6,2,56,1,68,65,59,57,1,68,7915,0,0
3,6,3,54,2,68,65,59,56,2,68,7860,0,0
3,6,5,55,0,69,66,60,55,0,69,7996,0,0
3,6,6,53,1,69,66,60,54,1,69,7942,0,0
3,6,7,51,2,69,66,60,53,2,69,7890,0,0
3,6,9,52,0,70,67,61,52,0,70,8032,0,0
3,6,10,50,1,70,67,61,51,1,70,7981,0,0
3,6,11,48,2,70,67,61,50,2,70,7932,0,0
3,6,13,49,0,71,68,62,49,0,71,8080,0,0
3,6,14,47,1,71,68,62,48,1,71,8032,0,0
3,6,15,45,2,71,68,62,47,2,71,7986,0,0
3,6,17,46,0,72,69,63,46,0,72,8140,0,0
3,6,18,44,1,72,69,63,45,1,72,8095,0,0
3,6,19,42,2,72,69,63,44,2,72,8052,0,0
3,6,21,43,0,73,70,64,43,0,73,8212,0,0
3,6,22,41,1,73,70,64,42,1,73,8170,0,0
3,6,23,39,2,73,70,64,41,2,73,8130,0,0
3,6,26,38,1,74,71,65,39,1,74,8257,1,0
3,6,27,36,2,74,71,65,38,2,74,8220,0,0
3,7,0,57,1,68,65,58,58,1,68,7914,0,0
3,7,1,55,2,68,65,58,57,2,68,7858,0,0
3,7,3,56,0,69,66,59,56,0,69,7992,0,0
3,7,4,54,1,69,66,59,55,1,69,7937,0,0
3,7,5,52,2,69,66,59,54,2,69,7884,0,0
3,7,7,53,0,70,67,60,53,0,70,8024,0,0
3,7,8,51,1,70,67,60,52,1,70,7972,0,0
3,7,9,49,2,70,67,60,51,2,70,7922,0,0
3,7,11,50,0,71,68,61,50,0,71,8068,0,0
3,7,12,48,1,71,68,61,49,1,71,8019,0,0
3,7,13,46,2,71,68,61,48,2,71,7972,0,0
3,7,15,47,0,72,69,62,47,0,72,8124,0,0
3,7,16,45,1,72,69,62,46,1,72,8078,0,0
3,7,17,43,2,72,69,62,45,2,72,8034,0,0
3,7,19,44,0,73,70,63,44,0,73,8192,0,0
3,7,20,42,1,73,70,63,43,1,73,8149,0,0
3,7,21,40,2,73,70,63,42,2,73,8108,0,0
3,7,23,41,0,74,71,64,41,0,74,8272,0,0
3,7,24,39,1,74,71,64,40,1,74,8232,0,0
3,7,25,37,2,74,71,64,39,2,74,8194,0,0
3,8,1,57,0,69,66,58,57,0,69,7990,0,0
3,8,2,55,1,69,66,58,56,1,69,7934,0,0
3,8,3,53,2,69,66,58,55,2,69,7880,0,0
3,8,5,54,0,70,67,59,54,0,70,8018,0,0
3,8,6,52,1,70,67,59,53,1,70,7965,0,0
3,8,7,50,2,70,67,59,52,2,70,7914,0,0
3,8,9,51,0,71,68,60,51,0,71,8058,0,0
3,8,10,49,1,71,68,60,50,1,71,8008,0,0
3,8,11,47,2,71,68,60,49,2,71,7960,0,0
3,8,13,48,0,72,69,61,48,0,72,8110,0,0
3,8,14,46,1,72,69,61,47,1,72,8063,0,0
3,8,15,44,2,72,69,61,46,2,72,8018,0,0
3,8,17,45,0,73,70,62,45,0,73,8174,0,0
3,8,18,43,1,73,70,62,44,1,73,8130,0,0
3,8,19,41,2,73,70,62,43,2,73,8088,0,0
3,8,21,42,0,74,71,63,42,0,74,8250,0,0
3,8,22,40,1,74,71,63,41,1,74,8209,0,0
3,8,23,38,2,74,71,63,40,2,74,8170,0,0
3,8,27,35,2,75,72,64,37,2,75,8264,0,0
3,9,0,56,1,69,66,57,57,1,69,7933,0,0
3,9,1,54,2,69,66,57,56,2,69,7878,0,0
3,9,3,55,0,70,67,58,55,0,70,8014,0,0
3,9,4,53,1,70,67,58,54,1,70,7960,0,0
3,9,5,51,2,70,67,58,53,2,70,7908,0,0
3,9,7,52,0,71,68,59,52,0,71,8050,0,0
3,9,8,50,1,71,68,59,51,1,71,7999,0,0
3,9,9,48,2,71,68,59,50,2,71,7950,0,0
3,9,11,49,0,72,69,60,49,0,72,8098,0,0
3,9,12,47,1,72,69,60,48,1,72,8050,0,0
3,9,13,45,2,72,69,60,47,2,72,8004,0,0
3,9,15,46,0,73,70,61,46,0,73,8158,0,0
3,9,16,44,1,73,70,61,45,1,73,8113,0,0
3,9,17,42,2,73,70,61,44,2,73,8070,0,0
3,9,19,43,0,74,71,62,43,0,74,8230,0,0
3,9,20,41,1,74,71,62,42,1,74,8188,0,0
3,9,21,39,2,74,71,62,41,2,74,8148,0,0
3,9,24,38,1,75,72,63,39,1,75,8275,1,0
3,9,25,36,2,75,72,63,38,2,75,8238,0,0
3,10,1,56,0,70,67,57,56,0,70,8012,0,0
3,10,2,54,1,70,67,57,55,1,70,7957,0,0
3,10,3,52,2,70,67,57,54,2,70,7904,0,0
3,10,5,53,0,71,68,58,53,0,71,8044,0,0
3,10,6,51,1,71,68,58,52,1,71,7992,0,0
3,10,7,49,2,71,68,58,51,2,71,7942,0,0
3,10,9,50,0,72,69,59,50,0,72,8088,0,0
3,10,10,48,1,72,69,59,49,1,72,8039,0,0
3,10,11,46,2,72,69,59,48,2,72,7992,0,0
3,10,13,47,0,73,70,60,47,0,73,8144,0,0
3,10,14,45,1,73,70,60,46,1,73,8098,0,0
3,10,15,43,2,73,70,60,45,2,73,8054,0,0
3,10,17,44,0,74,71,61,44,0,74,8212,0,0
3,10,18,42,1,74,71,61,43,1,74,8169,0,0
3,10,19,40,2,74,71,61,42,2,74,8128,0,0
3,10,22,39,1,75,72,62,40,1,75,8252,0,0
3,10,23,37,2,75,72,62,39,2,75,8214,0,0
3,11,0,55,1,70,67,56,56,1,70,7956,0,0
3,11,1,53,2,70,67,56,55,2,70,7902,0,0
3,11,3,54,0,71,68,57,54,0,71,8040,0,0
3,11,4,52,1,71,68,57,53,1,71,7987,0,0
3,11,5,50,2,71,68,57,52,2,71,7936,0,0
3,11,7,51,0,72,69,58,51,0,72,8080,0,0
3,11,8,49,1,72,69,58,50,1,72,8030,0,0
3,11,9,47,2,72,69,58,49,2,72,7982,0,0
3,11,11,48,0,73,70,59,48,0,73,8132,0,0
3,11,12,46,1,73,70,59,47,1,73,8085,0,0
3,11,13,44,2,73,70,59,46,2,73,8040,0,0
3,11,15,45,0,74,71,60,45,0,74,8196,0,0
3,11,16,43,1,74,71,60,44,1,74,8152,0,0
3,11,17,41,2,74,71,60,43,2,74,8110,0,0
3,11,19,42,0,75,72,61,42,0,75,8272,0,0
3,11,20,40,1,75,72,61,41,1,75,8231,0,0
3,11,21,38,2,75,72,61,40,2,75,8192,0,0
3,12,1,55,0,71,68,56,55,0,71,8038,0,0
3,12,2,53,1,71,68,56,54,1,71,7984,0,0
3,12,3,51,2,71,68,56,53,2,71,7932,0,0
3,12,5,52,0,72,69,57,52,0,72,8074,0,0
3,12,6,50,1,72,69,57,51,1,72,8023,0,0
3,12,7,48,2,72,69,57,50,2,72,7974,0,0
3,12,9,49,0,73,70,58,49,0,73,8122,0,0
3,12,10,47,1,73,70,58,48,1,73,8074,0,0
3,12,11,45,2,73,70,58,47,2,73,8028,0,0
3,12,13,46,0,74,71,59,46,0,74,8182,0,0
3,12,14,44,1,74,71,59,45,1,74,8137,0,0
3,12,15,42,2,74,71,59,44,2,74,8094,0,0
3,12,17,43,0,75,72,60,43,0,75,8254,0,0
3,12,18,41,1,75,72,60,42,1,75,8212,0,0
3,12,19,39,2,75,72,60,41,2,75,8172,0,0
3,12,23,36,2,76,73,61,38,2,76,8262,0,0
3,13,0,54,1,71,68,55,55,1,71,7983,0,0
3,13,1,52,2,71,68,55,54,2,71,7930,0,0
3,13,3,53,0,72,69,56,53,0,72,8070,0,0
3,13,4,51,1,72,69,56,52,1,72,8018,0,0
3,13,5,49,2,72,69,56,51,2,72,7968,0,0
3,13,7,50,0,73,70,57,50,0,73,8114,0,0
3,13,8,48,1,73,70,57,49,1,73,8065,0,0
3,13,9,46,2,73,70,57,48,2,73,8018,0,0
3,13,11,47,0,74,71,58,47,0,74,8170,0,0
3,13,12,45,1,74,71,58,46,1,74,8124,0,0
3,13,13,43,2,74,71,58,45,2,74,8080,0,0
3,13,15,44,0,75,72,59,44,0,75,8238,0,0
3,13,16,42,1,75,72,59,43,1,75,8195,0,0
3,13,17,40,2,75,72,59,42,2,75,8154,0,0
3,13,21,37,2,76,73,60,39,2,76,8240,0,0
3,14,1,54,0,72,69,55,54,0,72,8068,0,0
3,14,2,52,1,72,69,55,53,1,72,8015,0,0
3,14,3,50,2,72,69,55,52,2,72,7964,0,0
3,14,5,51,0,73,70,56,51,0,73,8108,0,0
3,14,6,49,1,73,70,56,50,1,73,8058,0,0
3,14,7,47,2,73,70,56,49,2,73,8010,0,0
3,14,9,48,0,74,71,57,48,0,74,8160,0,0
3,14,10,46,1,74,71,57,47,1,74,8113,0,0
3,14,11,44,2,74,71,57,46,2,74,8068,0,0
3,14,13,45,0,75,72,58,45,0,75,8224,0,0
3,14,14,43,1,75,72,58,44,1,75,8180,0,0
3,14,15,41,2,75,72,58,43,2,75,8138,0,0
3,14,18,40,1,76,73,59,41,1,76,8259,0,0
3,14,19,38,2,76,73,59,40,2,76,8220,0,0
3,15,0,53,1,72,69,54,54,1,72,8014,0,0
3,15,1,51,2,72,69,54,53,2,72,7962,0,0
3,15,3,52,0,73,70,55,52,0,73,8104,0,0
3,15,4,50,1,73,70,55,51,1,73,8053,0,0
3,15,5,48,2,73,70,55,50,2,73,8004,0,0
3,15,7,49,0,74,71,56,49,0,74,8152,0,0
3,15,8,47,1,74,71,56,48,1,74,8104,0,0
3,15,9,45,2,74,71,56,47,2,74,8058,0,0
3,15,11,46,0,75,72,57,46,0,75,8212,0,0
3,15,12,44,1,75,72,57,45,1,75,8167,0,0
3,15,13,42,2,75,72,57,44,2,75,8124,0,0
3,15,16,41,1,76,73,58,42,1,76,8242,0,0
3,15,17,39,2,76,73,58,41,2,76,8202,0,0
3,16,1,53,0,73,70,54,53,0,73,8102,0,0
3,16,2,51,1,73,70,54,52,1,73,8050,0,0
3,16,3,49,2,73,70,54,51,2,73,8000,0,0
3,16,5,50,0,74,71,55,50,0,74,8146,0,0
3,16,6,48,1,74,71,55,49,1,74,8097,0,0
3,16,7,46,2,74,71,55,48,2,74,8050,0,0
3,16,9,47,0,75,72,56,47,0,75,8202,0,0
3,16,10,45,1,75,72,56,46,1,75,8156,0,0
3,16,11,43,2,75,72,56,45,2,75,8112,0,0
3,16,13,44,0,76,73,57,44,0,76,8270,0,0
3,16,14,42,1,76,73,57,43,1,76,8227,0,0
3,16,15,40,2,76,73,57,42,2,76,8186,0,0
3,16,19,37,2,77,74,58,39,2,77,8272,0,0
3,17,0,52,1,73,70,53,53,1,73,8049,0,0
3,17,1,50,2,73,70,53,52,2,73,7998,0,0
3,17,3,51,0,74,71,54,51,0,74,8142,0,0
3,17,4,49,1,74,71,54,50,1,74,8092,0,0
3,17,5,47,2,74,71,54,49,2,74,8044,0,0
3,17,7,48,0,75,72,55,48,0,75,8194,0,0
3,17,8,46,1,75,72,55,47,1,75,8147,0,0
3,17,9,44,2,75,72,55,46,2,75,8102,0,0
3,17,11,45,0,76,73,56,45,0,76,8258,0,0
3,17,12,43,1,76,73,56,44,1,76,8214,0,0
3,17,13,41,2,76,73,56,43,2,76,8172,0,0
3,17,17,38,2,77,74,57,40,2,77,8254,0,0
3,18,1,52,0,74,71,53,52,0,74,8140,0,0
3,18,2,50,1,74,71,53,51,1,74,8089,0,0
3,18,3,48,2,74,71,53,50,2,74,8040,0,0
3,18,5,49,0,75,72,54,49,0,75,8188,0,0
3,18,6,47,1,75,72,54,48,1,75,8140,0,0
3,18,7,45,2,75,72,54,47,2,75,8094,0,0
3,18,9,46,0,76,73,55,46,0,76,8248,0,0
3,18,10,44,1,76,73,55,45,1,76,8203,0,0
3,18,11,42,2,76,73,55,44,2,76,8160,0,0
3,18,15,39,2,77,74,56,41,2,77,8238,0,0
3,19,0,51,1,74,71,52,52,1,74,8088,0,0
3,19,1,49,2,74,71,52,51,2,74,8038,0,0
3,19,3,50,0,75,72,53,50,0,75,8184,0,0
3,19,4,48,1,75,72,53,49,1,75,8135,0,0
3,19,5,46,2,75,72,53,48,2,75,8088,0,0
3,19,7,47,0,76,73,54,47,0,76,8240,0,0
3,19,8,45,1,76,73,54,46,1,76,8194,0,0
3,19,9,43,2,76,73,54,45,2,76,8150,0,0
3,19,12,42,1,77,74,55,43,1,77,8265,0,0
3,19,13,40,2,77,74,55,42,2,77,8224,0,0
3,20,1,51,0,75,72,52,51,0,75,8182,0,0
3,20,2,49,1,75,72,52,50,1,75,8132,0,0
3,20,3,47,2,75,72,52,49,2,75,8084,0,0
3,20,5,48,0,76,73,53,48,0,76,8234,0,0
3,20,6,46,1,76,73,53,47,1,76,8187,0,0
3,20,7,44,2,76,73,53,46,2,76,8142,0,0
3,20,10,43,1,77,74,54,44,1,77,8254,0,0
3,20,11,41,2,77,74,54,43,2,77,8212,0,0
3,21,0,50,1,75,72,51,51,1,75,8131,0,0
3,21,1,48,2,75,72,51,50,2,75,8082,0,0
3,21,3,49,0,76,73,52,49,0,76,8230,0,0
3,21,4,47,1,76,73,52,48,1,76,8182,0,0
3,21,5,45,2,76,73,52,47,2,76,8136,0,0
3,21,8,44,1,77,74,53,45,1,77,8245,0,0
3,21,9,42,2,77,74,53,44,2,77,8202,0,0
3,22,1,50,0,76,73,51,50,0,76,8228,0,0
3,22,2,48,1,76,73,51,49,1,76,8179,0,0
3,22,3,46,2,76,73,51,48,2,76,8132,0,0
3,22,6,45,1,77,74,52,46,1,77,8238,0,0
3,22,7,43,2,77,74,52,45,2,77,8194,0,0
3,22,11,40,2,78,75,53,42,2,78,8268,0,0
3,23,0,49,1,76,73,50,50,1,76,8178,0,0
3,23,1,47,2,76,73,50,49,2,76,8130,0,0
3,23,4,46,1,77,74,51,47,1,77,8233,0,0
3,23,5,44,2,77,74,51,46,2,77,8188,0,0
3,23,9,41,2,78,75,52,43,2,78,8258,0,0
3,24,2,47,1,77,74,50,48,1,77,8230,0,0
3,24,3,45,2,77,74,50,47,2,77,8184,0,0
3,24,7,42,2,78,75,51,44,2,78,8250,0,0
3,25,0,48,1,77,74,49,49,1,77,8229,0,0
3,25,1,46,2,77,74,49,48,2,77,8182,0,0
3,25,5,43,2,78,75,50,45,2,78,8244,0,0
3,26,3,44,2,78,75,49,46,2,78,8240,0,0
3,27,1,45,2,78,75,48,47,2,78,8238,0,0
4,0,0,59,2,65,61,61,61,2,65,7821,0,0
4,0,2,60,0,66,62,62,60,0,66,7947,0,0
4,0,3,58,1,66,62,62,59,1,66,7888,0,0
4,0,4,56,2,66,62,62,58,2,66,7831,0,0
4,0,6,57,0,67,63,63,57,0,67,7963,0,0
4,0,7,55,1,67,63,63,56,1,67,7907,0,0
4,0,8,53,2,67,63,63,55,2,67,7853,0,0
4,0,10,54,0,68,64,64,54,0,68,7991,0,0
4,0,11,52,1,68,64,64,53,1,68,7938,0,0
4,0,12,50,2,68,64,64,52,2,68,7887,0,0
4,0,14,51,0,69,65,65,51,0,69,8031,0,0
4,0,15,49,1,69,65,65,50,1,69,7981,0,0
4,0,16,47,2,69,65,65,49,2,69,7933,0,0
4,0,18,48,0,70,66,66,48,0,70,8083,0,0
4,0,19,46,1,70,66,66,47,1,70,8036,0,0
4,0,20,44,2,70,66,66,46,2,70,7991,0,0
4,0,22,45,0,71,67,67,45,0,71,8147,0,0
4,0,23,43,1,71,67,67,44,1,71,8103,0,0
4,0,24,41,2,71,67,67,43,2,71,8061,0,0
4,0,26,42,0,72,68,68,42,0,72,8223,0,0
4,0,27,40,1,72,68,68,41,1,72,8182,0,0
4,0,28,38,2,72,68,68,40,2,72,8143,0,0
4,0,31,37,1,73,69,69,38,1,73,8273,1,1
4,0,32,35,2,73,69,69,37,2,73,8237,0,0
4,1,0,61,0,66,62,61,61,0,66,7946,0,0
4,1,1,59,1,66,62,61,60,1,66,7886,0,0
4,1,2,57,2,66,62,61,59,2,66,7828,0,0
4,1,4,58,0,67,63,62,58,0,67,7958,0,0
4,1,5,56,1,67,63,62,57,1,67,7901,0,0
4,1,6,54,2,67,63,62,56,2,67,7846,0,0
4,1,8,55,0,68,64,63,55,0,68,7982,0,0
4,1,9,53,1,68,64,63,54,1,68,7928,0,0
4,1,10,51,2,68,64,63,53,2,68,7876,0,0
4,1,12,52,0,69,65,64,52,0,69,8018,0,0
4,1,13,50,1,69,65,64,51,1,69,7967,0,0
4,1,14,48,2,69,65,64,50,2,69,7918,0,0
4,1,16,49,0,70,66,65,49,0,70,8066,0,0
4,1,17,47,1,70,66,65,48,1,70,8018,0,0
4,1,18,45,2,70,66,65,47,2,70,7972,0,0
4,1,20,46,0,71,67,66,46,0,71,8126,0,0
4,1,21,44,1,71,67,66,45,1,71,8081,0,0
4,1,22,42,2,71,67,66,44,2,71,8038,0,0
4,1,24,43,0,72,68,67,43,0,72,8198,0,0
4,1,25,41,1,72,68,67,42,1,72,8156,0,0
4,1,26,39,2,72,68,67,41,2,72,8116,0,0
4,1,29,38,1,73,69,68,39,1,73,8243,1,0
4,1,30,36,2,73,69,68,38,2,73,8206,0,0
4,2,0,58,2,66,62,60,60,2,66,7827,0,0
4,2,2,59,0,67,63,61,59,0,67,7955,0,0
4,2,3,57,1,67,63,61,58,1,67,7897,0,0
4,2,4,55,2,67,63,61,57,2,67,7841,0,0
4,2,6,56,0,68,64,62,56,0,68,7975,0,0
4,2,7,54,1,68,64,62,55,1,68,7920,0,0
4,2,8,52,2,68,64,62,54,2,68,7867,0,0
4,2,10,53,0,69,65,63,53,0,69,8007,0,0
4,2,11,51,1,69,65,63,52,1,69,7955,0,0
4,2,12,49,2,69,65,63,51,2,69,7905,0,0
4,2,14,50,0,70,66,64,50,0,70,8051,0,0
4,2,15,48,1,70,66,64,49,1,70,8002,0,0
4,2,16,46,2,70,66,64,48,2,70,7955,0,0
4,2,18,47,0,71,67,65,47,0,71,8107,0,0
4,2,19,45,1,71,67,65,46,1,71,8061,0,0
4,2,20,43,2,71,67,65,45,2,71,8017,0,0
4,2,22,44,0,72,68,66,44,0,72,8175,0,0
4,2,23,42,1,72,68,66,43,1,72,8132,0,0
4,2,24,40,2,72,68,66,42,2,72,8091,0,0
4,2,26,41,0,73,69,67,41,0,73,8255,0,0
4,2,27,39,1,73,69,67,40,1,73,8215,0,0
4,2,28,37,2,73,69,67,39,2,73,8177,0,0
4,2,32,34,2,74,70,68,36,2,74,8275,1,1
4,3,0,60,0,67,63,60,60,0,67,7954,0,0
4,3,1,58,1,67,63,60,59,1,67,7895,0,0
4,3,2,56,2,67,63,60,58,2,67,7838,0,0
4,3,4,57,0,68,64,61,57,0,68,7970,0,0
4,3,5,55,1,68,64,61,56,1,68,7914,0,0
4,3,6,53,2,68,64,61,55,2,68,7860,0,0
4,3,8,54,0,69,65,62,54,0,69,7998,0,0
4,3,9,52,1,69,65,62,53,1,69,7945,0,0
4,3,10,50,2,69,65,62,52,2,69,7894,0,0
4,3,12,51,0,70,66,63,51,0,70,8038,0,0
4,3,13,49,1,70,66,63,50,1,70,7988,0,0
4,3,14,47,2,70,66,63,49,2,70,7940,0,0
4,3,16,48,0,71,67,64,48,0,71,8090,0,0
4,3,17,46,1,71,67,64,47,1,71,8043,0,0
4,3,18,44,2,71,67,64,46,2,71,7998,0,0
4,3,20,45,0,72,68,65,45,0,72,8154,0,0
4,3,21,43,1,72,68,65,44,1,72,8110,0,0
4,3,22,41,2,72,68,65,43,2,72,8068,0,0
4,3,24,42,0,73,69,66,42,0,73,8230,0,0
4,3,25,40,1,73,69,66,41,1,73,8189,0,0
4,3,26,38,2,73,69,66,40,2,73,8150,0,0
4,3,30,35,2,74,70,67,37,2,74,8244,0,0
4,4,0,57,2,67,63,59,59,2,67,7837,0,0
4,4,2,58,0,68,64,60,58,0,68,7967,0,0
4,4,3,56,1,68,64,60,57,1,68,7910,0,0
4,4,4,54,2,68,64,60,56,2,68,7855,0,0
4,4,6,55,0,69,65,61,55,0,69,7991,0,0
4,4,7,53,1,69,65,61,54,1,69,7937,0,0
4,4,8,51,2,69,65,61,53,2,69,7885,0,0
4,4,10,52,0,70,66,62,52,0,70,8027,0,0
4,4,11,50,1,70,66,62,51,1,70,7976,0,0
4,4,12,48,2,70,66,62,50,2,70,7927,0,0
4,4,14,49,0,71,67,63,49,0,71,8075,0,0
4,4,15,47,1,71,67,63,48,1,71,8027,0,0
4,4,16,45,2,71,67,63,47,2,71,7981,0,0
4,4,18,46,0,72,68,64,46,0,72,8135,0,0
4,4,19,44,1,72,68,64,45,1,72,8090,0,0
4,4,20,42,2,72,68,64,44,2,72,8047,0,0
4,4,22,43,0,73,69,65,43,0,73,8207,0,0
4,4,23,41,1,73,69,65,42,1,73,8165,0,0
4,4,24,39,2,73,69,65,41,2,73,8125,0,0
4,4,27,38,1,74,70,66,39,1,74,8252,1,0
4,4,28,36,2,74,70,66,38,2,74,8215,0,0
4,5,0,59,0,68,64,59,59,0,68,7966,0,0
4,5,1,57,1,68,64,59,58,1,68,7908,0,0
4,5,2,55,2,68,64,59,57,2,68,7852,0,0
4,5,4,56,0,69,65,60,56,0,69,7986,0,0
4,5,5,54,1,69,65,60,55,1,69,7931,0,0
4,5,6,52,2,69,65,60,54,2,69,7878,0,0
4,5,8,53,0,70,66,61,53,0,70,8018,0,0
4,5,9,51,1,70,66,61,52,1,70,7966,0,0
4,5,10,49,2,70,66,61,51,2,70,7916,0,0
4,5,12,50,0,71,67,62,50,0,71,8062,0,0
4,5,13,48,1,71,67,62,49,1,71,8013,0,0
4,5,14,46,2,71,67,62,48,2,71,7966,0,0
4,5,16,47,0,72,68,63,47,0,72,8118,0,0
4,5,17,45,1,72,68,63,46,1,72,8072,0,0
4,5,18,43,2,72,68,63,45,2,72,8028,0,0
4,5,20,44,0,73,69,64,44,0,73,8186,0,0
4,5,21,42,1,73,69,64,43,1,73,8143,0,0
4,5,22,40,2,73,69,64,42,2,73,8102,0,0
4,5,24,41,0,74,70,65,41,0,74,8266,0,0
4,5,25,39,1,74,70,65,40,1,74,8226,0,0
4,5,26,37,2,74,70,65,39,2,74,8188,0,0
4,6,0,56,2,68,64,58,58,2,68,7851,0,0
4,6,2,57,0,69,65,59,57,0,69,7983,0,0
4,6,3,55,1,69,65,59,56,1,69,7927,0,0
4,6,4,53,2,69,65,59,55,2,69,7873,0,0
4,6,6,54,0,70,66,60,54,0,70,8011,0,0
4,6,7,52,1,70,66,60,53,1,70,7958,0,0
4,6,8,50,2,70,66,60,52,2,70,7907,0,0
4,6,10,51,0,71,67,61,51,0,71,8051,0,0
4,6,11,49,1,71,67,61,50,1,71,8001,0,0
4,6,12,47,2,71,67,61,49,2,71,7953,0,0
4,6,14,48,0,72,68,62,48,0,72,8103,0,0
4,6,15,46,1,72,68,62,47,1,72,8056,0,0
4,6,16,44,2,72,68,62,46,2,72,8011,0,0
4,6,18,45,0,73,69,63,45,0,73,8167,0,0
4,6,19,43,1,73,69,63,44,1,73,8123,0,0
4,6,20,41,2,73,69,63,43,2,73,8081,0,0
4,6,22,42,0,74,70,64,42,0,74,8243,0,0
4,6,23,40,1,74,70,64,41,1,74,8202,0,0
4,6,24,38,2,74,70,64,40,2,74,8163,0,0
4,6,28,35,2,75,71,65,37,2,75,8257,0,0
4,7,0,58,0,69,65,58,58,0,69,7982,0,0
4,7,1,56,1,69,65,58,57,1,69,7925,0,0
4,7,2,54,2,69,65,58,56,2,69,7870,0,0
4,7,4,55,0,70,66,59,55,0,70,8006,0,0
4,7,5,53,1,70,66,59,54,1,70,7952,0,0
4,7,6,51,2,70,66,59,53,2,70,7900,0,0
4,7,8,52,0,71,67,60,52,0,71,8042,0,0
4,7,9,50,1,71,67,60,51,1,71,7991,0,0
4,7,10,48,2,71,67,60,50,2,71,7942,0,0
4,7,12,49,0,72,68,61,49,0,72,8090,0,0
4,7,13,47,1,72,68,61,48,1,72,8042,0,0
4,7,14,45,2,72,68,61,47,2,72,7996,0,0
4,7,16,46,0,73,69,62,46,0,73,8150,0,0
4,7,17,44,1,73,69,62,45,1,73,8105,0,0
4,7,18,42,2,73,69,62,44,2,73,8062,0,0
4,7,20,43,0,74,70,63,43,0,74,8222,0,0
4,7,21,41,1,74,70,63,42,1,74,8180,0,0
4,7,22,39,2,74,70,63,41,2,74,8140,0,0
4,7,25,38,1,75,71,64,39,1,75,8267,1,0
4,7,26,36,2,75,71,64,38,2,75,8230,0,0
4,8,0,55,2,69,65,57,57,2,69,7869,0,0
4,8,2,56,0,70,66,58,56,0,70,8003,0,0
4,8,3,54,1,70,66,58,55,1,70,7948,0,0
4,8,4,52,2,70,66,58,54,2,70,7895,0,0
4,8,6,53,0,71,67,59,53,0,71,8035,0,0
4,8,7,51,1,71,67,59,52,1,71,7983,0,0
4,8,8,49,2,71,67,59,51,2,71,7933,0,0
4,8,10,50,0,72,68,60,50,0,72,8079,0,0
4,8,11,48,1,72,68,60,49,1,72,8030,0,0
4,8,12,46,2,72,68,60,48,2,72,7983,0,0
4,8,14,47,0,73,69,61,47,0,73,8135,0,0
4,8,15,45,1,73,69,61,46,1,73,8089,0,0
4,8,16,43,2,73,69,61,45,2,73,8045,0,0
4,8,18,44,0,74,70,62,44,0,74,8203,0,0
4,8,19,42,1,74,70,62,43,1,74,8160,0,0
4,8,20,40,2,74,70,62,42,2,74,8119,0,0
4,8,23,39,1,75,71,63,40,1,75,8243,0,0
4,8,24,37,2,75,71,63,39,2,75,8205,0,0
4,9,0,57,0,70,66,57,57,0,70,8002,0,0
4,9,1,55,1,70,66,57,56,1,70,7946,0,0
4,9,2,53,2,70,66,57,55,2,70,7892,0,0
4,9,4,54,0,71,67,58,54,0,71,8030,0,0
4,9,5,52,1,71,67,58,53,1,71,7977,0,0
4,9,6,50,2,71,67,58,52,2,71,7926,0,0
4,9,8,51,0,72,68,59,51,0,72,8070,0,0
4,9,9,49,1,72,68,59,50,1,72,8020,0,0
4,9,10,47,2,72,68,59,49,2,72,7972,0,0
4,9,12,48,0,73,69,60,48,0,73,8122,0,0
4,9,13,46,1,73,69,60,47,1,73,8075,0,0
4,9,14,44,2,73,69,60,46,2,73,8030,0,0
4,9,16,45,0,74,70,61,45,0,74,8186,0,0
4,9,17,43,1,74,70,61,44,1,74,8142,0,0
4,9,18,41,2,74,70,61,43,2,74,8100,0,0
4,9,20,42,0,75,71,62,42,0,75,8262,0,0
4,9,21,40,1,75,71,62,41,1,75,8221,0,0
4,9,22,38,2,75,71,62,40,2,75,8182,0,0
4,9,26,35,2,76,72,63,37,2,76,8276,0,0
4,10,0,54,2,70,66,56,56,2,70,7891,0,0
4,10,2,55,0,71,67,57,55,0,71,8027,0,0
4,10,3,53,1,71,67,57,54,1,71,7973,0,0
4,10,4,51,2,71,67,57,53,2,71,7921,0,0
4,10,6,52,0,72,68,58,52,0,72,8063,0,0
4,10,7,50,1,72,68,58,51,1,72,8012,0,0
4,10,8,48,2,72,68,58,50,2,72,7963,0,0
4,10,10,49,0,73,69,59,49,0,73,8111,0,0
4,10,11,47,1,73,69,59,48,1,73,8063,0,0
4,10,12,45,2,73,69,59,47,2,73,8017,0,0
4,10,14,46,0,74,70,60,46,0,74,8171,0,0
4,10,15,44,1,74,70,60,45,1,74,8126,0,0
4,10,16,42,2,74,70,60,44,2,74,8083,0,0
4,10,18,43,0,75,71,61,43,0,75,8243,0,0
4,10,19,41,1,75,71,61,42,1,75,8201,0,0
4,10,20,39,2,75,71,61,41,2,75,8161,0,0
4,10,24,36,2,76,72,62,38,2,76,8251,0,0
4,11,0,56,0,71,67,56,56,0,71,8026,0,0
4,11,1,54,1,71,67,56,55,1,71,7971,0,0
4,11,2,52,2,71,67,56,54,2,71,7918,0,0
4,11,4,53,0,72,68,57,53,0,72,8058,0,0
4,11,5,51,1,72,68,57,52,1,72,8006,0,0
4,11,6,49,2,72,68,57,51,2,72,7956,0,0
4,11,8,50,0,73,69,58,50,0,73,8102,0,0
4,11,9,48,1,73,69,58,49,1,73,8053,0,0
4,11,10,46,2,73,69,58,48,2,73,8006,0,0
4,11,12,47,0,74,70,59,47,0,74,8158,0,0
4,11,13,45,1,74,70,59,46,1,74,8112,0,0
4,11,14,43,2,74,70,59,45,2,74,8068,0,0
4,11,16,44,0,75,71,60,44,0,75,8226,0,0
4,11,17,42,1,75,71,60,43,1,75,8183,0,0
4,11,18,40,2,75,71,60,42,2,75,8142,0,0
4,11,21,39,1,76,72,61,40,1,76,8266,0,0
4,11,22,37,2,76,72,61,39,2,76,8228,0,0
4,12,0,53,2,71,67,55,55,2,71,7917,0,0
4,12,2,54,0,72,68,56,54,0,72,8055,0,0
4,12,3,52,1,72,68,56,53,1,72,8002,0,0
4,12,4,50,2,72,68,56,52,2,72,7951,0,0
4,12,6,51,0,73,69,57,51,0,73,8095,0,0
4,12,7,49,1,73,69,57,50,1,73,8045,0,0
4,12,8,47,2,73,69,57,49,2,73,7997,0,0
4,12,10,48,0,74,70,58,48,0,74,8147,0,0
4,12,11,46,1,74,70,58,47,1,74,8100,0,0
4,12,12,44,2,74,70,58,46,2,74,8055,0,0
4,12,14,45,0,75,71,59,45,0,75,8211,0,0
4,12,15,43,1,75,71,59,44,1,75,8167,0,0
4,12,16,41,2,75,71,59,43,2,75,8125,0,0
4,12,19,40,1,76,72,60,41,1,76,8246,0,0
4,12,20,38,2,76,72,60,40,2,76,8207,0,0
4,13,0,55,0,72,68,55,55,0,72,8054,0,0
4,13,1,53,1,72,68,55,54,1,72,8000,0,0
4,13,2,51,2,72,68,55,53,2,72,7948,0,0
4,13,4,52,0,73,69,56,52,0,73,8090,0,0
4,13,5,50,1,73,69,56,51,1,73,8039,0,0
4,13,6,48,2,73,69,56,50,2,73,7990,0,0
4,13,8,49,0,74,70,57,49,0,74,8138,0,0
4,13,9,47,1,74,70,57,48,1,74,8090,0,0
4,13,10,45,2,74,70,57,47,2,74,8044,0,0
4,13,12,46,0,75,71,58,46,0,75,8198,0,0
4,13,13,44,1,75,71,58,45,1,75,8153,0,0
4,13,14,42,2,75,71,58,44,2,75,8110,0,0
4,13,16,43,0,76,72,59,43,0,76,8270,0,0
4,13,17,41,1,76,72,59,42,1,76,8228,0,0
4,13,18,39,2,76,72,59,41,2,76,8188,0,0
4,14,0,52,2,72,68,54,54,2,72,7947,0,0
4,14,2,53,0,73,69,55,53,0,73,8087,0,0
4,14,3,51,1,73,69,55,52,1,73,8035,0,0
4,14,4,49,2,73,69,55,51,2,73,7985,0,0
4,14,6,50,0,74,70,56,50,0,74,8131,0,0
4,14,7,48,1,74,70,56,49,1,74,8082,0,0
4,14,8,46,2,74,70,56,48,2,74,8035,0,0
4,14,10,47,0,75,71,57,47,0,75,8187,0,0
4,14,11,45,1,75,71,57,46,1,75,8141,0,0
4,14,12,43,2,75,71,57,45,2,75,8097,0,0
4,14,14,44,0,76,72,58,44,0,76,8255,0,0
4,14,15,42,1,76,72,58,43,1,76,8212,0,0
4,14,16,40,2,76,72,58,42,2,76,8171,0,0
4,14,20,37,2,77,73,59,39,2,77,8257,0,0
4,15,0,54,0,73,69,54,54,0,73,8086,0,0
4,15,1,52,1,73,69,54,53,1,73,8033,0,0
4,15,2,50,2,73,69,54,52,2,73,7982,0,0
4,15,4,51,0,74,70,55,51,0,74,8126,0,0
4,15,5,49,1,74,70,55,50,1,74,8076,0,0
4,15,6,47,2,74,70,55,49,2,74,8028,0,0
4,15,8,48,0,75,71,56,48,0,75,8178,0,0
4,15,9,46,1,75,71,56,47,1,75,8131,0,0
4,15,10,44,2,75,71,56,46,2,75,8086,0,0
4,15,12,45,0,76,72,57,45,0,76,8242,0,0
4,15,13,43,1,76,72,57,44,1,76,8198,0,0
4,15,14,41,2,76,72,57,43,2,76,8156,0,0
4,15,18,38,2,77,73,58,40,2,77,8238,0,0
4,16,0,51,2,73,69,53,53,2,73,7981,0,0
4,16,2,52,0,74,70,54,52,0,74,8123,0,0
4,16,3,50,1,74,70,54,51,1,74,8072,0,0
4,16,4,48,2,74,70,54,50,2,74,8023,0,0
4,16,6,49,0,75,71,55,49,0,75,8171,0,0
4,16,7,47,1,75,71,55,48,1,75,8123,0,0
4,16,8,45,2,75,71,55,47,2,75,8077,0,0
4,16,10,46,0,76,72,56,46,0,76,8231,0,0
4,16,11,44,1,76,72,56,45,1,76,8186,0,0
4,16,12,42,2,76,72,56,44,2,76,8143,0,0
4,16,15,41,1,77,73,57,42,1,77,8261,0,0
4,16,16,39,2,77,73,57,41,2,77,8221,0,0
4,17,0,53,0,74,70,53,53,0,74,8122,0,0
4,17,1,51,1,74,70,53,52,1,74,8070,0,0
4,17,2,49,2,74,70,53,51,2,74,8020,0,0
4,17,4,50,0,75,71,54,50,0,75,8166,0,0
4,17,5,48,1,75,71,54,49,1,75,8117,0,0
4,17,6,46,2,75,71,54,48,2,75,8070,0,0
4,17,8,47,0,76,72,55,47,0,76,8222,0,0
4,17,9,45,1,76,72,55,46,1,76,8176,0,0
4,17,10,43,2,76,72,55,45,2,76,8132,0,0
4,17,13,42,1,77,73,56,43,1,77,8247,0,0
4,17,14,40,2,77,73,56,42,2,77,8206,0,0
4,18,0,50,2,74,70,52,52,2,74,8019,0,0
4,18,2,51,0,75,71,53,51,0,75,8163,0,0
4,18,3,49,1,75,71,53,50,1,75,8113,0,0
4,18,4,47,2,75,71,53,49,2,75,8065,0,0
4,18,6,48,0,76,72,54,48,0,76,8215,0,0
4,18,7,46,1,76,72,54,47,1,76,8168,0,0
4,18,8,44,2,76,72,54,46,2,76,8123,0,0
4,18,11,43,1,77,73,55,44,1,77,8235,0,0
4,18,12,41,2,77,73,55,43,2,77,8193,0,0
4,18,16,38,2,78,74,56,40,2,78,8275,0,0
4,19,0,52,0,75,71,52,52,0,75,8162,0,0
4,19,1,50,1,75,71,52,51,1,75,8111,0,0
4,19,2,48,2,75,71,52,50,2,75,8062,0,0
4,19,4,49,0,76,72,53,49,0,76,8210,0,0
4,19,5,47,1,76,72,53,48,1,76,8162,0,0
4,19,6,45,2,76,72,53,47,2,76,8116,0,0
4,19,8,46,0,77,73,54,46,0,77,8270,0,0
4,19,9,44,1,77,73,54,45,1,77,8225,0,0
4,19,10,42,2,77,73,54,44,2,77,8182,0,0
4,19,14,39,2,78,74,55,41,2,78,8260,0,0
4,20,0,49,2,75,71,51,51,2,75,8061,0,0
4,20,2,50,0,76,72,52,50,0,76,8207,0,0
4,20,3,48,1,76,72,52,49,1,76,8158,0,0
4,20,4,46,2,76,72,52,48,2,76,8111,0,0
4,20,6,47,0,77,73,53,47,0,77,8263,0,0
4,20,7,45,1,77,73,53,46,1,77,8217,0,0
4,20,8,43,2,77,73,53,45,2,77,8173,0,0
4,20,12,40,2,78,74,54,42,2,78,8247,0,0
4,21,0,51,0,76,72,51,51,0,76,8206,0,0
4,21,1,49,1,76,72,51,50,1,76,8156,0,0
4,21,2,47,2,76,72,51,49,2,76,8108,0,0
4,21,4,48,0,77,73,52,48,0,77,8258,0,0
4,21,5,46,1,77,73,52,47,1,77,8211,0,0
4,21,6,44,2,77,73,52,46,2,77,8166,0,0
4,21,10,41,2,78,74,53,43,2,78,8236,0,0
4,22,0,48,2,76,72,50,50,2,76,8107,0,0
4,22,2,49,0,77,73,51,49,0,77,8255,0,0
4,22,3,47,1,77,73,51,48,1,77,8207,0,0
4,22,4,45,2,77,73,51,47,2,77,8161,0,0
4,22,7,44,1,78,74,52,45,1,78,8270,0,0
4,22,8,42,2,78,74,52,44,2,78,8227,0,0
4,23,0,50,0,77,73,50,50,0,77,8254,0,0
4,23,1,48,1,77,73,50,49,1,77,8205,0,0
4,23,2,46,2,77,73,50,48,2,77,8158,0,0
4,23,5,45,1,78,74,51,46,1,78,8264,0,0
4,23,6,43,2,78,74,51,45,2,78,8220,0,0
4,24,0,47,2,77,73,49,49,2,77,8157,0,0
4,24,3,46,1,78,74,50,47,1,78,8260,0,0
4,24,4,44,2,78,74,50,46,2,78,8215,0,0
4,25,1,47,1,78,74,49,48,1,78,8258,0,0
4,25,2,45,2,78,74,49,47,2,78,8212,0,0
4,26,0,46,2,78,74,48,48,2,78,8211,0,0
4,26,4,43,2,79,75,49,45,2,79,8273,0,0
4,27,2,44,2,79,75,48,46,2,79,8270,0,0
4,28,0,45,2,79,75,47,47,2,79,8269,0,0
5,0,0,60,1,66,61,61,61,1,66,7885,0,0
5,0,1,58,2,66,61,61,60,2,66,7826,0,0
5,0,3,59,0,67,62,62,59,0,67,7954,0,0
5,0,4,57,1,67,62,62,58,1,67,7896,0,0
5,0,5,55,2,67,62,62,57,2,67,7840,0,0
5,0,7,56,0,68,63,63,56,0,68,7974,0,0
5,0,8,54,1,68,63,63,55,1,68,7919,0,0
5,0,9,52,2,68,63,63,54,2,68,7866,0,0
5,0,11,53,0,69,64,64,53,0,69,8006,0,0
5,0,12,51,1,69,64,64,52,1,69,7954,0,0
5,0,13,49,2,69,64,64,51,2,69,7904,0,0
5,0,15,50,0,70,65,65,50,0,70,8050,0,0
5,0,16,48,1,70,65,65,49,1,70,8001,0,0
5,0,17,46,2,70,65,65,48,2,70,7954,0,0
5,0,19,47,0,71,66,66,47,0,71,8106,0,0
5,0,20,45,1,71,66,66,46,1,71,8060,0,0
5,0,21,43,2,71,66,66,45,2,71,8016,0,0
5,0,23,44,0,72,67,67,44,0,72,8174,0,0
5,0,24,42,1,72,67,67,43,1,72,8131,0,0
5,0,25,40,2,72,67,67,42,2,72,8090,0,0
5,0,27,41,0,73,68,68,41,0,73,8254,0,0
5,0,28,39,1,73,68,68,40,1,73,8214,0,0
5,0,29,37,2,73,68,68,39,2,73,8176,0,0
5,0,33,34,2,74,69,69,36,2,74,8274,1,1
5,1,1,60,0,67,62,61,60,0,67,7952,0,0
5,1,2,58,1,67,62,61,59,1,67,7893,0,0
5,1,3,56,2,67,62,61,58,2,67,7836,0,0
5,1,5,57,0,68,63,62,57,0,68,7968,0,0
5,1,6,55,1,68,63,62,56,1,68,7912,0,0
5,1,7,53,2,68,63,62,55,2,68,7858,0,0
5,1,9,54,0,69,64,63,54,0,69,7996,0,0
5,1,10,52,1,69,64,63,53,1,69,7943,0,0
5,1,11,50,2,69,64,63,52,2,69,7892,0,0
5,1,13,51,0,70,65,64,51,0,70,8036,0,0
5,1,14,49,1,70,65,64,50,1,70,7986,0,0
5,1,15,47,2,70,65,64,49,2,70,7938,0,0
5,1,17,48,0,71,66,65,48,0,71,8088,0,0
5,1,18,46,1,71,66,65,47,1,71,8041,0,0
5,1,19,44,2,71,66,65,46,2,71,7996,0,0
5,1,21,45,0,72,67,66,45,0,72,8152,0,0
5,1,22,43,1,72,67,66,44,1,72,8108,0,0
5,1,23,41,2,72,67,66,43,2,72,8066,0,0
5,1,25,42,0,73,68,67,42,0,73,8228,0,0
5,1,26,40,1,73,68,67,41,1,73,8187,0,0
5,1,27,38,2,73,68,67,40,2,73,8148,0,0
5,1,31,35,2,74,69,68,37,2,74,8242,0,0
5,2,0,59,1,67,62,60,60,1,67,7892,0,0
5,2,1,57,2,67,62,60,59,2,67,7834,0,0
5,2,3,58,0,68,63,61,58,0,68,7964,0,0
5,2,4,56,1,68,63,61,57,1,68,7907,0,0
5,2,5,54,2,68,63,61,56,2,68,7852,0,0
5,2,7,55,0,69,64,62,55,0,69,7988,0,0
5,2,8,53,1,69,64,62,54,1,69,7934,0,0
5,2,9,51,2,69,64,62,53,2,69,7882,0,0
5,2,11,52,0,70,65,63,52,0,70,8024,0,0
5,2,12,50,1,70,65,63,51,1,70,7973,0,0
5,2,13,48,2,70,65,63,50,2,70,7924,0,0
5,2,15,49,0,71,66,64,49,0,71,8072,0,0
5,2,16,47,1,71,66,64,48,1,71,8024,0,0
5,2,17,45,2,71,66,64,47,2,71,7978,0,0
5,2,19,46,0,72,67,65,46,0,72,8132,0,0
5,2,20,44,1,72,67,65,45,1,72,8087,0,0
5,2,21,42,2,72,67,65,44,2,72,8044,0,0
5,2,23,43,0,73,68,66,43,0,73,8204,0,0
5,2,24,41,1,73,68,66,42,1,73,8162,0,0
5,2,25,39,2,73,68,66,41,2,73,8122,0,0
5,2,28,38,1,74,69,67,39,1,74,8249,1,0
5,2,29,36,2,74,69,67,38,2,74,8212,0,0
5,3,1,59,0,68,63,60,59,0,68,7962,0,0
5,3,2,57,1,68,63,60,58,1,68,7904,0,0
5,3,3,55,2,68,63,60,57,2,68,7848,0,0
5,3,5,56,0,69,64,61,56,0,69,7982,0,0
5,3,6,54,1,69,64,61,55,1,69,7927,0,0
5,3,7,52,2,69,64,61,54,2,69,7874,0,0
5,3,9,53,0,70,65,62,53,0,70,8014,0,0
5,3,10,51,1,70,65,62,52,1,70,7962,0,0
5,3,11,49,2,70,65,62,51,2,70,7912,0,0
5,3,13,50,0,71,66,63,50,0,71,8058,0,0
5,3,14,48,1,71,66,63,49,1,71,8009,0,0
5,3,15,46,2,71,66,63,48,2,71,7962,0,0
5,3,17,47,0,72,67,64,47,0,72,8114,0,0
5,3,18,45,1,72,67,64,46,1,72,8068,0,0
5,3,19,43,2,72,67,64,45,2,72,8024,0,0
5,3,21,44,0,73,68,65,44,0,73,8182,0,0
5,3,22,42,1,73,68,65,43,1,73,8139,0,0
5,3,23,40,2,73,68,65,42,2,73,8098,0,0
5,3,25,41,0,74,69,66,41,0,74,8262,0,0
5,3,26,39,1,74,69,66,40,1,74,8222,0,0
5,3,27,37,2,74,69,66,39,2,74,8184,0,0
5,4,0,58,1,68,63,59,59,1,68,7903,0,0
5,4,1,56,2,68,63,59,58,2,68,7846,0,0
5,4,3,57,0,69,64,60,57,0,69,7978,0,0
5,4,4,55,1,69,64,60,56,1,69,7922,0,0
5,4,5,53,2,69,64,60,55,2,69,7868,0,0
5,4,7,54,0,70,65,61,54,0,70,8006,0,0
5,4,8,52,1,70,65,61,53,1,70,7953,0,0
5,4,9,50,2,70,65,61,52,2,70,7902,0,0
5,4,11,51,0,71,66,62,51,0,71,8046,0,0
5,4,12,49,1,71,66,62,50,1,71,7996,0,0
5,4,13,47,2,71,66,62,49,2,71,7948,0,0
5,4,15,48,0,72,67,63,48,0,72,8098,0,0
5,4,16,46,1,72,67,63,47,1,72,8051,0,0
5,4,17,44,2,72,67,63,46,2,72,8006,0,0
5,4,19,45,0,73,68,64,45,0,73,8162,0,0
5,4,20,43,1,73,68,64,44,1,73,8118,0,0
5,4,21,41,2,73,68,64,43,2,73,8076,0,0
5,4,23,42,0,74,69,65,42,0,74,8238,0,0
5,4,24,40,1,74,69,65,41,1,74,8197,0,0
5,4,25,38,2,74,69,65,40,2,74,8158,0,0
5,4,29,35,2,75,70,66,37,2,75,8252,0,0
5,5,1,58,0,69,64,59,58,0,69,7976,0,0
5,5,2,56,1,69,64,59,57,1,69,7919,0,0
5,5,3,54,2,69,64,59,56,2,69,7864,0,0
5,5,5,55,0,70,65,60,55,0,70,8000,0,0
5,5,6,53,1,70,65,60,54,1,70,7946,0,0
5,5,7,51,2,70,65,60,53,2,70,7894,0,0
5,5,9,52,0,71,66,61,52,0,71,8036,0,0
5,5,10,50,1,71,66,61,51,1,71,7985,0,0
5,5,11,48,2,71,66,61,50,2,71,7936,0,0
5,5,13,49,0,72,67,62,49,0,72,8084,0,0
5,5,14,47,1,72,67,62,48,1,72,8036,0,0
5,5,15,45,2,72,67,62,47,2,72,7990,0,0
5,5,17,46,0,73,68,63,46,0,73,8144,0,0
5,5,18,44,1,73,68,63,45,1,73,8099,0,0
5,5,19,42,2,73,68,63,44,2,73,8056,0,0
5,5,21,43,0,74,69,64,43,0,74,8216,0,0
5,5,22,41,1,74,69,64,42,1,74,8174,0,0
5,5,23,39,2,74,69,64,41,2,74,8134,0,0
5,5,26,38,1,75,70,65,39,1,75,8261,1,0
5,5,27,36,2,75,70,65,38,2,75,8224,0,0
5,6,0,57,1,69,64,58,58,1,69,7918,0,0
5,6,1,55,2,69,64,58,57,2,69,7862,0,0
5,6,3,56,0,70,65,59,56,0,70,7996,0,0
5,6,4,54,1,70,65,59,55,1,70,7941,0,0
5,6,5,52,2,70,65,59,54,2,70,7888,0,0
5,6,7,53,0,71,66,60,53,0,71,8028,0,0
5,6,8,51,1,71,66,60,52,1,71,7976,0,0
5,6,9,49,2,71,66,60,51,2,71,7926,0,0
5,6,11,50,0,72,67,61,50,0,72,8072,0,0
5,6,12,48,1,72,67,61,49,1,72,8023,0,0
5,6,13,46,2,72,67,61,48,2,72,7976,0,0
5,6,15,47,0,73,68,62,47,0,73,8128,0,0
5,6,16,45,1,73,68,62,46,1,73,8082,0,0
5,6,17,43,2,73,68,62,45,2,73,8038,0,0
5,6,19,44,0,74,69,63,44,0,74,8196,0,0
5,6,20,42,1,74,69,63,43,1,74,8153,0,0
5,6,21,40,2,74,69,63,42,2,74,8112,0,0
5,6,23,41,0,75,70,64,41,0,75,8276,0,0
5,6,24,39,1,75,70,64,40,1,75,8236,0,0
5,6,25,37,2,75,70,64,39,2,75,8198,0,0
5,7,1,57,0,70,65,58,57,0,70,7994,0,0
5,7,2,55,1,70,65,58,56,1,70,7938,0,0
5,7,3,53,2,70,65,58,55,2,70,7884,0,0
5,7,5,54,0,71,66,59,54,0,71,8022,0,0
5,7,6,52,1,71,66,59,53,1,71,7969,0,0
5,7,7,50,2,71,66,59,52,2,71,7918,0,0
5,7,9,51,0,72,67,60,51,0,72,8062,0,0
5,7,10,49,1,72,67,60,50,1,72,8012,0,0
5,7,11,47,2,72,67,60,49,2,72,7964,0,0
5,7,13,48,0,73,68,61,48,0,73,8114,0,0
5,7,14,46,1,73,68,61,47,1,73,8067,0,0
5,7,15,44,2,73,68,61,46,2,73,8022,0,0
5,7,17,45,0,74,69,62,45,0,74,8178,0,0
5,7,18,43,1,74,69,62,44,1,74,8134,0,0
5,7,19,41,2,74,69,62,43,2,74,8092,0,0
5,7,21,42,0,75,70,63,42,0,75,8254,0,0
5,7,22,40,1,75,70,63,41,1,75,8213,0,0
5,7,23,38,2,75,70,63,40,2,75,8174,0,0
5,7,27,35,2,76,71,64,37,2,76,8268,0,0
5,8,0,56,1,70,65,57,57,1,70,7937,0,0
5,8,1,54,2,70,65,57,56,2,70,7882,0,0
5,8,3,55,0,71,66,58,55,0,71,8018,0,0
5,8,4,53,1,71,66,58,54,1,71,7964,0,0
5,8,5,51,2,71,66,58,53,2,71,7912,0,0
5,8,7,52,0,72,67,59,52,0,72,8054,0,0
5,8,8,50,1,72,67,59,51,1,72,8003,0,0
5,8,9,48,2,72,67,59,50,2,72,7954,0,0
5,8,11,49,0,73,68,60,49,0,73,8102,0,0
5,8,12,47,1,73,68,60,48,1,73,8054,0,0
5,8,13,45,2,73,68,60,47,2,73,8008,0,0
5,8,15,46,0,74,69,61,46,0,74,8162,0,0
5,8,16,44,1,74,69,61,45,1,74,8117,0,0
5,8,17,42,2,74,69,61,44,2,74,8074,0,0
5,8,19,43,0,75,70,62,43,0,75,8234,0,0
5,8,20,41,1,75,70,62,42,1,75,8192,0,0
5,8,21,39,2,75,70,62,41,2,75,8152,0,0
5,8,25,36,2,76,71,63,38,2,76,8242,0,0
5,9,1,56,0,71,66,57,56,0,71,8016,0,0
5,9,2,54,1,71,66,57,55,1,71,7961,0,0
5,9,3,52,2,71,66,57,54,2,71,7908,0,0
5,9,5,53,0,72,67,58,53,0,72,8048,0,0
5,9,6,51,1,72,67,58,52,1,72,7996,0,0
5,9,7,49,2,72,67,58,51,2,72,7946,0,0
5,9,9,50,0,73,68,59,50,0,73,8092,0,0
5,9,10,48,1,73,68,59,49,1,73,8043,0,0
5,9,11,46,2,73,68,59,48,2,73,7996,0,0
5,9,13,47,0,74,69,60,47,0,74,8148,0,0
5,9,14,45,1,74,69,60,46,1,74,8102,0,0
5,9,15,43,2,74,69,60,45,2,74,8058,0,0
5,9,17,44,0,75,70,61,44,0,75,8216,0,0
5,9,18,42,1,75,70,61,43,1,75,8173,0,0
5,9,19,40,2,75,70,61,42,2,75,8132,0,0
5,9,22,39,1,76,71,62,40,1,76,8256,0,0
5,9,23,37,2,76,71,62,39,2,76,8218,0,0
5,10,0,55,1,71,66,56,56,1,71,7960,0,0
5,10,1,53,2,71,66,56,55,2,71,7906,0,0
5,10,3,54,0,72,67,57,54,0,72,8044,0,0
5,10,4,52,1,72,67,57,53,1,72,7991,0,0
5,10,5,50,2,72,67,57,52,2,72,7940,0,0
5,10,7,51,0,73,68,58,51,0,73,8084,0,0
5,10,8,49,1,73,68,58,50,1,73,8034,0,0
5,10,9,47,2,73,68,58,49,2,73,7986,0,0
5,10,11,48,0,74,69,59,48,0,74,8136,0,0
5,10,12,46,1,74,69,59,47,1,74,8089,0,0
5,10,13,44,2,74,69,59,46,2,74,8044,0,0
5,10,15,45,0,75,70,60,45,0,75,8200,0,0
5,10,16,43,1,75,70,60,44,1,75,8156,0,0
5,10,17,41,2,75,70,60,43,2,75,8114,0,0
5,10,19,42,0,76,71,61,42,0,76,8276,0,0
5,10,20,40,1,76,71,61,41,1,76,8235,0,0
5,10,21,38,2,76,71,61,40,2,76,8196,0,0
5,11,1,55,0,72,67,56,55,0,72,8042,0,0
5,11,2,53,1,72,67,56,54,1,72,7988,0,0
5,11,3,51,2,72,67,56,53,2,72,7936,0,0
5,11,5,52,0,73,68,57,52,0,73,8078,0,0
5,11,6,50,1,73,68,57,51,1,73,8027,0,0
5,11,7,48,2,73,68,57,50,2,73,7978,0,0
5,11,9,49,0,74,69,58,49,0,74,8126,0,0
5,11,10,47,1,74,69,58,48,1,74,8078,0,0
5,11,11,45,2,74,69,58,47,2,74,8032,0,0
5,11,13,46,0,75,70,59,46,0,75,8186,0,0
5,11,14,44,1,75,70,59,45,1,75,8141,0,0
5,11,15,42,2,75,70,59,44,2,75,8098,0,0
5,11,17,43,0,76,71,60,43,0,76,8258,0,0
5,11,18,41,1,76,71,60,42,1,76,8216,0,0
5,11,19,39,2,76,71,60,41,2,76,8176,0,0
5,11,23,36,2,77,72,61,38,2,77,8266,0,0
5,12,0,54,1,72,67,55,55,1,72,7987,0,0
5,12,1,52,2,72,67,55,54,2,72,7934,0,0
5,12,3,53,0,73,68,56,53,0,73,8074,0,0
5,12,4,51,1,73,68,56,52,1,73,8022,0,0
5,12,5,49,2,73,68,56,51,2,73,7972,0,0
5,12,7,50,0,74,69,57,50,0,74,8118,0,0
5,12,8,48,1,74,69,57,49,1,74,8069,0,0
5,12,9,46,2,74,69,57,48,2,74,8022,0,0
5,12,11,47,0,75,70,58,47,0,75,8174,0,0
5,12,12,45,1,75,70,58,46,1,75,8128,0,0
5,12,13,43,2,75,70,58,45,2,75,8084,0,0
5,12,15,44,0,76,71,59,44,0,76,8242,0,0
5,12,16,42,1,76,71,59,43,1,76,8199,0,0
5,12,17,40,2,76,71,59,42,2,76,8158,0,0
5,12,21,37,2,77,72,60,39,2,77,8244,0,0
5,13,1,54,0,73,68,55,54,0,73,8072,0,0
5,13,2,52,1,73,68,55,53,1,73,8019,0,0
5,13,3,50,2,73,68,55,52,2,73,7968,0,0
5,13,5,51,0,74,69,56,51,0,74,8112,0,0
5,13,6,49,1,74,69,56,50,1,74,8062,0,0
5,13,7,47,2,74,69,56,49,2,74,8014,0,0
5,13,9,48,0,75,70,57,48,0,75,8164,0,0
5,13,10,46,1,75,70,57,47,1,75,8117,0,0
5,13,11,44,2,75,70,57,46,2,75,8072,0,0
5,13,13,45,0,76,71,58,45,0,76,8228,0,0
5,13,14,43,1,76,71,58,44,1,76,8184,0,0
5,13,15,41,2,76,71,58,43,2,76,8142,0,0
5,13,18,40,1,77,72,59,41,1,77,8263,0,0
5,13,19,38,2,77,72,59,40,2,77,8224,0,0
5,14,0,53,1,73,68,54,54,1,73,8018,0,0
5,14,1,51,2,73,68,54,53,2,73,7966,0,0
5,14,3,52,0,74,69,55,52,0,74,8108,0,0
5,14,4,50,1,74,69,55,51,1,74,8057,0,0
5,14,5,48,2,74,69,55,50,2,74,8008,0,0
5,14,7,49,0,75,70,56,49,0,75,8156,0,0
5,14,8,47,1,75,70,56,48,1,75,8108,0,0
5,14,9,45,2,75,70,56,47,2,75,8062,0,0
5,14,11,46,0,76,71,57,46,0,76,8216,0,0
5,14,12,44,1,76,71,57,45,1,76,8171,0,0
5,14,13,42,2,76,71,57,44,2,76,8128,0,0
5,14,16,41,1,77,72,58,42,1,77,8246,0,0
5,14,17,39,2,77,72,58,41,2,77,8206,0,0
5,15,1,53,0,74,69,54,53,0,74,8106,0,0
5,15,2,51,1,74,69,54,52,1,74,8054,0,0
5,15,3,49,2,74,69,54,51,2,74,8004,0,0
5,15,5,50,0,75,70,55,50,0,75,8150,0,0
5,15,6,48,1,75,70,55,49,1,75,8101,0,0
5,15,7,46,2,75,70,55,48,2,75,8054,0,0
5,15,9,47,0,76,71,56,47,0,76,8206,0,0
5,15,10,45,1,76,71,56,46,1,76,8160,0,0
5,15,11,43,2,76,71,56,45,2,76,8116,0,0
5,15,13,44,0,77,72,57,44,0,77,8274,0,0
5,15,14,42,1,77,72,57,43,1,77,8231,0,0
5,15,15,40,2,77,72,57,42,2,77,8190,0,0
5,15,19,37,2,78,73,58,39,2,78,8276,0,0
5,16,0,52,1,74,69,53,53,1,74,8053,0,0
5,16,1,50,2,74,69,53,52,2,74,8002,0,0
5,16,3,51,0,75,70,54,51,0,75,8146,0,0
5,16,4,49,1,75,70,54,50,1,75,8096,0,0
5,16,5,47,2,75,70,54,49,2,75,8048,0,0
5,16,7,48,0,76,71,55,48,0,76,8198,0,0
5,16,8,46,1,76,71,55,47,1,76,8151,0,0
5,16,9,44,2,76,71,55,46,2,76,8106,0,0
5,16,11,45,0,77,72,56,45,0,77,8262,0,0
5,16,12,43,1,77,72,56,44,1,77,8218,0,0
5,16,13,41,2,77,72,56,43,2,77,8176,0,0
5,16,17,38,2,78,73,57,40,2,78,8258,0,0
5,17,1,52,0,75,70,53,52,0,75,8144,0,0
5,17,2,50,1,75,70,53,51,1,75,8093,0,0
5,17,3,48,2,75,70,53,50,2,75,8044,0,0
5,17,5,49,0,76,71,54,49,0,76,8192,0,0
5,17,6,47,1,76,71,54,48,1,76,8144,0,0
5,17,7,45,2,76,71,54,47,2,76,8098,0,0
5,17,9,46,0,77,72,55,46,0,77,8252,0,0
5,17,10,44,1,77,72,55,45,1,77,8207,0,0
5,17,11,42,2,77,72,55,44,2,77,8164,0,0
5,17,15,39,2,78,73,56,41,2,78,8242,0,0
5,18,0,51,1,75,70,52,52,1,75,8092,0,0
5,18,1,49,2,75,70,52,51,2,75,8042,0,0
5,18,3,50,0,76,71,53,50,0,76,8188,0,0
5,18,4,48,1,76,71,53,49,1,76,8139,0,0
5,18,5,46,2,76,71,53,48,2,76,8092,0,0
5,18,7,47,0,77,72,54,47,0,77,8244,0,0
5,18,8,45,1,77,72,54,46,1,77,8198,0,0
5,18,9,43,2,77,72,54,45,2,77,8154,0,0
5,18,12,42,1,78,73,55,43,1,78,8269,0,0
5,18,13,40,2,78,73,55,42,2,78,8228,0,0
5,19,1,51,0,76,71,52,51,0,76,8186,0,0
5,19,2,49,1,76,71,52,50,1,76,8136,0,0
5,19,3,47,2,76,71,52,49,2,76,8088,0,0
5,19,5,48,0,77,72,53,48,0,77,8238,0,0
5,19,6,46,1,77,72,53,47,1,77,8191,0,0
5,19,7,44,2,77,72,53,46,2,77,8146,0,0
5,19,10,43,1,78,73,54,44,1,78,8258,0,0
5,19,11,41,2,78,73,54,43,2,78,8216,0,0
5,20,0,50,1,76,71,51,51,1,76,8135,0,0
5,20,1,48,2,76,71,51,50,2,76,8086,0,0
5,20,3,49,0,77,72,52,49,0,77,8234,0,0
5,20,4,47,1,77,72,52,48,1,77,8186,0,0
5,20,5,45,2,77,72,52,47,2,77,8140,0,0
5,20,8,44,1,78,73,53,45,1,78,8249,0,0
5,20,9,42,2,78,73,53,44,2,78,8206,0,0
5,21,1,50,0,77,72,51,50,0,77,8232,0,0
5,21,2,48,1,77,72,51,49,1,77,8183,0,0
5,21,3,46,2,77,72,51,48,2,77,8136,0,0
5,21,6,45,1,78,73,52,46,1,78,8242,0,0
5,21,7,43,2,78,73,52,45,2,78,8198,0,0
5,21,11,40,2,79,74,53,42,2,79,8272,0,0
5,22,0,49,1,77,72,50,50,1,77,8182,0,0
5,22,1,47,2,77,72,50,49,2,77,8134,0,0
5,22,4,46,1,78,73,51,47,1,78,8237,0,0
5,22,5,44,2,78,73,51,46,2,78,8192,0,0
5,22,9,41,2,79,74,52,43,2,79,8262,0,0
5,23,2,47,1,78,73,50,48,1,78,8234,0,0
5,23,3,45,2,78,73,50,47,2,78,8188,0,0
5,23,7,42,2,79,74,51,44,2,79,8254,0,0
5,24,0,48,1,78,73,49,49,1,78,8233,0,0
5,24,1,46,2,78,73,49,48,2,78,8186,0,0
5,24,5,43,2,79,74,50,45,2,79,8248,0,0
5,25,3,44,2,79,74,49,46,2,79,8244,0,0
5,26,1,45,2,79,74,48,47,2,79,8242,0,0
6,0,0,61,0,67,61,61,61,0,67,7951,0,0
6,0,1,59,1,67,61,61,60,1,67,7891,0,0
6,0,2,57,2,67,61,61,59,2,67,7833,0,0
6,0,4,58,0,68,62,62,58,0,68,7963,0,0
6,0,5,56,1,68,62,62,57,1,68,7906,0,0
6,0,6,54,2,68,62,62,56,2,68,7851,0,0
6,0,8,55,0,69,63,63,55,0,69,7987,0,0
6,0,9,53,1,69,63,63,54,1,69,7933,0,0
6,0,10,51,2,69,63,63,53,2,69,7881,0,0
6,0,12,52,0,70,64,64,52,0,70,8023,0,0
6,0,13,50,1,70,64,64,51,1,70,7972,0,0
6,0,14,48,2,70,64,64,50,2,70,7923,0,0
6,0,16,49,0,71,65,65,49,0,71,8071,0,0
6,0,17,47,1,71,65,65,48,1,71,8023,0,0
6,0,18,45,2,71,65,65,47,2,71,7977,0,0
6,0,20,46,0,72,66,66,46,0,72,8131,0,0
6,0,21,44,1,72,66,66,45,1,72,8086,0,0
6,0,22,42,2,72,66,66,44,2,72,8043,0,0
6,0,24,43,0,73,67,67,43,0,73,8203,0,0
6,0,25,41,1,73,67,67,42,1,73,8161,0,0
6,0,26,39,2,73,67,67,41,2,73,8121,0,0
6,0,29,38,1,74,68,68,39,1,74,8248,1,0
6,0,30,36,2,74,68,68,38,2,74,8211,0,0
6,1,0,58,2,67,61,60,60,2,67,7832,0,0
6,1,2,59,0,68,62,61,59,0,68,7960,0,0
6,1,3,57,1,68,62,61,58,1,68,7902,0,0
6,1,4,55,2,68,62,61,57,2,68,7846,0,0
6,1,6,56,0,69,63,62,56,0,69,7980,0,0
6,1,7,54,1,69,63,62,55,1,69,7925,0,0
6,1,8,52,2,69,63,62,54,2,69,7872,0,0
6,1,10,53,0,70,64,63,53,0,70,8012,0,0
6,1,11,51,1,70,64,63,52,1,70,7960,0,0
6,1,12,49,2,70,64,63,51,2,70,7910,0,0
6,1,14,50,0,71,65,64,50,0,71,8056,0,0
6,1,15,48,1,71,65,64,49,1,71,8007,0,0
6,1,16,46,2,71,65,64,48,2,71,7960,0,0
6,1,18,47,0,72,66,65,47,0,72,8112,0,0
6,1,19,45,1,72,66,65,46,1,72,8066,0,0
6,1,20,43,2,72,66,65,45,2,72,8022,0,0
6,1,22,44,0,73,67,66,44,0,73,8180,0,0
6,1,23,42,1,73,67,66,43,1,73,8137,0,0
6,1,24,40,2,73,67,66,42,2,73,8096,0,0
6,1,26,41,0,74,68,67,41,0,74,8260,0,0
6,1,27,39,1,74,68,67,40,1,74,8220,0,0
6,1,28,37,2,74,68,67,39,2,74,8182,0,0
6,2,0,60,0,68,62,60,60,0,68,7959,0,0
6,2,1,58,1,68,62,60,59,1,68,7900,0,0
6,2,2,56,2,68,62,60,58,2,68,7843,0,0
6,2,4,57,0,69,63,61,57,0,69,7975,0,0
6,2,5,55,1,69,63,61,56,1,69,7919,0,0
6,2,6,53,2,69,63,61,55,2,69,7865,0,0
6,2,8,54,0,70,64,62,54,0,70,8003,0,0
6,2,9,52,1,70,64,62,53,1,70,7950,0,0
6,2,10,50,2,70,64,62,52,2,70,7899,0,0
6,2,12,51,0,71,65,63,51,0,71,8043,0,0
6,2,13,49,1,71,65,63,50,1,71,7993,0,0
6,2,14,47,2,71,65,63,49,2,71,7945,0,0
6,2,16,48,0,72,66,64,48,0,72,8095,0,0
6,2,17,46,1,72,66,64,47,1,72,8048,0,0
6,2,18,44,2,72,66,64,46,2,72,8003,0,0
6,2,20,45,0,73,67,65,45,0,73,8159,0,0
6,2,21,43,1,73,67,65,44,1,73,8115,0,0
6,2,22,41,2,73,67,65,43,2,73,8073,0,0
6,2,24,42,0,74,68,66,42,0,74,8235,0,0
6,2,25,40,1,74,68,66,41,1,74,8194,0,0
6,2,26,38,2,74,68,66,40,2,74,8155,0,0
6,2,30,35,2,75,69,67,37,2,75,8249,0,0
6,3,0,57,2,68,62,59,59,2,68,7842,0,0
6,3,2,58,0,69,63,60,58,0,69,7972,0,0
6,3,3,56,1,69,63,60,57,1,69,7915,0,0
6,3,4,54,2,69,63,60,56,2,69,7860,0,0
6,3,6,55,0,70,64,61,55,0,70,7996,0,0
6,3,7,53,1,70,64,61,54,1,70,7942,0,0
6,3,8,51,2,70,64,61,53,2,70,7890,0,0
6,3,10,52,0,71,65,62,52,0,71,8032,0,0
6,3,11,50,1,71,65,62,51,1,71,7981,0,0
6,3,12,48,2,71,65,62,50,2,71,7932,0,0
6,3,14,49,0,72,66,63,49,0,72,8080,0,0
6,3,15,47,1,72,66,63,48,1,72,8032,0,0
6,3,16,45,2,72,66,63,47,2,72,7986,0,0
6,3,18,46,0,73,67,64,46,0,73,8140,0,0
6,3,19,44,1,73,67,64,45,1,73,8095,0,0
6,3,20,42,2,73,67,64,44,2,73,8052,0,0
6,3,22,43,0,74,68,65,43,0,74,8212,0,0
6,3,23,41,1,74,68,65,42,1,74,8170,0,0
6,3,24,39,2,74,68,65,41,2,74,8130,0,0
6,3,27,38,1,75,69,66,39,1,75,8257,1,0
6,3,28,36,2,75,69,66,38,2,75,8220,0,0
6,4,0,59,0,69,63,59,59,0,69,7971,0,0
6,4,1,57,1,69,63,59,58,1,69,7913,0,0
6,4,2,55,2,69,63,59,57,2,69,7857,0,0
6,4,4,56,0,70,64,60,56,0,70,7991,0,0
6,4,5,54,1,70,64,60,55,1,70,7936,0,0
6,4,6,52,2,70,64,60,54,2,70,7883,0,0
6,4,8,53,0,71,65,61,53,0,71,8023,0,0
6,4,9,51,1,71,65,61,52,1,71,7971,0,0
6,4,10,49,2,71,65,61,51,2,71,7921,0,0
6,4,12,50,0,72,66,62,50,0,72,8067,0,0
6,4,13,48,1,72,66,62,49,1,72,8018,0,0
6,4,14,46,2,72,66,62,48,2,72,7971,0,0
6,4,16,47,0,73,67,63,47,0,73,8123,0,0
6,4,17,45,1,73,67,63,46,1,73,8077,0,0
6,4,18,43,2,73,67,63,45,2,73,8033,0,0
6,4,20,44,0,74,68,64,44,0,74,8191,0,0
6,4,21,42,1,74,68,64,43,1,74,8148,0,0
6,4,22,40,2,74,68,64,42,2,74,8107,0,0
6,4,24,41,0,75,69,65,41,0,75,8271,0,0
6,4,25,39,1,75,69,65,40,1,75,8231,0,0
6,4,26,37,2,75,69,65,39,2,75,8193,0,0
6,5,0,56,2,69,63,58,58,2,69,7856,0,0
6,5,2,57,0,70,64,59,57,0,70,7988,0,0
6,5,3,55,1,70,64,59,56,1,70,7932,0,0
6,5,4,53,2,70,64,59,55,2,70,7878,0,0
6,5,6,54,0,71,65,60,54,0,71,8016,0,0
6,5,7,52,1,71,65,60,53,1,71,7963,0,0
6,5,8,50,2,71,65,60,52,2,71,7912,0,0
6,5,10,51,0,72,66,61,51,0,72,8056,0,0
6,5,11,49,1,72,66,61,50,1,72,8006,0,0
6,5,12,47,2,72,66,61,49,2,72,7958,0,0
6,5,14,48,0,73,67,62,48,0,73,8108,0,0
6,5,15,46,1,73,67,62,47,1,73,8061,0,0
6,5,16,44,2,73,67,62,46,2,73,8016,0,0
6,5,18,45,0,74,68,63,45,0,74,8172,0,0
6,5,19,43,1,74,68,63,44,1,74,8128,0,0
6,5,20,41,2,74,68,63,43,2,74,8086,0,0
6,5,22,42,0,75,69,64,42,0,75,8248,0,0
6,5,23,40,1,75,69,64,41,1,75,8207,0,0
6,5,24,38,2,75,69,64,40,2,75,8168,0,0
6,5,28,35,2,76,70,65,37,2,76,8262,0,0
6,6,0,58,0,70,64,58,58,0,70,7987,0,0
6,6,1,56,1,70,64,58,57,1,70,7930,0,0
6,6,2,54,2,70,64,58,56,2,70,7875,0,0
6,6,4,55,0,71,65,59,55,0,71,8011,0,0
6,6,5,53,1,71,65,59,54,1,71,7957,0,0
6,6,6,51,2,71,65,59,53,2,71,7905,0,0
6,6,8,52,0,72,66,60,52,0,72,8047,0,0
6,6,9,50,1,72,66,60,51,1,72,7996,0,0
6,6,10,48,2,72,66,60,50,2,72,7947,0,0
6,6,12,49,0,73,67,61,49,0,73,8095,0,0
6,6,13,47,1,73,67,61,48,1,73,8047,0,0
6,6,14,45,2,73,67,61,47,2,73,8001,0,0
6,6,16,46,0,74,68,62,46,0,74,8155,0,0
6,6,17,44,1,74,68,62,45,1,74,8110,0,0
6,6,18,42,2,74,68,62,44,2,74,8067,0,0
6,6,20,43,0,75,69,63,43,0,75,8227,0,0
6,6,21,41,1,75,69,63,42,1,75,8185,0,0
6,6,22,39,2,75,69,63,41,2,75,8145,0,0
6,6,25,38,1,76,70,64,39,1,76,8272,1,0
6,6,26,36,2,76,70,64,38,2,76,8235,0,0
6,7,0,55,2,70,64,57,57,2,70,7874,0,0
6,7,2,56,0,71,65,58,56,0,71,8008,0,0
6,7,3,54,1,71,65,58,55,1,71,7953,0,0
6,7,4,52,2,71,65,58,54,2,71,7900,0,0
6,7,6,53,0,72,66,59,53,0,72,8040,0,0
6,7,7,51,1,72,66,59,52,1,72,7988,0,0
6,7,8,49,2,72,66,59,51,2,72,7938,0,0
6,7,10,50,0,73,67,60,50,0,73,8084,0,0
6,7,11,48,1,73,67,60,49,1,73,8035,0,0
6,7,12,46,2,73,67,60,48,2,73,7988,0,0
6,7,14,47,0,74,68,61,47,0,74,8140,0,0
6,7,15,45,1,74,68,61,46,1,74,8094,0,0
6,7,16,43,2,74,68,61,45,2,74,8050,0,0
6,7,18,44,0,75,69,62,44,0,75,8208,0,0
6,7,19,42,1,75,69,62,43,1,75,8165,0,0
6,7,20,40,2,75,69,62,42,2,75,8124,0,0
6,7,23,39,1,76,70,63,40,1,76,8248,0,0
6,7,24,37,2,76,70,63,39,2,76,8210,0,0
6,8,0,57,0,71,65,57,57,0,71,8007,0,0
6,8,1,55,1,71,65,57,56,1,71,7951,0,0
6,8,2,53,2,71,65,57,55,2,71,7897,0,0
6,8,4,54,0,72,66,58,54,0,72,8035,0,0
6,8,5,52,1,72,66,58,53,1,72,7982,0,0
6,8,6,50,2,72,66,58,52,2,72,7931,0,0
6,8,8,51,0,73,67,59,51,0,73,8075,0,0
6,8,9,49,1,73,67,59,50,1,73,8025,0,0
6,8,10,47,2,73,67,59,49,2,73,7977,0,0
6,8,12,48,0,74,68,60,48,0,74,8127,0,0
6,8,13,46,1,74,68,60,47,1,74,8080,0,0
6,8,14,44,2,74,68,60,46,2,74,8035,0,0
6,8,16,45,0,75,69,61,45,0,75,8191,0,0
6,8,17,43,1,75,69,61,44,1,75,8147,0,0
6,8,18,41,2,75,69,61,43,2,75,8105,0,0
6,8,20,42,0,76,70,62,42,0,76,8267,0,0
6,8,21,40,1,76,70,62,41,1,76,8226,0,0
6,8,22,38,2,76,70,62,40,2,76,8187,0,0
6,9,0,54,2,71,65,56,56,2,71,7896,0,0
6,9,2,55,0,72,66,57,55,0,72,8032,0,0
6,9,3,53,1,72,66,57,54,1,72,7978,0,0
6,9,4,51,2,72,66,57,53,2,72,7926,0,0
6,9,6,52,0,73,67,58,52,0,73,8068,0,0
6,9,7,50,1,73,67,58,51,1,73,8017,0,0
6,9,8,48,2,73,67,58,50,2,73,7968,0,0
6,9,10,49,0,74,68,59,49,0,74,8116,0,0
6,9,11,47,1,74,68,59,48,1,74,8068,0,0
6,9,12,45,2,74,68,59,47,2,74,8022,0,0
6,9,14,46,0,75,69,60,46,0,75,8176,0,0
6,9,15,44,1,75,69,60,45,1,75,8131,0,0
6,9,16,42,2,75,69,60,44,2,75,8088,0,0
6,9,18,43,0,76,70,61,43,0,76,8248,0,0
6,9,19,41,1,76,70,61,42,1,76,8206,0,0
6,9,20,39,2,76,70,61,41,2,76,8166,0,0
6,9,24,36,2,77,71,62,38,2,77,8256,0,0
6,10,0,56,0,72,66,56,56,0,72,8031,0,0
6,10,1,54,1,72,66,56,55,1,72,7976,0,0
6,10,2,52,2,72,66,56,54,2,72,7923,0,0
6,10,4,53,0,73,67,57,53,0,73,8063,0,0
6,10,5,51,1,73,67,57,52,1,73,8011,0,0
6,10,6,49,2,73,67,57,51,2,73,7961,0,0
6,10,8,50,0,74,68,58,50,0,74,8107,0,0
6,10,9,48,1,74,68,58,49,1,74,8058,0,0
6,10,10,46,2,74,68,58,48,2,74,8011,0,0
6,10,12,47,0,75,69,59,47,0,75,8163,0,0
6,10,13,45,1,75,69,59,46,1,75,8117,0,0
6,10,14,43,2,75,69,59,45,2,75,8073,0,0
6,10,16,44,0,76,70,60,44,0,76,8231,0,0
6,10,17,42,1,76,70,60,43,1,76,8188,0,0
6,10,18,40,2,76,70,60,42,2,76,8147,0,0
6,10,21,39,1,77,71,61,40,1,77,8271,0,0
6,10,22,37,2,77,71,61,39,2,77,8233,0,0
6,11,0,53,2,72,66,55,55,2,72,7922,0,0
6,11,2,54,0,73,67,56,54,0,73,8060,0,0
6,11,3,52,1,73,67,56,53,1,73,8007,0,0
6,11,4,50,2,73,67,56,52,2,73,7956,0,0
6,11,6,51,0,74,68,57,51,0,74,8100,0,0
6,11,7,49,1,74,68,57,50,1,74,8050,0,0
6,11,8,47,2,74,68,57,49,2,74,8002,0,0
6,11,10,48,0,75,69,58,48,0,75,8152,0,0
6,11,11,46,1,75,69,58,47,1,75,8105,0,0
6,11,12,44,2,75,69,58,46,2,75,8060,0,0
6,11,14,45,0,76,70,59,45,0,76,8216,0,0
6,11,15,43,1,76,70,59,44,1,76,8172,0,0
6,11,16,41,2,76,70,59,43,2,76,8130,0,0
6,11,19,40,1,77,71,60,41,1,77,8251,0,0
6,11,20,38,2,77,71,60,40,2,77,8212,0,0
6,12,0,55,0,73,67,55,55,0,73,8059,0,0
6,12,1,53,1,73,67,55,54,1,73,8005,0,0
6,12,2,51,2,73,67,55,53,2,73,7953,0,0
6,12,4,52,0,74,68,56,52,0,74,8095,0,0
6,12,5,50,1,74,68,56,51,1,74,8044,0,0
6,12,6,48,2,74,68,56,50,2,74,7995,0,0
6,12,8,49,0,75,69,57,49,0,75,8143,0,0
6,12,9,47,1,75,69,57,48,1,75,8095,0,0
6,12,10,45,2,75,69,57,47,2,75,8049,0,0
6,12,12,46,0,76,70,58,46,0,76,8203,0,0
6,12,13,44,1,76,70,58,45,1,76,8158,0,0
6,12,14,42,2,76,70,58,44,2,76,8115,0,0
6,12,16,43,0,77,71,59,43,0,77,8275,0,0
6,12,17,41,1,77,71,59,42,1,77,8233,0,0
6,12,18,39,2,77,71,59,41,2,77,8193,0,0
6,13,0,52,2,73,67,54,54,2,73,7952,0,0
6,13,2,53,0,74,68,55,53,0,74,8092,0,0
6,13,3,51,1,74,68,55,52,1,74,8040,0,0
6,13,4,49,2,74,68,55,51,2,74,7990,0,0
6,13,6,50,0,75,69,56,50,0,75,8136,0,0
6,13,7,48,1,75,69,56,49,1,75,8087,0,0
6,13,8,46,2,75,69,56,48,2,75,8040,0,0
6,13,10,47,0,76,70,57,47,0,76,8192,0,0
6,13,11,45,1,76,70,57,46,1,76,8146,0,0
6,13,12,43,2,76,70,57,45,2,76,8102,0,0
6,13,14,44,0,77,71,58,44,0,77,8260,0,0
6,13,15,42,1,77,71,58,43,1,77,8217,0,0
6,13,16,40,2,77,71,58,42,2,77,8176,0,0
6,13,20,37,2,78,72,59,39,2,78,8262,0,0
6,14,0,54,0,74,68,54,54,0,74,8091,0,0
6,14,1,52,1,74,68,54,53,1,74,8038,0,0
6,14,2,50,2,74,68,54,52,2,74,7987,0,0
6,14,4,51,0,75,69,55,51,0,75,8131,0,0
6,14,5,49,1,75,69,55,50,1,75,8081,0,0
6,14,6,47,2,75,69,55,49,2,75,8033,0,0
6,14,8,48,0,76,70,56,48,0,76,8183,0,0
6,14,9,46,1,76,70,56,47,1,76,8136,0,0
6,14,10,44,2,76,70,56,46,2,76,8091,0,0
6,14,12,45,0,77,71,57,45,0,77,8247,0,0
6,14,13,43,1,77,71,57,44,1,77,8203,0,0
6,14,14,41,2,77,71,57,43,2,77,8161,0,0
6,14,18,38,2,78,72,58,40,2,78,8243,0,0
6,15,0,51,2,74,68,53,53,2,74,7986,0,0
6,15,2,52,0,75,69,54,52,0,75,8128,0,0
6,15,3,50,1,75,69,54,51,1,75,8077,0,0
6,15,4,48,2,75,69,54,50,2,75,8028,0,0
6,15,6,49,0,76,70,55,49,0,76,8176,0,0
6,15,7,47,1,76,70,55,48,1,76,8128,0,0
6,15,8,45,2,76,70,55,47,2,76,8082,0,0
6,15,10,46,0,77,71,56,46,0,77,8236,0,0
6,15,11,44,1,77,71,56,45,1,77,8191,0,0
6,15,12,42,2,77,71,56,44,2,77,8148,0,0
6,15,15,41,1,78,72,57,42,1,78,8266,0,0
6,15,16,39,2,78,72,57,41,2,78,8226,0,0
6,16,0,53,0,75,69,53,53,0,75,8127,0,0
6,16,1,51,1,75,69,53,52,1,75,8075,0,0
6,16,2,49,2,75,69,53,51,2,75,8025,0,0
6,16,4,50,0,76,70,54,50,0,76,8171,0,0
6,16,5,48,1,76,70,54,49,1,76,8122,0,0
6,16,6,46,2,76,70,54,48,2,76,8075,0,0
6,16,8,47,0,77,71,55,47,0,77,8227,0,0
6,16,9,45,1,77,71,55,46,1,77,8181,0,0
6,16,10,43,2,77,71,55,45,2,77,8137,0,0
6,16,13,42,1,78,72,56,43,1,78,8252,0,0
6,16,14,40,2,78,72,56,42,2,78,8211,0,0
6,17,0,50,2,75,69,52,52,2,75,8024,0,0
6,17,2,51,0,76,70,53,51,0,76,8168,0,0
6,17,3,49,1,76,70,53,50,1,76,8118,0,0
6,17,4,47,2,76,70,53,49,2,76,8070,0,0
6,17,6,48,0,77,71,54,48,0,77,8220,0,0
6,17,7,46,1,77,71,54,47,1,77,8173,0,0
6,17,8,44,2,77,71,54,46,2,77,8128,0,0
6,17,11,43,1,78,72,55,44,1,78,8240,0,0
6,17,12,41,2,78,72,55,43,2,78,8198,0,0
6,18,0,52,0,76,70,52,52,0,76,8167,0,0
6,18,1,50,1,76,70,52,51,1,76,8116,0,0
6,18,2,48,2,76,70,52,50,2,76,8067,0,0
6,18,4,49,0,77,71,53,49,0,77,8215,0,0
6,18,5,47,1,77,71,53,48,1,77,8167,0,0
6,18,6,45,2,77,71,53,47,2,77,8121,0,0
6,18,8,46,0,78,72,54,46,0,78,8275,0,0
6,18,9,44,1,78,72,54,45,1,78,8230,0,0
6,18,10,42,2,78,72,54,44,2,78,8187,0,0
6,18,14,39,2,79,73,55,41,2,79,8265,0,0
6,19,0,49,2,76,70,51,51,2,76,8066,0,0
6,19,2,50,0,77,71,52,50,0,77,8212,0,0
6,19,3,48,1,77,71,52,49,1,77,8163,0,0
6,19,4,46,2,77,71,52,48,2,77,8116,0,0
6,19,6,47,0,78,72,53,47,0,78,8268,0,0
6,19,7,45,1,78,72,53,46,1,78,8222,0,0
6,19,8,43,2,78,72,53,45,2,78,8178,0,0
6,19,12,40,2,79,73,54,42,2,79,8252,0,0
6,20,0,51,0,77,71,51,51,0,77,8211,0,0
6,20,1,49,1,77,71,51,50,1,77,8161,0,0
6,20,2,47,2,77,71,51,49,2,77,8113,0,0
6,20,4,48,0,78,72,52,48,0,78,8263,0,0
6,20,5,46,1,78,72,52,47,1,78,8216,0,0
6,20,6,44,2,78,72,52,46,2,78,8171,0,0
6,20,10,41,2,79,73,53,43,2,79,8241,0,0
6,21,0,48,2,77,71,50,50,2,77,8112,0,0
6,21,2,49,0,78,72,51,49,0,78,8260,0,0
6,21,3,47,1,78,72,51,48,1,78,8212,0,0
6,21,4,45,2,78,72,51,47,2,78,8166,0,0
6,21,7,44,1,79,73,52,45,1,79,8275,0,0
6,21,8,42,2,79,73,52,44,2,79,8232,0,0
6,22,0,50,0,78,72,50,50,0,78,8259,0,0
6,22,1,48,1,78,72,50,49,1,78,8210,0,0
6,22,2,46,2,78,72,50,48,2,78,8163,0,0
6,22,5,45,1,79,73,51,46,1,79,8269,0,0
6,22,6,43,2,79,73,51,45,2,79,8225,0,0
6,23,0,47,2,78,72,49,49,2,78,8162,0,0
6,23,3,46,1,79,73,50,47,1,79,8265,0,0
6,23,4,44,2,79,73,50,46,2,79,8220,0,0
6,24,1,47,1,79,73,49,48,1,79,8263,0,0
6,24,2,45,2,79,73,49,47,2,79,8217,0,0
6,25,0,46,2,79,73,48,48,2,79,8216,0,0
6,26,2,44,2,80,74,48,46,2,80,8275,0,0
6,27,0,45,2,80,74,47,47,2,80,8274,0,0
7,0,1,60,0,68,61,61,60,0,68,7958,0,0
7,0,2,58,1,68,61,61,59,1,68,7899,0,0
7,0,3,56,2,68,61,61,58,2,68,7842,0,0
7,0,5,57,0,69,62,62,57,0,69,7974,0,0
7,0,6,55,1,69,62,62,56,1,69,7918,0,0
7,0,7,53,2,69,62,62,55,2,69,7864,0,0
7,0,9,54,0,70,63,63,54,0,70,8002,0,0
7,0,10,52,1,70,63,63,53,1,70,7949,0,0
7,0,11,50,2,70,63,63,52,2,70,7898,0,0
7,0,13,51,0,71,64,64,51,0,71,8042,0,0
7,0,14,49,1,71,64,64,50,1,71,7992,0,0
7,0,15,47,2,71,64,64,49,2,71,7944,0,0
7,0,17,48,0,72,65,65,48,0,72,8094,0,0
7,0,18,46,1,72,65,65,47,1,72,8047,0,0
7,0,19,44,2,72,65,65,46,2,72,8002,0,0
7,0,21,45,0,73,66,66,45,0,73,8158,0,0
7,0,22,43,1,73,66,66,44,1,73,8114,0,0
7,0,23,41,2,73,66,66,43,2,73,8072,0,0
7,0,25,42,0,74,67,67,42,0,74,8234,0,0
7,0,26,40,1,74,67,67,41,1,74,8193,0,0
7,0,27,38,2,74,67,67,40,2,74,8154,0,0
7,0,31,35,2,75,68,68,37,2,75,8248,0,0
7,1,0,59,1,68,61,60,60,1,68,7898,0,0
7,1,1,57,2,68,61,60,59,2,68,7840,0,0
7,1,3,58,0,69,62,61,58,0,69,7970,0,0
7,1,4,56,1,69,62,61,57,1,69,7913,0,0
7,1,5,54,2,69,62,61,56,2,69,7858,0,0
7,1,7,55,0,70,63,62,55,0,70,7994,0,0
7,1,8,53,1,70,63,62,54,1,70,7940,0,0
7,1,9,51,2,70,63,62,53,2,70,7888,0,0
7,1,11,52,0,71,64,63,52,0,71,8030,0,0
7,1,12,50,1,71,64,63,51,1,71,7979,0,0
7,1,13,48,2,71,64,63,50,2,71,7930,0,0
7,1,15,49,0,72,65,64,49,0,72,8078,0,0
7,1,16,47,1,72,65,64,48,1,72,8030,0,0
7,1,17,45,2,72,65,64,47,2,72,7984,0,0
7,1,19,46,0,73,66,65,46,0,73,8138,0,0
7,1,20,44,1,73,66,65,45,1,73,8093,0,0
7,1,21,42,2,73,66,65,44,2,73,8050,0,0
7,1,23,43,0,74,67,66,43,0,74,8210,0,0
7,1,24,41,1,74,67,66,42,1,74,8168,0,0
7,1,25,39,2,74,67,66,41,2,74,8128,0,0
7,1,28,38,1,75,68,67,39,1,75,8255,1,0
7,1,29,36,2,75,68,67,38,2,75,8218,0,0
7,2,1,59,0,69,62,60,59,0,69,7968,0,0
7,2,2,57,1,69,62,60,58,1,69,7910,0,0
7,2,3,55,2,69,62,60,57,2,69,7854,0,0
7,2,5,56,0,70,63,61,56,0,70,7988,0,0
7,2,6,54,1,70,63,61,55,1,70,7933,0,0
7,2,7,52,2,70,63,61,54,2,70,7880,0,0
7,2,9,53,0,71,64,62,53,0,71,8020,0,0
7,2,10,51,1,71,64,62,52,1,71,7968,0,0
7,2,11,49,2,71,64,62,51,2,71,7918,0,0
7,2,13,50,0,72,65,63,50,0,72,8064,0,0
7,2,14,48,1,72,65,63,49,1,72,8015,0,0
7,2,15,46,2,72,65,63,48,2,72,7968,0,0
7,2,17,47,0,73,66,64,47,0,73,8120,0,0
7,2,18,45,1,73,66,64,46,1,73,8074,0,0
7,2,19,43,2,73,66,64,45,2,73,8030,0,0
7,2,21,44,0,74,67,65,44,0,74,8188,0,0
7,2,22,42,1,74,67,65,43,1,74,8145,0,0
7,2,23,40,2,74,67,65,42,2,74,8104,0,0
7,2,25,41,0,75,68,66,41,0,75,8268,0,0
7,2,26,39,1,75,68,66,40,1,75,8228,0,0
7,2,27,37,2,75,68,66,39,2,75,8190,0,0
7,3,0,58,1,69,62,59,59,1,69,7909,0,0
7,3,1,56,2,69,62,59,58,2,69,7852,0,0
7,3,3,57,0,70,63,60,57,0,70,7984,0,0
7,3,4,55,1,70,63,60,56,1,70,7928,0,0
7,3,5,53,2,70,63,60,55,2,70,7874,0,0
7,3,7,54,0,71,64,61,54,0,71,8012,0,0
7,3,8,52,1,71,64,61,53,1,71,7959,0,0
7,3,9,50,2,71,64,61,52,2,71,7908,0,0
7,3,11,51,0,72,65,62,51,0,72,8052,0,0
7,3,12,49,1,72,65,62,50,1,72,8002,0,0
7,3,13,47,2,72,65,62,49,2,72,7954,0,0
7,3,15,48,0,73,66,63,48,0,73,8104,0,0
7,3,16,46,1,73,66,63,47,1,73,8057,0,0
7,3,17,44,2,73,66,63,46,2,73,8012,0,0
7,3,19,45,0,74,67,64,45,0,74,8168,0,0
7,3,20,43,1,74,67,64,44,1,74,8124,0,0
7,3,21,41,2,74,67,64,43,2,74,8082,0,0
7,3,23,42,0,75,68,65,42,0,75,8244,0,0
7,3,24,40,1,75,68,65,41,1,75,8203,0,0
7,3,25,38,2,75,68,65,40,2,75,8164,0,0
7,3,29,35,2,76,69,66,37,2,76,8258,0,0
7,4,1,58,0,70,63,59,58,0,70,7982,0,0
7,4,2,56,1,70,63,59,57,1,70,7925,0,0
7,4,3,54,2,70,63,59,56,2,70,7870,0,0
7,4,5,55,0,71,64,60,55,0,71,8006,0,0
7,4,6,53,1,71,64,60,54,1,71,7952,0,0
7,4,7,51,2,71,64,60,53,2,71,7900,0,0
7,4,9,52,0,72,65,61,52,0,72,8042,0,0
7,4,10,50,1,72,65,61,51,1,72,7991,0,0
7,4,11,48,2,72,65,61,50,2,72,7942,0,0
7,4,13,49,0,73,66,62,49,0,73,8090,0,0
7,4,14,47,1,73,66,62,48,1,73,8042,0,0
7,4,15,45,2,73,66,62,47,2,73,7996,0,0
7,4,17,46,0,74,67,63,46,0,74,8150,0,0
7,4,18,44,1,74,67,63,45,1,74,8105,0,0
7,4,19,42,2,74,67,63,44,2,74,8062,0,0
7,4,21,43,0,75,68,64,43,0,75,8222,0,0
7,4,22,41,1,75,68,64,42,1,75,8180,0,0
7,4,23,39,2,75,68,64,41,2,75,8140,0,0
7,4,26,38,1,76,69,65,39,1,76,8267,1,0
7,4,27,36,2,76,69,65,38,2,76,8230,0,0
7,5,0,57,1,70,63,58,58,1,70,7924,0,0
7,5,1,55,2,70,63,58,57,2,70,7868,0,0
7,5,3,56,0,71,64,59,56,0,71,8002,0,0
7,5,4,54,1,71,64,59,55,1,71,7947,0,0
7,5,5,52,2,71,64,59,54,2,71,7894,0,0
7,5,7,53,0,72,65,60,53,0,72,8034,0,0
7,5,8,51,1,72,65,60,52,1,72,7982,0,0
7,5,9,49,2,72,65,60,51,2,72,7932,0,0
7,5,11,50,0,73,66,61,50,0,73,8078,0,0
7,5,12,48,1,73,66,61,49,1,73,8029,0,0
7,5,13,46,2,73,66,61,48,2,73,7982,0,0
7,5,15,47,0,74,67,62,47,0,74,8134,0,0
7,5,16,45,1,74,67,62,46,1,74,8088,0,0
7,5,17,43,2,74,67,62,45,2,74,8044,0,0
7,5,19,44,0,75,68,63,44,0,75,8202,0,0
7,5,20,42,1,75,68,63,43,1,75,8159,0,0
7,5,21,40,2,75,68,63,42,2,75,8118,0,0
7,5,24,39,1,76,69,64,40,1,76,8242,0,0
7,5,25,37,2,76,69,64,39,2,76,8204,0,0
7,6,1,57,0,71,64,58,57,0,71,8000,0,0
7,6,2,55,1,71,64,58,56,1,71,7944,0,0
7,6,3,53,2,71,64,58,55,2,71,7890,0,0
7,6,5,54,0,72,65,59,54,0,72,8028,0,0
7,6,6,52,1,72,65,59,53,1,72,7975,0,0
7,6,7,50,2,72,65,59,52,2,72,7924,0,0
7,6,9,51,0,73,66,60,51,0,73,8068,0,0
7,6,10,49,1,73,66,60,50,1,73,8018,0,0
7,6,11,47,2,73,66,60,49,2,73,7970,0,0
7,6,13,48,0,74,67,61,48,0,74,8120,0,0
7,6,14,46,1,74,67,61,47,1,74,8073,0,0
7,6,15,44,2,74,67,61,46,2,74,8028,0,0
7,6,17,45,0,75,68,62,45,0,75,8184,0,0
7,6,18,43,1,75,68,62,44,1,75,8140,0,0
7,6,19,41,2,75,68,62,43,2,75,8098,0,0
7,6,21,42,0,76,69,63,42,0,76,8260,0,0
7,6,22,40,1,76,69,63,41,1,76,8219,0,0
7,6,23,38,2,76,69,63,40,2,76,8180,0,0
7,6,27,35,2,77,70,64,37,2,77,8274,0,0
7,7,0,56,1,71,64,57,57,1,71,7943,0,0
7,7,1,54,2,71,64,57,56,2,71,7888,0,0
7,7,3,55,0,72,65,58,55,0,72,8024,0,0
7,7,4,53,1,72,65,58,54,1,72,7970,0,0
7,7,5,51,2,72,65,58,53,2,72,7918,0,0
7,7,7,52,0,73,66,59,52,0,73,8060,0,0
7,7,8,50,1,73,66,59,51,1,73,8009,0,0
7,7,9,48,2,73,66,59,50,2,73,7960,0,0
7,7,11,49,0,74,67,60,49,0,74,8108,0,0
7,7,12,47,1,74,67,60,48,1,74,8060,0,0
7,7,13,45,2,74,67,60,47,2,74,8014,0,0
7,7,15,46,0,75,68,61,46,0,75,8168,0,0
7,7,16,44,1,75,68,61,45,1,75,8123,0,0
7,7,17,42,2,75,68,61,44,2,75,8080,0,0
7,7,19,43,0,76,69,62,43,0,76,8240,0,0
7,7,20,41,1,76,69,62,42,1,76,8198,0,0
7,7,21,39,2,76,69,62,41,2,76,8158,0,0
7,7,25,36,2,77,70,63,38,2,77,8248,0,0
7,8,1,56,0,72,65,57,56,0,72,8022,0,0
7,8,2,54,1,72,65,57,55,1,72,7967,0,0
7,8,3,52,2,72,65,57,54,2,72,7914,0,0
7,8,5,53,0,73,66,58,53,0,73,8054,0,0
7,8,6,51,1,73,66,58,52,1,73,8002,0,0
7,8,7,49,2,73,66,58,51,2,73,7952,0,0
7,8,9,50,0,74,67,59,50,0,74,8098,0,0
7,8,10,48,1,74,67,59,49,1,74,8049,0,0
7,8,11,46,2,74,67,59,48,2,74,8002,0,0
7,8,13,47,0,75,68,60,47,0,75,8154,0,0
7,8,14,45,1,75,68,60,46,1,75,8108,0,0
7,8,15,43,2,75,68,60,45,2,75,8064,0,0
7,8,17,44,0,76,69,61,44,0,76,8222,0,0
7,8,18,42,1,76,69,61,43,1,76,8179,0,0
7,8,19,40,2,76,69,61,42,2,76,8138,0,0
7,8,22,39,1,77,70,62,40,1,77,8262,0,0
7,8,23,37,2,77,70,62,39,2,77,8224,0,0
7,9,0,55,1,72,65,56,56,1,72,7966,0,0
7,9,1,53,2,72,65,56,55,2,72,7912,0,0
7,9,3,54,0,73,66,57,54,0,73,8050,0,0
7,9,4,52,1,73,66,57,53,1,73,7997,0,0
7,9,5,50,2,73,66,57,52,2,73,7946,0,0
7,9,7,51,0,74,67,58,51,0,74,8090,0,0
7,9,8,49,1,74,67,58,50,1,74,8040,0,0
7,9,9,47,2,74,67,58,49,2,74,7992,0,0
7,9,11,48,0,75,68,59,48,0,75,8142,0,0
7,9,12,46,1,75,68,59,47,1,75,8095,0,0
7,9,13,44,2,75,68,59,46,2,75,8050,0,0
7,9,15,45,0,76,69,60,45,0,76,8206,0,0
7,9,16,43,1,76,69,60,44,1,76,8162,0,0
7,9,17,41,2,76,69,60,43,2,76,8120,0,0
7,9,20,40,1,77,70,61,41,1,77,8241,0,0
7,9,21,38,2,77,70,61,40,2,77,8202,0,0
7,10,1,55,0,73,66,56,55,0,73,8048,0,0
7,10,2,53,1,73,66,56,54,1,73,7994,0,0
7,10,3,51,2,73,66,56,53,2,73,7942,0,0
7,10,5,52,0,74,67,57,52,0,74,8084,0,0
7,10,6,50,1,74,67,57,51,1,74,8033,0,0
7,10,7,48,2,74,67,57,50,2,74,7984,0,0
7,10,9,49,0,75,68,58,49,0,75,8132,0,0
7,10,10,47,1,75,68,58,48,1,75,8084,0,0
7,10,11,45,2,75,68,58,47,2,75,8038,0,0
7,10,13,46,0,76,69,59,46,0,76,8192,0,0
7,10,14,44,1,76,69,59,45,1,76,8147,0,0
7,10,15,42,2,76,69,59,44,2,76,8104,0,0
7,10,17,43,0,77,70,60,43,0,77,8264,0,0
7,10,18,41,1,77,70,60,42,1,77,8222,0,0
7,10,19,39,2,77,70,60,41,2,77,8182,0,0
7,10,23,36,2,78,71,61,38,2,78,8272,0,0
7,11,0,54,1,73,66,55,55,1,73,7993,0,0
7,11,1,52,2,73,66,55,54,2,73,7940,0,0
7,11,3,53,0,74,67,56,53,0,74,8080,0,0
7,11,4,51,1,74,67,56,52,1,74,8028,0,0
7,11,5,49,2,74,67,56,51,2,74,7978,0,0
7,11,7,50,0,75,68,57,50,0,75,8124,0,0
7,11,8,48,1,75,68,57,49,1,75,8075,0,0
7,11,9,46,2,75,68,57,48,2,75,8028,0,0
7,11,11,47,0,76,69,58,47,0,76,8180,0,0
7,11,12,45,1,76,69,58,46,1,76,8134,0,0
7,11,13,43,2,76,69,58,45,2,76,8090,0,0
7,11,15,44,0,77,70,59,44,0,77,8248,0,0
7,11,16,42,1,77,70,59,43,1,77,8205,0,0
7,11,17,40,2,77,70,59,42,2,77,8164,0,0
7,11,21,37,2,78,71,60,39,2,78,8250,0,0
7,12,1,54,0,74,67,55,54,0,74,8078,0,0
7,12,2,52,1,74,67,55,53,1,74,8025,0,0
7,12,3,50,2,74,67,55,52,2,74,7974,0,0
7,12,5,51,0,75,68,56,51,0,75,8118,0,0
7,12,6,49,1,75,68,56,50,1,75,8068,0,0
7,12,7,47,2,75,68,56,49,2,75,8020,0,0
7,12,9,48,0,76,69,57,48,0,76,8170,0,0
7,12,10,46,1,76,69,57,47,1,76,8123,0,0
7,12,11,44,2,76,69,57,46,2,76,8078,0,0
7,12,13,45,0,77,70,58,45,0,77,8234,0,0
7,12,14,43,1,77,70,58,44,1,77,8190,0,0
7,12,15,41,2,77,70,58,43,2,77,8148,0,0
7,12,18,40,1,78,71,59,41,1,78,8269,0,0
7,12,19,38,2,78,71,59,40,2,78,8230,0,0
7,13,0,53,1,74,67,54,54,1,74,8024,0,0
7,13,1,51,2,74,67,54,53,2,74,7972,0,0
7,13,3,52,0,75,68,55,52,0,75,8114,0,0
7,13,4,50,1,75,68,55,51,1,75,8063,0,0
7,13,5,48,2,75,68,55,50,2,75,8014,0,0
7,13,7,49,0,76,69,56,49,0,76,8162,0,0
7,13,8,47,1,76,69,56,48,1,76,8114,0,0
7,13,9,45,2,76,69,56,47,2,76,8068,0,0
7,13,11,46,0,77,70,57,46,0,77,8222,0,0
7,13,12,44,1,77,70,57,45,1,77,8177,0,0
7,13,13,42,2,77,70,57,44,2,77,8134,0,0
7,13,16,41,1,78,71,58,42,1,78,8252,0,0
7,13,17,39,2,78,71,58,41,2,78,8212,0,0
7,14,1,53,0,75,68,54,53,0,75,8112,0,0
7,14,2,51,1,75,68,54,52,1,75,8060,0,0
7,14,3,49,2,75,68,54,51,2,75,8010,0,0
7,14,5,50,0,76,69,55,50,0,76,8156,0,0
7,14,6,48,1,76,69,55,49,1,76,8107,0,0
7,14,7,46,2,76,69,55,48,2,76,8060,0,0
7,14,9,47,0,77,70,56,47,0,77,8212,0,0
7,14,10,45,1,77,70,56,46,1,77,8166,0,0
7,14,11,43,2,77,70,56,45,2,77,8122,0,0
7,14,14,42,1,78,71,57,43,1,78,8237,0,0
7,14,15,40,2,78,71,57,42,2,78,8196,0,0
7,15,0,52,1,75,68,53,53,1,75,8059,0,0
7,15,1,50,2,75,68,53,52,2,75,8008,0,0
7,15,3,51,0,76,69,54,51,0,76,8152,0,0
7,15,4,49,1,76,69,54,50,1,76,8102,0,0
7,15,5,47,2,76,69,54,49,2,76,8054,0,0
7,15,7,48,0,77,70,55,48,0,77,8204,0,0
7,15,8,46,1,77,70,55,47,1,77,8157,0,0
7,15,9,44,2,77,70,55,46,2,77,8112,0,0
7,15,11,45,0,78,71,56,45,0,78,8268,0,0
7,15,12,43,1,78,71,56,44,1,78,8224,0,0
7,15,13,41,2,78,71,56,43,2,78,8182,0,0
7,15,17,38,2,79,72,57,40,2,79,8264,0,0
7,16,1,52,0,76,69,53,52,0,76,8150,0,0
7,16,2,50,1,76,69,53,51,1,76,8099,0,0
7,16,3,48,2,76,69,53,50,2,76,8050,0,0
7,16,5,49,0,77,70,54,49,0,77,8198,0,0
7,16,6,47,1,77,70,54,48,1,77,8150,0,0
7,16,7,45,2,77,70,54,47,2,77,8104,0,0
7,16,9,46,0,78,71,55,46,0,78,8258,0,0
7,16,10,44,1,78,71,55,45,1,78,8213,0,0
7,16,11,42,2,78,71,55,44,2,78,8170,0,0
7,16,15,39,2,79,72,56,41,2,79,8248,0,0
7,17,0,51,1,76,69,52,52,1,76,8098,0,0
7,17,1,49,2,76,69,52,51,2,76,8048,0,0
7,17,3,50,0,77,70,53,50,0,77,8194,0,0
7,17,4,48,1,77,70,53,49,1,77,8145,0,0
7,17,5,46,2,77,70,53,48,2,77,8098,0,0
7,17,7,47,0,78,71,54,47,0,78,8250,0,0
7,17,8,45,1,78,71,54,46,1,78,8204,0,0
7,17,9,43,2,78,71,54,45,2,78,8160,0,0
7,17,12,42,1,79,72,55,43,1,79,8275,0,0
7,17,13,40,2,79,72,55,42,2,79,8234,0,0
7,18,1,51,0,77,70,52,51,0,77,8192,0,0
7,18,2,49,1,77,70,52,50,1,77,8142,0,0
7,18,3,47,2,77,70,52,49,2,77,8094,0,0
7,18,5,48,0,78,71,53,48,0,78,8244,0,0
7,18,6,46,1,78,71,53,47,1,78,8197,0,0
7,18,7,44,2,78,71,53,46,2,78,8152,0,0
7,18,10,43,1,79,72,54,44,1,79,8264,0,0
7,18,11,41,2,79,72,54,43,2,79,8222,0,0
7,19,0,50,1,77,70,51,51,1,77,8141,0,0
7,19,1,48,2,77,70,51,50,2,77,8092,0,0
7,19,3,49,0,78,71,52,49,0,78,8240,0,0
7,19,4,47,1,78,71,52,48,1,78,8192,0,0
7,19,5,45,2,78,71,52,47,2,78,8146,0,0
7,19,8,44,1,79,72,53,45,1,79,8255,0,0
7,19,9,42,2,79,72,53,44,2,79,8212,0,0
7,20,1,50,0,78,71,51,50,0,78,8238,0,0
7,20,2,48,1,78,71,51,49,1,78,8189,0,0
7,20,3,46,2,78,71,51,48,2,78,8142,0,0
7,20,6,45,1,79,72,52,46,1,79,8248,0,0
7,20,7,43,2,79,72,52,45,2,79,8204,0,0
7,21,0,49,1,78,71,50,50,1,78,8188,0,0
7,21,1,47,2,78,71,50,49,2,78,8140,0,0
7,21,4,46,1,79,72,51,47,1,79,8243,0,0
7,21,5,44,2,79,72,51,46,2,79,8198,0,0
7,21,9,41,2,80,73,52,43,2,80,8268,0,0
7,22,2,47,1,79,72,50,48,1,79,8240,0,0
7,22,3,45,2,79,72,50,47,2,79,8194,0,0
7,22,7,42,2,80,73,51,44,2,80,8260,0,0
7,23,0,48,1,79,72,49,49,1,79,8239,0,0
7,23,1,46,2,79,72,49,48,2,79,8192,0,0
7,23,5,43,2,80,73,50,45,2,80,8254,0,0
7,24,3,44,2,80,73,49,46,2,80,8250,0,0
7,25,1,45,2,80,73,48,47,2,80,8248,0,0
8,0,0,58,2,68,60,60,60,2,68,7839,0,0
8,0,2,59,0,69,61,61,59,0,69,7967,0,0
8,0,3,57,1,69,61,61,58,1,69,7909,0,0
8,0,4,55,2,69,61,61,57,2,69,7853,0,0
8,0,6,56,0,70,62,62,56,0,70,7987,0,0
8,0,7,54,1,70,62,62,55,1,70,7932,0,0
8,0,8,52,2,70,62,62,54,2,70,7879,0,0
8,0,10,53,0,71,63,63,53,0,71,8019,0,0
8,0,11,51,1,71,63,63,52,1,71,7967,0,0
8,0,12,49,2,71,63,63,51,2,71,7917,0,0
8,0,14,50,0,72,64,64,50,0,72,8063,0,0
8,0,15,48,1,72,64,64,49,1,72,8014,0,0
8,0,16,46,2,72,64,64,48,2,72,7967,0,0
8,0,18,47,0,73,65,65,47,0,73,8119,0,0
8,0,19,45,1,73,65,65,46,1,73,8073,0,0
8,0,20,43,2,73,65,65,45,2,73,8029,0,0
8,0,22,44,0,74,66,66,44,0,74,8187,0,0
8,0,23,42,1,74,66,66,43,1,74,8144,0,0
8,0,24,40,2,74,66,66,42,2,74,8103,0,0
8,0,26,41,0,75,67,67,41,0,75,8267,0,0
8,0,27,39,1,75,67,67,40,1,75,8227,0,0
8,0,28,37,2,75,67,67,39,2,75,8189,0,0
8,1,0,60,0,69,61,60,60,0,69,7966,0,0
8,1,1,58,1,69,61,60,59,1,69,7907,0,0
8,1,2,56,2,69,61,60,58,2,69,7850,0,0
8,1,4,57,0,70,62,61,57,0,70,7982,0,0
8,1,5,55,1,70,62,61,56,1,70,7926,0,0
8,1,6,53,2,70,62,61,55,2,70,7872,0,0
8,1,8,54,0,71,63,62,54,0,71,8010,0,0
8,1,9,52,1,71,63,62,53,1,71,7957,0,0
8,1,10,50,2,71,63,62,52,2,71,7906,0,0
8,1,12,51,0,72,64,63,51,0,72,8050,0,0
8,1,13,49,1,72,64,63,50,1,72,8000,0,0
8,1,14,47,2,72,64,63,49,2,72,7952,0,0
8,1,16,48,0,73,65,64,48,0,73,8102,0,0
8,1,17,46,1,73,65,64,47,1,73,8055,0,0
8,1,18,44,2,73,65,64,46,2,73,8010,0,0
8,1,20,45,0,74,66,65,45,0,74,8166,0,0
8,1,21,43,1,74,66,65,44,1,74,8122,0,0
8,1,22,41,2,74,66,65,43,2,74,8080,0,0
8,1,24,42,0,75,67,66,42,0,75,8242,0,0
8,1,25,40,1,75,67,66,41,1,75,8201,0,0
8,1,26,38,2,75,67,66,40,2,75,8162,0,0
8,1,30,35,2,76,68,67,37,2,76,8256,0,0
8,2,0,57,2,69,61,59,59,2,69,7849,0,0
8,2,2,58,0,70,62,60,58,0,70,7979,0,0
8,2,3,56,1,70,62,60,57,1,70,7922,0,0
8,2,4,54,2,70,62,60,56,2,70,7867,0,0
8,2,6,55,0,71,63,61,55,0,71,8003,0,0
8,2,7,53,1,71,63,61,54,1,71,7949,0,0
8,2,8,51,2,71,63,61,53,2,71,7897,0,0
8,2,10,52,0,72,64,62,52,0,72,8039,0,0
8,2,11,50,1,72,64,62,51,1,72,7988,0,0
8,2,12,48,2,72,64,62,50,2,72,7939,0,0
8,2,14,49,0,73,65,63,49,0,73,8087,0,0
8,2,15,47,1,73,65,63,48,1,73,8039,0,0
8,2,16,45,2,73,65,63,47,2,73,7993,0,0
8,2,18,46,0,74,66,64,46,0,74,8147,0,0
8,2,19,44,1,74,66,64,45,1,74,8102,0,0
8,2,20,42,2,74,66,64,44,2,74,8059,0,0
8,2,22,43,0,75,67,65,43,0,75,8219,0,0
8,2,23,41,1,75,67,65,42,1,75,8177,0,0
8,2,24,39,2,75,67,65,41,2,75,8137,0,0
8,2,27,38,1,76,68,66,39,1,76,8264,1,0
8,2,28,36,2,76,68,66,38,2,76,8227,0,0
8,3,0,59,0,70,62,59,59,0,70,7978,0,0
8,3,1,57,1,70,62,59,58,1,70,7920,0,0
8,3,2,55,2,70,62,59,57,2,70,7864,0,0
8,3,4,56,0,71,63,60,56,0,71,7998,0,0
8,3,5,54,1,71,63,60,55,1,71,7943,0,0
8,3,6,52,2,71,63,60,54,2,71,7890,0,0
8,3,8,53,0,72,64,61,53,0,72,8030,0,0
8,3,9,51,1,72,64,61,52,1,72,7978,0,0
8,3,10,49,2,72,64,61,51,2,72,7928,0,0
8,3,12,50,0,73,65,62,50,0,73,8074,0,0
8,3,13,48,1,73,65,62,49,1,73,8025,0,0
8,3,14,46,2,73,65,62,48,2,73,7978,0,0
8,3,16,47,0,74,66,63,47,0,74,8130,0,0
8,3,17,45,1,74,66,63,46,1,74,8084,0,0
8,3,18,43,2,74,66,63,45,2,74,8040,0,0
8,3,20,44,0,75,67,64,44,0,75,8198,0,0
8,3,21,42,1,75,67,64,43,1,75,8155,0,0
8,3,22,40,2,75,67,64,42,2,75,8114,0,0
8,3,25,39,1,76,68,65,40,1,76,8238,0,0
8,3,26,37,2,76,68,65,39,2,76,8200,0,0
8,4,0,56,2,70,62,58,58,2,70,7863,0,0
8,4,2,57,0,71,63,59,57,0,71,7995,0,0
8,4,3,55,1,71,63,59,56,1,71,7939,0,0
8,4,4,53,2,71,63,59,55,2,71,7885,0,0
8,4,6,54,0,72,64,60,54,0,72,8023,0,0
8,4,7,52,1,72,64,60,53,1,72,7970,0,0
8,4,8,50,2,72,64,60,52,2,72,7919,0,0
8,4,10,51,0,73,65,61,51,0,73,8063,0,0
8,4,11,49,1,73,65,61,50,1,73,8013,0,0
8,4,12,47,2,73,65,61,49,2,73,7965,0,0
8,4,14,48,0,74,66,62,48,0,74,8115,0,0
8,4,15,46,1,74,66,62,47,1,74,8068,0,0
8,4,16,44,2,74,66,62,46,2,74,8023,0,0
8,4,18,45,0,75,67,63,45,0,75,8179,0,0
8,4,19,43,1,75,67,63,44,1,75,8135,0,0
8,4,20,41,2,75,67,63,43,2,75,8093,0,0
8,4,22,42,0,76,68,64,42,0,76,8255,0,0
8,4,23,40,1,76,68,64,41,1,76,8214,0,0
8,4,24,38,2,76,68,64,40,2,76,8175,0,0
8,4,28,35,2,77,69,65,37,2,77,8269,0,0
8,5,0,58,0,71,63,58,58,0,71,7994,0,0
8,5,1,56,1,71,63,58,57,1,71,7937,0,0
8,5,2,54,2,71,63,58,56,2,71,7882,0,0
8,5,4,55,0,72,64,59,55,0,72,8018,0,0
8,5,5,53,1,72,64,59,54,1,72,7964,0,0
8,5,6,51,2,72,64,59,53,2,72,7912,0,0
8,5,8,52,0,73,65,60,52,0,73,8054,0,0
8,5,9,50,1,73,65,60,51,1,73,8003,0,0
8,5,10,48,2,73,65,60,50,2,73,7954,0,0
8,5,12,49,0,74,66,61,49,0,74,8102,0,0
8,5,13,47,1,74,66,61,48,1,74,8054,0,0
8,5,14,45,2,74,66,61,47,2,74,8008,0,0
8,5,16,46,0,75,67,62,46,0,75,8162,0,0
8,5,17,44,1,75,67,62,45,1,75,8117,0,0
8,5,18,42,2,75,67,62,44,2,75,8074,0,0
8,5,20,43,0,76,68,63,43,0,76,8234,0,0
8,5,21,41,1,76,68,63,42,1,76,8192,0,0
8,5,22,39,2,76,68,63,41,2,76,8152,0,0
8,5,26,36,2,77,69,64,38,2,77,8242,0,0
8,6,0,55,2,71,63,57,57,2,71,7881,0,0
8,6,2,56,0,72,64,58,56,0,72,8015,0,0
8,6,3,54,1,72,64,58,55,1,72,7960,0,0
8,6,4,52,2,72,64,58,54,2,72,7907,0,0
8,6,6,53,0,73,65,59,53,0,73,8047,0,0
8,6,7,51,1,73,65,59,52,1,73,7995,0,0
8,6,8,49,2,73,65,59,51,2,73,7945,0,0
8,6,10,50,0,74,66,60,50,0,74,8091,0,0
8,6,11,48,1,74,66,60,49,1,74,8042,0,0
8,6,12,46,2,74,66,60,48,2,74,7995,0,0
8,6,14,47,0,75,67,61,47,0,75,8147,0,0
8,6,15,45,1,75,67,61,46,1,75,8101,0,0
8,6,16,43,2,75,67,61,45,2,75,8057,0,0
8,6,18,44,0,76,68,62,44,0,76,8215,0,0
8,6,19,42,1,76,68,62,43,1,76,8172,0,0
8,6,20,40,2,76,68,62,42,2,76,8131,0,0
8,6,23,39,1,77,69,63,40,1,77,8255,0,0
8,6,24,37,2,77,69,63,39,2,77,8217,0,0
8,7,0,57,0,72,64,57,57,0,72,8014,0,0
8,7,1,55,1,72,64,57,56,1,72,7958,0,0
8,7,2,53,2,72,64,57,55,2,72,7904,0,0
8,7,4,54,0,73,65,58,54,0,73,8042,0,0
8,7,5,52,1,73,65,58,53,1,73,7989,0,0
8,7,6,50,2,73,65,58,52,2,73,7938,0,0
8,7,8,51,0,74,66,59,51,0,74,8082,0,0
8,7,9,49,1,74,66,59,50,1,74,8032,0,0
8,7,10,47,2,74,66,59,49,2,74,7984,0,0
8,7,12,48,0,75,67,60,48,0,75,8134,0,0
8,7,13,46,1,75,67,60,47,1,75,8087,0,0
8,7,14,44,2,75,67,60,46,2,75,8042,0,0
8,7,16,45,0,76,68,61,45,0,76,8198,0,0
8,7,17,43,1,76,68,61,44,1,76,8154,0,0
8,7,18,41,2,76,68,61,43,2,76,8112,0,0
8,7,20,42,0,77,69,62,42,0,77,8274,0,0
8,7,21,40,1,77,69,62,41,1,77,8233,0,0
8,7,22,38,2,77,69,62,40,2,77,8194,0,0
8,8,0,54,2,72,64,56,56,2,72,7903,0,0
8,8,2,55,0,73,65,57,55,0,73,8039,0,0
8,8,3,53,1,73,65,57,54,1,73,7985,0,0
8,8,4,51,2,73,65,57,53,2,73,7933,0,0
8,8,6,52,0,74,66,58,52,0,74,8075,0,0
8,8,7,50,1,74,66,58,51,1,74,8024,0,0
8,8,8,48,2,74,66,58,50,2,74,7975,0,0
8,8,10,49,0,75,67,59,49,0,75,8123,0,0
8,8,11,47,1,75,67,59,48,1,75,8075,0,0
8,8,12,45,2,75,67,59,47,2,75,8029,0,0
8,8,14,46,0,76,68,60,46,0,76,8183,0,0
8,8,15,44,1,76,68,60,45,1,76,8138,0,0
8,8,16,42,2,76,68,60,44,2,76,8095,0,0
8,8,18,43,0,77,69,61,43,0,77,8255,0,0
8,8,19,41,1,77,69,61,42,1,77,8213,0,0
8,8,20,39,2,77,69,61,41,2,77,8173,0,0
8,8,24,36,2,78,70,62,38,2,78,8263,0,0
8,9,0,56,0,73,65,56,56,0,73,8038,0,0
8,9,1,54,1,73,65,56,55,1,73,7983,0,0
8,9,2,52,2,73,65,56,54,2,73,7930,0,0
8,9,4,53,0,74,66,57,53,0,74,8070,0,0
8,9,5,51,1,74,66,57,52,1,74,8018,0,0
8,9,6,49,2,74,66,57,51,2,74,7968,0,0
8,9,8,50,0,75,67,58,50,0,75,8114,0,0
8,9,9,48,1,75,67,58,49,1,75,8065,0,0
8,9,10,46,2,75,67,58,48,2,75,8018,0,0
8,9,12,47,0,76,68,59,47,0,76,8170,0,0
8,9,13,45,1,76,68,59,46,1,76,8124,0,0
8,9,14,43,2,76,68,59,45,2,76,8080,0,0
8,9,16,44,0,77,69,60,44,0,77,8238,0,0
8,9,17,42,1,77,69,60,43,1,77,8195,0,0
8,9,18,40,2,77,69,60,42,2,77,8154,0,0
8,9,22,37,2,78,70,61,39,2,78,8240,0,0
8,10,0,53,2,73,65,55,55,2,73,7929,0,0
8,10,2,54,0,74,66,56,54,0,74,8067,0,0
8,10,3,52,1,74,66,56,53,1,74,8014,0,0
8,10,4,50,2,74,66,56,52,2,74,7963,0,0
8,10,6,51,0,75,67,57,51,0,75,8107,0,0
8,10,7,49,1,75,67,57,50,1,75,8057,0,0
8,10,8,47,2,75,67,57,49,2,75,8009,0,0
8,10,10,48,0,76,68,58,48,0,76,8159,0,0
8,10,11,46,1,76,68,58,47,1,76,8112,0,0
8,10,12,44,2,76,68,58,46,2,76,8067,0,0
8,10,14,45,0,77,69,59,45,0,77,8223,0,0
8,10,15,43,1,77,69,59,44,1,77,8179,0,0
8,10,16,41,2,77,69,59,43,2,77,8137,0,0
8,10,19,40,1,78,70,60,41,1,78,8258,0,0
8,10,20,38,2,78,70,60,40,2,78,8219,0,0
8,11,0,55,0,74,66,55,55,0,74,8066,0,0
8,11,1,53,1,74,66,55,54,1,74,8012,0,0
8,11,2,51,2,74,66,55,53,2,74,7960,0,0
8,11,4,52,0,75,67,56,52,0,75,8102,0,0
8,11,5,50,1,75,67,56,51,1,75,8051,0,0
8,11,6,48,2,75,67,56,50,2,75,8002,0,0
8,11,8,49,0,76,68,57,49,0,76,8150,0,0
8,11,9,47,1,76,68,57,48,1,76,8102,0,0
8,11,10,45,2,76,68,57,47,2,76,8056,0,0
8,11,12,46,0,77,69,58,46,0,77,8210,0,0
8,11,13,44,1,77,69,58,45,1,77,8165,0,0
8,11,14,42,2,77,69,58,44,2,77,8122,0,0
8,11,17,41,1,78,70,59,42,1,78,8240,0,0
8,11,18,39,2,78,70,59,41,2,78,8200,0,0
8,12,0,52,2,74,66,54,54,2,74,7959,0,0
8,12,2,53,0,75,67,55,53,0,75,8099,0,0
8,12,3,51,1,75,67,55,52,1,75,8047,0,0
8,12,4,49,2,75,67,55,51,2,75,7997,0,0
8,12,6,50,0,76,68,56,50,0,76,8143,0,0
8,12,7,48,1,76,68,56,49,1,76,8094,0,0
8,12,8,46,2,76,68,56,48,2,76,8047,0,0
8,12,10,47,0,77,69,57,47,0,77,8199,0,0
8,12,11,45,1,77,69,57,46,1,77,8153,0,0
8,12,12,43,2,77,69,57,45,2,77,8109,0,0
8,12,14,44,0,78,70,58,44,0,78,8267,0,0
8,12,15,42,1,78,70,58,43,1,78,8224,0,0
8,12,16,40,2,78,70,58,42,2,78,8183,0,0
8,12,20,37,2,79,71,59,39,2,79,8269,0,0
8,13,0,54,0,75,67,54,54,0,75,8098,0,0
8,13,1,52,1,75,67,54,53,1,75,8045,0,0
8,13,2,50,2,75,67,54,52,2,75,7994,0,0
8,13,4,51,0,76,68,55,51,0,76,8138,0,0
8,13,5,49,1,76,68,55,50,1,76,8088,0,0
8,13,6,47,2,76,68,55,49,2,76,8040,0,0
8,13,8,48,0,77,69,56,48,0,77,8190,0,0
8,13,9,46,1,77,69,56,47,1,77,8143,0,0
8,13,10,44,2,77,69,56,46,2,77,8098,0,0
8,13,12,45,0,78,70,57,45,0,78,8254,0,0
8,13,13,43,1,78,70,57,44,1,78,8210,0,0
8,13,14,41,2,78,70,57,43,2,78,8168,0,0
8,13,18,38,2,79,71,58,40,2,79,8250,0,0
8,14,0,51,2,75,67,53,53,2,75,7993,0,0
8,14,2,52,0,76,68,54,52,0,76,8135,0,0
8,14,3,50,1,76,68,54,51,1,76,8084,0,0
8,14,4,48,2,76,68,54,50,2,76,8035,0,0
8,14,6,49,0,77,69,55,49,0,77,8183,0,0
8,14,7,47,1,77,69,55,48,1,77,8135,0,0
8,14,8,45,2,77,69,55,47,2,77,8089,0,0
8,14,10,46,0,78,70,56,46,0,78,8243,0,0
8,14,11,44,1,78,70,56,45,1,78,8198,0,0
8,14,12,42,2,78,70,56,44,2,78,8155,0,0
8,14,15,41,1,79,71,57,42,1,79,8273,0,0
8,14,16,39,2,79,71,57,41,2,79,8233,0,0
8,15,0,53,0,76,68,53,53,0,76,8134,0,0
8,15,1,51,1,76,68,53,52,1,76,8082,0,0
8,15,2,49,2,76,68,53,51,2,76,8032,0,0
8,15,4,50,0,77,69,54,50,0,77,8178,0,0
8,15,5,48,1,77,69,54,49,1,77,8129,0,0
8,15,6,46,2,77,69,54,48,2,77,8082,0,0
8,15,8,47,0,78,70,55,47,0,78,8234,0,0
8,15,9,45,1,78,70,55,46,1,78,8188,0,0
8,15,10,43,2,78,70,55,45,2,78,8144,0,0
8,15,13,42,1,79,71,56,43,1,79,8259,0,0
8,15,14,40,2,79,71,56,42,2,79,8218,0,0
8,16,0,50,2,76,68,52,52,2,76,8031,0,0
8,16,2,51,0,77,69,53,51,0,77,8175,0,0
8,16,3,49,1,77,69,53,50,1,77,8125,0,0
8,16,4,47,2,77,69,53,49,2,77,8077,0,0
8,16,6,48,0,78,70,54,48,0,78,8227,0,0
8,16,7,46,1,78,70,54,47,1,78,8180,0,0
8,16,8,44,2,78,70,54,46,2,78,8135,0,0
8,16,11,43,1,79,71,55,44,1,79,8247,0,0
8,16,12,41,2,79,71,55,43,2,79,8205,0,0
8,17,0,52,0,77,69,52,52,0,77,8174,0,0
8,17,1,50,1,77,69,52,51,1,77,8123,0,0
8,17,2,48,2,77,69,52,50,2,77,8074,0,0
8,17,4,49,0,78,70,53,49,0,78,8222,0,0
8,17,5,47,1,78,70,53,48,1,78,8174,0,0
8,17,6,45,2,78,70,53,47,2,78,8128,0,0
8,17,9,44,1,79,71,54,45,1,79,8237,0,0
8,17,10,42,2,79,71,54,44,2,79,8194,0,0
8,17,14,39,2,80,72,55,41,2,80,8272,0,0
8,18,0,49,2,77,69,51,51,2,77,8073,0,0
8,18,2,50,0,78,70,52,50,0,78,8219,0,0
8,18,3,48,1,78,70,52,49,1,78,8170,0,0
8,18,4,46,2,78,70,52,48,2,78,8123,0,0
8,18,6,47,0,79,71,53,47,0,79,8275,0,0
8,18,7,45,1,79,71,53,46,1,79,8229,0,0
8,18,8,43,2,79,71,53,45,2,79,8185,0,0
8,18,12,40,2,80,72,54,42,2,80,8259,0,0
8,19,0,51,0,78,70,51,51,0,78,8218,0,0
8,19,1,49,1,78,70,51,50,1,78,8168,0,0
8,19,2,47,2,78,70,51,49,2,78,8120,0,0
8,19,4,48,0,79,71,52,48,0,79,8270,0,0
8,19,5,46,1,79,71,52,47,1,79,8223,0,0
8,19,6,44,2,79,71,52,46,2,79,8178,0,0
8,19,10,41,2,80,72,53,43,2,80,8248,0,0
8,20,0,48,2,78,70,50,50,2,78,8119,0,0
8,20,2,49,0,79,71,51,49,0,79,8267,0,0
8,20,3,47,1,79,71,51,48,1,79,8219,0,0
8,20,4,45,2,79,71,51,47,2,79,8173,0,0
8,20,8,42,2,80,72,52,44,2,80,8239,0,0
8,21,0,50,0,79,71,50,50,0,79,8266,0,0
8,21,1,48,1,79,71,50,49,1,79,8217,0,0
8,21,2,46,2,79,71,50,48,2,79,8170,0,0
8,21,5,45,1,80,72,51,46,1,80,8276,0,0
8,21,6,43,2,80,72,51,45,2,80,8232,0,0
8,22,0,47,2,79,71,49,49,2,79,8169,0,0
8,22,3,46,1,80,72,50,47,1,80,8272,0,0
8,22,4,44,2,80,72,50,46,2,80,8227,0,0
8,23,1,47,1,80,72,49,48,1,80,8270,0,0
8,23,2,45,2,80,72,49,47,2,80,8224,0,0
8,24,0,46,2,80,72,48,48,2,80,8223,0,0
9,0,0,59,1,69,60,60,60,1,69,7906,0,0
9,0,1,57,2,69,60,60,59,2,69,7848,0,0
9,0,3,58,0,70,61,61,58,0,70,7978,0,0
9,0,4,56,1,70,61,61,57,1,70,7921,0,0
9,0,5,54,2,70,61,61,56,2,70,7866,0,0
9,0,7,55,0,71,62,62,55,0,71,8002,0,0
9,0,8,53,1,71,62,62,54,1,71,7948,0,0
9,0,9,51,2,71,62,62,53,2,71,7896,0,0
9,0,11,52,0,72,63,63,52,0,72,8038,0,0
9,0,12,50,1,72,63,63,51,1,72,7987,0,0
9,0,13,48,2,72,63,63,50,2,72,7938,0,0
9,0,15,49,0,73,64,64,49,0,73,8086,0,0
9,0,16,47,1,73,64,64,48,1,73,8038,0,0
9,0,17,45,2,73,64,64,47,2,73,7992,0,0
9,0,19,46,0,74,65,65,46,0,74,8146,0,0
9,0,20,44,1,74,65,65,45,1,74,8101,0,0
9,0,21,42,2,74,65,65,44,2,74,8058,0,0
9,0,23,43,0,75,66,66,43,0,75,8218,0,0
9,0,24,41,1,75,66,66,42,1,75,8176,0,0
9,0,25,39,2,75,66,66,41,2,75,8136,0,0
9,0,28,38,1,76,67,67,39,1,76,8263,1,0
9,0,29,36,2,76,67,67,38,2,76,8226,0,0
9,1,1,59,0,70,61,60,59,0,70,7976,0,0
9,1,2,57,1,70,61,60,58,1,70,7918,0,0
9,1,3,55,2,70,61,60,57,2,70,7862,0,0
9,1,5,56,0,71,62,61,56,0,71,7996,0,0
9,1,6,54,1,71,62,61,55,1,71,7941,0,0
9,1,7,52,2,71,62,61,54,2,71,7888,0,0
9,1,9,53,0,72,63,62,53,0,72,8028,0,0
9,1,10,51,1,72,63,62,52,1,72,7976,0,0
9,1,11,49,2,72,63,62,51,2,72,7926,0,0
9,1,13,50,0,73,64,63,50,0,73,8072,0,0
9,1,14,48,1,73,64,63,49,1,73,8023,0,0
9,1,15,46,2,73,64,63,48,2,73,7976,0,0
9,1,17,47,0,74,65,64,47,0,74,8128,0,0
9,1,18,45,1,74,65,64,46,1,74,8082,0,0
9,1,19,43,2,74,65,64,45,2,74,8038,0,0
9,1,21,44,0,75,66,65,44,0,75,8196,0,0
9,1,22,42,1,75,66,65,43,1,75,8153,0,0
9,1,23,40,2,75,66,65,42,2,75,8112,0,0
9,1,25,41,0,76,67,66,41,0,76,8276,0,0
9,1,26,39,1,76,67,66,40,1,76,8236,0,0
9,1,27,37,2,76,67,66,39,2,76,8198,0,0
9,2,0,58,1,70,61,59,59,1,70,7917,0,0
9,2,1,56,2,70,61,59,58,2,70,7860,0,0
9,2,3,57,0,71,62,60,57,0,71,7992,0,0
9,2,4,55,1,71,62,60,56,1,71,7936,0,0
9,2,5,53,2,71,62,60,55,2,71,7882,0,0
9,2,7,54,0,72,63,61,54,0,72,8020,0,0
9,2,8,52,1,72,63,61,53,1,72,7967,0,0
9,2,9,50,2,72,63,61,52,2,72,7916,0,0
9,2,11,51,0,73,64,62,51,0,73,8060,0,0
9,2,12,49,1,73,64,62,50,1,73,8010,0,0
9,2,13,47,2,73,64,62,49,2,73,7962,0,0
9,2,15,48,0,74,65,63,48,0,74,8112,0,0
9,2,16,46,1,74,65,63,47,1,74,8065,0,0
9,2,17,44,2,74,65,63,46,2,74,8020,0,0
9,2,19,45,0,75,66,64,45,0,75,8176,0,0
9,2,20,43,1,75,66,64,44,1,75,8132,0,0
9,2,21,41,2,75,66,64,43,2,75,8090,0,0
9,2,23,42,0,76,67,65,42,0,76,8252,0,0
9,2,24,40,1,76,67,65,41,1,76,8211,0,0
9,2,25,38,2,76,67,65,40,2,76,8172,0,0
9,2,29,35,2,77,68,66,37,2,77,8266,0,0
9,3,1,58,0,71,62,59,58,0,71,7990,0,0
9,3,2,56,1,71,62,59,57,1,71,7933,0,0
9,3,3,54,2,71,62,59,56,2,71,7878,0,0
9,3,5,55,0,72,63,60,55,0,72,8014,0,0
9,3,6,53,1,72,63,60,54,1,72,7960,0,0
9,3,7,51,2,72,63,60,53,2,72,7908,0,0
9,3,9,52,0,73,64,61,52,0,73,8050,0,0
9,3,10,50,1,73,64,61,51,1,73,7999,0,0
9,3,11,48,2,73,64,61,50,2,73,7950,0,0
9,3,13,49,0,74,65,62,49,0,74,8098,0,0
9,3,14,47,1,74,65,62,48,1,74,8050,0,0
9,3,15,45,2,74,65,62,47,2,74,8004,0,0
9,3,17,46,0,75,66,63,46,0,75,8158,0,0
9,3,18,44,1,75,66,63,45,1,75,8113,0,0
9,3,19,42,2,75,66,63,44,2,75,8070,0,0
9,3,21,43,0,76,67,64,43,0,76,8230,0,0
9,3,22,41,1,76,67,64,42,1,76,8188,0,0
9,3,23,39,2,76,67,64,41,2,76,8148,0,0
9,3,26,38,1,77,68,65,39,1,77,8275,1,0
9,3,27,36,2,77,68,65,38,2,77,8238,0,0
9,4,0,57,1,71,62,58,58,1,71,7932,0,0
9,4,1,55,2,71,62,58,57,2,71,7876,0,0
9,4,3,56,0,72,63,59,56,0,72,8010,0,0
9,4,4,54,1,72,63,59,55,1,72,7955,0,0
9,4,5,52,2,72,63,59,54,2,72,7902,0,0
9,4,7,53,0,73,64,60,53,0,73,8042,0,0
9,4,8,51,1,73,64,60,52,1,73,7990,0,0
9,4,9,49,2,73,64,60,51,2,73,7940,0,0
9,4,11,50,0,74,65,61,50,0,74,8086,0,0
9,4,12,48,1,74,65,61,49,1,74,8037,0,0
9,4,13,46,2,74,65,61,48,2,74,7990,0,0
9,4,15,47,0,75,66,62,47,0,75,8142,0,0
9,4,16,45,1,75,66,62,46,1,75,8096,0,0
9,4,17,43,2,75,66,62,45,2,75,8052,0,0
9,4,19,44,0,76,67,63,44,0,76,8210,0,0
9,4,20,42,1,76,67,63,43,1,76,8167,0,0
9,4,21,40,2,76,67,63,42,2,76,8126,0,0
9,4,24,39,1,77,68,64,40,1,77,8250,0,0
9,4,25,37,2,77,68,64,39,2,77,8212,0,0
9,5,1,57,0,72,63,58,57,0,72,8008,0,0
9,5,2,55,1,72,63,58,56,1,72,7952,0,0
9,5,3,53,2,72,63,58,55,2,72,7898,0,0
9,5,5,54,0,73,64,59,54,0,73,8036,0,0
9,5,6,52,1,73,64,59,53,1,73,7983,0,0
9,5,7,50,2,73,64,59,52,2,73,7932,0,0
9,5,9,51,0,74,65,60,51,0,74,8076,0,0
9,5,10,49,1,74,65,60,50,1,74,8026,0,0
9,5,11,47,2,74,65,60,49,2,74,7978,0,0
9,5,13,48,0,75,66,61,48,0,75,8128,0,0
9,5,14,46,1,75,66,61,47,1,75,8081,0,0
9,5,15,44,2,75,66,61,46,2,75,8036,0,0
9,5,17,45,0,76,67,62,45,0,76,8192,0,0
9,5,18,43,1,76,67,62,44,1,76,8148,0,0
9,5,19,41,2,76,67,62,43,2,76,8106,0,0
9,5,21,42,0,77,68,63,42,0,77,8268,0,0
9,5,22,40,1,77,68,63,41,1,77,8227,0,0
9,5,23,38,2,77,68,63,40,2,77,8188,0,0
9,6,0,56,1,72,63,57,57,1,72,7951,0,0
9,6,1,54,2,72,63,57,56,2,72,7896,0,0
9,6,3,55,0,73,64,58,55,0,73,8032,0,0
9,6,4,53,1,73,64,58,54,1,73,7978,0,0
9,6,5,51,2,73,64,58,53,2,73,7926,0,0
9,6,7,52,0,74,65,59,52,0,74,8068,0,0
9,6,8,50,1,74,65,59,51,1,74,8017,0,0
9,6,9,48,2,74,65,59,50,2,74,7968,0,0
9,6,11,49,0,75,66,60,49,0,75,8116,0,0
9,6,12,47,1,75,66,60,48,1,75,8068,0,0
9,6,13,45,2,75,66,60,47,2,75,8022,0,0
9,6,15,46,0,76,67,61,46,0,76,8176,0,0
9,6,16,44,1,76,67,61,45,1,76,8131,0,0
9,6,17,42,2,76,67,61,44,2,76,8088,0,0
9,6,19,43,0,77,68,62,43,0,77,8248,0,0
9,6,20,41,1,77,68,62,42,1,77,8206,0,0
9,6,21,39,2,77,68,62,41,2,77,8166,0,0
9,6,25,36,2,78,69,63,38,2,78,8256,0,0
9,7,1,56,0,73,64,57,56,0,73,8030,0,0
9,7,2,54,1,73,64,57,55,1,73,7975,0,0
9,7,3,52,2,73,64,57,54,2,73,7922,0,0
9,7,5,53,0,74,65,58,53,0,74,8062,0,0
9,7,6,51,1,74,65,58,52,1,74,8010,0,0
9,7,7,49,2,74,65,58,51,2,74,7960,0,0
9,7,9,50,0,75,66,59,50,0,75,8106,0,0
9,7,10,48,1,75,66,59,49,1,75,8057,0,0
9,7,11,46,2,75,66,59,48,2,75,8010,0,0
9,7,13,47,0,76,67,60,47,0,76,8162,0,0
9,7,14,45,1,76,67,60,46,1,76,8116,0,0
9,7,15,43,2,76,67,60,45,2,76,8072,0,0
9,7,17,44,0,77,68,61,44,0,77,8230,0,0
9,7,18,42,1,77,68,61,43,1,77,8187,0,0
9,7,19,40,2,77,68,61,42,2,77,8146,0,0
9,7,22,39,1,78,69,62,40,1,78,8270,0,0
9,7,23,37,2,78,69,62,39,2,78,8232,0,0
9,8,0,55,1,73,64,56,56,1,73,7974,0,0
9,8,1,53,2,73,64,56,55,2,73,7920,0,0
9,8,3,54,0,74,65,57,54,0,74,8058,0,0
9,8,4,52,1,74,65,57,53,1,74,8005,0,0
9,8,5,50,2,74,65,57,52,2,74,7954,0,0
9,8,7,51,0,75,66,58,51,0,75,8098,0,0
9,8,8,49,1,75,66,58,50,1,75,8048,0,0
9,8,9,47,2,75,66,58,49,2,75,8000,0,0
9,8,11,48,0,76,67,59,48,0,76,8150,0,0
9,8,12,46,1,76,67,59,47,1,76,8103,0,0
9,8,13,44,2,76,67,59,46,2,76,8058,0,0
9,8,15,45,0,77,68,60,45,0,77,8214,0,0
9,8,16,43,1,77,68,60,44,1,77,8170,0,0
9,8,17,41,2,77,68,60,43,2,77,8128,0,0
9,8,20,40,1,78,69,61,41,1,78,8249,0,0
9,8,21,38,2,78,69,61,40,2,78,8210,0,0
9,9,1,55,0,74,65,56,55,0,74,8056,0,0
9,9,2,53,1,74,65,56,54,1,74,8002,0,0
9,9,3,51,2,74,65,56,53,2,74,7950,0,0
9,9,5,52,0,75,66,57,52,0,75,8092,0,0
9,9,6,50,1,75,66,57,51,1,75,8041,0,0
9,9,7,48,2,75,66,57,50,2,75,7992,0,0
9,9,9,49,0,76,67,58,49,0,76,8140,0,0
9,9,10,47,1,76,67,58,48,1,76,8092,0,0
9,9,11,45,2,76,67,58,47,2,76,8046,0,0
9,9,13,46,0,77,68,59,46,0,77,8200,0,0
9,9,14,44,1,77,68,59,45,1,77,8155,0,0
9,9,15,42,2,77,68,59,44,2,77,8112,0,0
9,9,17,43,0,78,69,60,43,0,78,8272,0,0
9,9,18,41,1,78,69,60,42,1,78,8230,0,0
9,9,19,39,2,78,69,60,41,2,78,8190,0,0
9,10,0,54,1,74,65,55,55,1,74,8001,0,0
9,10,1,52,2,74,65,55,54,2,74,7948,0,0
9,10,3,53,0,75,66,56,53,0,75,8088,0,0
9,10,4,51,1,75,66,56,52,1,75,8036,0,0
9,10,5,49,2,75,66,56,51,2,75,7986,0,0
9,10,7,50,0,76,67,57,50,0,76,8132,0,0
9,10,8,48,1,76,67,57,49,1,76,8083,0,0
9,10,9,46,2,76,67,57,48,2,76,8036,0,0
9,10,11,47,0,77,68,58,47,0,77,8188,0,0
9,10,12,45,1,77,68,58,46,1,77,8142,0,0
9,10,13,43,2,77,68,58,45,2,77,8098,0,0
9,10,15,44,0,78,69,59,44,0,78,8256,0,0
9,10,16,42,1,78,69,59,43,1,78,8213,0,0
9,10,17,40,2,78,69,59,42,2,78,8172,0,0
9,10,21,37,2,79,70,60,39,2,79,8258,0,0
9,11,1,54,0,75,66,55,54,0,75,8086,0,0
9,11,2,52,1,75,66,55,53,1,75,8033,0,0
9,11,3,50,2,75,66,55,52,2,75,7982,0,0
9,11,5,51,0,76,67,56,51,0,76,8126,0,0
9,11,6,49,1,76,67,56,50,1,76,8076,0,0
9,11,7,47,2,76,67,56,49,2,76,8028,0,0
9,11,9,48,0,77,68,57,48,0,77,8178,0,0
9,11,10,46,1,77,68,57,47,1,77,8131,0,0
9,11,11,44,2,77,68,57,46,2,77,8086,0,0
9,11,13,45,0,78,69,58,45,0,78,8242,0,0
9,11,14,43,1,78,69,58,44,1,78,8198,0,0
9,11,15,41,2,78,69,58,43,2,78,8156,0,0
9,11,19,38,2,79,70,59,40,2,79,8238,0,0
9,12,0,53,1,75,66,54,54,1,75,8032,0,0
9,12,1,51,2,75,66,54,53,2,75,7980,0,0
9,12,3,52,0,76,67,55,52,0,76,8122,0,0
9,12,4,50,1,76,67,55,51,1,76,8071,0,0
9,12,5,48,2,76,67,55,50,2,76,8022,0,0
9,12,7,49,0,77,68,56,49,0,77,8170,0,0
9,12,8,47,1,77,68,56,48,1,77,8122,0,0
9,12,9,45,2,77,68,56,47,2,77,8076,0,0
9,12,11,46,0,78,69,57,46,0,78,8230,0,0
9,12,12,44,1,78,69,57,45,1,78,8185,0,0
9,12,13,42,2,78,69,57,44,2,78,8142,0,0
9,12,16,41,1,79,70,58,42,1,79,8260,0,0
9,12,17,39,2,79,70,58,41,2,79,8220,0,0
9,13,1,53,0,76,67,54,53,0,76,8120,0,0
9,13,2,51,1,76,67,54,52,1,76,8068,0,0
9,13,3,49,2,76,67,54,51,2,76,8018,0,0
9,13,5,50,0,77,68,55,50,0,77,8164,0,0
9,13,6,48,1,77,68,55,49,1,77,8115,0,0
9,13,7,46,2,77,68,55,48,2,77,8068,0,0
9,13,9,47,0,78,69,56,47,0,78,8220,0,0
9,13,10,45,1,78,69,56,46,1,78,8174,0,0
9,13,11,43,2,78,69,56,45,2,78,8130,0,0
9,13,14,42,1,79,70,57,43,1,79,8245,0,0
9,13,15,40,2,79,70,57,42,2,79,8204,0,0
9,14,0,52,1,76,67,53,53,1,76,8067,0,0
9,14,1,50,2,76,67,53,52,2,76,8016,0,0
9,14,3,51,0,77,68,54,51,0,77,8160,0,0
9,14,4,49,1,77,68,54,50,1,77,8110,0,0
9,14,5,47,2,77,68,54,49,2,77,8062,0,0
9,14,7,48,0,78,69,55,48,0,78,8212,0,0
9,14,8,46,1,78,69,55,47,1,78,8165,0,0
9,14,9,44,2,78,69,55,46,2,78,8120,0,0
9,14,11,45,0,79,70,56,45,0,79,8276,0,0
9,14,12,43,1,79,70,56,44,1,79,8232,0,0
9,14,13,41,2,79,70,56,43,2,79,8190,0,0
9,14,17,38,2,80,71,57,40,2,80,8272,0,0
9,15,1,52,0,77,68,53,52,0,77,8158,0,0
9,15,2,50,1,77,68,53,51,1,77,8107,0,0
9,15,3,48,2,77,68,53,50,2,77,8058,0,0
9,15,5,49,0,78,69,54,49,0,78,8206,0,0
9,15,6,47,1,78,69,54,48,1,78,8158,0,0
9,15,7,45,2,78,69,54,47,2,78,8112,0,0
9,15,9,46,0,79,70,55,46,0,79,8266,0,0
9,15,10,44,1,79,70,55,45,1,79,8221,0,0
9,15,11,42,2,79,70,55,44,2,79,8178,0,0
9,15,15,39,2,80,71,56,41,2,80,8256,0,0
9,16,0,51,1,77,68,52,52,1,77,8106,0,0
9,16,1,49,2,77,68,52,51,2,77,8056,0,0
9,16,3,50,0,78,69,53,50,0,78,8202,0,0
9,16,4,48,1,78,69,53,49,1,78,8153,0,0
9,16,5,46,2,78,69,53,48,2,78,8106,0,0
9,16,7,47,0,79,70,54,47,0,79,8258,0,0
9,16,8,45,1,79,70,54,46,1,79,8212,0,0
9,16,9,43,2,79,70,54,45,2,79,8168,0,0
9,16,13,40,2,80,71,55,42,2,80,8242,0,0
9,17,1,51,0,78,69,52,51,0,78,8200,0,0
9,17,2,49,1,78,69,52,50,1,78,8150,0,0
9,17,3,47,2,78,69,52,49,2,78,8102,0,0
9,17,5,48,0,79,70,53,48,0,79,8252,0,0
9,17,6,46,1,79,70,53,47,1,79,8205,0,0
9,17,7,44,2,79,70,53,46,2,79,8160,0,0
9,17,10,43,1,80,71,54,44,1,80,8272,0,0
9,17,11,41,2,80,71,54,43,2,80,8230,0,0
9,18,0,50,1,78,69,51,51,1,78,8149,0,0
9,18,1,48,2,78,69,51,50,2,78,8100,0,0
9,18,3,49,0,79,70,52,49,0,79,8248,0,0
9,18,4,47,1,79,70,52,48,1,79,8200,0,0
9,18,5,45,2,79,70,52,47,2,79,8154,0,0
9,18,8,44,1,80,71,53,45,1,80,8263,0,0
9,18,9,42,2,80,71,53,44,2,80,8220,0,0
9,19,1,50,0,79,70,51,50,0,79,8246,0,0
9,19,2,48,1,79,70,51,49,1,79,8197,0,0
9,19,3,46,2,79,70,51,48,2,79,8150,0,0
9,19,6,45,1,80,71,52,46,1,80,8256,0,0
9,19,7,43,2,80,71,52,45,2,80,8212,0,0
9,20,0,49,1,79,70,50,50,1,79,8196,0,0
9,20,1,47,2,79,70,50,49,2,79,8148,0,0
9,20,4,46,1,80,71,51,47,1,80,8251,0,0
9,20,5,44,2,80,71,51,46,2,80,8206,0,0
9,20,9,41,2,81,72,52,43,2,81,8276,0,0
9,21,2,47,1,80,71,50,48,1,80,8248,0,0
9,21,3,45,2,80,71,50,47,2,80,8202,0,0
9,21,7,42,2,81,72,51,44,2,81,8268,0,0
9,22,0,48,1,80,71,49,49,1,80,8247,0,0
9,22,1,46,2,80,71,49,48,2,80,8200,0,0
9,22,5,43,2,81,72,50,45,2,81,8262,0,0
9,23,3,44,2,81,72,49,46,2,81,8258,0,0
9,24,1,45,2,81,72,48,47,2,81,8256,0,0
10,0,0,60,0,70,60,60,60,0,70,7975,0,0
10,0,1,58,1,70,60,60,59,1,70,7916,0,0
10,0,2,56,2,70,60,60,58,2,70,7859,0,0
10,0,4,57,0,71,61,61,57,0,71,7991,0,0
10,0,5,55,1,71,61,61,56,1,71,7935,0,0
10,0,6,53,2,71,61,61,55,2,71,7881,0,0
10,0,8,54,0,72,62,62,54,0,72,8019,0,0
10,0,9,52,1,72,62,62,53,1,72,7966,0,0
10,0,10,50,2,72,62,62,52,2,72,7915,0,0
10,0,12,51,0,73,63,63,51,0,73,8059,0,0
10,0,13,49,1,73,63,63,50,1,73,8009,0,0
10,0,14,47,2,73,63,63,49,2,73,7961,0,0
10,0,16,48,0,74,64,64,48,0,74,8111,0,0
10,0,17,46,1,74,64,64,47,1,74,8064,0,0
10,0,18,44,2,74,64,64,46,2,74,8019,0,0
10,0,20,45,0,75,65,65,45,0,75,8175,0,0
10,0,21,43,1,75,65,65,44,1,75,8131,0,0
10,0,22,41,2,75,65,65,43,2,75,8089,0,0
10,0,24,42,0,76,66,66,42,0,76,8251,0,0
10,0,25,40,1,76,66,66,41,1,76,8210,0,0
10,0,26,38,2,76,66,66,40,2,76,8171,0,0
10,0,30,35,2,77,67,67,37,2,77,8265,0,0
10,1,0,57,2,70,60,59,59,2,70,7858,0,0
10,1,2,58,0,71,61,60,58,0,71,7988,0,0
10,1,3,56,1,71,61,60,57,1,71,7931,0,0
10,1,4,54,2,71,61,60,56,2,71,7876,0,0
10,1,6,55,0,72,62,61,55,0,72,8012,0,0
10,1,7,53,1,72,62,61,54,1,72,7958,0,0
10,1,8,51,2,72,62,61,53,2,72,7906,0,0
10,1,10,52,0,73,63,62,52,0,73,8048,0,0
10,1,11,50,1,73,63,62,51,1,73,7997,0,0
10,1,12,48,2,73,63,62,50,2,73,7948,0,0
10,1,14,49,0,74,64,63,49,0,74,8096,0,0
10,1,15,47,1,74,64,63,48,1,74,8048,0,0
10,1,16,45,2,74,64,63,47,2,74,8002,0,0
10,1,18,46,0,75,65,64,46,0,75,8156,0,0
10,1,19,44,1,75,65,64,45,1,75,8111,0,0
10,1,20,42,2,75,65,64,44,2,75,8068,0,0
10,1,22,43,0,76,66,65,43,0,76,8228,0,0
10,1,23,41,1,76,66,65,42,1,76,8186,0,0
10,1,24,39,2,76,66,65,41,2,76,8146,0,0
10,1,27,38,1,77,67,66,39,1,77,8273,1,0
10,1,28,36,2,77,67,66,38,2,77,8236,0,0
10,2,0,59,0,71,61,59,59,0,71,7987,0,0
10,2,1,57,1,71,61,59,58,1,71,7929,0,0
10,2,2,55,2,71,61,59,57,2,71,7873,0,0
10,2,4,56,0,72,62,60,56,0,72,8007,0,0
10,2,5,54,1,72,62,60,55,1,72,7952,0,0
10,2,6,52,2,72,62,60,54,2,72,7899,0,0
10,2,8,53,0,73,63,61,53,0,73,8039,0,0
10,2,9,51,1,73,63,61,52,1,73,7987,0,0
10,2,10,49,2,73,63,61,51,2,73,7937,0,0
10,2,12,50,0,74,64,62,50,0,74,8083,0,0
10,2,13,48,1,74,64,62,49,1,74,8034,0,0
10,2,14,46,2,74,64,62,48,2,74,7987,0,0
10,2,16,47,0,75,65,63,47,0,75,8139,0,0
10,2,17,45,1,75,65,63,46,1,75,8093,0,0
10,2,18,43,2,75,65,63,45,2,75,8049,0,0
10,2,20,44,0,76,66,64,44,0,76,8207,0,0
10,2,21,42,1,76,66,64,43,1,76,8164,0,0
10,2,22,40,2,76,66,64,42,2,76,8123,0,0
10,2,25,39,1,77,67,65,40,1,77,8247,0,0
10,2,26,37,2,77,67,65,39,2,77,8209,0,0
10,3,0,56,2,71,61,58,58,2,71,7872,0,0
10,3,2,57,0,72,62,59,57,0,72,8004,0,0
10,3,3,55,1,72,62,59,56,1,72,7948,0,0
10,3,4,53,2,72,62,59,55,2,72,7894,0,0
10,3,6,54,0,73,63,60,54,0,73,8032,0,0
10,3,7,52,1,73,63,60,53,1,73,7979,0,0
10,3,8,50,2,73,63,60,52,2,73,7928,0,0
10,3,10,51,0,74,64,61,51,0,74,8072,0,0
10,3,11,49,1,74,64,61,50,1,74,8022,0,0
10,3,12,47,2,74,64,61,49,2,74,7974,0,0
10,3,14,48,0,75,65,62,48,0,75,8124,0,0
10,3,15,46,1,75,65,62,47,1,75,8077,0,0
10,3,16,44,2,75,65,62,46,2,75,8032,0,0
10,3,18,45,0,76,66,63,45,0,76,8188,0,0
10,3,19,43,1,76,66,63,44,1,76,8144,0,0
10,3,20,41,2,76,66,63,43,2,76,8102,0,0
10,3,22,42,0,77,67,64,42,0,77,8264,0,0
10,3,23,40,1,77,67,64,41,1,77,8223,0,0
10,3,24,38,2,77,67,64,40,2,77,8184,0,0
10,4,0,58,0,72,62,58,58,0,72,8003,0,0
10,4,1,56,1,72,62,58,57,1,72,7946,0,0
10,4,2,54,2,72,62,58,56,2,72,7891,0,0
10,4,4,55,0,73,63,59,55,0,73,8027,0,0
10,4,5,53,1,73,63,59,54,1,73,7973,0,0
10,4,6,51,2,73,63,59,53,2,73,7921,0,0
10,4,8,52,0,74,64,60,52,0,74,8063,0,0
10,4,9,50,1,74,64,60,51,1,74,8012,0,0
10,4,10,48,2,74,64,60,50,2,74,7963,0,0
10,4,12,49,0,75,65,61,49,0,75,8111,0,0
10,4,13,47,1,75,65,61,48,1,75,8063,0,0
10,4,14,45,2,75,65,61,47,2,75,8017,0,0
10,4,16,46,0,76,66,62,46,0,76,8171,0,0
10,4,17,44,1,76,66,62,45,1,76,8126,0,0
10,4,18,42,2,76,66,62,44,2,76,8083,0,0
10,4,20,43,0,77,67,63,43,0,77,8243,0,0
10,4,21,41,1,77,67,63,42,1,77,8201,0,0
10,4,22,39,2,77,67,63,41,2,77,8161,0,0
10,4,26,36,2,78,68,64,38,2,78,8251,0,0
10,5,0,55,2,72,62,57,57,2,72,7890,0,0
10,5,2,56,0,73,63,58,56,0,73,8024,0,0
10,5,3,54,1,73,63,58,55,1,73,7969,0,0
10,5,4,52,2,73,63,58,54,2,73,7916,0,0
10,5,6,53,0,74,64,59,53,0,74,8056,0,0
10,5,7,51,1,74,64,59,52,1,74,8004,0,0
10,5,8,49,2,74,64,59,51,2,74,7954,0,0
10,5,10,50,0,75,65,60,50,0,75,8100,0,0
10,5,11,48,1,75,65,60,49,1,75,8051,0,0
10,5,12,46,2,75,65,60,48,2,75,8004,0,0
10,5,14,47,0,76,66,61,47,0,76,8156,0,0
10,5,15,45,1,76,66,61,46,1,76,8110,0,0
10,5,16,43,2,76,66,61,45,2,76,8066,0,0
10,5,18,44,0,77,67,62,44,0,77,8224,0,0
10,5,19,42,1,77,67,62,43,1,77,8181,0,0
10,5,20,40,2,77,67,62,42,2,77,8140,0,0
10,5,23,39,1,78,68,63,40,1,78,8264,0,0
10,5,24,37,2,78,68,63,39,2,78,8226,0,0
10,6,0,57,0,73,63,57,57,0,73,8023,0,0
10,6,1,55,1,73,63,57,56,1,73,7967,0,0
10,6,2,53,2,73,63,57,55,2,73,7913,0,0
10,6,4,54,0,74,64,58,54,0,74,8051,0,0
10,6,5,52,1,74,64,58,53,1,74,7998,0,0
10,6,6,50,2,74,64,58,52,2,74,7947,0,0
10,6,8,51,0,75,65,59,51,0,75,8091,0,0
10,6,9,49,1,75,65,59,50,1,75,8041,0,0
10,6,10,47,2,75,65,59,49,2,75,7993,0,0
10,6,12,48,0,76,66,60,48,0,76,8143,0,0
10,6,13,46,1,76,66,60,47,1,76,8096,0,0
10,6,14,44,2,76,66,60,46,2,76,8051,0,0
10,6,16,45,0,77,67,61,45,0,77,8207,0,0
10,6,17,43,1,77,67,61,44,1,77,8163,0,0
10,6,18,41,2,77,67,61,43,2,77,8121,0,0
10,6,21,40,1,78,68,62,41,1,78,8242,0,0
10,6,22,38,2,78,68,62,40,2,78,8203,0,0
10,7,0,54,2,73,63,56,56,2,73,7912,0,0
10,7,2,55,0,74,64,57,55,0,74,8048,0,0
10,7,3,53,1,74,64,57,54,1,74,7994,0,0
10,7,4,51,2,74,64,57,53,2,74,7942,0,0
10,7,6,52,0,75,65,58,52,0,75,8084,0,0
10,7,7,50,1,75,65,58,51,1,75,8033,0,0
10,7,8,48,2,75,65,58,50,2,75,7984,0,0
10,7,10,49,0,76,66,59,49,0,76,8132,0,0
10,7,11,47,1,76,66,59,48,1,76,8084,0,0
10,7,12,45,2,76,66,59,47,2,76,8038,0,0
10,7,14,46,0,77,67,60,46,0,77,8192,0,0
10,7,15,44,1,77,67,60,45,1,77,8147,0,0
10,7,16,42,2,77,67,60,44,2,77,8104,0,0
10,7,18,43,0,78,68,61,43,0,78,8264,0,0
10,7,19,41,1,78,68,61,42,1,78,8222,0,0
10,7,20,39,2,78,68,61,41,2,78,8182,0,0
10,7,24,36,2,79,69,62,38,2,79,8272,0,0
10,8,0,56,0,74,64,56,56,0,74,8047,0,0
10,8,1,54,1,74,64,56,55,1,74,7992,0,0
10,8,2,52,2,74,64,56,54,2,74,7939,0,0
10,8,4,53,0,75,65,57,53,0,75,8079,0,0
10,8,5,51,1,75,65,57,52,1,75,8027,0,0
10,8,6,49,2,75,65,57,51,2,75,7977,0,0
10,8,8,50,0,76,66,58,50,0,76,8123,0,0
10,8,9,48,1,76,66,58,49,1,76,8074,0,0
10,8,10,46,2,76,66,58,48,2,76,8027,0,0
10,8,12,47,0,77,67,59,47,0,77,8179,0,0
10,8,13,45,1,77,67,59,46,1,77,8133,0,0
10,8,14,43,2,77,67,59,45,2,77,8089,0,0
10,8,16,44,0,78,68,60,44,0,78,8247,0,0
10,8,17,42,1,78,68,60,43,1,78,8204,0,0
10,8,18,40,2,78,68,60,42,2,78,8163,0,0
10,8,22,37,2,79,69,61,39,2,79,8249,0,0
10,9,0,53,2,74,64,55,55,2,74,7938,0,0
10,9,2,54,0,75,65,56,54,0,75,8076,0,0
10,9,3,52,1,75,65,56,53,1,75,8023,0,0
10,9,4,50,2,75,65,56,52,2,75,7972,0,0
10,9,6,51,0,76,66,57,51,0,76,8116,0,0
10,9,7,49,1,76,66,57,50,1,76,8066,0,0
10,9,8,47,2,76,66,57,49,2,76,8018,0,0
10,9,10,48,0,77,67,58,48,0,77,8168,0,0
10,9,11,46,1,77,67,58,47,1,77,8121,0,0
10,9,12,44,2,77,67,58,46,2,77,8076,0,0
10,9,14,45,0,78,68,59,45,0,78,8232,0,0
10,9,15,43,1,78,68,59,44,1,78,8188,0,0
10,9,16,41,2,78,68,59,43,2,78,8146,0,0
10,9,19,40,1,79,69,60,41,1,79,8267,0,0
10,9,20,38,2,79,69,60,40,2,79,8228,0,0
10,10,0,55,0,75,65,55,55,0,75,8075,0,0
10,10,1,53,1,75,65,55,54,1,75,8021,0,0
10,10,2,51,2,75,65,55,53,2,75,7969,0,0
10,10,4,52,0,76,66,56,52,0,76,8111,0,0
10,10,5,50,1,76,66,56,51,1,76,8060,0,0
10,10,6,48,2,76,66,56,50,2,76,8011,0,0
10,10,8,49,0,77,67,57,49,0,77,8159,0,0
10,10,9,47,1,77,67,57,48,1,77,8111,0,0
10,10,10,45,2,77,67,57,47,2,77,8065,0,0
10,10,12,46,0,78,68,58,46,0,78,8219,0,0
10,10,13,44,1,78,68,58,45,1,78,8174,0,0
10,10,14,42,2,78,68,58,44,2,78,8131,0,0
10,10,17,41,1,79,69,59,42,1,79,8249,0,0
10,10,18,39,2,79,69,59,41,2,79,8209,0,0
10,11,0,52,2,75,65,54,54,2,75,7968,0,0
10,11,2,53,0,76,66,55,53,0,76,8108,0,0
10,11,3,51,1,76,66,55,52,1,76,8056,0,0
10,11,4,49,2,76,66,55,51,2,76,8006,0,0
10,11,6,50,0,77,67,56,50,0,77,8152,0,0
10,11,7,48,1,77,67,56,49,1,77,8103,0,0
10,11,8,46,2,77,67,56,48,2,77,8056,0,0
10,11,10,47,0,78,68,57,47,0,78,8208,0,0
10,11,11,45,1,78,68,57,46,1,78,8162,0,0
10,11,12,43,2,78,68,57,45,2,78,8118,0,0
10,11,14,44,0,79,69,58,44,0,79,8276,0,0
10,11,15,42,1,79,69,58,43,1,79,8233,0,0
10,11,16,40,2,79,69,58,42,2,79,8192,0,0
10,12,0,54,0,76,66,54,54,0,76,8107,0,0
10,12,1,52,1,76,66,54,53,1,76,8054,0,0
10,12,2,50,2,76,66,54,52,2,76,8003,0,0
10,12,4,51,0,77,67,55,51,0,77,8147,0,0
10,12,5,49,1,77,67,55,50,1,77,8097,0,0
10,12,6,47,2,77,67,55,49,2,77,8049,0,0
10,12,8,48,0,78,68,56,48,0,78,8199,0,0
10,12,9,46,1,78,68,56,47,1,78,8152,0,0
10,12,10,44,2,78,68,56,46,2,78,8107,0,0
10,12,12,45,0,79,69,57,45,0,79,8263,0,0
10,12,13,43,1,79,69,57,44,1,79,8219,0,0
10,12,14,41,2,79,69,57,43,2,79,8177,0,0
10,12,18,38,2,80,70,58,40,2,80,8259,0,0
10,13,0,51,2,76,66,53,53,2,76,8002,0,0
10,13,2,52,0,77,67,54,52,0,77,8144,0,0
10,13,3,50,1,77,67,54,51,1,77,8093,0,0
10,13,4,48,2,77,67,54,50,2,77,8044,0,0
10,13,6,49,0,78,68,55,49,0,78,8192,0,0
10,13,7,47,1,78,68,55,48,1,78,8144,0,0
10,13,8,45,2,78,68,55,47,2,78,8098,0,0
10,13,10,46,0,79,69,56,46,0,79,8252,0,0
10,13,11,44,1,79,69,56,45,1,79,8207,0,0
10,13,12,42,2,79,69,56,44,2,79,8164,0,0
10,13,16,39,2,80,70,57,41,2,80,8242,0,0
10,14,0,53,0,77,67,53,53,0,77,8143,0,0
10,14,1,51,1,77,67,53,52,1,77,8091,0,0
10,14,2,49,2,77,67,53,51,2,77,8041,0,0
10,14,4,50,0,78,68,54,50,0,78,8187,0,0
10,14,5,48,1,78,68,54,49,1,78,8138,0,0
10,14,6,46,2,78,68,54,48,2,78,8091,0,0
10,14,8,47,0,79,69,55,47,0,79,8243,0,0
10,14,9,45,1,79,69,55,46,1,79,8197,0,0
10,14,10,43,2,79,69,55,45,2,79,8153,0,0
10,14,13,42,1,80,70,56,43,1,80,8268,0,0
10,14,14,40,2,80,70,56,42,2,80,8227,0,0
10,15,0,50,2,77,67,52,52,2,77,8040,0,0
10,15,2,51,0,78,68,53,51,0,78,8184,0,0
10,15,3,49,1,78,68,53,50,1,78,8134,0,0
10,15,4,47,2,78,68,53,49,2,78,8086,0,0
10,15,6,48,0,79,69,54,48,0,79,8236,0,0
10,15,7,46,1,79,69,54,47,1,79,8189,0,0
10,15,8,44,2,79,69,54,46,2,79,8144,0,0
10,15,11,43,1,80,70,55,44,1,80,8256,0,0
10,15,12,41,2,80,70,55,43,2,80,8214,0,0
10,16,0,52,0,78,68,52,52,0,78,8183,0,0
10,16,1,50,1,78,68,52,51,1,78,8132,0,0
10,16,2,48,2,78,68,52,50,2,78,8083,0,0
10,16,4,49,0,79,69,53,49,0,79,8231,0,0
10,16,5,47,1,79,69,53,48,1,79,8183,0,0
10,16,6,45,2,79,69,53,47,2,79,8137,0,0
10,16,9,44,1,80,70,54,45,1,80,8246,0,0
10,16,10,42,2,80,70,54,44,2,80,8203,0,0
10,17,0,49,2,78,68,51,51,2,78,8082,0,0
10,17,2,50,0,79,69,52,50,0,79,8228,0,0
10,17,3,48,1,79,69,52,49,1,79,8179,0,0
10,17,4,46,2,79,69,52,48,2,79,8132,0,0
10,17,7,45,1,80,70,53,46,1,80,8238,0,0
10,17,8,43,2,80,70,53,45,2,80,8194,0,0
10,17,12,40,2,81,71,54,42,2,81,8268,0,0
10,18,0,51,0,79,69,51,51,0,79,8227,0,0
10,18,1,49,1,79,69,51,50,1,79,8177,0,0
10,18,2,47,2,79,69,51,49,2,79,8129,0,0
10,18,5,46,1,80,70,52,47,1,80,8232,0,0
10,18,6,44,2,80,70,52,46,2,80,8187,0,0
10,18,10,41,2,81,71,53,43,2,81,8257,0,0
10,19,0,48,2,79,69,50,50,2,79,8128,0,0
10,19,2,49,0,80,70,51,49,0,80,8276,0,0
10,19,3,47,1,80,70,51,48,1,80,8228,0,0
10,19,4,45,2,80,70,51,47,2,80,8182,0,0
10,19,8,42,2,81,71,52,44,2,81,8248,0,0
10,20,0,50,0,80,70,50,50,0,80,8275,0,0
10,20,1,48,1,80,70,50,49,1,80,8226,0,0
10,20,2,46,2,80,70,50,48,2,80,8179,0,0
10,20,6,43,2,81,71,51,45,2,81,8241,0,0
10,21,0,47,2,80,70,49,49,2,80,8178,0,0
10,21,4,44,2,81,71,50,46,2,81,8236,0,0
10,22,2,45,2,81,71,49,47,2,81,8233,0,0
10,23,0,46,2,81,71,48,48,2,81,8232,0,0
11,0,1,59,0,71,60,60,59,0,71,7986,0,0
11,0,2,57,1,71,60,60,58,1,71,7928,0,0
11,0,3,55,2,71,60,60,57,2,71,7872,0,0
11,0,5,56,0,72,61,61,56,0,72,8006,0,0
11,0,6,54,1,72,61,61,55,1,72,7951,0,0
11,0,7,52,2,72,61,61,54,2,72,7898,0,0
11,0,9,53,0,73,62,62,53,0,73,8038,0,0
11,0,10,51,1,73,62,62,52,1,73,7986,0,0
11,0,11,49,2,73,62,62,51,2,73,7936,0,0
11,0,13,50,0,74,63,63,50,0,74,8082,0,0
11,0,14,48,1,74,63,63,49,1,74,8033,0,0
11,0,15,46,2,74,63,63,48,2,74,7986,0,0
11,0,17,47,0,75,64,64,47,0,75,8138,0,0
11,0,18,45,1,75,64,64,46,1,75,8092,0,0
11,0,19,43,2,75,64,64,45,2,75,8048,0,0
11,0,21,44,0,76,65,65,44,0,76,8206,0,0
11,0,22,42,1,76,65,65,43,1,76,8163,0,0
11,0,23,40,2,76,65,65,42,2,76,8122,0,0
11,0,26,39,1,77,66,66,40,1,77,8246,0,0
11,0,27,37,2,77,66,66,39,2,77,8208,0,0
11,1,0,58,1,71,60,59,59,1,71,7927,0,0
11,1,1,56,2,71,60,59,58,2,71,7870,0,0
11,1,3,57,0,72,61,60,57,0,72,8002,0,0
11,1,4,55,1,72,61,60,56,1,72,7946,0,0
11,1,5,53,2,72,61,60,55,2,72,7892,0,0
11,1,7,54,0,73,62,61,54,0,73,8030,0,0
11,1,8,52,1,73,62,61,53,1,73,7977,0,0
11,1,9,50,2,73,62,61,52,2,73,7926,0,0
11,1,11,51,0,74,63,62,51,0,74,8070,0,0
11,1,12,49,1,74,63,62,50,1,74,8020,0,0
11,1,13,47,2,74,63,62,49,2,74,7972,0,0
11,1,15,48,0,75,64,63,48,0,75,8122,0,0
11,1,16,46,1,75,64,63,47,1,75,8075,0,0
11,1,17,44,2,75,64,63,46,2,75,8030,0,0
11,1,19,45,0,76,65,64,45,0,76,8186,0,0
11,1,20,43,1,76,65,64,44,1,76,8142,0,0
11,1,21,41,2,76,65,64,43,2,76,8100,0,0
11,1,23,42,0,77,66,65,42,0,77,8262,0,0
11,1,24,40,1,77,66,65,41,1,77,8221,0,0
11,1,25,38,2,77,66,65,40,2,77,8182,0,0
11,1,29,35,2,78,67,66,37,2,78,8276,0,0
11,2,1,58,0,72,61,59,58,0,72,8000,0,0
11,2,2,56,1,72,61,59,57,1,72,7943,0,0
11,2,3,54,2,72,61,59,56,2,72,7888,0,0
11,2,5,55,0,73,62,60,55,0,73,8024,0,0
11,2,6,53,1,73,62,60,54,1,73,7970,0,0
11,2,7,51,2,73,62,60,53,2,73,7918,0,0
11,2,9,52,0,74,63,61,52,0,74,8060,0,0
11,2,10,50,1,74,63,61,51,1,74,8009,0,0
11,2,11,48,2,74,63,61,50,2,74,7960,0,0
11,2,13,49,0,75,64,62,49,0,75,8108,0,0
11,2,14,47,1,75,64,62,48,1,75,8060,0,0
11,2,15,45,2,75,64,62,47,2,75,8014,0,0
11,2,17,46,0,76,65,63,46,0,76,8168,0,0
11,2,18,44,1,76,65,63,45,1,76,8123,0,0
11,2,19,42,2,76,65,63,44,2,76,8080,0,0
11,2,21,43,0,77,66,64,43,0,77,8240,0,0
11,2,22,41,1,77,66,64,42,1,77,8198,0,0
11,2,23,39,2,77,66,64,41,2,77,8158,0,0
11,2,27,36,2,78,67,65,38,2,78,8248,0,0
11,3,0,57,1,72,61,58,58,1,72,7942,0,0
11,3,1,55,2,72,61,58,57,2,72,7886,0,0
11,3,3,56,0,73,62,59,56,0,73,8020,0,0
11,3,4,54,1,73,62,59,55,1,73,7965,0,0
11,3,5,52,2,73,62,59,54,2,73,7912,0,0
11,3,7,53,0,74,63,60,53,0,74,8052,0,0
11,3,8,51,1,74,63,60,52,1,74,8000,0,0
11,3,9,49,2,74,63,60,51,2,74,7950,0,0
11,3,11,50,0,75,64,61,50,0,75,8096,0,0
11,3,12,48,1,75,64,61,49,1,75,8047,0,0
11,3,13,46,2,75,64,61,48,2,75,8000,0,0
11,3,15,47,0,76,65,62,47,0,76,8152,0,0
11,3,16,45,1,76,65,62,46,1,76,8106,0,0
11,3,17,43,2,76,65,62,45,2,76,8062,0,0
11,3,19,44,0,77,66,63,44,0,77,8220,0,0
11,3,20,42,1,77,66,63,43,1,77,8177,0,0
11,3,21,40,2,77,66,63,42,2,77,8136,0,0
11,3,24,39,1,78,67,64,40,1,78,8260,0,0
11,3,25,37,2,78,67,64,39,2,78,8222,0,0
11,4,1,57,0,73,62,58,57,0,73,8018,0,0
11,4,2,55,1,73,62,58,56,1,73,7962,0,0
11,4,3,53,2,73,62,58,55,2,73,7908,0,0
11,4,5,54,0,74,63,59,54,0,74,8046,0,0
11,4,6,52,1,74,63,59,53,1,74,7993,0,0
11,4,7,50,2,74,63,59,52,2,74,7942,0,0
11,4,9,51,0,75,64,60,51,0,75,8086,0,0
11,4,10,49,1,75,64,60,50,1,75,8036,0,0
11,4,11,47,2,75,64,60,49,2,75,7988,0,0
11,4,13,48,0,76,65,61,48,0,76,8138,0,0
11,4,14,46,1,76,65,61,47,1,76,8091,0,0
11,4,15,44,2,76,65,61,46,2,76,8046,0,0
11,4,17,45,0,77,66,62,45,0,77,8202,0,0
11,4,18,43,1,77,66,62,44,1,77,8158,0,0
11,4,19,41,2,77,66,62,43,2,77,8116,0,0
11,4,22,40,1,78,67,63,41,1,78,8237,0,0
11,4,23,38,2,78,67,63,40,2,78,8198,0,0
11,5,0,56,1,73,62,57,57,1,73,7961,0,0
11,5,1,54,2,73,62,57,56,2,73,7906,0,0
11,5,3,55,0,74,63,58,55,0,74,8042,0,0
11,5,4,53,1,74,63,58,54,1,74,7988,0,0
11,5,5,51,2,74,63,58,53,2,74,7936,0,0
11,5,7,52,0,75,64,59,52,0,75,8078,0,0
11,5,8,50,1,75,64,59,51,1,75,8027,0,0
11,5,9,48,2,75,64,59,50,2,75,7978,0,0
11,5,11,49,0,76,65,60,49,0,76,8126,0,0
11,5,12,47,1,76,65,60,48,1,76,8078,0,0
11,5,13,45,2,76,65,60,47,2,76,8032,0,0
11,5,15,46,0,77,66,61,46,0,77,8186,0,0
11,5,16,44,1,77,66,61,45,1,77,8141,0,0
11,5,17,42,2,77,66,61,44,2,77,8098,0,0
11,5,19,43,0,78,67,62,43,0,78,8258,0,0
11,5,20,41,1,78,67,62,42,1,78,8216,0,0
11,5,21,39,2,78,67,62,41,2,78,8176,0,0
11,5,25,36,2,79,68,63,38,2,79,8266,0,0
11,6,1,56,0,74,63,57,56,0,74,8040,0,0
11,6,2,54,1,74,63,57,55,1,74,7985,0,0
11,6,3,52,2,74,63,57,54,2,74,7932,0,0
11,6,5,53,0,75,64,58,53,0,75,8072,0,0
11,6,6,51,1,75,64,58,52,1,75,8020,0,0
11,6,7,49,2,75,64,58,51,2,75,7970,0,0
11,6,9,50,0,76,65,59,50,0,76,8116,0,0
11,6,10,48,1,76,65,59,49,1,76,8067,0,0
11,6,11,46,2,76,65,59,48,2,76,8020,0,0
11,6,13,47,0,77,66,60,47,0,77,8172,0,0
11,6,14,45,1,77,66,60,46,1,77,8126,0,0
11,6,15,43,2,77,66,60,45,2,77,8082,0,0
11,6,17,44,0,78,67,61,44,0,78,8240,0,0
11,6,18,42,1,78,67,61,43,1,78,8197,0,0
11,6,19,40,2,78,67,61,42,2,78,8156,0,0
11,6,23,37,2,79,68,62,39,2,79,8242,0,0
11,7,0,55,1,74,63,56,56,1,74,7984,0,0
11,7,1,53,2,74,63,56,55,2,74,7930,0,0
11,7,3,54,0,75,64,57,54,0,75,8068,0,0
11,7,4,52,1,75,64,57,53,1,75,8015,0,0
11,7,5,50,2,75,64,57,52,2,75,7964,0,0
11,7,7,51,0,76,65,58,51,0,76,8108,0,0
11,7,8,49,1,76,65,58,50,1,76,8058,0,0
11,7,9,47,2,76,65,58,49,2,76,8010,0,0
11,7,11,48,0,77,66,59,48,0,77,8160,0,0
11,7,12,46,1,77,66,59,47,1,77,8113,0,0
11,7,13,44,2,77,66,59,46,2,77,8068,0,0
11,7,15,45,0,78,67,60,45,0,78,8224,0,0
11,7,16,43,1,78,67,60,44,1,78,8180,0,0
11,7,17,41,2,78,67,60,43,2,78,8138,0,0
11,7,20,40,1,79,68,61,41,1,79,8259,0,0
11,7,21,38,2,79,68,61,40,2,79,8220,0,0
11,8,1,55,0,75,64,56,55,0,75,8066,0,0
11,8,2,53,1,75,64,56,54,1,75,8012,0,0
11,8,3,51,2,75,64,56,53,2,75,7960,0,0
11,8,5,52,0,76,65,57,52,0,76,8102,0,0
11,8,6,50,1,76,65,57,51,1,76,8051,0,0
11,8,7,48,2,76,65,57,50,2,76,8002,0,0
11,8,9,49,0,77,66,58,49,0,77,8150,0,0
11,8,10,47,1,77,66,58,48,1,77,8102,0,0
11,8,11,45,2,77,66,58,47,2,77,8056,0,0
11,8,13,46,0,78,67,59,46,0,78,8210,0,0
11,8,14,44,1,78,67,59,45,1,78,8165,0,0
11,8,15,42,2,78,67,59,44,2,78,8122,0,0
11,8,18,41,1,79,68,60,42,1,79,8240,0,0
11,8,19,39,2,79,68,60,41,2,79,8200,0,0
11,9,0,54,1,75,64,55,55,1,75,8011,0,0
11,9,1,52,2,75,64,55,54,2,75,7958,0,0
11,9,3,53,0,76,65,56,53,0,76,8098,0,0
11,9,4,51,1,76,65,56,52,1,76,8046,0,0
11,9,5,49,2,76,65,56,51,2,76,7996,0,0
11,9,7,50,0,77,66,57,50,0,77,8142,0,0
11,9,8,48,1,77,66,57,49,1,77,8093,0,0
11,9,9,46,2,77,66,57,48,2,77,8046,0,0
11,9,11,47,0,78,67,58,47,0,78,8198,0,0
11,9,12,45,1,78,67,58,46,1,78,8152,0,0
11,9,13,43,2,78,67,58,45,2,78,8108,0,0
11,9,15,44,0,79,68,59,44,0,79,8266,0,0
11,9,16,42,1,79,68,59,43,1,79,8223,0,0
11,9,17,40,2,79,68,59,42,2,79,8182,0,0
11,9,21,37,2,80,69,60,39,2,80,8268,0,0
11,10,1,54,0,76,65,55,54,0,76,8096,0,0
11,10,2,52,1,76,65,55,53,1,76,8043,0,0
11,10,3,50,2,76,65,55,52,2,76,7992,0,0
11,10,5,51,0,77,66,56,51,0,77,8136,0,0
11,10,6,49,1,77,66,56,50,1,77,8086,0,0
11,10,7,47,2,77,66,56,49,2,77,8038,0,0
11,10,9,48,0,78,67,57,48,0,78,8188,0,0
11,10,10,46,1,78,67,57,47,1,78,8141,0,0
11,10,11,44,2,78,67,57,46,2,78,8096,0,0
11,10,13,45,0,79,68,58,45,0,79,8252,0,0
11,10,14,43,1,79,68,58,44,1,79,8208,0,0
11,10,15,41,2,79,68,58,43,2,79,8166,0,0
11,10,19,38,2,80,69,59,40,2,80,8248,0,0
11,11,0,53,1,76,65,54,54,1,76,8042,0,0
11,11,1,51,2,76,65,54,53,2,76,7990,0,0
11,11,3,52,0,77,66,55,52,0,77,8132,0,0
11,11,4,50,1,77,66,55,51,1,77,8081,0,0
11,11,5,48,2,77,66,55,50,2,77,8032,0,0
11,11,7,49,0,78,67,56,49,0,78,8180,0,0
11,11,8,47,1,78,67,56,48,1,78,8132,0,0
11,11,9,45,2,78,67,56,47,2,78,8086,0,0
11,11,11,46,0,79,68,57,46,0,79,8240,0,0
11,11,12,44,1,79,68,57,45,1,79,8195,0,0
11,11,13,42,2,79,68,57,44,2,79,8152,0,0
11,11,16,41,1,80,69,58,42,1,80,8270,0,0
11,11,17,39,2,80,69,58,41,2,80,8230,0,0
11,12,1,53,0,77,66,54,53,0,77,8130,0,0
11,12,2,51,1,77,66,54,52,1,77,8078,0,0
11,12,3,49,2,77,66,54,51,2,77,8028,0,0
11,12,5,50,0,78,67,55,50,0,78,8174,0,0
11,12,6,48,1,78,67,55,49,1,78,8125,0,0
11,12,7,46,2,78,67,55,48,2,78,8078,0,0
11,12,9,47,0,79,68,56,47,0,79,8230,0,0
11,12,10,45,1,79,68,56,46,1,79,8184,0,0
11,12,11,43,2,79,68,56,45,2,79,8140,0,0
11,12,14,42,1,80,69,57,43,1,80,8255,0,0
11,12,15,40,2,80,69,57,42,2,80,8214,0,0
11,13,0,52,1,77,66,53,53,1,77,8077,0,0
11,13,1,50,2,77,66,53,52,2,77,8026,0,0
11,13,3,51,0,78,67,54,51,0,78,8170,0,0
11,13,4,49,1,78,67,54,50,1,78,8120,0,0
11,13,5,47,2,78,67,54,49,2,78,8072,0,0
11,13,7,48,0,79,68,55,48,0,79,8222,0,0
11,13,8,46,1,79,68,55,47,1,79,8175,0,0
11,13,9,44,2,79,68,55,46,2,79,8130,0,0
11,13,12,43,1,80,69,56,44,1,80,8242,0,0
11,13,13,41,2,80,69,56,43,2,80,8200,0,0
11,14,1,52,0,78,67,53,52,0,78,8168,0,0
11,14,2,50,1,78,67,53,51,1,78,8117,0,0
11,14,3,48,2,78,67,53,50,2,78,8068,0,0
11,14,5,49,0,79,68,54,49,0,79,8216,0,0
11,14,6,47,1,79,68,54,48,1,79,8168,0,0
11,14,7,45,2,79,68,54,47,2,79,8122,0,0
11,14,9,46,0,80,69,55,46,0,80,8276,0,0
11,14,10,44,1,80,69,55,45,1,80,8231,0,0
11,14,11,42,2,80,69,55,44,2,80,8188,0,0
11,14,15,39,2,81,70,56,41,2,81,8266,0,0
11,15,0,51,1,78,67,52,52,1,78,8116,0,0
11,15,1,49,2,78,67,52,51,2,78,8066,0,0
11,15,3,50,0,79,68,53,50,0,79,8212,0,0
11,15,4,48,1,79,68,53,49,1,79,8163,0,0
11,15,5,46,2,79,68,53,48,2,79,8116,0,0
11,15,7,47,0,80,69,54,47,0,80,8268,0,0
11,15,8,45,1,80,69,54,46,1,80,8222,0,0
11,15,9,43,2,80,69,54,45,2,80,8178,0,0
11,15,13,40,2,81,70,55,42,2,81,8252,0,0
11,16,1,51,0,79,68,52,51,0,79,8210,0,0
11,16,2,49,1,79,68,52,50,1,79,8160,0,0
11,16,3,47,2,79,68,52,49,2,79,8112,0,0
11,16,5,48,0,80,69,53,48,0,80,8262,0,0
11,16,6,46,1,80,69,53,47,1,80,8215,0,0
11,16,7,44,2,80,69,53,46,2,80,8170,0,0
11,16,11,41,2,81,70,54,43,2,81,8240,0,0
11,17,0,50,1,79,68,51,51,1,79,8159,0,0
11,17,1,48,2,79,68,51,50,2,79,8110,0,0
11,17,3,49,0,80,69,52,49,0,80,8258,0,0
11,17,4,47,1,80,69,52,48,1,80,8210,0,0
11,17,5,45,2,80,69,52,47,2,80,8164,0,0
11,17,8,44,1,81,70,53,45,1,81,8273,0,0
11,17,9,42,2,81,70,53,44,2,81,8230,0,0
11,18,1,50,0,80,69,51,50,0,80,8256,0,0
11,18,2,48,1,80,69,51,49,1,80,8207,0,0
11,18,3,46,2,80,69,51,48,2,80,8160,0,0
11,18,6,45,1,81,70,52,46,1,81,8266,0,0
11,18,7,43,2,81,70,52,45,2,81,8222,0,0
11,19,0,49,1,80,69,50,50,1,80,8206,0,0
11,19,1,47,2,80,69,50,49,2,80,8158,0,0
11,19,4,46,1,81,70,51,47,1,81,8261,0,0
11,19,5,44,2,81,70,51,46,2,81,8216,0,0
11,20,2,47,1,81,70,50,48,1,81,8258,0,0
11,20,3,45,2,81,70,50,47,2,81,8212,0,0
11,21,0,48,1,81,70,49,49,1,81,8257,0,0
11,21,1,46,2,81,70,49,48,2,81,8210,0,0
11,21,5,43,2,82,71,50,45,2,82,8272,0,0
11,22,3,44,2,82,71,49,46,2,82,8268,0,0
11,23,1,45,2,82,71,48,47,2,82,8266,0,0
12,0,0,57,2,71,59,59,59,2,71,7869,0,0
12,0,2,58,0,72,60,60,58,0,72,7999,0,0
12,0,3,56,1,72,60,60,57,1,72,7942,0,0
12,0,4,54,2,72,60,60,56,2,72,7887,0,0
12,0,6,55,0,73,61,61,55,0,73,8023,0,0
12,0,7,53,1,73,61,61,54,1,73,7969,0,0
12,0,8,51,2,73,61,61,53,2,73,7917,0,0
12,0,10,52,0,74,62,62,52,0,74,8059,0,0
12,0,11,50,1,74,62,62,51,1,74,8008,0,0
12,0,12,48,2,74,62,62,50,2,74,7959,0,0
12,0,14,49,0,75,63,63,49,0,75,8107,0,0
12,0,15,47,1,75,63,63,48,1,75,8059,0,0
12,0,16,45,2,75,63,63,47,2,75,8013,0,0
12,0,18,46,0,76,64,64,46,0,76,8167,0,0
12,0,19,44,1,76,64,64,45,1,76,8122,0,0
12,0,20,42,2,76,64,64,44,2,76,8079,0,0
12,0,22,43,0,77,65,65,43,0,77,8239,0,0
12,0,23,41,1,77,65,65,42,1,77,8197,0,0
12,0,24,39,2,77,65,65,41,2,77,8157,0,0
12,0,28,36,2,78,66,66,38,2,78,8247,0,0
12,1,0,59,0,72,60,59,59,0,72,7998,0,0
12,1,1,57,1,72,60,59,58,1,72,7940,0,0
12,1,2,55,2,72,60,59,57,2,72,7884,0,0
12,1,4,56,0,73,61,60,56,0,73,8018,0,0
12,1,5,54,1,73,61,60,55,1,73,7963,0,0
12,1,6,52,2,73,61,60,54,2,73,7910,0,0
12,1,8,53,0,74,62,61,53,0,74,8050,0,0
12,1,9,51,1,74,62,61,52,1,74,7998,0,0
12,1,10,49,2,74,62,61,51,2,74,7948,0,0
12,1,12,50,0,75,63,62,50,0,75,8094,0,0
12,1,13,48,1,75,63,62,49,1,75,8045,0,0
12,1,14,46,2,75,63,62,48,2,75,7998,0,0
12,1,16,47,0,76,64,63,47,0,76,8150,0,0
12,1,17,45,1,76,64,63,46,1,76,8104,0,0
12,1,18,43,2,76,64,63,45,2,76,8060,0,0
12,1,20,44,0,77,65,64,44,0,77,8218,0,0
12,1,21,42,1,77,65,64,43,1,77,8175,0,0
12,1,22,40,2,77,65,64,42,2,77,8134,0,0
12,1,25,39,1,78,66,65,40,1,78,8258,0,0
12,1,26,37,2,78,66,65,39,2,78,8220,0,0
12,2,0,56,2,72,60,58,58,2,72,7883,0,0
12,2,2,57,0,73,61,59,57,0,73,8015,0,0
12,2,3,55,1,73,61,59,56,1,73,7959,0,0
12,2,4,53,2,73,61,59,55,2,73,7905,0,0
12,2,6,54,0,74,62,60,54,0,74,8043,0,0
12,2,7,52,1,74,62,60,53,1,74,7990,0,0
12,2,8,50,2,74,62,60,52,2,74,7939,0,0
12,2,10,51,0,75,63,61,51,0,75,8083,0,0
12,2,11,49,1,75,63,61,50,1,75,8033,0,0
12,2,12,47,2,75,63,61,49,2,75,7985,0,0
12,2,14,48,0,76,64,62,48,0,76,8135,0,0
12,2,15,46,1,76,64,62,47,1,76,8088,0,0
12,2,16,44,2,76,64,62,46,2,76,8043,0,0
12,2,18,45,0,77,65,63,45,0,77,8199,0,0
12,2,19,43,1,77,65,63,44,1,77,8155,0,0
12,2,20,41,2,77,65,63,43,2,77,8113,0,0
12,2,22,42,0,78,66,64,42,0,78,8275,0,0
12,2,23,40,1,78,66,64,41,1,78,8234,0,0
12,2,24,38,2,78,66,64,40,2,78,8195,0,0
12,3,0,58,0,73,61,58,58,0,73,8014,0,0
12,3,1,56,1,73,61,58,57,1,73,7957,0,0
12,3,2,54,2,73,61,58,56,2,73,7902,0,0
12,3,4,55,0,74,62,59,55,0,74,8038,0,0
12,3,5,53,1,74,62,59,54,1,74,7984,0,0
12,3,6,51,2,74,62,59,53,2,74,7932,0,0
12,3,8,52,0,75,63,60,52,0,75,8074,0,0
12,3,9,50,1,75,63,60,51,1,75,8023,0,0
12,3,10,48,2,75,63,60,50,2,75,7974,0,0
12,3,12,49,0,76,64,61,49,0,76,8122,0,0
12,3,13,47,1,76,64,61,48,1,76,8074,0,0
12,3,14,45,2,76,64,61,47,2,76,8028,0,0
12,3,16,46,0,77,65,62,46,0,77,8182,0,0
12,3,17,44,1,77,65,62,45,1,77,8137,0,0
12,3,18,42,2,77,65,62,44,2,77,8094,0,0
12,3,20,43,0,78,66,63,43,0,78,8254,0,0
12,3,21,41,1,78,66,63,42,1,78,8212,0,0
12,3,22,39,2,78,66,63,41,2,78,8172,0,0
12,3,26,36,2,79,67,64,38,2,79,8262,0,0
12,4,0,55,2,73,61,57,57,2,73,7901,0,0
12,4,2,56,0,74,62,58,56,0,74,8035,0,0
12,4,3,54,1,74,62,58,55,1,74,7980,0,0
12,4,4,52,2,74,62,58,54,2,74,7927,0,0
12,4,6,53,0,75,63,59,53,0,75,8067,0,0
12,4,7,51,1,75,63,59,52,1,75,8015,0,0
12,4,8,49,2,75,63,59,51,2,75,7965,0,0
12,4,10,50,0,76,64,60,50,0,76,8111,0,0
12,4,11,48,1,76,64,60,49,1,76,8062,0,0
12,4,12,46,2,76,64,60,48,2,76,8015,0,0
12,4,14,47,0,77,65,61,47,0,77,8167,0,0
12,4,15,45,1,77,65,61,46,1,77,8121,0,0
12,4,16,43,2,77,65,61,45,2,77,8077,0,0
12,4,18,44,0,78,66,62,44,0,78,8235,0,0
12,4,19,42,1,78,66,62,43,1,78,8192,0,0
12,4,20,40,2,78,66,62,42,2,78,8151,0,0
12,4,23,39,1,79,67,63,40,1,79,8275,0,0
12,4,24,37,2,79,67,63,39,2,79,8237,0,0
12,5,0,57,0,74,62,57,57,0,74,8034,0,0
12,5,1,55,1,74,62,57,56,1,74,7978,0,0
12,5,2,53,2,74,62,57,55,2,74,7924,0,0
12,5,4,54,0,75,63,58,54,0,75,8062,0,0
12,5,5,52,1,75,63,58,53,1,75,8009,0,0
12,5,6,50,2,75,63,58,52,2,75,7958,0,0
12,5,8,51,0,76,64,59,51,0,76,8102,0,0
12,5,9,49,1,76,64,59,50,1,76,8052,0,0
12,5,10,47,2,76,64,59,49,2,76,8004,0,0
12,5,12,48,0,77,65,60,48,0,77,8154,0,0
12,5,13,46,1,77,65,60,47,1,77,8107,0,0
12,5,14,44,2,77,65,60,46,2,77,8062,0,0
12,5,16,45,0,78,66,61,45,0,78,8218,0,0
12,5,17,43,1,78,66,61,44,1,78,8174,0,0
12,5,18,41,2,78,66,61,43,2,78,8132,0,0
12,5,21,40,1,79,67,62,41,1,79,8253,0,0
12,5,22,38,2,79,67,62,40,2,79,8214,0,0
12,6,0,54,2,74,62,56,56,2,74,7923,0,0
12,6,2,55,0,75,63,57,55,0,75,8059,0,0
12,6,3,53,1,75,63,57,54,1,75,8005,0,0
12,6,4,51,2,75,63,57,53,2,75,7953,0,0
12,6,6,52,0,76,64,58,52,0,76,8095,0,0
12,6,7,50,1,76,64,58,51,1,76,8044,0,0
12,6,8,48,2,76,64,58,50,2,76,7995,0,0
12,6,10,49,0,77,65,59,49,0,77,8143,0,0
12,6,11,47,1,77,65,59,48,1,77,8095,0,0
12,6,12,45,2,77,65,59,47,2,77,8049,0,0
12,6,14,46,0,78,66,60,46,0,78,8203,0,0
12,6,15,44,1,78,66,60,45,1,78,8158,0,0
12,6,16,42,2,78,66,60,44,2,78,8115,0,0
12,6,18,43,0,79,67,61,43,0,79,8275,0,0
12,6,19,41,1,79,67,61,42,1,79,8233,0,0
12,6,20,39,2,79,67,61,41,2,79,8193,0,0
12,7,0,56,0,75,63,56,56,0,75,8058,0,0
12,7,1,54,1,75,63,56,55,1,75,8003,0,0
12,7,2,52,2,75,63,56,54,2,75,7950,0,0
12,7,4,53,0,76,64,57,53,0,76,8090,0,0
12,7,5,51,1,76,64,57,52,1,76,8038,0,0
12,7,6,49,2,76,64,57,51,2,76,7988,0,0
12,7,8,50,0,77,65,58,50,0,77,8134,0,0
12,7,9,48,1,77,65,58,49,1,77,8085,0,0
12,7,10,46,2,77,65,58,48,2,77,8038,0,0
12,7,12,47,0,78,66,59,47,0,78,8190,0,0
12,7,13,45,1,78,66,59,46,1,78,8144,0,0
12,7,14,43,2,78,66,59,45,2,78,8100,0,0
12,7,16,44,0,79,67,60,44,0,79,8258,0,0
12,7,17,42,1,79,67,60,43,1,79,8215,0,0
12,7,18,40,2,79,67,60,42,2,79,8174,0,0
12,7,22,37,2,80,68,61,39,2,80,8260,0,0
12,8,0,53,2,75,63,55,55,2,75,7949,0,0
12,8,2,54,0,76,64,56,54,0,76,8087,0,0
12,8,3,52,1,76,64,56,53,1,76,8034,0,0
12,8,4,50,2,76,64,56,52,2,76,7983,0,0
12,8,6,51,0,77,65,57,51,0,77,8127,0,0
12,8,7,49,1,77,65,57,50,1,77,8077,0,0
12,8,8,47,2,77,65,57,49,2,77,8029,0,0
12,8,10,48,0,78,66,58,48,0,78,8179,0,0
12,8,11,46,1,78,66,58,47,1,78,8132,0,0
12,8,12,44,2,78,66,58,46,2,78,8087,0,0
12,8,14,45,0,79,67,59,45,0,79,8243,0,0
12,8,15,43,1,79,67,59,44,1,79,8199,0,0
12,8,16,41,2,79,67,59,43,2,79,8157,0,0
12,8,20,38,2,80,68,60,40,2,80,8239,0,0
12,9,0,55,0,76,64,55,55,0,76,8086,0,0
12,9,1,53,1,76,64,55,54,1,76,8032,0,0
12,9,2,51,2,76,64,55,53,2,76,7980,0,0
12,9,4,52,0,77,65,56,52,0,77,8122,0,0
12,9,5,50,1,77,65,56,51,1,77,8071,0,0
12,9,6,48,2,77,65,56,50,2,77,8022,0,0
12,9,8,49,0,78,66,57,49,0,78,8170,0,0
12,9,9,47,1,78,66,57,48,1,78,8122,0,0
12,9,10,45,2,78,66,57,47,2,78,8076,0,0
12,9,12,46,0,79,67,58,46,0,79,8230,0,0
12,9,13,44,1,79,67,58,45,1,79,8185,0,0
12,9,14,42,2,79,67,58,44,2,79,8142,0,0
12,9,17,41,1,80,68,59,42,1,80,8260,0,0
12,9,18,39,2,80,68,59,41,2,80,8220,0,0
12,10,0,52,2,76,64,54,54,2,76,7979,0,0
12,10,2,53,0,77,65,55,53,0,77,8119,0,0
12,10,3,51,1,77,65,55,52,1,77,8067,0,0
12,10,4,49,2,77,65,55,51,2,77,8017,0,0
12,10,6,50,0,78,66,56,50,0,78,8163,0,0
12,10,7,48,1,78,66,56,49,1,78,8114,0,0
12,10,8,46,2,78,66,56,48,2,78,8067,0,0
12,10,10,47,0,79,67,57,47,0,79,8219,0,0
12,10,11,45,1,79,67,57,46,1,79,8173,0,0
12,10,12,43,2,79,67,57,45,2,79,8129,0,0
12,10,15,42,1,80,68,58,43,1,80,8244,0,0
12,10,16,40,2,80,68,58,42,2,80,8203,0,0
12,11,0,54,0,77,65,54,54,0,77,8118,0,0
12,11,1,52,1,77,65,54,53,1,77,8065,0,0
12,11,2,50,2,77,65,54,52,2,77,8014,0,0
12,11,4,51,0,78,66,55,51,0,78,8158,0,0
12,11,5,49,1,78,66,55,50,1,78,8108,0,0
12,11,6,47,2,78,66,55,49,2,78,8060,0,0
12,11,8,48,0,79,67,56,48,0,79,8210,0,0
12,11,9,46,1,79,67,56,47,1,79,8163,0,0
12,11,10,44,2,79,67,56,46,2,79,8118,0,0
12,11,12,45,0,80,68,57,45,0,80,8274,0,0
12,11,13,43,1,80,68,57,44,1,80,8230,0,0
12,11,14,41,2,80,68,57,43,2,80,8188,0,0
12,11,18,38,2,81,69,58,40,2,81,8270,0,0
12,12,0,51,2,77,65,53,53,2,77,8013,0,0
12,12,2,52,0,78,66,54,52,0,78,8155,0,0
12,12,3,50,1,78,66,54,51,1,78,8104,0,0
12,12,4,48,2,78,66,54,50,2,78,8055,0,0
12,12,6,49,0,79,67,55,49,0,79,8203,0,0
12,12,7,47,1,79,67,55,48,1,79,8155,0,0
12,12,8,45,2,79,67,55,47,2,79,8109,0,0
12,12,10,46,0,80,68,56,46,0,80,8263,0,0
12,12,11,44,1,80,68,56,45,1,80,8218,0,0
12,12,12,42,2,80,68,56,44,2,80,8175,0,0
12,12,16,39,2,81,69,57,41,2,81,8253,0,0
12,13,0,53,0,78,66,53,53,0,78,8154,0,0
12,13,1,51,1,78,66,53,52,1,78,8102,0,0
12,13,2,49,2,78,66,53,51,2,78,8052,0,0
12,13,4,50,0,79,67,54,50,0,79,8198,0,0
12,13,5,48,1,79,67,54,49,1,79,8149,0,0
12,13,6,46,2,79,67,54,48,2,79,8102,0,0
12,13,8,47,0,80,68,55,47,0,80,8254,0,0
12,13,9,45,1,80,68,55,46,1,80,8208,0,0
12,13,10,43,2,80,68,55,45,2,80,8164,0,0
12,13,14,40,2,81,69,56,42,2,81,8238,0,0
12,14,0,50,2,78,66,52,52,2,78,8051,0,0
12,14,2,51,0,79,67,53,51,0,79,8195,0,0
12,14,3,49,1,79,67,53,50,1,79,8145,0,0
12,14,4,47,2,79,67,53,49,2,79,8097,0,0
12,14,6,48,0,80,68,54,48,0,80,8247,0,0
12,14,7,46,1,80,68,54,47,1,80,8200,0,0
12,14,8,44,2,80,68,54,46,2,80,8155,0,0
12,14,11,43,1,81,69,55,44,1,81,8267,0,0
12,14,12,41,2,81,69,55,43,2,81,8225,0,0
12,15,0,52,0,79,67,52,52,0,79,8194,0,0
12,15,1,50,1,79,67,52,51,1,79,8143,0,0
12,15,2,48,2,79,67,52,50,2,79,8094,0,0
12,15,4,49,0,80,68,53,49,0,80,8242,0,0
12,15,5,47,1,80,68,53,48,1,80,8194,0,0
12,15,6,45,2,80,68,53,47,2,80,8148,0,0
12,15,9,44,1,81,69,54,45,1,81,8257,0,0
12,15,10,42,2,81,69,54,44,2,81,8214,0,0
12,16,0,49,2,79,67,51,51,2,79,8093,0,0
12,16,2,50,0,80,68,52,50,0,80,8239,0,0
12,16,3,48,1,80,68,52,49,1,80,8190,0,0
12,16,4,46,2,80,68,52,48,2,80,8143,0,0
12,16,7,45,1,81,69,53,46,1,81,8249,0,0
12,16,8,43,2,81,69,53,45,2,81,8205,0,0
12,17,0,51,0,80,68,51,51,0,80,8238,0,0
12,17,1,49,1,80,68,51,50,1,80,8188,0,0
12,17,2,47,2,80,68,51,49,2,80,8140,0,0
12,17,5,46,1,81,69,52,47,1,81,8243,0,0
12,17,6,44,2,81,69,52,46,2,81,8198,0,0
12,17,10,41,2,82,70,53,43,2,82,8268,0,0
12,18,0,48,2,80,68,50,50,2,80,8139,0,0
12,18,3,47,1,81,69,51,48,1,81,8239,0,0
12,18,4,45,2,81,69,51,47,2,81,8193,0,0
12,18,8,42,2,82,70,52,44,2,82,8259,0,0
12,19,1,48,1,81,69,50,49,1,81,8237,0,0
12,19,2,46,2,81,69,50,48,2,81,8190,0,0
12,19,6,43,2,82,70,51,45,2,82,8252,0,0
12,20,0,47,2,81,69,49,49,2,81,8189,0,0
12,20,4,44,2,82,70,50,46,2,82,8247,0,0
12,21,2,45,2,82,70,49,47,2,82,8244,0,0
12,22,0,46,2,82,70,48,48,2,82,8243,0,0
13,0,0,58,1,72,59,59,59,1,72,7939,0,0
13,0,1,56,2,72,59,59,58,2,72,7882,0,0
13,0,3,57,0,73,60,60,57,0,73,8014,0,0
13,0,4,55,1,73,60,60,56,1,73,7958,0,0
13,0,5,53,2,73,60,60,55,2,73,7904,0,0
13,0,7,54,0,74,61,61,54,0,74,8042,0,0
13,0,8,52,1,74,61,61,53,1,74,7989,0,0
13,0,9,50,2,74,61,61,52,2,74,7938,0,0
13,0,11,51,0,75,62,62,51,0,75,8082,0,0
13,0,12,49,1,75,62,62,50,1,75,8032,0,0
13,0,13,47,2,75,62,62,49,2,75,7984,0,0
13,0,15,48,0,76,63,63,48,0,76,8134,0,0
13,0,16,46,1,76,63,63,47,1,76,8087,0,0
13,0,17,44,2,76,63,63,46,2,76,8042,0,0
13,0,19,45,0,77,64,64,45,0,77,8198,0,0
13,0,20,43,1,77,64,64,44,1,77,8154,0,0
13,0,21,41,2,77,64,64,43,2,77,8112,0,0
13,0,23,42,0,78,65,65,42,0,78,8274,0,0
13,0,24,40,1,78,65,65,41,1,78,8233,0,0
13,0,25,38,2,78,65,65,40,2,78,8194,0,0
13,1,1,58,0,73,60,59,58,0,73,8012,0,0
13,1,2,56,1,73,60,59,57,1,73,7955,0,0
13,1,3,54,2,73,60,59,56,2,73,7900,0,0
13,1,5,55,0,74,61,60,55,0,74,8036,0,0
13,1,6,53,1,74,61,60,54,1,74,7982,0,0
13,1,7,51,2,74,61,60,53,2,74,7930,0,0
13,1,9,52,0,75,62,61,52,0,75,8072,0,0
13,1,10,50,1,75,62,61,51,1,75,8021,0,0
13,1,11,48,2,75,62,61,50,2,75,7972,0,0
13,1,13,49,0,76,63,62,49,0,76,8120,0,0
13,1,14,47,1,76,63,62,48,1,76,8072,0,0
13,1,15,45,2,76,63,62,47,2,76,8026,0,0
13,1,17,46,0,77,64,63,46,0,77,8180,0,0
13,1,18,44,1,77,64,63,45,1,77,8135,0,0
13,1,19,42,2,77,64,63,44,2,77,8092,0,0
13,1,21,43,0,78,65,64,43,0,78,8252,0,0
13,1,22,41,1,78,65,64,42,1,78,8210,0,0
13,1,23,39,2,78,65,64,41,2,78,8170,0,0
13,1,27,36,2,79,66,65,38,2,79,8260,0,0
13,2,0,57,1,73,60,58,58,1,73,7954,0,0
13,2,1,55,2,73,60,58,57,2,73,7898,0,0
13,2,3,56,0,74,61,59,56,0,74,8032,0,0
13,2,4,54,1,74,61,59,55,1,74,7977,0,0
13,2,5,52,2,74,61,59,54,2,74,7924,0,0
13,2,7,53,0,75,62,60,53,0,75,8064,0,0
13,2,8,51,1,75,62,60,52,1,75,8012,0,0
13,2,9,49,2,75,62,60,51,2,75,7962,0,0
13,2,11,50,0,76,63,61,50,0,76,8108,0,0
13,2,12,48,1,76,63,61,49,1,76,8059,0,0
13,2,13,46,2,76,63,61,48,2,76,8012,0,0
13,2,15,47,0,77,64,62,47,0,77,8164,0,0
13,2,16,45,1,77,64,62,46,1,77,8118,0,0
13,2,17,43,2,77,64,62,45,2,77,8074,0,0
13,2,19,44,0,78,65,63,44,0,78,8232,0,0
13,2,20,42,1,78,65,63,43,1,78,8189,0,0
13,2,21,40,2,78,65,63,42,2,78,8148,0,0
13,2,24,39,1,79,66,64,40,1,79,8272,0,0
13,2,25,37,2,79,66,64,39,2,79,8234,0,0
13,3,1,57,0,74,61,58,57,0,74,8030,0,0
13,3,2,55,1,74,61,58,56,1,74,7974,0,0
13,3,3,53,2,74,61,58,55,2,74,7920,0,0
13,3,5,54,0,75,62,59,54,0,75,8058,0,0
13,3,6,52,1,75,62,59,53,1,75,8005,0,0
13,3,7,50,2,75,62,59,52,2,75,7954,0,0
13,3,9,51,0,76,63,60,51,0,76,8098,0,0
13,3,10,49,1,76,63,60,50,1,76,8048,0,0
13,3,11,47,2,76,63,60,49,2,76,8000,0,0
13,3,13,48,0,77,64,61,48,0,77,8150,0,0
13,3,14,46,1,77,64,61,47,1,77,8103,0,0
13,3,15,44,2,77,64,61,46,2,77,8058,0,0
13,3,17,45,0,78,65,62,45,0,78,8214,0,0
13,3,18,43,1,78,65,62,44,1,78,8170,0,0
13,3,19,41,2,78,65,62,43,2,78,8128,0,0
13,3,22,40,1,79,66,63,41,1,79,8249,0,0
13,3,23,38,2,79,66,63,40,2,79,8210,0,0
13,4,0,56,1,74,61,57,57,1,74,7973,0,0
13,4,1,54,2,74,61,57,56,2,74,7918,0,0
13,4,3,55,0,75,62,58,55,0,75,8054,0,0
13,4,4,53,1,75,62,58,54,1,75,8000,0,0
13,4,5,51,2,75,62,58,53,2,75,7948,0,0
13,4,7,52,0,76,63,59,52,0,76,8090,0,0
13,4,8,50,1,76,63,59,51,1,76,8039,0,0
13,4,9,48,2,76,63,59,50,2,76,7990,0,0
13,4,11,49,0,77,64,60,49,0,77,8138,0,0
13,4,12,47,1,77,64,60,48,1,77,8090,0,0
13,4,13,45,2,77,64,60,47,2,77,8044,0,0
13,4,15,46,0,78,65,61,46,0,78,8198,0,0
13,4,16,44,1,78,65,61,45,1,78,8153,0,0
13,4,17,42,2,78,65,61,44,2,78,8110,0,0
13,4,19,43,0,79,66,62,43,0,79,8270,0,0
13,4,20,41,1,79,66,62,42,1,79,8228,0,0
13,4,21,39,2,79,66,62,41,2,79,8188,0,0
13,5,1,56,0,75,62,57,56,0,75,8052,0,0
13,5,2,54,1,75,62,57,55,1,75,7997,0,0
13,5,3,52,2,75,62,57,54,2,75,7944,0,0
13,5,5,53,0,76,63,58,53,0,76,8084,0,0
13,5,6,51,1,76,63,58,52,1,76,8032,0,0
13,5,7,49,2,76,63,58,51,2,76,7982,0,0
13,5,9,50,0,77,64,59,50,0,77,8128,0,0
13,5,10,48,1,77,64,59,49,1,77,8079,0,0
13,5,11,46,2,77,64,59,48,2,77,8032,0,0
13,5,13,47,0,78,65,60,47,0,78,8184,0,0
13,5,14,45,1,78,65,60,46,1,78,8138,0,0
13,5,15,43,2,78,65,60,45,2,78,8094,0,0
13,5,17,44,0,79,66,61,44,0,79,8252,0,0
13,5,18,42,1,79,66,61,43,1,79,8209,0,0
13,5,19,40,2,79,66,61,42,2,79,8168,0,0
13,5,23,37,2,80,67,62,39,2,80,8254,0,0
13,6,0,55,1,75,62,56,56,1,75,7996,0,0
13,6,1,53,2,75,62,56,55,2,75,7942,0,0
13,6,3,54,0,76,63,57,54,0,76,8080,0,0
13,6,4,52,1,76,63,57,53,1,76,8027,0,0
13,6,5,50,2,76,63,57,52,2,76,7976,0,0
13,6,7,51,0,77,64,58,51,0,77,8120,0,0
13,6,8,49,1,77,64,58,50,1,77,8070,0,0
13,6,9,47,2,77,64,58,49,2,77,8022,0,0
13,6,11,48,0,78,65,59,48,0,78,8172,0,0
13,6,12,46,1,78,65,59,47,1,78,8125,0,0
13,6,13,44,2,78,65,59,46,2,78,8080,0,0
13,6,15,45,0,79,66,60,45,0,79,8236,0,0
13,6,16,43,1,79,66,60,44,1,79,8192,0,0
13,6,17,41,2,79,66,60,43,2,79,8150,0,0
13,6,20,40,1,80,67,61,41,1,80,8271,0,0
13,6,21,38,2,80,67,61,40,2,80,8232,0,0
13,7,1,55,0,76,63,56,55,0,76,8078,0,0
13,7,2,53,1,76,63,56,54,1,76,8024,0,0
13,7,3,51,2,76,63,56,53,2,76,7972,0,0
13,7,5,52,0,77,64,57,52,0,77,8114,0,0
13,7,6,50,1,77,64,57,51,1,77,8063,0,0
13,7,7,48,2,77,64,57,50,2,77,8014,0,0
13,7,9,49,0,78,65,58,49,0,78,8162,0,0
13,7,10,47,1,78,65,58,48,1,78,8114,0,0
13,7,11,45,2,78,65,58,47,2,78,8068,0,0
13,7,13,46,0,79,66,59,46,0,79,8222,0,0
13,7,14,44,1,79,66,59,45,1,79,8177,0,0
13,7,15,42,2,79,66,59,44,2,79,8134,0,0
13,7,18,41,1,80,67,60,42,1,80,8252,0,0
13,7,19,39,2,80,67,60,41,2,80,8212,0,0
13,8,0,54,1,76,63,55,55,1,76,8023,0,0
13,8,1,52,2,76,63,55,54,2,76,7970,0,0
13,8,3,53,0,77,64,56,53,0,77,8110,0,0
13,8,4,51,1,77,64,56,52,1,77,8058,0,0
13,8,5,49,2,77,64,56,51,2,77,8008,0,0
13,8,7,50,0,78,65,57,50,0,78,8154,0,0
13,8,8,48,1,78,65,57,49,1,78,8105,0,0
13,8,9,46,2,78,65,57,48,2,78,8058,0,0
13,8,11,47,0,79,66,58,47,0,79,8210,0,0
13,8,12,45,1,79,66,58,46,1,79,8164,0,0
13,8,13,43,2,79,66,58,45,2,79,8120,0,0
13,8,16,42,1,80,67,59,43,1,80,8235,0,0
13,8,17,40,2,80,67,59,42,2,80,8194,0,0
13,9,1,54,0,77,64,55,54,0,77,8108,0,0
13,9,2,52,1,77,64,55,53,1,77,8055,0,0
13,9,3,50,2,77,64,55,52,2,77,8004,0,0
13,9,5,51,0,78,65,56,51,0,78,8148,0,0
13,9,6,49,1,78,65,56,50,1,78,8098,0,0
13,9,7,47,2,78,65,56,49,2,78,8050,0,0
13,9,9,48,0,79,66,57,48,0,79,8200,0,0
13,9,10,46,1,79,66,57,47,1,79,8153,0,0
13,9,11,44,2,79,66,57,46,2,79,8108,0,0
13,9,13,45,0,80,67,58,45,0,80,8264,0,0
13,9,14,43,1,80,67,58,44,1,80,8220,0,0
13,9,15,41,2,80,67,58,43,2,80,8178,0,0
13,9,19,38,2,81,68,59,40,2,81,8260,0,0
13,10,0,53,1,77,64,54,54,1,77,8054,0,0
13,10,1,51,2,77,64,54,53,2,77,8002,0,0
13,10,3,52,0,78,65,55,52,0,78,8144,0,0
13,10,4,50,1,78,65,55,51,1,78,8093,0,0
13,10,5,48,2,78,65,55,50,2,78,8044,0,0
13,10,7,49,0,79,66,56,49,0,79,8192,0,0
13,10,8,47,1,79,66,56,48,1,79,8144,0,0
13,10,9,45,2,79,66,56,47,2,79,8098,0,0
13,10,11,46,0,80,67,57,46,0,80,8252,0,0
13,10,12,44,1,80,67,57,45,1,80,8207,0,0
13,10,13,42,2,80,67,57,44,2,80,8164,0,0
13,10,17,39,2,81,68,58,41,2,81,8242,0,0
13,11,1,53,0,78,65,54,53,0,78,8142,0,0
13,11,2,51,1,78,65,54,52,1,78,8090,0,0
13,11,3,49,2,78,65,54,51,2,78,8040,0,0
13,11,5,50,0,79,66,55,50,0,79,8186,0,0
13,11,6,48,1,79,66,55,49,1,79,8137,0,0
13,11,7,46,2,79,66,55,48,2,79,8090,0,0
13,11,9,47,0,80,67,56,47,0,80,8242,0,0
13,11,10,45,1,80,67,56,46,1,80,8196,0,0
13,11,11,43,2,80,67,56,45,2,80,8152,0,0
13,11,14,42,1,81,68,57,43,1,81,8267,0,0
13,11,15,40,2,81,68,57,42,2,81,8226,0,0
13,12,0,52,1,78,65,53,53,1,78,8089,0,0
13,12,1,50,2,78,65,53,52,2,78,8038,0,0
13,12,3,51,0,79,66,54,51,0,79,8182,0,0
13,12,4,49,1,79,66,54,50,1,79,8132,0,0
13,12,5,47,2,79,66,54,49,2,79,8084,0,0
13,12,7,48,0,80,67,55,48,0,80,8234,0,0
13,12,8,46,1,80,67,55,47,1,80,8187,0,0
13,12,9,44,2,80,67,55,46,2,80,8142,0,0
13,12,12,43,1,81,68,56,44,1,81,8254,0,0
13,12,13,41,2,81,68,56,43,2,81,8212,0,0
13,13,1,52,0,79,66,53,52,0,79,8180,0,0
13,13,2,50,1,79,66,53,51,1,79,8129,0,0
13,13,3,48,2,79,66,53,50,2,79,8080,0,0
13,13,5,49,0,80,67,54,49,0,80,8228,0,0
13,13,6,47,1,80,67,54,48,1,80,8180,0,0
13,13,7,45,2,80,67,54,47,2,80,8134,0,0
13,13,10,44,1,81,68,55,45,1,81,8243,0,0
13,13,11,42,2,81,68,55,44,2,81,8200,0,0
13,14,0,51,1,79,66,52,52,1,79,8128,0,0
13,14,1,49,2,79,66,52,51,2,79,8078,0,0
13,14,3,50,0,80,67,53,50,0,80,8224,0,0
13,14,4,48,1,80,67,53,49,1,80,8175,0,0
13,14,5,46,2,80,67,53,48,2,80,8128,0,0
13,14,8,45,1,81,68,54,46,1,81,8234,0,0
13,14,9,43,2,81,68,54,45,2,81,8190,0,0
13,14,13,40,2,82,69,55,42,2,82,8264,0,0
13,15,1,51,0,80,67,52,51,0,80,8222,0,0
13,15,2,49,1,80,67,52,50,1,80,8172,0,0
13,15,3,47,2,80,67,52,49,2,80,8124,0,0
13,15,5,48,0,81,68,53,48,0,81,8274,0,0
13,15,6,46,1,81,68,53,47,1,81,8227,0,0
13,15,7,44,2,81,68,53,46,2,81,8182,0,0
13,15,11,41,2,82,69,54,43,2,82,8252,0,0
13,16,0,50,1,80,67,51,51,1,80,8171,0,0
13,16,1,48,2,80,67,51,50,2,80,8122,0,0
13,16,3,49,0,81,68,52,49,0,81,8270,0,0
13,16,4,47,1,81,68,52,48,1,81,8222,0,0
13,16,5,45,2,81,68,52,47,2,81,8176,0,0
13,16,9,42,2,82,69,53,44,2,82,8242,0,0
13,17,1,50,0,81,68,51,50,0,81,8268,0,0
13,17,2,48,1,81,68,51,49,1,81,8219,0,0
13,17,3,46,2,81,68,51,48,2,81,8172,0,0
13,17,7,43,2,82,69,52,45,2,82,8234,0,0
13,18,0,49,1,81,68,50,50,1,81,8218,0,0
13,18,1,47,2,81,68,50,49,2,81,8170,0,0
13,18,4,46,1,82,69,51,47,1,82,8273,0,0
13,18,5,44,2,82,69,51,46,2,82,8228,0,0
13,19,2,47,1,82,69,50,48,1,82,8270,0,0
13,19,3,45,2,82,69,50,47,2,82,8224,0,0
13,20,0,48,1,82,69,49,49,1,82,8269,0,0
13,20,1,46,2,82,69,49,48,2,82,8222,0,0
14,0,0,59,0,73,59,59,59,0,73,8011,0,0
14,0,1,57,1,73,59,59,58,1,73,7953,0,0
14,0,2,55,2,73,59,59,57,2,73,7897,0,0
14,0,4,56,0,74,60,60,56,0,74,8031,0,0
14,0,5,54,1,74,60,60,55,1,74,7976,0,0
14,0,6,52,2,74,60,60,54,2,74,7923,0,0
14,0,8,53,0,75,61,61,53,0,75,8063,0,0
14,0,9,51,1,75,61,61,52,1,75,8011,0,0
14,0,10,49,2,75,61,61,51,2,75,7961,0,0
14,0,12,50,0,76,62,62,50,0,76,8107,0,0
14,0,13,48,1,76,62,62,49,1,76,8058,0,0
14,0,14,46,2,76,62,62,48,2,76,8011,0,0
14,0,16,47,0,77,63,63,47,0,77,8163,0,0
14,0,17,45,1,77,63,63,46,1,77,8117,0,0
14,0,18,43,2,77,63,63,45,2,77,8073,0,0
14,0,20,44,0,78,64,64,44,0,78,8231,0,0
14,0,21,42,1,78,64,64,43,1,78,8188,0,0
14,0,22,40,2,78,64,64,42,2,78,8147,0,0
14,0,25,39,1,79,65,65,40,1,79,8271,0,0
14,0,26,37,2,79,65,65,39,2,79,8233,0,0
14,1,0,56,2,73,59,58,58,2,73,7896,0,0
14,1,2,57,0,74,60,59,57,0,74,8028,0,0
14,1,3,55,1,74,60,59,56,1,74,7972,0,0
14,1,4,53,2,74,60,59,55,2,74,7918,0,0
14,1,6,54,0,75,61,60,54,0,75,8056,0,0
14,1,7,52,1,75,61,60,53,1,75,8003,0,0
14,1,8,50,2,75,61,60,52,2,75,7952,0,0
14,1,10,51,0,76,62,61,51,0,76,8096,0,0
14,1,11,49,1,76,62,61,50,1,76,8046,0,0
14,1,12,47,2,76,62,61,49,2,76,7998,0,0
14,1,14,48,0,77,63,62,48,0,77,8148,0,0
14,1,15,46,1,77,63,62,47,1,77,8101,0,0
14,1,16,44,2,77,63,62,46,2,77,8056,0,0
14,1,18,45,0,78,64,63,45,0,78,8212,0,0
14,1,19,43,1,78,64,63,44,1,78,8168,0,0
14,1,20,41,2,78,64,63,43,2,78,8126,0,0
14,1,23,40,1,79,65,64,41,1,79,8247,0,0
14,1,24,38,2,79,65,64,40,2,79,8208,0,0
14,2,0,58,0,74,60,58,58,0,74,8027,0,0
14,2,1,56,1,74,60,58,57,1,74,7970,0,0
14,2,2,54,2,74,60,58,56,2,74,7915,0,0
14,2,4,55,0,75,61,59,55,0,75,8051,0,0
14,2,5,53,1,75,61,59,54,1,75,7997,0,0
14,2,6,51,2,75,61,59,53,2,75,7945,0,0
14,2,8,52,0,76,62,60,52,0,76,8087,0,0
14,2,9,50,1,76,62,60,51,1,76,8036,0,0
14,2,10,48,2,76,62,60,50,2,76,7987,0,0
14,2,12,49,0,77,63,61,49,0,77,8135,0,0
14,2,13,47,1,77,63,61,48,1,77,8087,0,0
14,2,14,45,2,77,63,61,47,2,77,8041,0,0
14,2,16,46,0,78,64,62,46,0,78,8195,0,0
14,2,17,44,1,78,64,62,45,1,78,8150,0,0
14,2,18,42,2,78,64,62,44,2,78,8107,0,0
14,2,20,43,0,79,65,63,43,0,79,8267,0,0
14,2,21,41,1,79,65,63,42,1,79,8225,0,0
14,2,22,39,2,79,65,63,41,2,79,8185,0,0
14,2,26,36,2,80,66,64,38,2,80,8275,0,0
14,3,0,55,2,74,60,57,57,2,74,7914,0,0
14,3,2,56,0,75,61,58,56,0,75,8048,0,0
14,3,3,54,1,75,61,58,55,1,75,7993,0,0
14,3,4,52,2,75,61,58,54,2,75,7940,0,0
14,3,6,53,0,76,62,59,53,0,76,8080,0,0
14,3,7,51,1,76,62,59,52,1,76,8028,0,0
14,3,8,49,2,76,62,59,51,2,76,7978,0,0
14,3,10,50,0,77,63,60,50,0,77,8124,0,0
14,3,11,48,1,77,63,60,49,1,77,8075,0,0
14,3,12,46,2,77,63,60,48,2,77,8028,0,0
14,3,14,47,0,78,64,61,47,0,78,8180,0,0
14,3,15,45,1,78,64,61,46,1,78,8134,0,0
14,3,16,43,2,78,64,61,45,2,78,8090,0,0
14,3,18,44,0,79,65,62,44,0,79,8248,0,0
14,3,19,42,1,79,65,62,43,1,79,8205,0,0
14,3,20,40,2,79,65,62,42,2,79,8164,0,0
14,3,24,37,2,80,66,63,39,2,80,8250,0,0
14,4,0,57,0,75,61,57,57,0,75,8047,0,0
14,4,1,55,1,75,61,57,56,1,75,7991,0,0
14,4,2,53,2,75,61,57,55,2,75,7937,0,0
14,4,4,54,0,76,62,58,54,0,76,8075,0,0
14,4,5,52,1,76,62,58,53,1,76,8022,0,0
14,4,6,50,2,76,62,58,52,2,76,7971,0,0
14,4,8,51,0,77,63,59,51,0,77,8115,0,0
14,4,9,49,1,77,63,59,50,1,77,8065,0,0
14,4,10,47,2,77,63,59,49,2,77,8017,0,0
14,4,12,48,0,78,64,60,48,0,78,8167,0,0
14,4,13,46,1,78,64,60,47,1,78,8120,0,0
14,4,14,44,2,78,64,60,46,2,78,8075,0,0
14,4,16,45,0,79,65,61,45,0,79,8231,0,0
14,4,17,43,1,79,65,61,44,1,79,8187,0,0
14,4,18,41,2,79,65,61,43,2,79,8145,0,0
14,4,21,40,1,80,66,62,41,1,80,8266,0,0
14,4,22,38,2,80,66,62,40,2,80,8227,0,0
14,5,0,54,2,75,61,56,56,2,75,7936,0,0
14,5,2,55,0,76,62,57,55,0,76,8072,0,0
14,5,3,53,1,76,62,57,54,1,76,8018,0,0
14,5,4,51,2,76,62,57,53,2,76,7966,0,0
14,5,6,52,0,77,63,58,52,0,77,8108,0,0
14,5,7,50,1,77,63,58,51,1,77,8057,0,0
14,5,8,48,2,77,63,58,50,2,77,8008,0,0
14,5,10,49,0,78,64,59,49,0,78,8156,0,0
14,5,11,47,1,78,64,59,48,1,78,8108,0,0
14,5,12,45,2,78,64,59,47,2,78,8062,0,0
14,5,14,46,0,79,65,60,46,0,79,8216,0,0
14,5,15,44,1,79,65,60,45,1,79,8171,0,0
14,5,16,42,2,79,65,60,44,2,79,8128,0,0
14,5,19,41,1,80,66,61,42,1,80,8246,0,0
14,5,20,39,2,80,66,61,41,2,80,8206,0,0
14,6,0,56,0,76,62,56,56,0,76,8071,0,0
14,6,1,54,1,76,62,56,55,1,76,8016,0,0
14,6,2,52,2,76,62,56,54,2,76,7963,0,0
14,6,4,53,0,77,63,57,53,0,77,8103,0,0
14,6,5,51,1,77,63,57,52,1,77,8051,0,0
14,6,6,49,2,77,63,57,51,2,77,8001,0,0
14,6,8,50,0,78,64,58,50,0,78,8147,0,0
14,6,9,48,1,78,64,58,49,1,78,8098,0,0
14,6,10,46,2,78,64,58,48,2,78,8051,0,0
14,6,12,47,0,79,65,59,47,0,79,8203,0,0
14,6,13,45,1,79,65,59,46,1,79,8157,0,0
14,6,14,43,2,79,65,59,45,2,79,8113,0,0
14,6,16,44,0,80,66,60,44,0,80,8271,0,0
14,6,17,42,1,80,66,60,43,1,80,8228,0,0
14,6,18,40,2,80,66,60,42,2,80,8187,0,0
14,6,22,37,2,81,67,61,39,2,81,8273,0,0
14,7,0,53,2,76,62,55,55,2,76,7962,0,0
14,7,2,54,0,77,63,56,54,0,77,8100,0,0
14,7,3,52,1,77,63,56,53,1,77,8047,0,0
14,7,4,50,2,77,63,56,52,2,77,7996,0,0
14,7,6,51,0,78,64,57,51,0,78,8140,0,0
14,7,7,49,1,78,64,57,50,1,78,8090,0,0
14,7,8,47,2,78,64,57,49,2,78,8042,0,0
14,7,10,48,0,79,65,58,48,0,79,8192,0,0
14,7,11,46,1,79,65,58,47,1,79,8145,0,0
14,7,12,44,2,79,65,58,46,2,79,8100,0,0
14,7,14,45,0,80,66,59,45,0,80,8256,0,0
14,7,15,43,1,80,66,59,44,1,80,8212,0,0
14,7,16,41,2,80,66,59,43,2,80,8170,0,0
14,7,20,38,2,81,67,60,40,2,81,8252,0,0
14,8,0,55,0,77,63,55,55,0,77,8099,0,0
14,8,1,53,1,77,63,55,54,1,77,8045,0,0
14,8,2,51,2,77,63,55,53,2,77,7993,0,0
14,8,4,52,0,78,64,56,52,0,78,8135,0,0
14,8,5,50,1,78,64,56,51,1,78,8084,0,0
14,8,6,48,2,78,64,56,50,2,78,8035,0,0
14,8,8,49,0,79,65,57,49,0,79,8183,0,0
14,8,9,47,1,79,65,57,48,1,79,8135,0,0
14,8,10,45,2,79,65,57,47,2,79,8089,0,0
14,8,12,46,0,80,66,58,46,0,80,8243,0,0
14,8,13,44,1,80,66,58,45,1,80,8198,0,0
14,8,14,42,2,80,66,58,44,2,80,8155,0,0
14,8,17,41,1,81,67,59,42,1,81,8273,0,0
14,8,18,39,2,81,67,59,41,2,81,8233,0,0
14,9,0,52,2,77,63,54,54,2,77,7992,0,0
14,9,2,53,0,78,64,55,53,0,78,8132,0,0
14,9,3,51,1,78,64,55,52,1,78,8080,0,0
14,9,4,49,2,78,64,55,51,2,78,8030,0,0
14,9,6,50,0,79,65,56,50,0,79,8176,0,0
14,9,7,48,1,79,65,56,49,1,79,8127,0,0
14,9,8,46,2,79,65,56,48,2,79,8080,0,0
14,9,10,47,0,80,66,57,47,0,80,8232,0,0
14,9,11,45,1,80,66,57,46,1,80,8186,0,0
14,9,12,43,2,80,66,57,45,2,80,8142,0,0
14,9,15,42,1,81,67,58,43,1,81,8257,0,0
14,9,16,40,2,81,67,58,42,2,81,8216,0,0
14,10,0,54,0,78,64,54,54,0,78,8131,0,0
14,10,1,52,1,78,64,54,53,1,78,8078,0,0
14,10,2,50,2,78,64,54,52,2,78,8027,0,0
14,10,4,51,0,79,65,55,51,0,79,8171,0,0
14,10,5,49,1,79,65,55,50,1,79,8121,0,0
14,10,6,47,2,79,65,55,49,2,79,8073,0,0
14,10,8,48,0,80,66,56,48,0,80,8223,0,0
14,10,9,46,1,80,66,56,47,1,80,8176,0,0
14,10,10,44,2,80,66,56,46,2,80,8131,0,0
14,10,13,43,1,81,67,57,44,1,81,8243,0,0
14,10,14,41,2,81,67,57,43,2,81,8201,0,0
14,11,0,51,2,78,64,53,53,2,78,8026,0,0
14,11,2,52,0,79,65,54,52,0,79,8168,0,0
14,11,3,50,1,79,65,54,51,1,79,8117,0,0
14,11,4,48,2,79,65,54,50,2,79,8068,0,0
14,11,6,49,0,80,66,55,49,0,80,8216,0,0
14,11,7,47,1,80,66,55,48,1,80,8168,0,0
14,11,8,45,2,80,66,55,47,2,80,8122,0,0
14,11,10,46,0,81,67,56,46,0,81,8276,0,0
14,11,11,44,1,81,67,56,45,1,81,8231,0,0
14,11,12,42,2,81,67,56,44,2,81,8188,0,0
14,11,16,39,2,82,68,57,41,2,82,8266,0,0
14,12,0,53,0,79,65,53,53,0,79,8167,0,0
14,12,1,51,1,79,65,53,52,1,79,8115,0,0
14,12,2,49,2,79,65,53,51,2,79,8065,0,0
14,12,4,50,0,80,66,54,50,0,80,8211,0,0
14,12,5,48,1,80,66,54,49,1,80,8162,0,0
14,12,6,46,2,80,66,54,48,2,80,8115,0,0
14,12,8,47,0,81,67,55,47,0,81,8267,0,0
14,12,9,45,1,81,67,55,46,1,81,8221,0,0
14,12,10,43,2,81,67,55,45,2,81,8177,0,0
14,12,14,40,2,82,68,56,42,2,82,8251,0,0
14,13,0,50,2,79,65,52,52,2,79,8064,0,0
14,13,2,51,0,80,66,53,51,0,80,8208,0,0
14,13,3,49,1,80,66,53,50,1,80,8158,0,0
14,13,4,47,2,80,66,53,49,2,80,8110,0,0
14,13,6,48,0,81,67,54,48,0,81,8260,0,0
14,13,7,46,1,81,67,54,47,1,81,8213,0,0
14,13,8,44,2,81,67,54,46,2,81,8168,0,0
14,13,12,41,2,82,68,55,43,2,82,8238,0,0
14,14,0,52,0,80,66,52,52,0,80,8207,0,0
14,14,1,50,1,80,66,52,51,1,80,8156,0,0
14,14,2,48,2,80,66,52,50,2,80,8107,0,0
14,14,4,49,0,81,67,53,49,0,81,8255,0,0
14,14,5,47,1,81,67,53,48,1,81,8207,0,0
14,14,6,45,2,81,67,53,47,2,81,8161,0,0
14,14,9,44,1,82,68,54,45,1,82,8270,0,0
14,14,10,42,2,82,68,54,44,2,82,8227,0,0
14,15,0,49,2,80,66,51,51,2,80,8106,0,0
14,15,2,50,0,81,67,52,50,0,81,8252,0,0
14,15,3,48,1,81,67,52,49,1,81,8203,0,0
14,15,4,46,2,81,67,52,48,2,81,8156,0,0
14,15,7,45,1,82,68,53,46,1,82,8262,0,0
14,15,8,43,2,82,68,53,45,2,82,8218,0,0
14,16,0,51,0,81,67,51,51,0,81,8251,0,0
14,16,1,49,1,81,67,51,50,1,81,8201,0,0
14,16,2,47,2,81,67,51,49,2,81,8153,0,0
14,16,5,46,1,82,68,52,47,1,82,8256,0,0
14,16,6,44,2,82,68,52,46,2,82,8211,0,0
14,17,0,48,2,81,67,50,50,2,81,8152,0,0
14,17,3,47,1,82,68,51,48,1,82,8252,0,0
14,17,4,45,2,82,68,51,47,2,82,8206,0,0
14,17,8,42,2,83,69,52,44,2,83,8272,0,0
14,18,1,48,1,82,68,50,49,1,82,8250,0,0
14,18,2,46,2,82,68,50,48,2,82,8203,0,0
14,18,6,43,2,83,69,51,45,2,83,8265,0,0
14,19,0,47,2,82,68,49,49,2,82,8202,0,0
14,19,4,44,2,83,69,50,46,2,83,8260,0,0
14,20,2,45,2,83,69,49,47,2,83,8257,0,0
14,21,0,46,2,83,69,48,48,2,83,8256,0,0
15,0,1,58,0,74,59,59,58,0,74,8026,0,0
15,0,2,56,1,74,59,59,57,1,74,7969,0,0
15,0,3,54,2,74,59,59,56,2,74,7914,0,0
15,0,5,55,0,75,60,60,55,0,75,8050,0,0
15,0,6,53,1,75,60,60,54,1,75,7996,0,0
15,0,7,51,2,75,60,60,53,2,75,7944,0,0
15,0,9,52,0,76,61,61,52,0,76,8086,0,0
15,0,10,50,1,76,61,61,51,1,76,8035,0,0
15,0,11,48,2,76,61,61,50,2,76,7986,0,0
15,0,13,49,0,77,62,62,49,0,77,8134,0,0
15,0,14,47,1,77,62,62,48,1,77,8086,0,0
15,0,15,45,2,77,62,62,47,2,77,8040,0,0
15,0,17,46,0,78,63,63,46,0,78,8194,0,0
15,0,18,44,1,78,63,63,45,1,78,8149,0,0
15,0,19,42,2,78,63,63,44,2,78,8106,0,0
15,0,21,43,0,79,64,64,43,0,79,8266,0,0
15,0,22,41,1,79,64,64,42,1,79,8224,0,0
15,0,23,39,2,79,64,64,41,2,79,8184,0,0
15,0,27,36,2,80,65,65,38,2,80,8274,0,0
15,1,0,57,1,74,59,58,58,1,74,7968,0,0
15,1,1,55,2,74,59,58,57,2,74,7912,0,0
15,1,3,56,0,75,60,59,56,0,75,8046,0,0
15,1,4,54,1,75,60,59,55,1,75,7991,0,0
15,1,5,52,2,75,60,59,54,2,75,7938,0,0
15,1,7,53,0,76,61,60,53,0,76,8078,0,0
15,1,8,51,1,76,61,60,52,1,76,8026,0,0
15,1,9,49,2,76,61,60,51,2,76,7976,0,0
15,1,11,50,0,77,62,61,50,0,77,8122,0,0
15,1,12,48,1,77,62,61,49,1,77,8073,0,0
15,1,13,46,2,77,62,61,48,2,77,8026,0,0
15,1,15,47,0,78,63,62,47,0,78,8178,0,0
15,1,16,45,1,78,63,62,46,1,78,8132,0,0
15,1,17,43,2,78,63,62,45,2,78,8088,0,0
15,1,19,44,0,79,64,63,44,0,79,8246,0,0
15,1,20,42,1,79,64,63,43,1,79,8203,0,0
15,1,21,40,2,79,64,63,42,2,79,8162,0,0
15,1,25,37,2,80,65,64,39,2,80,8248,0,0
15,2,1,57,0,75,60,58,57,0,75,8044,0,0
15,2,2,55,1,75,60,58,56,1,75,7988,0,0
15,2,3,53,2,75,60,58,55,2,75,7934,0,0
15,2,5,54,0,76,61,59,54,0,76,8072,0,0
15,2,6,52,1,76,61,59,53,1,76,8019,0,0
15,2,7,50,2,76,61,59,52,2,76,7968,0,0
15,2,9,51,0,77,62,60,51,0,77,8112,0,0
15,2,10,49,1,77,62,60,50,1,77,8062,0,0
15,2,11,47,2,77,62,60,49,2,77,8014,0,0
15,2,13,48,0,78,63,61,48,0,78,8164,0,0
15,2,14,46,1,78,63,61,47,1,78,8117,0,0
15,2,15,44,2,78,63,61,46,2,78,8072,0,0
15,2,17,45,0,79,64,62,45,0,79,8228,0,0
15,2,18,43,1,79,64,62,44,1,79,8184,0,0
15,2,19,41,2,79,64,62,43,2,79,8142,0,0
15,2,22,40,1,80,65,63,41,1,80,8263,0,0
15,2,23,38,2,80,65,63,40,2,80,8224,0,0
15,3,0,56,1,75,60,57,57,1,75,7987,0,0
15,3,1,54,2,75,60,57,56,2,75,7932,0,0
15,3,3,55,0,76,61,58,55,0,76,8068,0,0
15,3,4,53,1,76,61,58,54,1,76,8014,0,0
15,3,5,51,2,76,61,58,53,2,76,7962,0,0
15,3,7,52,0,77,62,59,52,0,77,8104,0,0
15,3,8,50,1,77,62,59,51,1,77,8053,0,0
15,3,9,48,2,77,62,59,50,2,77,8004,0,0
15,3,11,49,0,78,63,60,49,0,78,8152,0,0
15,3,12,47,1,78,63,60,48,1,78,8104,0,0
15,3,13,45,2,78,63,60,47,2,78,8058,0,0
15,3,15,46,0,79,64,61,46,0,79,8212,0,0
15,3,16,44,1,79,64,61,45,1,79,8167,0,0
15,3,17,42,2,79,64,61,44,2,79,8124,0,0
15,3,20,41,1,80,65,62,42,1,80,8242,0,0
15,3,21,39,2,80,65,62,41,2,80,8202,0,0
15,4,1,56,0,76,61,57,56,0,76,8066,0,0
15,4,2,54,1,76,61,57,55,1,76,8011,0,0
15,4,3,52,2,76,61,57,54,2,76,7958,0,0
15,4,5,53,0,77,62,58,53,0,77,8098,0,0
15,4,6,51,1,77,62,58,52,1,77,8046,0,0
15,4,7,49,2,77,62,58,51,2,77,7996,0,0
15,4,9,50,0,78,63,59,50,0,78,8142,0,0
15,4,10,48,1,78,63,59,49,1,78,8093,0,0
15,4,11,46,2,78,63,59,48,2,78,8046,0,0
15,4,13,47,0,79,64,60,47,0,79,8198,0,0
15,4,14,45,1,79,64,60,46,1,79,8152,0,0
15,4,15,43,2,79,64,60,45,2,79,8108,0,0
15,4,17,44,0,80,65,61,44,0,80,8266,0,0
15,4,18,42,1,80,65,61,43,1,80,8223,0,0
15,4,19,40,2,80,65,61,42,2,80,8182,0,0
15,4,23,37,2,81,66,62,39,2,81,8268,0,0
15,5,0,55,1,76,61,56,56,1,76,8010,0,0
15,5,1,53,2,76,61,56,55,2,76,7956,0,0
15,5,3,54,0,77,62,57,54,0,77,8094,0,0
15,5,4,52,1,77,62,57,53,1,77,8041,0,0
15,5,5,50,2,77,62,57,52,2,77,7990,0,0
15,5,7,51,0,78,63,58,51,0,78,8134,0,0
15,5,8,49,1,78,63,58,50,1,78,8084,0,0
15,5,9,47,2,78,63,58,49,2,78,8036,0,0
15,5,11,48,0,79,64,59,48,0,79,8186,0,0
15,5,12,46,1,79,64,59,47,1,79,8139,0,0
15,5,13,44,2,79,64,59,46,2,79,8094,0,0
15,5,15,45,0,80,65,60,45,0,80,8250,0,0
15,5,16,43,1,80,65,60,44,1,80,8206,0,0
15,5,17,41,2,80,65,60,43,2,80,8164,0,0
15,5,21,38,2,81,66,61,40,2,81,8246,0,0
15,6,1,55,0,77,62,56,55,0,77,8092,0,0
15,6,2,53,1,77,62,56,54,1,77,8038,0,0
15,6,3,51,2,77,62,56,53,2,77,7986,0,0
15,6,5,52,0,78,63,57,52,0,78,8128,0,0
15,6,6,50,1,78,63,57,51,1,78,8077,0,0
15,6,7,48,2,78,63,57,50,2,78,8028,0,0
15,6,9,49,0,79,64,58,49,0,79,8176,0,0
15,6,10,47,1,79,64,58,48,1,79,8128,0,0
15,6,11,45,2,79,64,58,47,2,79,8082,0,0
15,6,13,46,0,80,65,59,46,0,80,8236,0,0
15,6,14,44,1,80,65,59,45,1,80,8191,0,0
15,6,15,42,2,80,65,59,44,2,80,8148,0,0
15,6,18,41,1,81,66,60,42,1,81,8266,0,0
15,6,19,39,2,81,66,60,41,2,81,8226,0,0
15,7,0,54,1,77,62,55,55,1,77,8037,0,0
15,7,1,52,2,77,62,55,54,2,77,7984,0,0
15,7,3,53,0,78,63,56,53,0,78,8124,0,0
15,7,4,51,1,78,63,56,52,1,78,8072,0,0
15,7,5,49,2,78,63,56,51,2,78,8022,0,0
15,7,7,50,0,79,64,57,50,0,79,8168,0,0
15,7,8,48,1,79,64,57,49,1,79,8119,0,0
15,7,9,46,2,79,64,57,48,2,79,8072,0,0
15,7,11,47,0,80,65,58,47,0,80,8224,0,0
15,7,12,45,1,80,65,58,46,1,80,8178,0,0
15,7,13,43,2,80,65,58,45,2,80,8134,0,0
15,7,16,42,1,81,66,59,43,1,81,8249,0,0
15,7,17,40,2,81,66,59,42,2,81,8208,0,0
15,8,1,54,0,78,63,55,54,0,78,8122,0,0
15,8,2,52,1,78,63,55,53,1,78,8069,0,0
15,8,3,50,2,78,63,55,52,2,78,8018,0,0
15,8,5,51,0,79,64,56,51,0,79,8162,0,0
15,8,6,49,1,79,64,56,50,1,79,8112,0,0
15,8,7,47,2,79,64,56,49,2,79,8064,0,0
15,8,9,48,0,80,65,57,48,0,80,8214,0,0
15,8,10,46,1,80,65,57,47,1,80,8167,0,0
15,8,11,44,2,80,65,57,46,2,80,8122,0,0
15,8,14,43,1,81,66,58,44,1,81,8234,0,0
15,8,15,41,2,81,66,58,43,2,81,8192,0,0
15,8,19,38,2,82,67,59,40,2,82,8274,0,0
15,9,0,53,1,78,63,54,54,1,78,8068,0,0
15,9,1,51,2,78,63,54,53,2,78,8016,0,0
15,9,3,52,0,79,64,55,52,0,79,8158,0,0
15,9,4,50,1,79,64,55,51,1,79,8107,0,0
15,9,5,48,2,79,64,55,50,2,79,8058,0,0
15,9,7,49,0,80,65,56,49,0,80,8206,0,0
15,9,8,47,1,80,65,56,48,1,80,8158,0,0
15,9,9,45,2,80,65,56,47,2,80,8112,0,0
15,9,11,46,0,81,66,57,46,0,81,8266,0,0
15,9,12,44,1,81,66,57,45,1,81,8221,0,0
15,9,13,42,2,81,66,57,44,2,81,8178,0,0
15,9,17,39,2,82,67,58,41,2,82,8256,0,0
15,10,1,53,0,79,64,54,53,0,79,8156,0,0
15,10,2,51,1,79,64,54,52,1,79,8104,0,0
15,10,3,49,2,79,64,54,51,2,79,8054,0,0
15,10,5,50,0,80,65,55,50,0,80,8200,0,0
15,10,6,48,1,80,65,55,49,1,80,8151,0,0
15,10,7,46,2,80,65,55,48,2,80,8104,0,0
15,10,9,47,0,81,66,56,47,0,81,8256,0,0
15,10,10,45,1,81,66,56,46,1,81,8210,0,0
15,10,11,43,2,81,66,56,45,2,81,8166,0,0
15,10,15,40,2,82,67,57,42,2,82,8240,0,0
15,11,0,52,1,79,64,53,53,1,79,8103,0,0
15,11,1,50,2,79,64,53,52,2,79,8052,0,0
15,11,3,51,0,80,65,54,51,0,80,8196,0,0
15,11,4,49,1,80,65,54,50,1,80,8146,0,0
15,11,5,47,2,80,65,54,49,2,80,8098,0,0
15,11,7,48,0,81,66,55,48,0,81,8248,0,0
15,11,8,46,1,81,66,55,47,1,81,8201,0,0
15,11,9,44,2,81,66,55,46,2,81,8156,0,0
15,11,12,43,1,82,67,56,44,1,82,8268,0,0
15,11,13,41,2,82,67,56,43,2,82,8226,0,0
15,12,1,52,0,80,65,53,52,0,80,8194,0,0
15,12,2,50,1,80,65,53,51,1,80,8143,0,0
15,12,3,48,2,80,65,53,50,2,80,8094,0,0
15,12,5,49,0,81,66,54,49,0,81,8242,0,0
15,12,6,47,1,81,66,54,48,1,81,8194,0,0
15,12,7,45,2,81,66,54,47,2,81,8148,0,0
15,12,10,44,1,82,67,55,45,1,82,8257,0,0
15,12,11,42,2,82,67,55,44,2,82,8214,0,0
15,13,0,51,1,80,65,52,52,1,80,8142,0,0
15,13,1,49,2,80,65,52,51,2,80,8092,0,0
15,13,3,50,0,81,66,53,50,0,81,8238,0,0
15,13,4,48,1,81,66,53,49,1,81,8189,0,0
15,13,5,46,2,81,66,53,48,2,81,8142,0,0
15,13,8,45,1,82,67,54,46,1,82,8248,0,0
15,13,9,43,2,82,67,54,45,2,82,8204,0,0
15,14,1,51,0,81,66,52,51,0,81,8236,0,0
15,14,2,49,1,81,66,52,50,1,81,8186,0,0
15,14,3,47,2,81,66,52,49,2,81,8138,0,0
15,14,6,46,1,82,67,53,47,1,82,8241,0,0
15,14,7,44,2,82,67,53,46,2,82,8196,0,0
15,14,11,41,2,83,68,54,43,2,83,8266,0,0
15,15,0,50,1,81,66,51,51,1,81,8185,0,0
15,15,1,48,2,81,66,51,50,2,81,8136,0,0
15,15,4,47,1,82,67,52,48,1,82,8236,0,0
15,15,5,45,2,82,67,52,47,2,82,8190,0,0
15,15,9,42,2,83,68,53,44,2,83,8256,0,0
15,16,2,48,1,82,67,51,49,1,82,8233,0,0
15,16,3,46,2,82,67,51,48,2,82,8186,0,0
15,16,7,43,2,83,68,52,45,2,83,8248,0,0
15,17,0,49,1,82,67,50,50,1,82,8232,0,0
15,17,1,47,2,82,67,50,49,2,82,8184,0,0
15,17,5,44,2,83,68,51,46,2,83,8242,0,0
15,18,3,45,2,83,68,50,47,2,83,8238,0,0
15,19,1,46,2,83,68,49,48,2,83,8236,0,0
16,0,0,56,2,74,58,58,58,2,74,7911,0,0
16,0,2,57,0,75,59,59,57,0,75,8043,0,0
16,0,3,55,1,75,59,59,56,1,75,7987,0,0
16,0,4,53,2,75,59,59,55,2,75,7933,0,0
16,0,6,54,0,76,60,60,54,0,76,8071,0,0
16,0,7,52,1,76,60,60,53,1,76,8018,0,0
16,0,8,50,2,76,60,60,52,2,76,7967,0,0
16,0,10,51,0,77,61,61,51,0,77,8111,0,0
16,0,11,49,1,77,61,61,50,1,77,8061,0,0
16,0,12,47,2,77,61,61,49,2,77,8013,0,0
16,0,14,48,0,78,62,62,48,0,78,8163,0,0
16,0,15,46,1,78,62,62,47,1,78,8116,0,0
16,0,16,44,2,78,62,62,46,2,78,8071,0,0
16,0,18,45,0,79,63,63,45,0,79,8227,0,0
16,0,19,43,1,79,63,63,44,1,79,8183,0,0
16,0,20,41,2,79,63,63,43,2,79,8141,0,0
16,0,23,40,1,80,64,64,41,1,80,8262,0,0
16,0,24,38,2,80,64,64,40,2,80,8223,0,0
16,1,0,58,0,75,59,58,58,0,75,8042,0,0
16,1,1,56,1,75,59,58,57,1,75,7985,0,0
16,1,2,54,2,75,59,58,56,2,75,7930,0,0
16,1,4,55,0,76,60,59,55,0,76,8066,0,0
16,1,5,53,1,76,60,59,54,1,76,8012,0,0
16,1,6,51,2,76,60,59,53,2,76,7960,0,0
16,1,8,52,0,77,61,60,52,0,77,8102,0,0
16,1,9,50,1,77,61,60,51,1,77,8051,0,0
16,1,10,48,2,77,61,60,50,2,77,8002,0,0
16,1,12,49,0,78,62,61,49,0,78,8150,0,0
16,1,13,47,1,78,62,61,48,1,78,8102,0,0
16,1,14,45,2,78,62,61,47,2,78,8056,0,0
16,1,16,46,0,79,63,62,46,0,79,8210,0,0
16,1,17,44,1,79,63,62,45,1,79,8165,0,0
16,1,18,42,2,79,63,62,44,2,79,8122,0,0
16,1,21,41,1,80,64,63,42,1,80,8240,0,0
16,1,22,39,2,80,64,63,41,2,80,8200,0,0
16,2,0,55,2,75,59,57,57,2,75,7929,0,0
16,2,2,56,0,76,60,58,56,0,76,8063,0,0
16,2,3,54,1,76,60,58,55,1,76,8008,0,0
16,2,4,52,2,76,60,58,54,2,76,7955,0,0
16,2,6,53,0,77,61,59,53,0,77,8095,0,0
16,2,7,51,1,77,61,59,52,1,77,8043,0,0
16,2,8,49,2,77,61,59,51,2,77,7993,0,0
16,2,10,50,0,78,62,60,50,0,78,8139,0,0
16,2,11,48,1,78,62,60,49,1,78,8090,0,0
16,2,12,46,2,78,62,60,48,2,78,8043,0,0
16,2,14,47,0,79,63,61,47,0,79,8195,0,0
16,2,15,45,1,79,63,61,46,1,79,8149,0,0
16,2,16,43,2,79,63,61,45,2,79,8105,0,0
16,2,18,44,0,80,64,62,44,0,80,8263,0,0
16,2,19,42,1,80,64,62,43,1,80,8220,0,0
16,2,20,40,2,80,64,62,42,2,80,8179,0,0
16,2,24,37,2,81,65,63,39,2,81,8265,0,0
16,3,0,57,0,76,60,57,57,0,76,8062,0,0
16,3,1,55,1,76,60,57,56,1,76,8006,0,0
16,3,2,53,2,76,60,57,55,2,76,7952,0,0
16,3,4,54,0,77,61,58,54,0,77,8090,0,0
16,3,5,52,1,77,61,58,53,1,77,8037,0,0
16,3,6,50,2,77,61,58,52,2,77,7986,0,0
16,3,8,51,0,78,62,59,51,0,78,8130,0,0
16,3,9,49,1,78,62,59,50,1,78,8080,0,0
16,3,10,47,2,78,62,59,49,2,78,8032,0,0
16,3,12,48,0,79,63,60,48,0,79,8182,0,0
16,3,13,46,1,79,63,60,47,1,79,8135,0,0
16,3,14,44,2,79,63,60,46,2,79,8090,0,0
16,3,16,45,0,80,64,61,45,0,80,8246,0,0
16,3,17,43,1,80,64,61,44,1,80,8202,0,0
16,3,18,41,2,80,64,61,43,2,80,8160,0,0
16,3,22,38,2,81,65,62,40,2,81,8242,0,0
16,4,0,54,2,76,60,56,56,2,76,7951,0,0
16,4,2,55,0,77,61,57,55,0,77,8087,0,0
16,4,3,53,1,77,61,57,54,1,77,8033,0,0
16,4,4,51,2,77,61,57,53,2,77,7981,0,0
16,4,6,52,0,78,62,58,52,0,78,8123,0,0
16,4,7,50,1,78,62,58,51,1,78,8072,0,0
16,4,8,48,2,78,62,58,50,2,78,8023,0,0
16,4,10,49,0,79,63,59,49,0,79,8171,0,0
16,4,11,47,1,79,63,59,48,1,79,8123,0,0
16,4,12,45,2,79,63,59,47,2,79,8077,0,0
16,4,14,46,0,80,64,60,46,0,80,8231,0,0
16,4,15,44,1,80,64,60,45,1,80,8186,0,0
16,4,16,42,2,80,64,60,44,2,80,8143,0,0
16,4,19,41,1,81,65,61,42,1,81,8261,0,0
16,4,20,39,2,81,65,61,41,2,81,8221,0,0
16,5,0,56,0,77,61,56,56,0,77,8086,0,0
16,5,1,54,1,77,61,56,55,1,77,8031,0,0
16,5,2,52,2,77,61,56,54,2,77,7978,0,0
16,5,4,53,0,78,62,57,53,0,78,8118,0,0
16,5,5,51,1,78,62,57,52,1,78,8066,0,0
16,5,6,49,2,78,62,57,51,2,78,8016,0,0
16,5,8,50,0,79,63,58,50,0,79,8162,0,0
16,5,9,48,1,79,63,58,49,1,79,8113,0,0
16,5,10,46,2,79,63,58,48,2,79,8066,0,0
16,5,12,47,0,80,64,59,47,0,80,8218,0,0
16,5,13,45,1,80,64,59,46,1,80,8172,0,0
16,5,14,43,2,80,64,59,45,2,80,8128,0,0
16,5,17,42,1,81,65,60,43,1,81,8243,0,0
16,5,18,40,2,81,65,60,42,2,81,8202,0,0
16,6,0,53,2,77,61,55,55,2,77,7977,0,0
16,6,2,54,0,78,62,56,54,0,78,8115,0,0
16,6,3,52,1,78,62,56,53,1,78,8062,0,0
16,6,4,50,2,78,62,56,52,2,78,8011,0,0
16,6,6,51,0,79,63,57,51,0,79,8155,0,0
16,6,7,49,1,79,63,57,50,1,79,8105,0,0
16,6,8,47,2,79,63,57,49,2,79,8057,0,0
16,6,10,48,0,80,64,58,48,0,80,8207,0,0
16,6,11,46,1,80,64,58,47,1,80,8160,0,0
16,6,12,44,2,80,64,58,46,2,80,8115,0,0
16,6,14,45,0,81,65,59,45,0,81,8271,0,0
16,6,15,43,1,81,65,59,44,1,81,8227,0,0
16,6,16,41,2,81,65,59,43,2,81,8185,0,0
16,6,20,38,2,82,66,60,40,2,82,8267,0,0
16,7,0,55,0,78,62,55,55,0,78,8114,0,0
16,7,1,53,1,78,62,55,54,1,78,8060,0,0
16,7,2,51,2,78,62,55,53,2,78,8008,0,0
16,7,4,52,0,79,63,56,52,0,79,8150,0,0
16,7,5,50,1,79,63,56,51,1,79,8099,0,0
16,7,6,48,2,79,63,56,50,2,79,8050,0,0
16,7,8,49,0,80,64,57,49,0,80,8198,0,0
16,7,9,47,1,80,64,57,48,1,80,8150,0,0
16,7,10,45,2,80,64,57,47,2,80,8104,0,0
16,7,12,46,0,81,65,58,46,0,81,8258,0,0
16,7,13,44,1,81,65,58,45,1,81,8213,0,0
16,7,14,42,2,81,65,58,44,2,81,8170,0,0
16,7,18,39,2,82,66,59,41,2,82,8248,0,0
16,8,0,52,2,78,62,54,54,2,78,8007,0,0
16,8,2,53,0,79,63,55,53,0,79,8147,0,0
16,8,3,51,1,79,63,55,52,1,79,8095,0,0
16,8,4,49,2,79,63,55,51,2,79,8045,0,0
16,8,6,50,0,80,64,56,50,0,80,8191,0,0
16,8,7,48,1,80,64,56,49,1,80,8142,0,0
16,8,8,46,2,80,64,56,48,2,80,8095,0,0
16,8,10,47,0,81,65,57,47,0,81,8247,0,0
16,8,11,45,1,81,65,57,46,1,81,8201,0,0
16,8,12,43,2,81,65,57,45,2,81,8157,0,0
16,8,15,42,1,82,66,58,43,1,82,8272,0,0
16,8,16,40,2,82,66,58,42,2,82,8231,0,0
16,9,0,54,0,79,63,54,54,0,79,8146,0,0
16,9,1,52,1,79,63,54,53,1,79,8093,0,0
16,9,2,50,2,79,63,54,52,2,79,8042,0,0
16,9,4,51,0,80,64,55,51,0,80,8186,0,0
16,9,5,49,1,80,64,55,50,1,80,8136,0,0
16,9,6,47,2,80,64,55,49,2,80,8088,0,0
16,9,8,48,0,81,65,56,48,0,81,8238,0,0
16,9,9,46,1,81,65,56,47,1,81,8191,0,0
16,9,10,44,2,81,65,56,46,2,81,8146,0,0
16,9,13,43,1,82,66,57,44,1,82,8258,0,0
16,9,14,41,2,82,66,57,43,2,82,8216,0,0
16,10,0,51,2,79,63,53,53,2,79,8041,0,0
16,10,2,52,0,80,64,54,52,0,80,8183,0,0
16,10,3,50,1,80,64,54,51,1,80,8132,0,0
16,10,4,48,2,80,64,54,50,2,80,8083,0,0
16,10,6,49,0,81,65,55,49,0,81,8231,0,0
16,10,7,47,1,81,65,55,48,1,81,8183,0,0
16,10,8,45,2,81,65,55,47,2,81,8137,0,0
16,10,11,44,1,82,66,56,45,1,82,8246,0,0
16,10,12,42,2,82,66,56,44,2,82,8203,0,0
16,11,0,53,0,80,64,53,53,0,80,8182,0,0
16,11,1,51,1,80,64,53,52,1,80,8130,0,0
16,11,2,49,2,80,64,53,51,2,80,8080,0,0
16,11,4,50,0,81,65,54,50,0,81,8226,0,0
16,11,5,48,1,81,65,54,49,1,81,8177,0,0
16,11,6,46,2,81,65,54,48,2,81,8130,0,0
16,11,9,45,1,82,66,55,46,1,82,8236,0,0
16,11,10,43,2,82,66,55,45,2,82,8192,0,0
16,11,14,40,2,83,67,56,42,2,83,8266,0,0
16,12,0,50,2,80,64,52,52,2,80,8079,0,0
16,12,2,51,0,81,65,53,51,0,81,8223,0,0
16,12,3,49,1,81,65,53,50,1,81,8173,0,0
16,12,4,47,2,81,65,53,49,2,81,8125,0,0
16,12,6,48,0,82,66,54,48,0,82,8275,0,0
16,12,7,46,1,82,66,54,47,1,82,8228,0,0
16,12,8,44,2,82,66,54,46,2,82,8183,0,0
16,12,12,41,2,83,67,55,43,2,83,8253,0,0
16,13,0,52,0,81,65,52,52,0,81,8222,0,0
16,13,1,50,1,81,65,52,51,1,81,8171,0,0
16,13,2,48,2,81,65,52,50,2,81,8122,0,0
16,13,4,49,0,82,66,53,49,0,82,8270,0,0
16,13,5,47,1,82,66,53,48,1,82,8222,0,0
16,13,6,45,2,82,66,53,47,2,82,8176,0,0
16,13,10,42,2,83,67,54,44,2,83,8242,0,0
16,14,0,49,2,81,65,51,51,2,81,8121,0,0
16,14,2,50,0,82,66,52,50,0,82,8267,0,0
16,14,3,48,1,82,66,52,49,1,82,8218,0,0
16,14,4,46,2,82,66,52,48,2,82,8171,0,0
16,14,8,43,2,83,67,53,45,2,83,8233,0,0
16,15,0,51,0,82,66,51,51,0,82,8266,0,0
16,15,1,49,1,82,66,51,50,1,82,8216,0,0
16,15,2,47,2,82,66,51,49,2,82,8168,0,0
16,15,5,46,1,83,67,52,47,1,83,8271,0,0
16,15,6,44,2,83,67,52,46,2,83,8226,0,0
16,16,0,48,2,82,66,50,50,2,82,8167,0,0
16,16,3,47,1,83,67,51,48,1,83,8267,0,0
16,16,4,45,2,83,67,51,47,2,83,8221,0,0
16,17,1,48,1,83,67,50,49,1,83,8265,0,0
16,17,2,46,2,83,67,50,48,2,83,8218,0,0
16,18,0,47,2,83,67,49,49,2,83,8217,0,0
16,18,4,44,2,84,68,50,46,2,84,8275,0,0
16,19,2,45,2,84,68,49,47,2,84,8272,0,0
16,20,0,46,2,84,68,48,48,2,84,8271,0,0
17,0,0,57,1,75,58,58,58,1,75,7984,0,0
17,0,1,55,2,75,58,58,57,2,75,7928,0,0
17,0,3,56,0,76,59,59,56,0,76,8062,0,0
17,0,4,54,1,76,59,59,55,1,76,8007,0,0
17,0,5,52,2,76,59,59,54,2,76,7954,0,0
17,0,7,53,0,77,60,60,53,0,77,8094,0,0
17,0,8,51,1,77,60,60,52,1,77,8042,0,0
17,0,9,49,2,77,60,60,51,2,77,7992,0,0
17,0,11,50,0,78,61,61,50,0,78,8138,0,0
17,0,12,48,1,78,61,61,49,1,78,8089,0,0
17,0,13,46,2,78,61,61,48,2,78,8042,0,0
17,0,15,47,0,79,62,62,47,0,79,8194,0,0
17,0,16,45,1,79,62,62,46,1,79,8148,0,0
17,0,17,43,2,79,62,62,45,2,79,8104,0,0
17,0,19,44,0,80,63,63,44,0,80,8262,0,0
17,0,20,42,1,80,63,63,43,1,80,8219,0,0
17,0,21,40,2,80,63,63,42,2,80,8178,0,0
17,0,25,37,2,81,64,64,39,2,81,8264,0,0
17,1,1,57,0,76,59,58,57,0,76,8060,0,0
17,1,2,55,1,76,59,58,56,1,76,8004,0,0
17,1,3,53,2,76,59,58,55,2,76,7950,0,0
17,1,5,54,0,77,60,59,54,0,77,8088,0,0
17,1,6,52,1,77,60,59,53,1,77,8035,0,0
17,1,7,50,2,77,60,59,52,2,77,7984,0,0
17,1,9,51,0,78,61,60,51,0,78,8128,0,0
17,1,10,49,1,78,61,60,50,1,78,8078,0,0
17,1,11,47,2,78,61,60,49,2,78,8030,0,0
17,1,13,48,0,79,62,61,48,0,79,8180,0,0
17,1,14,46,1,79,62,61,47,1,79,8133,0,0
17,1,15,44,2,79,62,61,46,2,79,8088,0,0
17,1,17,45,0,80,63,62,45,0,80,8244,0,0
17,1,18,43,1,80,63,62,44,1,80,8200,0,0
17,1,19,41,2,80,63,62,43,2,80,8158,0,0
17,1,23,38,2,81,64,63,40,2,81,8240,0,0
17,2,0,56,1,76,59,57,57,1,76,8003,0,0
17,2,1,54,2,76,59,57,56,2,76,7948,0,0
17,2,3,55,0,77,60,58,55,0,77,8084,0,0
17,2,4,53,1,77,60,58,54,1,77,8030,0,0
17,2,5,51,2,77,60,58,53,2,77,7978,0,0
17,2,7,52,0,78,61,59,52,0,78,8120,0,0
17,2,8,50,1,78,61,59,51,1,78,8069,0,0
17,2,9,48,2,78,61,59,50,2,78,8020,0,0
17,2,11,49,0,79,62,60,49,0,79,8168,0,0
17,2,12,47,1,79,62,60,48,1,79,8120,0,0
17,2,13,45,2,79,62,60,47,2,79,8074,0,0
17,2,15,46,0,80,63,61,46,0,80,8228,0,0
17,2,16,44,1,80,63,61,45,1,80,8183,0,0
17,2,17,42,2,80,63,61,44,2,80,8140,0,0
17,2,20,41,1,81,64,62,42,1,81,8258,0,0
17,2,21,39,2,81,64,62,41,2,81,8218,0,0
17,3,1,56,0,77,60,57,56,0,77,8082,0,0
17,3,2,54,1,77,60,57,55,1,77,8027,0,0
17,3,3,52,2,77,60,57,54,2,77,7974,0,0
17,3,5,53,0,78,61,58,53,0,78,8114,0,0
17,3,6,51,1,78,61,58,52,1,78,8062,0,0
17,3,7,49,2,78,61,58,51,2,78,8012,0,0
17,3,9,50,0,79,62,59,50,0,79,8158,0,0
17,3,10,48,1,79,62,59,49,1,79,8109,0,0
17,3,11,46,2,79,62,59,48,2,79,8062,0,0
17,3,13,47,0,80,63,60,47,0,80,8214,0,0
17,3,14,45,1,80,63,60,46,1,80,8168,0,0
17,3,15,43,2,80,63,60,45,2,80,8124,0,0
17,3,18,42,1,81,64,61,43,1,81,8239,0,0
17,3,19,40,2,81,64,61,42,2,81,8198,0,0
17,4,0,55,1,77,60,56,56,1,77,8026,0,0
17,4,1,53,2,77,60,56,55,2,77,7972,0,0
17,4,3,54,0,78,61,57,54,0,78,8110,0,0
17,4,4,52,1,78,61,57,53,1,78,8057,0,0
17,4,5,50,2,78,61,57,52,2,78,8006,0,0
17,4,7,51,0,79,62,58,51,0,79,8150,0,0
17,4,8,49,1,79,62,58,50,1,79,8100,0,0
17,4,9,47,2,79,62,58,49,2,79,8052,0,0
17,4,11,48,0,80,63,59,48,0,80,8202,0,0
17,4,12,46,1,80,63,59,47,1,80,8155,0,0
17,4,13,44,2,80,63,59,46,2,80,8110,0,0
17,4,15,45,0,81,64,60,45,0,81,8266,0,0
17,4,16,43,1,81,64,60,44,1,81,8222,0,0
17,4,17,41,2,81,64,60,43,2,81,8180,0,0
17,4,21,38,2,82,65,61,40,2,82,8262,0,0
17,5,1,55,0,78,61,56,55,0,78,8108,0,0
17,5,2,53,1,78,61,56,54,1,78,8054,0,0
17,5,3,51,2,78,61,56,53,2,78,8002,0,0
17,5,5,52,0,79,62,57,52,0,79,8144,0,0
17,5,6,50,1,79,62,57,51,1,79,8093,0,0
17,5,7,48,2,79,62,57,50,2,79,8044,0,0
17,5,9,49,0,80,63,58,49,0,80,8192,0,0
17,5,10,47,1,80,63,58,48,1,80,8144,0,0
17,5,11,45,2,80,63,58,47,2,80,8098,0,0
17,5,13,46,0,81,64,59,46,0,81,8252,0,0
17,5,14,44,1,81,64,59,45,1,81,8207,0,0
17,5,15,42,2,81,64,59,44,2,81,8164,0,0
17,5,19,39,2,82,65,60,41,2,82,8242,0,0
17,6,0,54,1,78,61,55,55,1,78,8053,0,0
17,6,1,52,2,78,61,55,54,2,78,8000,0,0
17,6,3,53,0,79,62,56,53,0,79,8140,0,0
17,6,4,51,1,79,62,56,52,1,79,8088,0,0
17,6,5,49,2,79,62,56,51,2,79,8038,0,0
17,6,7,50,0,80,63,57,50,0,80,8184,0,0
17,6,8,48,1,80,63,57,49,1,80,8135,0,0
17,6,9,46,2,80,63,57,48,2,80,8088,0,0
17,6,11,47,0,81,64,58,47,0,81,8240,0,0
17,6,12,45,1,81,64,58,46,1,81,8194,0,0
17,6,13,43,2,81,64,58,45,2,81,8150,0,0
17,6,16,42,1,82,65,59,43,1,82,8265,0,0
17,6,17,40,2,82,65,59,42,2,82,8224,0,0
17,7,1,54,0,79,62,55,54,0,79,8138,0,0
17,7,2,52,1,79,62,55,53,1,79,8085,0,0
17,7,3,50,2,79,62,55,52,2,79,8034,0,0
17,7,5,51,0,80,63,56,51,0,80,8178,0,0
17,7,6,49,1,80,63,56,50,1,80,8128,0,0
17,7,7,47,2,80,63,56,49,2,80,8080,0,0
17,7,9,48,0,81,64,57,48,0,81,8230,0,0
17,7,10,46,1,81,64,57,47,1,81,8183,0,0
17,7,11,44,2,81,64,57,46,2,81,8138,0,0
17,7,14,43,1,82,65,58,44,1,82,8250,0,0
17,7,15,41,2,82,65,58,43,2,82,8208,0,0
17,8,0,53,1,79,62,54,54,1,79,8084,0,0
17,8,1,51,2,79,62,54,53,2,79,8032,0,0
17,8,3,52,0,80,63,55,52,0,80,8174,0,0
17,8,4,50,1,80,63,55,51,1,80,8123,0,0
17,8,5,48,2,80,63,55,50,2,80,8074,0,0
17,8,7,49,0,81,64,56,49,0,81,8222,0,0
17,8,8,47,1,81,64,56,48,1,81,8174,0,0
17,8,9,45,2,81,64,56,47,2,81,8128,0,0
17,8,12,44,1,82,65,57,45,1,82,8237,0,0
17,8,13,42,2,82,65,57,44,2,82,8194,0,0
17,8,17,39,2,83,66,58,41,2,83,8272,0,0
17,9,1,53,0,80,63,54,53,0,80,8172,0,0
17,9,2,51,1,80,63,54,52,1,80,8120,0,0
17,9,3,49,2,80,63,54,51,2,80,8070,0,0
17,9,5,50,0,81,64,55,50,0,81,8216,0,0
17,9,6,48,1,81,64,55,49,1,81,8167,0,0
17,9,7,46,2,81,64,55,48,2,81,8120,0,0
17,9,9,47,0,82,65,56,47,0,82,8272,0,0
17,9,10,45,1,82,65,56,46,1,82,8226,0,0
17,9,11,43,2,82,65,56,45,2,82,8182,0,0
17,9,15,40,2,83,66,57,42,2,83,8256,0,0
17,10,0,52,1,80,63,53,53,1,80,8119,0,0
17,10,1,50,2,80,63,53,52,2,80,8068,0,0
17,10,3,51,0,81,64,54,51,0,81,8212,0,0
17,10,4,49,1,81,64,54,50,1,81,8162,0,0
17,10,5,47,2,81,64,54,49,2,81,8114,0,0
17,10,7,48,0,82,65,55,48,0,82,8264,0,0
17,10,8,46,1,82,65,55,47,1,82,8217,0,0
17,10,9,44,2,82,65,55,46,2,82,8172,0,0
17,10,13,41,2,83,66,56,43,2,83,8242,0,0
17,11,1,52,0,81,64,53,52,0,81,8210,0,0
17,11,2,50,1,81,64,53,51,1,81,8159,0,0
17,11,3,48,2,81,64,53,50,2,81,8110,0,0
17,11,5,49,0,82,65,54,49,0,82,8258,0,0
17,11,6,47,1,82,65,54,48,1,82,8210,0,0
17,11,7,45,2,82,65,54,47,2,82,8164,0,0
17,11,10,44,1,83,66,55,45,1,83,8273,0,0
17,11,11,42,2,83,66,55,44,2,83,8230,0,0
17,12,0,51,1,81,64,52,52,1,81,8158,0,0
17,12,1,49,2,81,64,52,51,2,81,8108,0,0
17,12,3,50,0,82,65,53,50,0,82,8254,0,0
17,12,4,48,1,82,65,53,49,1,82,8205,0,0
17,12,5,46,2,82,65,53,48,2,82,8158,0,0
17,12,8,45,1,83,66,54,46,1,83,8264,0,0
17,12,9,43,2,83,66,54,45,2,83,8220,0,0
17,13,1,51,0,82,65,52,51,0,82,8252,0,0
17,13,2,49,1,82,65,52,50,1,82,8202,0,0
17,13,3,47,2,82,65,52,49,2,82,8154,0,0
17,13,6,46,1,83,66,53,47,1,83,8257,0,0
17,13,7,44,2,83,66,53,46,2,83,8212,0,0
17,14,0,50,1,82,65,51,51,1,82,8201,0,0
17,14,1,48,2,82,65,51,50,2,82,8152,0,0
17,14,4,47,1,83,66,52,48,1,83,8252,0,0
17,14,5,45,2,83,66,52,47,2,83,8206,0,0
17,14,9,42,2,84,67,53,44,2,84,8272,0,0
17,15,2,48,1,83,66,51,49,1,83,8249,0,0
17,15,3,46,2,83,66,51,48,2,83,8202,0,0
17,15,7,43,2,84,67,52,45,2,84,8264,0,0
17,16,0,49,1,83,66,50,50,1,83,8248,0,0
17,16,1,47,2,83,66,50,49,2,83,8200,0,0
17,16,5,44,2,84,67,51,46,2,84,8258,0,0
17,17,3,45,2,84,67,50,47,2,84,8254,0,0
17,18,1,46,2,84,67,49,48,2,84,8252,0,0
18,0,0,58,0,76,58,58,58,0,76,8059,0,0
18,0,1,56,1,76,58,58,57,1,76,8002,0,0
18,0,2,54,2,76,58,58,56,2,76,7947,0,0
18,0,4,55,0,77,59,59,55,0,77,8083,0,0
18,0,5,53,1,77,59,59,54,1,77,8029,0,0
18,0,6,51,2,77,59,59,53,2,77,7977,0,0
18,0,8,52,0,78,60,60,52,0,78,8119,0,0
18,0,9,50,1,78,60,60,51,1,78,8068,0,0
18,0,10,48,2,78,60,60,50,2,78,8019,0,0
18,0,12,49,0,79,61,61,49,0,79,8167,0,0
18,0,13,47,1,79,61,61,48,1,79,8119,0,0
18,0,14,45,2,79,61,61,47,2,79,8073,0,0
18,0,16,46,0,80,62,62,46,0,80,8227,0,0
18,0,17,44,1,80,62,62,45,1,80,8182,0,0
18,0,18,42,2,80,62,62,44,2,80,8139,0,0
18,0,21,41,1,81,63,63,42,1,81,8257,0,0
18,0,22,39,2,81,63,63,41,2,81,8217,0,0
18,1,0,55,2,76,58,57,57,2,76,7946,0,0
18,1,2,56,0,77,59,58,56,0,77,8080,0,0
18,1,3,54,1,77,59,58,55,1,77,8025,0,0
18,1,4,52,2,77,59,58,54,2,77,7972,0,0
18,1,6,53,0,78,60,59,53,0,78,8112,0,0
18,1,7,51,1,78,60,59,52,1,78,8060,0,0
18,1,8,49,2,78,60,59,51,2,78,8010,0,0
18,1,10,50,0,79,61,60,50,0,79,8156,0,0
18,1,11,48,1,79,61,60,49,1,79,8107,0,0
18,1,12,46,2,79,61,60,48,2,79,8060,0,0
18,1,14,47,0,80,62,61,47,0,80,8212,0,0
18,1,15,45,1,80,62,61,46,1,80,8166,0,0
18,1,16,43,2,80,62,61,45,2,80,8122,0,0
18,1,19,42,1,81,63,62,43,1,81,8237,0,0
18,1,20,40,2,81,63,62,42,2,81,8196,0,0
18,2,0,57,0,77,59,57,57,0,77,8079,0,0
18,2,1,55,1,77,59,57,56,1,77,8023,0,0
18,2,2,53,2,77,59,57,55,2,77,7969,0,0
18,2,4,54,0,78,60,58,54,0,78,8107,0,0
18,2,5,52,1,78,60,58,53,1,78,8054,0,0
18,2,6,50,2,78,60,58,52,2,78,8003,0,0
18,2,8,51,0,79,61,59,51,0,79,8147,0,0
18,2,9,49,1,79,61,59,50,1,79,8097,0,0
18,2,10,47,2,79,61,59,49,2,79,8049,0,0
18,2,12,48,0,80,62,60,48,0,80,8199,0,0
18,2,13,46,1,80,62,60,47,1,80,8152,0,0
18,2,14,44,2,80,62,60,46,2,80,8107,0,0
18,2,16,45,0,81,63,61,45,0,81,8263,0,0
18,2,17,43,1,81,63,61,44,1,81,8219,0,0
18,2,18,41,2,81,63,61,43,2,81,8177,0,0
18,2,22,38,2,82,64,62,40,2,82,8259,0,0
18,3,0,54,2,77,59,56,56,2,77,7968,0,0
18,3,2,55,0,78,60,57,55,0,78,8104,0,0
18,3,3,53,1,78,60,57,54,1,78,8050,0,0
18,3,4,51,2,78,60,57,53,2,78,7998,0,0
18,3,6,52,0,79,61,58,52,0,79,8140,0,0
18,3,7,50,1,79,61,58,51,1,79,8089,0,0
18,3,8,48,2,79,61,58,50,2,79,8040,0,0
18,3,10,49,0,80,62,59,49,0,80,8188,0,0
18,3,11,47,1,80,62,59,48,1,80,8140,0,0
18,3,12,45,2,80,62,59,47,2,80,8094,0,0
18,3,14,46,0,81,63,60,46,0,81,8248,0,0
18,3,15,44,1,81,63,60,45,1,81,8203,0,0
18,3,16,42,2,81,63,60,44,2,81,8160,0,0
18,3,20,39,2,82,64,61,41,2,82,8238,0,0
18,4,0,56,0,78,60,56,56,0,78,8103,0,0
18,4,1,54,1,78,60,56,55,1,78,8048,0,0
18,4,2,52,2,78,60,56,54,2,78,7995,0,0
18,4,4,53,0,79,61,57,53,0,79,8135,0,0
18,4,5,51,1,79,61,57,52,1,79,8083,0,0
18,4,6,49,2,79,61,57,51,2,79,8033,0,0
18,4,8,50,0,80,62,58,50,0,80,8179,0,0
18,4,9,48,1,80,62,58,49,1,80,8130,0,0
18,4,10,46,2,80,62,58,48,2,80,8083,0,0
18,4,12,47,0,81,63,59,47,0,81,8235,0,0
18,4,13,45,1,81,63,59,46,1,81,8189,0,0
18,4,14,43,2,81,63,59,45,2,81,8145,0,0
18,4,17,42,1,82,64,60,43,1,82,8260,0,0
18,4,18,40,2,82,64,60,42,2,82,8219,0,0
18,5,0,53,2,78,60,55,55,2,78,7994,0,0
18,5,2,54,0,79,61,56,54,0,79,8132,0,0
18,5,3,52,1,79,61,56,53,1,79,8079,0,0
18,5,4,50,2,79,61,56,52,2,79,8028,0,0
18,5,6,51,0,80,62,57,51,0,80,8172,0,0
18,5,7,49,1,80,62,57,50,1,80,8122,0,0
18,5,8,47,2,80,62,57,49,2,80,8074,0,0
18,5,10,48,0,81,63,58,48,0,81,8224,0,0
18,5,11,46,1,81,63,58,47,1,81,8177,0,0
18,5,12,44,2,81,63,58,46,2,81,8132,0,0
18,5,15,43,1,82,64,59,44,1,82,8244,0,0
18,5,16,41,2,82,64,59,43,2,82,8202,0,0
18,6,0,55,0,79,61,55,55,0,79,8131,0,0
18,6,1,53,1,79,61,55,54,1,79,8077,0,0
18,6,2,51,2,79,61,55,53,2,79,8025,0,0
18,6,4,52,0,80,62,56,52,0,80,8167,0,0
18,6,5,50,1,80,62,56,51,1,80,8116,0,0
18,6,6,48,2,80,62,56,50,2,80,8067,0,0
18,6,8,49,0,81,63,57,49,0,81,8215,0,0
18,6,9,47,1,81,63,57,48,1,81,8167,0,0
18,6,10,45,2,81,63,57,47,2,81,8121,0,0
18,6,12,46,0,82,64,58,46,0,82,8275,0,0
18,6,13,44,1,82,64,58,45,1,82,8230,0,0
18,6,14,42,2,82,64,58,44,2,82,8187,0,0
18,6,18,39,2,83,65,59,41,2,83,8265,0,0
18,7,0,52,2,79,61,54,54,2,79,8024,0,0
18,7,2,53,0,80,62,55,53,0,80,8164,0,0
18,7,3,51,1,80,62,55,52,1,80,8112,0,0
18,7,4,49,2,80,62,55,51,2,80,8062,0,0
18,7,6,50,0,81,63,56,50,0,81,8208,0,0
18,7,7,48,1,81,63,56,49,1,81,8159,0,0
18,7,8,46,2,81,63,56,48,2,81,8112,0,0
18,7,10,47,0,82,64,57,47,0,82,8264,0,0
18,7,11,45,1,82,64,57,46,1,82,8218,0,0
18,7,12,43,2,82,64,57,45,2,82,8174,0,0
18,7,16,40,2,83,65,58,42,2,83,8248,0,0
18,8,0,54,0,80,62,54,54,0,80,8163,0,0
18,8,1,52,1,80,62,54,53,1,80,8110,0,0
18,8,2,50,2,80,62,54,52,2,80,8059,0,0
18,8,4,51,0,81,63,55,51,0,81,8203,0,0
18,8,5,49,1,81,63,55,50,1,81,8153,0,0
18,8,6,47,2,81,63,55,49,2,81,8105,0,0
18,8,8,48,0,82,64,56,48,0,82,8255,0,0
18,8,9,46,1,82,64,56,47,1,82,8208,0,0
18,8,10,44,2,82,64,56,46,2,82,8163,0,0
18,8,13,43,1,83,65,57,44,1,83,8275,0,0
18,8,14,41,2,83,65,57,43,2,83,8233,0,0
18,9,0,51,2,80,62,53,53,2,80,8058,0,0
18,9,2,52,0,81,63,54,52,0,81,8200,0,0
18,9,3,50,1,81,63,54,51,1,81,8149,0,0
18,9,4,48,2,81,63,54,50,2,81,8100,0,0
18,9,6,49,0,82,64,55,49,0,82,8248,0,0
18,9,7,47,1,82,64,55,48,1,82,8200,0,0
18,9,8,45,2,82,64,55,47,2,82,8154,0,0
18,9,11,44,1,83,65,56,45,1,83,8263,0,0
18,9,12,42,2,83,65,56,44,2,83,8220,0,0
18,10,0,53,0,81,63,53,53,0,81,8199,0,0
18,10,1,51,1,81,63,53,52,1,81,8147,0,0
18,10,2,49,2,81,63,53,51,2,81,8097,0,0
18,10,4,50,0,82,64,54,50,0,82,8243,0,0
18,10,5,48,1,82,64,54,49,1,82,8194,0,0
18,10,6,46,2,82,64,54,48,2,82,8147,0,0
18,10,9,45,1,83,65,55,46,1,83,8253,0,0
18,10,10,43,2,83,65,55,45,2,83,8209,0,0
18,11,0,50,2,81,63,52,52,2,81,8096,0,0
18,11,2,51,0,82,64,53,51,0,82,8240,0,0
18,11,3,49,1,82,64,53,50,1,82,8190,0,0
18,11,4,47,2,82,64,53,49,2,82,8142,0,0
18,11,7,46,1,83,65,54,47,1,83,8245,0,0
18,11,8,44,2,83,65,54,46,2,83,8200,0,0
18,11,12,41,2,84,66,55,43,2,84,8270,0,0
18,12,0,52,0,82,64,52,52,0,82,8239,0,0
18,12,1,50,1,82,64,52,51,1,82,8188,0,0
18,12,2,48,2,82,64,52,50,2,82,8139,0,0
18,12,5,47,1,83,65,53,48,1,83,8239,0,0
18,12,6,45,2,83,65,53,47,2,83,8193,0,0
18,12,10,42,2,84,66,54,44,2,84,8259,0,0
18,13,0,49,2,82,64,51,51,2,82,8138,0,0
18,13,3,48,1,83,65,52,49,1,83,8235,0,0
18,13,4,46,2,83,65,52,48,2,83,8188,0,0
18,13,8,43,2,84,66,53,45,2,84,8250,0,0
18,14,1,49,1,83,65,51,50,1,83,8233,0,0
18,14,2,47,2,83,65,51,49,2,83,8185,0,0
18,14,6,44,2,84,66,52,46,2,84,8243,0,0
18,15,0,48,2,83,65,50,50,2,83,8184,0,0
18,15,4,45,2,84,66,51,47,2,84,8238,0,0
18,16,2,46,2,84,66,50,48,2,84,8235,0,0
18,17,0,47,2,84,66,49,49,2,84,8234,0,0
19,0,1,57,0,77,58,58,57,0,77,8078,0,0
19,0,2,55,1,77,58,58,56,1,77,8022,0,0
19,0,3,53,2,77,58,58,55,2,77,7968,0,0
19,0,5,54,0,78,59,59,54,0,78,8106,0,0
19,0,6,52,1,78,59,59,53,1,78,8053,0,0
19,0,7,50,2,78,59,59,52,2,78,8002,0,0
19,0,9,51,0,79,60,60,51,0,79,8146,0,0
19,0,10,49,1,79,60,60,50,1,79,8096,0,0
19,0,11,47,2,79,60,60,49,2,79,8048,0,0
19,0,13,48,0,80,61,61,48,0,80,8198,0,0
19,0,14,46,1,80,61,61,47,1,80,8151,0,0
19,0,15,44,2,80,61,61,46,2,80,8106,0,0
19,0,17,45,0,81,62,62,45,0,81,8262,0,0
19,0,18,43,1,81,62,62,44,1,81,8218,0,0
19,0,19,41,2,81,62,62,43,2,81,8176,0,0
19,0,23,38,2,82,63,63,40,2,82,8258,0,0
19,1,0,56,1,77,58,57,57,1,77,8021,0,0
19,1,1,54,2,77,58,57,56,2,77,7966,0,0
19,1,3,55,0,78,59,58,55,0,78,8102,0,0
19,1,4,53,1,78,59,58,54,1,78,8048,0,0
19,1,5,51,2,78,59,58,53,2,78,7996,0,0
19,1,7,52,0,79,60,59,52,0,79,8138,0,0
19,1,8,50,1,79,60,59,51,1,79,8087,0,0
19,1,9,48,2,79,60,59,50,2,79,8038,0,0
19,1,11,49,0,80,61,60,49,0,80,8186,0,0
19,1,12,47,1,80,61,60,48,1,80,8138,0,0
19,1,13,45,2,80,61,60,47,2,80,8092,0,0
19,1,15,46,0,81,62,61,46,0,81,8246,0,0
19,1,16,44,1,81,62,61,45,1,81,8201,0,0
19,1,17,42,2,81,62,61,44,2,81,8158,0,0
19,1,20,41,1,82,63,62,42,1,82,8276,0,0
19,1,21,39,2,82,63,62,41,2,82,8236,0,0
19,2,1,56,0,78,59,57,56,0,78,8100,0,0
19,2,2,54,1,78,59,57,55,1,78,8045,0,0
19,2,3,52,2,78,59,57,54,2,78,7992,0,0
19,2,5,53,0,79,60,58,53,0,79,8132,0,0
19,2,6,51,1,79,60,58,52,1,79,8080,0,0
19,2,7,49,2,79,60,58,51,2,79,8030,0,0
19,2,9,50,0,80,61,59,50,0,80,8176,0,0
19,2,10,48,1,80,61,59,49,1,80,8127,0,0
19,2,11,46,2,80,61,59,48,2,80,8080,0,0
19,2,13,47,0,81,62,60,47,0,81,8232,0,0
19,2,14,45,1,81,62,60,46,1,81,8186,0,0
19,2,15,43,2,81,62,60,45,2,81,8142,0,0
19,2,18,42,1,82,63,61,43,1,82,8257,0,0
19,2,19,40,2,82,63,61,42,2,82,8216,0,0
19,3,0,55,1,78,59,56,56,1,78,8044,0,0
19,3,1,53,2,78,59,56,55,2,78,7990,0,0
19,3,3,54,0,79,60,57,54,0,79,8128,0,0
19,3,4,52,1,79,60,57,53,1,79,8075,0,0
19,3,5,50,2,79,60,57,52,2,79,8024,0,0
19,3,7,51,0,80,61,58,51,0,80,8168,0,0
19,3,8,49,1,80,61,58,50,1,80,8118,0,0
19,3,9,47,2,80,61,58,49,2,80,8070,0,0
19,3,11,48,0,81,62,59,48,0,81,8220,0,0
19,3,12,46,1,81,62,59,47,1,81,8173,0,0
19,3,13,44,2,81,62,59,46,2,81,8128,0,0
19,3,16,43,1,82,63,60,44,1,82,8240,0,0
19,3,17,41,2,82,63,60,43,2,82,8198,0,0
19,4,1,55,0,79,60,56,55,0,79,8126,0,0
19,4,2,53,1,79,60,56,54,1,79,8072,0,0
19,4,3,51,2,79,60,56,53,2,79,8020,0,0
19,4,5,52,0,80,61,57,52,0,80,8162,0,0
19,4,6,50,1,80,61,57,51,1,80,8111,0,0
19,4,7,48,2,80,61,57,50,2,80,8062,0,0
19,4,9,49,0,81,62,58,49,0,81,8210,0,0
19,4,10,47,1,81,62,58,48,1,81,8162,0,0
19,4,11,45,2,81,62,58,47,2,81,8116,0,0
19,4,13,46,0,82,63,59,46,0,82,8270,0,0
19,4,14,44,1,82,63,59,45,1,82,8225,0,0
19,4,15,42,2,82,63,59,44,2,82,8182,0,0
19,4,19,39,2,83,64,60,41,2,83,8260,0,0
19,5,0,54,1,79,60,55,55,1,79,8071,0,0
19,5,1,52,2,79,60,55,54,2,79,8018,0,0
19,5,3,53,0,80,61,56,53,0,80,8158,0,0
19,5,4,51,1,80,61,56,52,1,80,8106,0,0
19,5,5,49,2,80,61,56,51,2,80,8056,0,0
19,5,7,50,0,81,62,57,50,0,81,8202,0,0
19,5,8,48,1,81,62,57,49,1,81,8153,0,0
19,5,9,46,2,81,62,57,48,2,81,8106,0,0
19,5,11,47,0,82,63,58,47,0,82,8258,0,0
19,5,12,45,1,82,63,58,46,1,82,8212,0,0
19,5,13,43,2,82,63,58,45,2,82,8168,0,0
19,5,17,40,2,83,64,59,42,2,83,8242,0,0
19,6,1,54,0,80,61,55,54,0,80,8156,0,0
19,6,2,52,1,80,61,55,53,1,80,8103,0,0
19,6,3,50,2,80,61,55,52,2,80,8052,0,0
19,6,5,51,0,81,62,56,51,0,81,8196,0,0
19,6,6,49,1,81,62,56,50,1,81,8146,0,0
19,6,7,47,2,81,62,56,49,2,81,8098,0,0
19,6,9,48,0,82,63,57,48,0,82,8248,0,0
19,6,10,46,1,82,63,57,47,1,82,8201,0,0
19,6,11,44,2,82,63,57,46,2,82,8156,0,0
19,6,14,43,1,83,64,58,44,1,83,8268,0,0
19,6,15,41,2,83,64,58,43,2,83,8226,0,0
19,7,0,53,1,80,61,54,54,1,80,8102,0,0
19,7,1,51,2,80,61,54,53,2,80,8050,0,0
19,7,3,52,0,81,62,55,52,0,81,8192,0,0
19,7,4,50,1,81,62,55,51,1,81,8141,0,0
19,7,5,48,2,81,62,55,50,2,81,8092,0,0
19,7,7,49,0,82,63,56,49,0,82,8240,0,0
19,7,8,47,1,82,63,56,48,1,82,8192,0,0
19,7,9,45,2,82,63,56,47,2,82,8146,0,0
19,7,12,44,1,83,64,57,45,1,83,8255,0,0
19,7,13,42,2,83,64,57,44,2,83,8212,0,0
19,8,1,53,0,81,62,54,53,0,81,8190,0,0
19,8,2,51,1,81,62,54,52,1,81,8138,0,0
19,8,3,49,2,81,62,54,51,2,81,8088,0,0
19,8,5,50,0,82,63,55,50,0,82,8234,0,0
19,8,6,48,1,82,63,55,49,1,82,8185,0,0
19,8,7,46,2,82,63,55,48,2,82,8138,0,0
19,8,10,45,1,83,64,56,46,1,83,8244,0,0
19,8,11,43,2,83,64,56,45,2,83,8200,0,0
19,8,15,40,2,84,65,57,42,2,84,8274,0,0
19,9,0,52,1,81,62,53,53,1,81,8137,0,0
19,9,1,50,2,81,62,53,52,2,81,8086,0,0
19,9,3,51,0,82,63,54,51,0,82,8230,0,0
19,9,4,49,1,82,63,54,50,1,82,8180,0,0
19,9,5,47,2,82,63,54,49,2,82,8132,0,0
19,9,8,46,1,83,64,55,47,1,83,8235,0,0
19,9,9,44,2,83,64,55,46,2,83,8190,0,0
19,9,13,41,2,84,65,56,43,2,84,8260,0,0
19,10,1,52,0,82,63,53,52,0,82,8228,0,0
19,10,2,50,1,82,63,53,51,1,82,8177,0,0
19,10,3,48,2,82,63,53,50,2,82,8128,0,0
19,10,5,49,0,83,64,54,49,0,83,8276,0,0
19,10,6,47,1,83,64,54,48,1,83,8228,0,0
19,10,7,45,2,83,64,54,47,2,83,8182,0,0
19,10,11,42,2,84,65,55,44,2,84,8248,0,0
19,11,0,51,1,82,63,52,52,1,82,8176,0,0
19,11,1,49,2,82,63,52,51,2,82,8126,0,0
19,11,3,50,0,83,64,53,50,0,83,8272,0,0
19,11,4,48,1,83,64,53,49,1,83,8223,0,0
19,11,5,46,2,83,64,53,48,2,83,8176,0,0
19,11,9,43,2,84,65,54,45,2,84,8238,0,0
19,12,1,51,0,83,64,52,51,0,83,8270,0,0
19,12,2,49,1,83,64,52,50,1,83,8220,0,0
19,12,3,47,2,83,64,52,49,2,83,8172,0,0
19,12,6,46,1,84,65,53,47,1,84,8275,0,0
19,12,7,44,2,84,65,53,46,2,84,8230,0,0
19,13,0,50,1,83,64,51,51,1,83,8219,0,0
19,13,1,48,2,83,64,51,50,2,83,8170,0,0
19,13,4,47,1,84,65,52,48,1,84,8270,0,0
19,13,5,45,2,84,65,52,47,2,84,8224,0,0
19,14,2,48,1,84,65,51,49,1,84,8267,0,0
19,14,3,46,2,84,65,51,48,2,84,8220,0,0
19,15,0,49,1,84,65,50,50,1,84,8266,0,0
19,15,1,47,2,84,65,50,49,2,84,8218,0,0
19,15,5,44,2,85,66,51,46,2,85,8276,0,0
19,16,3,45,2,85,66,50,47,2,85,8272,0,0
19,17,1,46,2,85,66,49,48,2,85,8270,0,0
20,0,0,55,2,77,57,57,57,2,77,7965,0,0
20,0,2,56,0,78,58,58,56,0,78,8099,0,0
20,0,3,54,1,78,58,58,55,1,78,8044,0,0
20,0,4,52,2,78,58,58,54,2,78,7991,0,0
20,0,6,53,0,79,59,59,53,0,79,8131,0,0
20,0,7,51,1,79,59,59,52,1,79,8079,0,0
20,0,8,49,2,79,59,59,51,2,79,8029,0,0
20,0,10,50,0,80,60,60,50,0,80,8175,0,0
20,0,11,48,1,80,60,60,49,1,80,8126,0,0
20,0,12,46,2,80,60,60,48,2,80,8079,0,0
20,0,14,47,0,81,61,61,47,0,81,8231,0,0
20,0,15,45,1,81,61,61,46,1,81,8185,0,0
20,0,16,43,2,81,61,61,45,2,81,8141,0,0
20,0,19,42,1,82,62,62,43,1,82,8256,0,0
20,0,20,40,2,82,62,62,42,2,82,8215,0,0
20,1,0,57,0,78,58,57,57,0,78,8098,0,0
20,1,1,55,1,78,58,57,56,1,78,8042,0,0
20,1,2,53,2,78,58,57,55,2,78,7988,0,0
20,1,4,54,0,79,59,58,54,0,79,8126,0,0
20,1,5,52,1,79,59,58,53,1,79,8073,0,0
20,1,6,50,2,79,59,58,52,2,79,8022,0,0
20,1,8,51,0,80,60,59,51,0,80,8166,0,0
20,1,9,49,1,80,60,59,50,1,80,8116,0,0
20,1,10,47,2,80,60,59,49,2,80,8068,0,0
20,1,12,48,0,81,61,60,48,0,81,8218,0,0
20,1,13,46,1,81,61,60,47,1,81,8171,0,0
20,1,14,44,2,81,61,60,46,2,81,8126,0,0
20,1,17,43,1,82,62,61,44,1,82,8238,0,0
20,1,18,41,2,82,62,61,43,2,82,8196,0,0
20,2,0,54,2,78,58,56,56,2,78,7987,0,0
20,2,2,55,0,79,59,57,55,0,79,8123,0,0
20,2,3,53,1,79,59,57,54,1,79,8069,0,0
20,2,4,51,2,79,59,57,53,2,79,8017,0,0
20,2,6,52,0,80,60,58,52,0,80,8159,0,0
20,2,7,50,1,80,60,58,51,1,80,8108,0,0
20,2,8,48,2,80,60,58,50,2,80,8059,0,0
20,2,10,49,0,81,61,59,49,0,81,8207,0,0
20,2,11,47,1,81,61,59,48,1,81,8159,0,0
20,2,12,45,2,81,61,59,47,2,81,8113,0,0
20,2,14,46,0,82,62,60,46,0,82,8267,0,0
20,2,15,44,1,82,62,60,45,1,82,8222,0,0
20,2,16,42,2,82,62,60,44,2,82,8179,0,0
20,2,20,39,2,83,63,61,41,2,83,8257,0,0
20,3,0,56,0,79,59,56,56,0,79,8122,0,0
20,3,1,54,1,79,59,56,55,1,79,8067,0,0
20,3,2,52,2,79,59,56,54,2,79,8014,0,0
20,3,4,53,0,80,60,57,53,0,80,8154,0,0
20,3,5,51,1,80,60,57,52,1,80,8102,0,0
20,3,6,49,2,80,60,57,51,2,80,8052,0,0
20,3,8,50,0,81,61,58,50,0,81,8198,0,0
20,3,9,48,1,81,61,58,49,1,81,8149,0,0
20,3,10,46,2,81,61,58,48,2,81,8102,0,0
20,3,12,47,0,82,62,59,47,0,82,8254,0,0
20,3,13,45,1,82,62,59,46,1,82,8208,0,0
20,3,14,43,2,82,62,59,45,2,82,8164,0,0
20,3,18,40,2,83,63,60,42,2,83,8238,0,0
20,4,0,53,2,79,59,55,55,2,79,8013,0,0
20,4,2,54,0,80,60,56,54,0,80,8151,0,0
20,4,3,52,1,80,60,56,53,1,80,8098,0,0
20,4,4,50,2,80,60,56,52,2,80,8047,0,0
20,4,6,51,0,81,61,57,51,0,81,8191,0,0
20,4,7,49,1,81,61,57,50,1,81,8141,0,0
20,4,8,47,2,81,61,57,49,2,81,8093,0,0
20,4,10,48,0,82,62,58,48,0,82,8243,0,0
20,4,11,46,1,82,62,58,47,1,82,8196,0,0
20,4,12,44,2,82,62,58,46,2,82,8151,0,0
20,4,15,43,1,83,63,59,44,1,83,8263,0,0
20,4,16,41,2,83,63,59,43,2,83,8221,0,0
20,5,0,55,0,80,60,55,55,0,80,8150,0,0
20,5,1,53,1,80,60,55,54,1,80,8096,0,0
20,5,2,51,2,80,60,55,53,2,80,8044,0,0
20,5,4,52,0,81,61,56,52,0,81,8186,0,0
20,5,5,50,1,81,61,56,51,1,81,8135,0,0
20,5,6,48,2,81,61,56,50,2,81,8086,0,0
20,5,8,49,0,82,62,57,49,0,82,8234,0,0
20,5,9,47,1,82,62,57,48,1,82,8186,0,0
20,5,10,45,2,82,62,57,47,2,82,8140,0,0
20,5,13,44,1,83,63,58,45,1,83,8249,0,0
20,5,14,42,2,83,63,58,44,2,83,8206,0,0
20,6,0,52,2,80,60,54,54,2,80,8043,0,0
20,6,2,53,0,81,61,55,53,0,81,8183,0,0
20,6,3,51,1,81,61,55,52,1,81,8131,0,0
20,6,4,49,2,81,61,55,51,2,81,8081,0,0
20,6,6,50,0,82,62,56,50,0,82,8227,0,0
20,6,7,48,1,82,62,56,49,1,82,8178,0,0
20,6,8,46,2,82,62,56,48,2,82,8131,0,0
20,6,11,45,1,83,63,57,46,1,83,8237,0,0
20,6,12,43,2,83,63,57,45,2,83,8193,0,0
20,6,16,40,2,84,64,58,42,2,84,8267,0,0
20,7,0,54,0,81,61,54,54,0,81,8182,0,0
20,7,1,52,1,81,61,54,53,1,81,8129,0,0
20,7,2,50,2,81,61,54,52,2,81,8078,0,0
20,7,4,51,0,82,62,55,51,0,82,8222,0,0
20,7,5,49,1,82,62,55,50,1,82,8172,0,0
20,7,6,47,2,82,62,55,49,2,82,8124,0,0
20,7,8,48,0,83,63,56,48,0,83,8274,0,0
20,7,9,46,1,83,63,56,47,1,83,8227,0,0
20,7,10,44,2,83,63,56,46,2,83,8182,0,0
20,7,14,41,2,84,64,57,43,2,84,8252,0,0
20,8,0,51,2,81,61,53,53,2,81,8077,0,0
20,8,2,52,0,82,62,54,52,0,82,8219,0,0
20,8,3,50,1,82,62,54,51,1,82,8168,0,0
20,8,4,48,2,82,62,54,50,2,82,8119,0,0
20,8,6,49,0,83,63,55,49,0,83,8267,0,0
20,8,7,47,1,83,63,55,48,1,83,8219,0,0
20,8,8,45,2,83,63,55,47,2,83,8173,0,0
20,8,12,42,2,84,64,56,44,2,84,8239,0,0
20,9,0,53,0,82,62,53,53,0,82,8218,0,0
20,9,1,51,1,82,62,53,52,1,82,8166,0,0
20,9,2,49,2,82,62,53,51,2,82,8116,0,0
20,9,4,50,0,83,63,54,50,0,83,8262,0,0
20,9,5,48,1,83,63,54,49,1,83,8213,0,0
20,9,6,46,2,83,63,54,48,2,83,8166,0,0
20,9,9,45,1,84,64,55,46,1,84,8272,0,0
20,9,10,43,2,84,64,55,45,2,84,8228,0,0
20,10,0,50,2,82,62,52,52,2,82,8115,0,0
20,10,2,51,0,83,63,53,51,0,83,8259,0,0
20,10,3,49,1,83,63,53,50,1,83,8209,0,0
20,10,4,47,2,83,63,53,49,2,83,8161,0,0
20,10,7,46,1,84,64,54,47,1,84,8264,0,0
20,10,8,44,2,84,64,54,46,2,84,8219,0,0
20,11,0,52,0,83,63,52,52,0,83,8258,0,0
20,11,1,50,1,83,63,52,51,1,83,8207,0,0
20,11,2,48,2,83,63,52,50,2,83,8158,0,0
20,11,5,47,1,84,64,53,48,1,84,8258,0,0
20,11,6,45,2,84,64,53,47,2,84,8212,0,0
20,12,0,49,2,83,63,51,51,2,83,8157,0,0
20,12,3,48,1,84,64,52,49,1,84,8254,0,0
20,12,4,46,2,84,64,52,48,2,84,8207,0,0
20,12,8,43,2,85,65,53,45,2,85,8269,0,0
20,13,1,49,1,84,64,51,50,1,84,8252,0,0
20,13,2,47,2,84,64,51,49,2,84,8204,0,0
20,13,6,44,2,85,65,52,46,2,85,8262,0,0
20,14,0,48,2,84,64,50,50,2,84,8203,0,0
20,14,4,45,2,85,65,51,47,2,85,8257,0,0
20,15,2,46,2,85,65,50,48,2,85,8254,0,0
20,16,0,47,2,85,65,49,49,2,85,8253,0,0
21,0,0,56,1,78,57,57,57,1,78,8041,0,0
21,0,1,54,2,78,57,57,56,2,78,7986,0,0
21,0,3,55,0,79,58,58,55,0,79,8122,0,0
21,0,4,53,1,79,58,58,54,1,79,8068,0,0
21,0,5,51,2,79,58,58,53,2,79,8016,0,0
21,0,7,52,0,80,59,59,52,0,80,8158,0,0
21,0,8,50,1,80,59,59,51,1,80,8107,0,0
21,0,9,48,2,80,59,59,50,2,80,8058,0,0
21,0,11,49,0,81,60,60,49,0,81,8206,0,0
21,0,12,47,1,81,60,60,48,1,81,8158,0,0
21,0,13,45,2,81,60,60,47,2,81,8112,0,0
21,0,15,46,0,82,61,61,46,0,82,8266,0,0
21,0,16,44,1,82,61,61,45,1,82,8221,0,0
21,0,17,42,2,82,61,61,44,2,82,8178,0,0
21,0,21,39,2,83,62,62,41,2,83,8256,0,0
21,1,1,56,0,79,58,57,56,0,79,8120,0,0
21,1,2,54,1,79,58,57,55,1,79,8065,0,0
21,1,3,52,2,79,58,57,54,2,79,8012,0,0
21,1,5,53,0,80,59,58,53,0,80,8152,0,0
21,1,6,51,1,80,59,58,52,1,80,8100,0,0
21,1,7,49,2,80,59,58,51,2,80,8050,0,0
21,1,9,50,0,81,60,59,50,0,81,8196,0,0
21,1,10,48,1,81,60,59,49,1,81,8147,0,0
21,1,11,46,2,81,60,59,48,2,81,8100,0,0
21,1,13,47,0,82,61,60,47,0,82,8252,0,0
21,1,14,45,1,82,61,60,46,1,82,8206,0,0
21,1,15,43,2,82,61,60,45,2,82,8162,0,0
21,1,19,40,2,83,62,61,42,2,83,8236,0,0
21,2,0,55,1,79,58,56,56,1,79,8064,0,0
21,2,1,53,2,79,58,56,55,2,79,8010,0,0
21,2,3,54,0,80,59,57,54,0,80,8148,0,0
21,2,4,52,1,80,59,57,53,1,80,8095,0,0
21,2,5,50,2,80,59,57,52,2,80,8044,0,0
21,2,7,51,0,81,60,58,51,0,81,8188,0,0
21,2,8,49,1,81,60,58,50,1,81,8138,0,0
21,2,9,47,2,81,60,58,49,2,81,8090,0,0
21,2,11,48,0,82,61,59,48,0,82,8240,0,0
21,2,12,46,1,82,61,59,47,1,82,8193,0,0
21,2,13,44,2,82,61,59,46,2,82,8148,0,0
21,2,16,43,1,83,62,60,44,1,83,8260,0,0
21,2,17,41,2,83,62,60,43,2,83,8218,0,0
21,3,1,55,0,80,59,56,55,0,80,8146,0,0
21,3,2,53,1,80,59,56,54,1,80,8092,0,0
21,3,3,51,2,80,59,56,53,2,80,8040,0,0
21,3,5,52,0,81,60,57,52,0,81,8182,0,0
21,3,6,50,1,81,60,57,51,1,81,8131,0,0
21,3,7,48,2,81,60,57,50,2,81,8082,0,0
21,3,9,49,0,82,61,58,49,0,82,8230,0,0
21,3,10,47,1,82,61,58,48,1,82,8182,0,0
21,3,11,45,2,82,61,58,47,2,82,8136,0,0
21,3,14,44,1,83,62,59,45,1,83,8245,0,0
21,3,15,42,2,83,62,59,44,2,83,8202,0,0
21,4,0,54,1,80,59,55,55,1,80,8091,0,0
21,4,1,52,2,80,59,55,54,2,80,8038,0,0
21,4,3,53,0,81,60,56,53,0,81,8178,0,0
21,4,4,51,1,81,60,56,52,1,81,8126,0,0
21,4,5,49,2,81,60,56,51,2,81,8076,0,0
21,4,7,50,0,82,61,57,50,0,82,8222,0,0
21,4,8,48,1,82,61,57,49,1,82,8173,0,0
21,4,9,46,2,82,61,57,48,2,82,8126,0,0
21,4,12,45,1,83,62,58,46,1,83,8232,0,0
21,4,13,43,2,83,62,58,45,2,83,8188,0,0
21,4,17,40,2,84,63,59,42,2,84,8262,0,0
21,5,1,54,0,81,60,55,54,0,81,8176,0,0
21,5,2,52,1,81,60,55,53,1,81,8123,0,0
21,5,3,50,2,81,60,55,52,2,81,8072,0,0
21,5,5,51,0,82,61,56,51,0,82,8216,0,0
21,5,6,49,1,82,61,56,50,1,82,8166,0,0
21,5,7,47,2,82,61,56,49,2,82,8118,0,0
21,5,9,48,0,83,62,57,48,0,83,8268,0,0
21,5,10,46,1,83,62,57,47,1,83,8221,0,0
21,5,11,44,2,83,62,57,46,2,83,8176,0,0
21,5,15,41,2,84,63,58,43,2,84,8246,0,0
21,6,0,53,1,81,60,54,54,1,81,8122,0,0
21,6,1,51,2,81,60,54,53,2,81,8070,0,0
21,6,3,52,0,82,61,55,52,0,82,8212,0,0
21,6,4,50,1,82,61,55,51,1,82,8161,0,0
21,6,5,48,2,82,61,55,50,2,82,8112,0,0
21,6,7,49,0,83,62,56,49,0,83,8260,0,0
21,6,8,47,1,83,62,56,48,1,83,8212,0,0
21,6,9,45,2,83,62,56,47,2,83,8166,0,0
21,6,12,44,1,84,63,57,45,1,84,8275,0,0
21,6,13,42,2,84,63,57,44,2,84,8232,0,0
21,7,1,53,0,82,61,54,53,0,82,8210,0,0
21,7,2,51,1,82,61,54,52,1,82,8158,0,0
21,7,3,49,2,82,61,54,51,2,82,8108,0,0
21,7,5,50,0,83,62,55,50,0,83,8254,0,0
21,7,6,48,1,83,62,55,49,1,83,8205,0,0
21,7,7,46,2,83,62,55,48,2,83,8158,0,0
21,7,10,45,1,84,63,56,46,1,84,8264,0,0
21,7,11,43,2,84,63,56,45,2,84,8220,0,0
21,8,0,52,1,82,61,53,53,1,82,8157,0,0
21,8,1,50,2,82,61,53,52,2,82,8106,0,0
21,8,3,51,0,83,62,54,51,0,83,8250,0,0
21,8,4,49,1,83,62,54,50,1,83,8200,0,0
21,8,5,47,2,83,62,54,49,2,83,8152,0,0
21,8,8,46,1,84,63,55,47,1,84,8255,0,0
21,8,9,44,2,84,63,55,46,2,84,8210,0,0
21,9,1,52,0,83,62,53,52,0,83,8248,0,0
21,9,2,50,1,83,62,53,51,1,83,8197,0,0
21,9,3,48,2,83,62,53,50,2,83,8148,0,0
21,9,6,47,1,84,63,54,48,1,84,8248,0,0
21,9,7,45,2,84,63,54,47,2,84,8202,0,0
21,9,11,42,2,85,64,55,44,2,85,8268,0,0
21,10,0,51,1,83,62,52,52,1,83,8196,0,0
21,10,1,49,2,83,62,52,51,2,83,8146,0,0
21,10,4,48,1,84,63,53,49,1,84,8243,0,0
21,10,5,46,2,84,63,53,48,2,84,8196,0,0
21,10,9,43,2,85,64,54,45,2,85,8258,0,0
21,11,2,49,1,84,63,52,50,1,84,8240,0,0
21,11,3,47,2,84,63,52,49,2,84,8192,0,0
21,11,7,44,2,85,64,53,46,2,85,8250,0,0
21,12,0,50,1,84,63,51,51,1,84,8239,0,0
21,12,1,48,2,84,63,51,50,2,84,8190,0,0
21,12,5,45,2,85,64,52,47,2,85,8244,0,0
21,13,3,46,2,85,64,51,48,2,85,8240,0,0
21,14,1,47,2,85,64,50,49,2,85,8238,0,0
22,0,0,57,0,79,57,57,57,0,79,8119,0,0
22,0,1,55,1,79,57,57,56,1,79,8063,0,0
22,0,2,53,2,79,57,57,55,2,79,8009,0,0
22,0,4,54,0,80,58,58,54,0,80,8147,0,0
22,0,5,52,1,80,58,58,53,1,80,8094,0,0
22,0,6,50,2,80,58,58,52,2,80,8043,0,0
22,0,8,51,0,81,59,59,51,0,81,8187,0,0
22,0,9,49,1,81,59,59,50,1,81,8137,0,0
22,0,10,47,2,81,59,59,49,2,81,8089,0,0
22,0,12,48,0,82,60,60,48,0,82,8239,0,0
22,0,13,46,1,82,60,60,47,1,82,8192,0,0
22,0,14,44,2,82,60,60,46,2,82,8147,0,0
22,0,17,43,1,83,61,61,44,1,83,8259,0,0
22,0,18,41,2,83,61,61,43,2,83,8217,0,0
22,1,0,54,2,79,57,56,56,2,79,8008,0,0
22,1,2,55,0,80,58,57,55,0,80,8144,0,0
22,1,3,53,1,80,58,57,54,1,80,8090,0,0
22,1,4,51,2,80,58,57,53,2,80,8038,0,0
22,1,6,52,0,81,59,58,52,0,81,8180,0,0
22,1,7,50,1,81,59,58,51,1,81,8129,0,0
22,1,8,48,2,81,59,58,50,2,81,8080,0,0
22,1,10,49,0,82,60,59,49,0,82,8228,0,0
22,1,11,47,1,82,60,59,48,1,82,8180,0,0
22,1,12,45,2,82,60,59,47,2,82,8134,0,0
22,1,15,44,1,83,61,60,45,1,83,8243,0,0
22,1,16,42,2,83,61,60,44,2,83,8200,0,0
22,2,0,56,0,80,58,56,56,0,80,8143,0,0
22,2,1,54,1,80,58,56,55,1,80,8088,0,0
22,2,2,52,2,80,58,56,54,2,80,8035,0,0
22,2,4,53,0,81,59,57,53,0,81,8175,0,0
22,2,5,51,1,81,59,57,52,1,81,8123,0,0
22,2,6,49,2,81,59,57,51,2,81,8073,0,0
22,2,8,50,0,82,60,58,50,0,82,8219,0,0
22,2,9,48,1,82,60,58,49,1,82,8170,0,0
22,2,10,46,2,82,60,58,48,2,82,8123,0,0
22,2,12,47,0,83,61,59,47,0,83,8275,0,0
22,2,13,45,1,83,61,59,46,1,83,8229,0,0
22,2,14,43,2,83,61,59,45,2,83,8185,0,0
22,2,18,40,2,84,62,60,42,2,84,8259,0,0
22,3,0,53,2,80,58,55,55,2,80,8034,0,0
22,3,2,54,0,81,59,56,54,0,81,8172,0,0
22,3,3,52,1,81,59,56,53,1,81,8119,0,0
22,3,4,50,2,81,59,56,52,2,81,8068,0,0
22,3,6,51,0,82,60,57,51,0,82,8212,0,0
22,3,7,49,1,82,60,57,50,1,82,8162,0,0
22,3,8,47,2,82,60,57,49,2,82,8114,0,0
22,3,10,48,0,83,61,58,48,0,83,8264,0,0
22,3,11,46,1,83,61,58,47,1,83,8217,0,0
22,3,12,44,2,83,61,58,46,2,83,8172,0,0
22,3,16,41,2,84,62,59,43,2,84,8242,0,0
22,4,0,55,0,81,59,55,55,0,81,8171,0,0
22,4,1,53,1,81,59,55,54,1,81,8117,0,0
22,4,2,51,2,81,59,55,53,2,81,8065,0,0
22,4,4,52,0,82,60,56,52,0,82,8207,0,0
22,4,5,50,1,82,60,56,51,1,82,8156,0,0
22,4,6,48,2,82,60,56,50,2,82,8107,0,0
22,4,8,49,0,83,61,57,49,0,83,8255,0,0
22,4,9,47,1,83,61,57,48,1,83,8207,0,0
22,4,10,45,2,83,61,57,47,2,83,8161,0,0
22,4,13,44,1,84,62,58,45,1,84,8270,0,0
22,4,14,42,2,84,62,58,44,2,84,8227,0,0
22,5,0,52,2,81,59,54,54,2,81,8064,0,0
22,5,2,53,0,82,60,55,53,0,82,8204,0,0
22,5,3,51,1,82,60,55,52,1,82,8152,0,0
22,5,4,49,2,82,60,55,51,2,82,8102,0,0
22,5,6,50,0,83,61,56,50,0,83,8248,0,0
22,5,7,48,1,83,61,56,49,1,83,8199,0,0
22,5,8,46,2,83,61,56,48,2,83,8152,0,0
22,5,11,45,1,84,62,57,46,1,84,8258,0,0
22,5,12,43,2,84,62,57,45,2,84,8214,0,0
22,6,0,54,0,82,60,54,54,0,82,8203,0,0
22,6,1,52,1,82,60,54,53,1,82,8150,0,0
22,6,2,50,2,82,60,54,52,2,82,8099,0,0
22,6,4,51,0,83,61,55,51,0,83,8243,0,0
22,6,5,49,1,83,61,55,50,1,83,8193,0,0
22,6,6,47,2,83,61,55,49,2,83,8145,0,0
22,6,9,46,1,84,62,56,47,1,84,8248,0,0
22,6,10,44,2,84,62,56,46,2,84,8203,0,0
22,6,14,41,2,85,63,57,43,2,85,8273,0,0
22,7,0,51,2,82,60,53,53,2,82,8098,0,0
22,7,2,52,0,83,61,54,52,0,83,8240,0,0
22,7,3,50,1,83,61,54,51,1,83,8189,0,0
22,7,4,48,2,83,61,54,50,2,83,8140,0,0
22,7,7,47,1,84,62,55,48,1,84,8240,0,0
22,7,8,45,2,84,62,55,47,2,84,8194,0,0
22,7,12,42,2,85,63,56,44,2,85,8260,0,0
22,8,0,53,0,83,61,53,53,0,83,8239,0,0
22,8,1,51,1,83,61,53,52,1,83,8187,0,0
22,8,2,49,2,83,61,53,51,2,83,8137,0,0
22,8,5,48,1,84,62,54,49,1,84,8234,0,0
22,8,6,46,2,84,62,54,48,2,84,8187,0,0
22,8,10,43,2,85,63,55,45,2,85,8249,0,0
22,9,0,50,2,83,61,52,52,2,83,8136,0,0
22,9,3,49,1,84,62,53,50,1,84,8230,0,0
22,9,4,47,2,84,62,53,49,2,84,8182,0,0
22,9,8,44,2,85,63,54,46,2,85,8240,0,0
22,10,1,50,1,84,62,52,51,1,84,8228,0,0
22,10,2,48,2,84,62,52,50,2,84,8179,0,0
22,10,6,45,2,85,63,53,47,2,85,8233,0,0
22,11,0,49,2,84,62,51,51,2,84,8178,0,0
22,11,3,48,1,85,63,52,49,1,85,8275,0,0
22,11,4,46,2,85,63,52,48,2,85,8228,0,0
22,12,1,49,1,85,63,51,50,1,85,8273,0,0
22,12,2,47,2,85,63,51,49,2,85,8225,0,0
22,13,0,48,2,85,63,50,50,2,85,8224,0,0
22,14,2,46,2,86,64,50,48,2,86,8275,0,0
22,15,0,47,2,86,64,49,49,2,86,8274,0,0
23,0,1,56,0,80,57,57,56,0,80,8142,0,0
23,0,2,54,1,80,57,57,55,1,80,8087,0,0
23,0,3,52,2,80,57,57,54,2,80,8034,0,0
23,0,5,53,0,81,58,58,53,0,81,8174,0,0
23,0,6,51,1,81,58,58,52,1,81,8122,0,0
23,0,7,49,2,81,58,58,51,2,81,8072,0,0
23,0,9,50,0,82,59,59,50,0,82,8218,0,0
23,0,10,48,1,82,59,59,49,1,82,8169,0,0
23,0,11,46,2,82,59,59,48,2,82,8122,0,0
23,0,13,47,0,83,60,60,47,0,83,8274,0,0
23,0,14,45,1,83,60,60,46,1,83,8228,0,0
23,0,15,43,2,83,60,60,45,2,83,8184,0,0
23,0,19,40,2,84,61,61,42,2,84,8258,0,0
23,1,0,55,1,80,57,56,56,1,80,8086,0,0
23,1,1,53,2,80,57,56,55,2,80,8032,0,0
23,1,3,54,0,81,58,57,54,0,81,8170,0,0
23,1,4,52,1,81,58,57,53,1,81,8117,0,0
23,1,5,50,2,81,58,57,52,2,81,8066,0,0
23,1,7,51,0,82,59,58,51,0,82,8210,0,0
23,1,8,49,1,82,59,58,50,1,82,8160,0,0
23,1,9,47,2,82,59,58,49,2,82,8112,0,0
23,1,11,48,0,83,60,59,48,0,83,8262,0,0
23,1,12,46,1,83,60,59,47,1,83,8215,0,0
23,1,13,44,2,83,60,59,46,2,83,8170,0,0
23,1,17,41,2,84,61,60,43,2,84,8240,0,0
23,2,1,55,0,81,58,56,55,0,81,8168,0,0
23,2,2,53,1,81,58,56,54,1,81,8114,0,0
23,2,3,51,2,81,58,56,53,2,81,8062,0,0
23,2,5,52,0,82,59,57,52,0,82,8204,0,0
23,2,6,50,1,82,59,57,51,1,82,8153,0,0
23,2,7,48,2,82,59,57,50,2,82,8104,0,0
23,2,9,49,0,83,60,58,49,0,83,8252,0,0
23,2,10,47,1,83,60,58,48,1,83,8204,0,0
23,2,11,45,2,83,60,58,47,2,83,8158,0,0
23,2,14,44,1,84,61,59,45,1,84,8267,0,0
23,2,15,42,2,84,61,59,44,2,84,8224,0,0
23,3,0,54,1,81,58,55,55,1,81,8113,0,0
23,3,1,52,2,81,58,55,54,2,81,8060,0,0
23,3,3,53,0,82,59,56,53,0,82,8200,0,0
23,3,4,51,1,82,59,56,52,1,82,8148,0,0
23,3,5,49,2,82,59,56,51,2,82,8098,0,0
23,3,7,50,0,83,60,57,50,0,83,8244,0,0
23,3,8,48,1,83,60,57,49,1,83,8195,0,0
23,3,9,46,2,83,60,57,48,2,83,8148,0,0
23,3,12,45,1,84,61,58,46,1,84,8254,0,0
23,3,13,43,2,84,61,58,45,2,84,8210,0,0
23,4,1,54,0,82,59,55,54,0,82,8198,0,0
23,4,2,52,1,82,59,55,53,1,82,8145,0,0
23,4,3,50,2,82,59,55,52,2,82,8094,0,0
23,4,5,51,0,83,60,56,51,0,83,8238,0,0
23,4,6,49,1,83,60,56,50,1,83,8188,0,0
23,4,7,47,2,83,60,56,49,2,83,8140,0,0
23,4,10,46,1,84,61,57,47,1,84,8243,0,0
23,4,11,44,2,84,61,57,46,2,84,8198,0,0
23,4,15,41,2,85,62,58,43,2,85,8268,0,0
23,5,0,53,1,82,59,54,54,1,82,8144,0,0
23,5,1,51,2,82,59,54,53,2,82,8092,0,0
23,5,3,52,0,83,60,55,52,0,83,8234,0,0
23,5,4,50,1,83,60,55,51,1,83,8183,0,0
23,5,5,48,2,83,60,55,50,2,83,8134,0,0
23,5,8,47,1,84,61,56,48,1,84,8234,0,0
23,5,9,45,2,84,61,56,47,2,84,8188,0,0
23,5,13,42,2,85,62,57,44,2,85,8254,0,0
23,6,1,53,0,83,60,54,53,0,83,8232,0,0
23,6,2,51,1,83,60,54,52,1,83,8180,0,0
23,6,3,49,2,83,60,54,51,2,83,8130,0,0
23,6,5,50,0,84,61,55,50,0,84,8276,0,0
23,6,6,48,1,84,61,55,49,1,84,8227,0,0
23,6,7,46,2,84,61,55,48,2,84,8180,0,0
23,6,11,43,2,85,62,56,45,2,85,8242,0,0
23,7,0,52,1,83,60,53,53,1,83,8179,0,0
23,7,1,50,2,83,60,53,52,2,83,8128,0,0
23,7,3,51,0,84,61,54,51,0,84,8272,0,0
23,7,4,49,1,84,61,54,50,1,84,8222,0,0
23,7,5,47,2,84,61,54,49,2,84,8174,0,0
23,7,9,44,2,85,62,55,46,2,85,8232,0,0
23,8,1,52,0,84,61,53,52,0,84,8270,0,0
23,8,2,50,1,84,61,53,51,1,84,8219,0,0
23,8,3,48,2,84,61,53,50,2,84,8170,0,0
23,8,6,47,1,85,62,54,48,1,85,8270,0,0
23,8,7,45,2,85,62,54,47,2,85,8224,0,0
23,9,0,51,1,84,61,52,52,1,84,8218,0,0
23,9,1,49,2,84,61,52,51,2,84,8168,0,0
23,9,4,48,1,85,62,53,49,1,85,8265,0,0
23,9,5,46,2,85,62,53,48,2,85,8218,0,0
23,10,2,49,1,85,62,52,50,1,85,8262,0,0
23,10,3,47,2,85,62,52,49,2,85,8214,0,0
23,10,7,44,2,86,63,53,46,2,86,8272,0,0
23,11,0,50,1,85,62,51,51,1,85,8261,0,0
23,11,1,48,2,85,62,51,50,2,85,8212,0,0
23,11,5,45,2,86,63,52,47,2,86,8266,0,0
23,12,3,46,2,86,63,51,48,2,86,8262,0,0
23,13,1,47,2,86,63,50,49,2,86,8260,0,0
24,0,0,54,2,80,56,56,56,2,80,8031,0,0
24,0,2,55,0,81,57,57,55,0,81,8167,0,0
24,0,3,53,1,81,57,57,54,1,81,8113,0,0
24,0,4,51,2,81,57,57,53,2,81,8061,0,0
24,0,6,52,0,82,58,58,52,0,82,8203,0,0
24,0,7,50,1,82,58,58,51,1,82,8152,0,0
24,0,8,48,2,82,58,58,50,2,82,8103,0,0
24,0,10,49,0,83,59,59,49,0,83,8251,0,0
24,0,11,47,1,83,59,59,48,1,83,8203,0,0
24,0,12,45,2,83,59,59,47,2,83,8157,0,0
24,0,15,44,1,84,60,60,45,1,84,8266,0,0
24,0,16,42,2,84,60,60,44,2,84,8223,0,0
24,1,0,56,0,81,57,56,56,0,81,8166,0,0
24,1,1,54,1,81,57,56,55,1,81,8111,0,0
24,1,2,52,2,81,57,56,54,2,81,8058,0,0
24,1,4,53,0,82,58,57,53,0,82,8198,0,0
24,1,5,51,1,82,58,57,52,1,82,8146,0,0
24,1,6,49,2,82,58,57,51,2,82,8096,0,0
24,1,8,50,0,83,59,58,50,0,83,8242,0,0
24,1,9,48,1,83,59,58,49,1,83,8193,0,0
24,1,10,46,2,83,59,58,48,2,83,8146,0,0
24,1,13,45,1,84,60,59,46,1,84,8252,0,0
24,1,14,43,2,84,60,59,45,2,84,8208,0,0
24,2,0,53,2,81,57,55,55,2,81,8057,0,0
24,2,2,54,0,82,58,56,54,0,82,8195,0,0
24,2,3,52,1,82,58,56,53,1,82,8142,0,0
24,2,4,50,2,82,58,56,52,2,82,8091,0,0
24,2,6,51,0,83,59,57,51,0,83,8235,0,0
24,2,7,49,1,83,59,57,50,1,83,8185,0,0
24,2,8,47,2,83,59,57,49,2,83,8137,0,0
24,2,11,46,1,84,60,58,47,1,84,8240,0,0
24,2,12,44,2,84,60,58,46,2,84,8195,0,0
24,2,16,41,2,85,61,59,43,2,85,8265,0,0
24,3,0,55,0,82,58,55,55,0,82,8194,0,0
24,3,1,53,1,82,58,55,54,1,82,8140,0,0
24,3,2,51,2,82,58,55,53,2,82,8088,0,0
24,3,4,52,0,83,59,56,52,0,83,8230,0,0
24,3,5,50,1,83,59,56,51,1,83,8179,0,0
24,3,6,48,2,83,59,56,50,2,83,8130,0,0
24,3,9,47,1,84,60,57,48,1,84,8230,0,0
24,3,10,45,2,84,60,57,47,2,84,8184,0,0
24,3,14,42,2,85,61,58,44,2,85,8250,0,0
24,4,0,52,2,82,58,54,54,2,82,8087,0,0
24,4,2,53,0,83,59,55,53,0,83,8227,0,0
24,4,3,51,1,83,59,55,52,1,83,8175,0,0
24,4,4,49,2,83,59,55,51,2,83,8125,0,0
24,4,6,50,0,84,60,56,50,0,84,8271,0,0
24,4,7,48,1,84,60,56,49,1,84,8222,0,0
24,4,8,46,2,84,60,56,48,2,84,8175,0,0
24,4,12,43,2,85,61,57,45,2,85,8237,0,0
24,5,0,54,0,83,59,54,54,0,83,8226,0,0
24,5,1,52,1,83,59,54,53,1,83,8173,0,0
24,5,2,50,2,83,59,54,52,2,83,8122,0,0
24,5,4,51,0,84,60,55,51,0,84,8266,0,0
24,5,5,49,1,84,60,55,50,1,84,8216,0,0
24,5,6,47,2,84,60,55,49,2,84,8168,0,0
24,5,9,46,1,85,61,56,47,1,85,8271,0,0
24,5,10,44,2,85,61,56,46,2,85,8226,0,0
24,6,0,51,2,83,59,53,53,2,83,8121,0,0
24,6,2,52,0,84,60,54,52,0,84,8263,0,0
24,6,3,50,1,84,60,54,51,1,84,8212,0,0
24,6,4,48,2,84,60,54,50,2,84,8163,0,0
24,6,7,47,1,85,61,55,48,1,85,8263,0,0
24,6,8,45,2,85,61,55,47,2,85,8217,0,0
24,7,0,53,0,84,60,53,53,0,84,8262,0,0
24,7,1,51,1,84,60,53,52,1,84,8210,0,0
24,7,2,49,2,84,60,53,51,2,84,8160,0,0
24,7,5,48,1,85,61,54,49,1,85,8257,0,0
24,7,6,46,2,85,61,54,48,2,85,8210,0,0
24,7,10,43,2,86,62,55,45,2,86,8272,0,0
24,8,0,50,2,84,60,52,52,2,84,8159,0,0
24,8,3,49,1,85,61,53,50,1,85,8253,0,0
24,8,4,47,2,85,61,53,49,2,85,8205,0,0
24,8,8,44,2,86,62,54,46,2,86,8263,0,0
24,9,1,50,1,85,61,52,51,1,85,8251,0,0
24,9,2,48,2,85,61,52,50,2,85,8202,0,0
24,9,6,45,2,86,62,53,47,2,86,8256,0,0
24,10,0,49,2,85,61,51,51,2,85,8201,0,0
24,10,4,46,2,86,62,52,48,2,86,8251,0,0
24,11,2,47,2,86,62,51,49,2,86,8248,0,0
24,12,0,48,2,86,62,50,50,2,86,8247,0,0
25,0,0,55,1,81,56,56,56,1,81,8110,0,0
25,0,1,53,2,81,56,56,55,2,81,8056,0,0
25,0,3,54,0,82,57,57,54,0,82,8194,0,0
25,0,4,52,1,82,57,57,53,1,82,8141,0,0
25,0,5,50,2,82,57,57,52,2,82,8090,0,0
25,0,7,51,0,83,58,58,51,0,83,8234,0,0
25,0,8,49,1,83,58,58,50,1,83,8184,0,0
25,0,9,47,2,83,58,58,49,2,83,8136,0,0
25,0,12,46,1,84,59,59,47,1,84,8239,0,0
25,0,13,44,2,84,59,59,46,2,84,8194,0,0
25,0,17,41,2,85,60,60,43,2,85,8264,0,0
25,1,1,55,0,82,57,56,55,0,82,8192,0,0
25,1,2,53,1,82,57,56,54,1,82,8138,0,0
25,1,3,51,2,82,57,56,53,2,82,8086,0,0
25,1,5,52,0,83,58,57,52,0,83,8228,0,0
25,1,6,50,1,83,58,57,51,1,83,8177,0,0
25,1,7,48,2,83,58,57,50,2,83,8128,0,0
25,1,9,49,0,84,59,58,49,0,84,8276,0,0
25,1,10,47,1,84,59,58,48,1,84,8228,0,0
25,1,11,45,2,84,59,58,47,2,84,8182,0,0
25,1,15,42,2,85,60,59,44,2,85,8248,0,0
25,2,0,54,1,82,57,55,55,1,82,8137,0,0
25,2,1,52,2,82,57,55,54,2,82,8084,0,0
25,2,3,53,0,83,58,56,53,0,83,8224,0,0
25,2,4,51,1,83,58,56,52,1,83,8172,0,0
25,2,5,49,2,83,58,56,51,2,83,8122,0,0
25,2,7,50,0,84,59,57,50,0,84,8268,0,0
25,2,8,48,1,84,59,57,49,1,84,8219,0,0
25,2,9,46,2,84,59,57,48,2,84,8172,0,0
25,2,13,43,2,85,60,58,45,2,85,8234,0,0
25,3,1,54,0,83,58,55,54,0,83,8222,0,0
25,3,2,52,1,83,58,55,53,1,83,8169,0,0
25,3,3,50,2,83,58,55,52,2,83,8118,0,0
25,3,5,51,0,84,59,56,51,0,84,8262,0,0
25,3,6,49,1,84,59,56,50,1,84,8212,0,0
25,3,7,47,2,84,59,56,49,2,84,8164,0,0
25,3,10,46,1,85,60,57,47,1,85,8267,0,0
25,3,11,44,2,85,60,57,46,2,85,8222,0,0
25,4,0,53,1,83,58,54,54,1,83,8168,0,0
25,4,1,51,2,83,58,54,53,2,83,8116,0,0
25,4,3,52,0,84,59,55,52,0,84,8258,0,0
25,4,4,50,1,84,59,55,51,1,84,8207,0,0
25,4,5,48,2,84,59,55,50,2,84,8158,0,0
25,4,8,47,1,85,60,56,48,1,85,8258,0,0
25,4,9,45,2,85,60,56,47,2,85,8212,0,0
25,5,1,53,0,84,59,54,53,0,84,8256,0,0
25,5,2,51,1,84,59,54,52,1,84,8204,0,0
25,5,3,49,2,84,59,54,51,2,84,8154,0,0
25,5,6,48,1,85,60,55,49,1,85,8251,0,0
25,5,7,46,2,85,60,55,48,2,85,8204,0,0
25,5,11,43,2,86,61,56,45,2,86,8266,0,0
25,6,0,52,1,84,59,53,53,1,84,8203,0,0
25,6,1,50,2,84,59,53,52,2,84,8152,0,0
25,6,4,49,1,85,60,54,50,1,85,8246,0,0
25,6,5,47,2,85,60,54,49,2,85,8198,0,0
25,6,9,44,2,86,61,55,46,2,86,8256,0,0
25,7,2,50,1,85,60,53,51,1,85,8243,0,0
25,7,3,48,2,85,60,53,50,2,85,8194,0,0
25,7,7,45,2,86,61,54,47,2,86,8248,0,0
25,8,0,51,1,85,60,52,52,1,85,8242,0,0
25,8,1,49,2,85,60,52,51,2,85,8192,0,0
25,8,5,46,2,86,61,53,48,2,86,8242,0,0
25,9,3,47,2,86,61,52,49,2,86,8238,0,0
25,10,1,48,2,86,61,51,50,2,86,8236,0,0
26,0,0,56,0,82,56,56,56,0,82,8191,0,0
26,0,1,54,1,82,56,56,55,1,82,8136,0,0
26,0,2,52,2,82,56,56,54,2,82,8083,0,0
26,0,4,53,0,83,57,57,53,0,83,8223,0,0
26,0,5,51,1,83,57,57,52,1,83,8171,0,0
26,0,6,49,2,83,57,57,51,2,83,8121,0,0
26,0,8,50,0,84,58,58,50,0,84,8267,0,0
26,0,9,48,1,84,58,58,49,1,84,8218,0,0
26,0,10,46,2,84,58,58,48,2,84,8171,0,0
26,0,14,43,2,85,59,59,45,2,85,8233,0,0
26,1,0,53,2,82,56,55,55,2,82,8082,0,0
26,1,2,54,0,83,57,56,54,0,83,8220,0,0
26,1,3,52,1,83,57,56,53,1,83,8167,0,0
26,1,4,50,2,83,57,56,52,2,83,8116,0,0
26,1,6,51,0,84,58,57,51,0,84,8260,0,0
26,1,7,49,1,84,58,57,50,1,84,8210,0,0
26,1,8,47,2,84,58,57,49,2,84,8162,0,0
26,1,11,46,1,85,59,58,47,1,85,8265,0,0
26,1,12,44,2,85,59,58,46,2,85,8220,0,0
26,2,0,55,0,83,57,55,55,0,83,8219,0,0
26,2,1,53,1,83,57,55,54,1,83,8165,0,0
26,2,2,51,2,83,57,55,53,2,83,8113,0,0
26,2,4,52,0,84,58,56,52,0,84,8255,0,0
26,2,5,50,1,84,58,56,51,1,84,8204,0,0
26,2,6,48,2,84,58,56,50,2,84,8155,0,0
26,2,9,47,1,85,59,57,48,1,85,8255,0,0
26,2,10,45,2,85,59,57,47,2,85,8209,0,0
26,2,14,42,2,86,60,58,44,2,86,8275,0,0
26,3,0,52,2,83,57,54,54,2,83,8112,0,0
26,3,2,53,0,84,58,55,53,0,84,8252,0,0
26,3,3,51,1,84,58,55,52,1,84,8200,0,0
26,3,4,49,2,84,58,55,51,2,84,8150,0,0
26,3,7,48,1,85,59,56,49,1,85,8247,0,0
26,3,8,46,2,85,59,56,48,2,85,8200,0,0
26,3,12,43,2,86,60,57,45,2,86,8262,0,0
26,4,0,54,0,84,58,54,54,0,84,8251,0,0
26,4,1,52,1,84,58,54,53,1,84,8198,0,0
26,4,2,50,2,84,58,54,52,2,84,8147,0,0
26,4,5,49,1,85,59,55,50,1,85,8241,0,0
26,4,6,47,2,85,59,55,49,2,85,8193,0,0
26,4,10,44,2,86,60,56,46,2,86,8251,0,0
26,5,0,51,2,84,58,53,53,2,84,8146,0,0
26,5,3,50,1,85,59,54,51,1,85,8237,0,0
26,5,4,48,2,85,59,54,50,2,85,8188,0,0
26,5,8,45,2,86,60,55,47,2,86,8242,0,0
26,6,1,51,1,85,59,53,52,1,85,8235,0,0
26,6,2,49,2,85,59,53,51,2,85,8185,0,0
26,6,6,46,2,86,60,54,48,2,86,8235,0,0
26,7,0,50,2,85,59,52,52,2,85,8184,0,0
26,7,4,47,2,86,60,53,49,2,86,8230,0,0
26,8,1,50,1,86,60,52,51,1,86,8276,0,0
26,8,2,48,2,86,60,52,50,2,86,8227,0,0
26,9,0,49,2,86,60,51,51,2,86,8226,0,0
26,9,4,46,2,87,61,52,48,2,87,8276,0,0
26,10,2,47,2,87,61,51,49,2,87,8273,0,0
26,11,0,48,2,87,61,50,50,2,87,8272,0,0
27,0,1,55,0,83,56,56,55,0,83,8218,0,0
27,0,2,53,1,83,56,56,54,1,83,8164,0,0
27,0,3,51,2,83,56,56,53,2,83,8112,0,0
27,0,5,52,0,84,57,57,52,0,84,8254,0,0
27,0,6,50,1,84,57,57,51,1,84,8203,0,0
27,0,7,48,2,84,57,57,50,2,84,8154,0,0
27,0,10,47,1,85,58,58,48,1,85,8254,0,0
27,0,11,45,2,85,58,58,47,2,85,8208,0,0
27,0,15,42,2,86,59,59,44,2,86,8274,0,0
27,1,0,54,1,83,56,55,55,1,83,8163,0,0
27,1,1,52,2,83,56,55,54,2,83,8110,0,0
27,1,3,53,0,84,57,56,53,0,84,8250,0,0
27,1,4,51,1,84,57,56,52,1,84,8198,0,0
27,1,5,49,2,84,57,56,51,2,84,8148,0,0
27,1,8,48,1,85,58,57,49,1,85,8245,0,0
27,1,9,46,2,85,58,57,48,2,85,8198,0,0
27,1,13,43,2,86,59,58,45,2,86,8260,0,0
27,2,1,54,0,84,57,55,54,0,84,8248,0,0
27,2,2,52,1,84,57,55,53,1,84,8195,0,0
27,2,3,50,2,84,57,55,52,2,84,8144,0,0
27,2,6,49,1,85,58,56,50,1,85,8238,0,0
27,2,7,47,2,85,58,56,49,2,85,8190,0,0
27,2,11,44,2,86,59,57,46,2,86,8248,0,0
27,3,0,53,1,84,57,54,54,1,84,8194,0,0
27,3,1,51,2,84,57,54,53,2,84,8142,0,0
27,3,4,50,1,85,58,55,51,1,85,8233,0,0
27,3,5,48,2,85,58,55,50,2,85,8184,0,0
27,3,9,45,2,86,59,56,47,2,86,8238,0,0
27,4,2,51,1,85,58,54,52,1,85,8230,0,0
27,4,3,49,2,85,58,54,51,2,85,8180,0,0
27,4,7,46,2,86,59,55,48,2,86,8230,0,0
27,5,0,52,1,85,58,53,53,1,85,8229,0,0
27,5,1,50,2,85,58,53,52,2,85,8178,0,0
27,5,4,49,1,86,59,54,50,1,86,8272,0,0
27,5,5,47,2,86,59,54,49,2,86,8224,0,0
27,6,2,50,1,86,59,53,51,1,86,8269,0,0
27,6,3,48,2,86,59,53,50,2,86,8220,0,0
27,6,7,45,2,87,60,54,47,2,87,8274,0,0
27,7,0,51,1,86,59,52,52,1,86,8268,0,0
27,7,1,49,2,86,59,52,51,2,86,8218,0,0
27,7,5,46,2,87,60,53,48,2,87,8268,0,0
27,8,3,47,2,87,60,52,49,2,87,8264,0,0
27,9,1,48,2,87,60,51,50,2,87,8262,0,0
28,0,0,53,2,83,55,55,55,2,83,8109,0,0
28,0,2,54,0,84,56,56,54,0,84,8247,0,0
28,0,3,52,1,84,56,56,53,1,84,8194,0,0
28,0,4,50,2,84,56,56,52,2,84,8143,0,0
28,0,7,49,1,85,57,57,50,1,85,8237,0,0
28,0,8,47,2,85,57,57,49,2,85,8189,0,0
28,0,12,44,2,86,58,58,46,2,86,8247,0,0
28,1,0,55,0,84,56,55,55,0,84,8246,0,0
28,1,1,53,1,84,56,55,54,1,84,8192,0,0
28,1,2,51,2,84,56,55,53,2,84,8140,0,0
28,1,5,50,1,85,57,56,51,1,85,8231,0,0
28,1,6,48,2,85,57,56,50,2,85,8182,0,0
28,1,10,45,2,86,58,57,47,2,86,8236,0,0
28,2,0,52,2,84,56,54,54,2,84,8139,0,0
28,2,3,51,1,85,57,55,52,1,85,8227,0,0
28,2,4,49,2,85,57,55,51,2,85,8177,0,0
28,2,7,48,1,86,58,56,49,1,86,8274,0,0
28,2,8,46,2,86,58,56,48,2,86,8227,0,0
28,3,1,52,1,85,57,54,53,1,85,8225,0,0
28,3,2,50,2,85,57,54,52,2,85,8174,0,0
28,3,5,49,1,86,58,55,50,1,86,8268,0,0
28,3,6,47,2,86,58,55,49,2,86,8220,0,0
28,4,0,51,2,85,57,53,53,2,85,8173,0,0
28,4,3,50,1,86,58,54,51,1,86,8264,0,0
28,4,4,48,2,86,58,54,50,2,86,8215,0,0
28,4,8,45,2,87,59,55,47,2,87,8269,0,0
28,5,1,51,1,86,58,53,52,1,86,8262,0,0
28,5,2,49,2,86,58,53,51,2,86,8212,0,0
28,5,6,46,2,87,59,54,48,2,87,8262,0,0
28,6,0,50,2,86,58,52,52,2,86,8211,0,0
28,6,4,47,2,87,59,53,49,2,87,8257,0,0
28,7,2,48,2,87,59,52,50,2,87,8254,0,0
28,8,0,49,2,87,59,51,51,2,87,8253,0,0
29,0,0,54,1,84,55,55,55,1,84,8191,0,0
29,0,1,52,2,84,55,55,54,2,84,8138,0,0
29,0,4,51,1,85,56,56,52,1,85,8226,0,0
29,0,5,49,2,85,56,56,51,2,85,8176,0,0
29,0,8,48,1,86,57,57,49,1,86,8273,0,0
29,0,9,46,2,86,57,57,48,2,86,8226,0,0
29,1,1,54,0,85,56,55,54,0,85,8276,0,0
29,1,2,52,1,85,56,55,53,1,85,8223,0,0
29,1,3,50,2,85,56,55,52,2,85,8172,0,0
29,1,6,49,1,86,57,56,50,1,86,8266,0,0
29,1,7,47,2,86,57,56,49,2,86,8218,0,0
29,1,11,44,2,87,58,57,46,2,87,8276,0,0
29,2,0,53,1,85,56,54,54,1,85,8222,0,0
29,2,1,51,2,85,56,54,53,2,85,8170,0,0
29,2,4,50,1,86,57,55,51,1,86,8261,0,0
29,2,5,48,2,86,57,55,50,2,86,8212,0,0
29,2,9,45,2,87,58,56,47,2,87,8266,0,0
29,3,2,51,1,86,57,54,52,1,86,8258,0,0
29,3,3,49,2,86,57,54,51,2,86,8208,0,0
29,3,7,46,2,87,58,55,48,2,87,8258,0,0
29,4,0,52,1,86,57,53,53,1,86,8257,0,0
29,4,1,50,2,86,57,53,52,2,86,8206,0,0
29,4,5,47,2,87,58,54,49,2,87,8252,0,0
29,5,3,48,2,87,58,53,50,2,87,8248,0,0
29,6,1,49,2,87,58,52,51,2,87,8246,0,0
30,0,0,55,0,85,55,55,55,0,85,8275,0,0
30,0,1,53,1,85,55,55,54,1,85,8221,0,0
30,0,2,51,2,85,55,55,53,2,85,8169,0,0
30,0,5,50,1,86,56,56,51,1,86,8260,0,0
30,0,6,48,2,86,56,56,50,2,86,8211,0,0
30,0,10,45,2,87,57,57,47,2,87,8265,0,0
30,1,0,52,2,85,55,54,54,2,85,8168,0,0
30,1,3,51,1,86,56,55,52,1,86,8256,0,0
30,1,4,49,2,86,56,55,51,2,86,8206,0,0
30,1,8,46,2,87,57,56,48,2,87,8256,0,0
30,2,1,52,1,86,56,54,53,1,86,8254,0,0
30,2,2,50,2,86,56,54,52,2,86,8203,0,0
30,2,6,47,2,87,57,55,49,2,87,8249,0,0
30,3,0,51,2,86,56,53,53,2,86,8202,0,0
30,3,4,48,2,87,57,54,50,2,87,8244,0,0
30,4,2,49,2,87,57,53,51,2,87,8241,0,0
30,5,0,50,2,87,57,52,52,2,87,8240,0,0
31,0,2,52,1,86,55,55,53,1,86,8253,0,0
31,0,3,50,2,86,55,55,52,2,86,8202,0,0
31,0,7,47,2,87,56,56,49,2,87,8248,0,0
31,1,0,53,1,86,55,54,54,1,86,8252,0,0
31,1,1,51,2,86,55,54,53,2,86,8200,0,0
31,1,5,48,2,87,56,55,50,2,87,8242,0,0
31,2,3,49,2,87,56,54,51,2,87,8238,0,0
31,3,1,50,2,87,56,53,52,2,87,8236,0,0
31,5,1,49,2,88,57,52,51,2,88,8276,0,0
32,0,0,52,2,86,54,54,54,2,86,8199,0,0
32,0,4,49,2,87,55,55,51,2,87,8237,0,0
32,1,2,50,2,87,55,54,52,2,87,8234,0,0
32,2,0,51,2,87,55,53,53,2,87,8233,0,0
32,2,4,48,2,88,56,54,50,2,88,8275,0,0
32,3,2,49,2,88,56,53,51,2,88,8272,0,0
32,4,0,50,2,88,56,52,52,2,88,8271,0,0
33,0,1,51,2,87,54,54,53,2,87,8232,0,0
33,0,5,48,2,88,55,55,50,2,88,8274,0,0
33,1,3,49,2,88,55,54,51,2,88,8270,0,0
33,2,1,50,2,88,55,53,52,2,88,8268,0,0
34,0,2,50,2,88,54,54,52,2,88,8267,0,0
34,1,0,51,2,88,54,53,53,2,88,8266,0,0
